qid,query,docno,docid,score,rank,text
0,Asylum Definition And Assessment,923_chunk000,264,0.8529748,0,An applicant must submit a request for protection with which he asserts target-country-related dangers that are objectively suitable in their nature for recognition as a person entitled to asylum or an award for international protection (material asylum request within the meaning of Section 13 (1) Asylum Act) refer the asylum procedure to the Federal Office.
0,Asylum Definition And Assessment,577_chunk000,314,0.84713864,1,"This case concerns the validity of asylum application in accordance with § 29 para. 1 no. 5 i. V. m. Section 71a (1) Asylum Act, in accordance with Section 31 (3) Sentence 1 AsylG. It also refers to the examination of a prohibition on removal according to § 60 Abs. 5 AufenthG i. V. m."
0,Asylum Definition And Assessment,563_chunk000,348,0.83610606,2,"The case concerns the moment at which an asylum application is lodged, in particular with regard to a subsequent asylum application. This moment is important for the entitlement to reception by the foreign national."
0,Asylum Definition And Assessment,4705_chunk000,446,0.8350892,3,"Judgment concerning the freedom of movement of asylum seekers in Ceuta and Melilla, although his application for international protection was admitted for examination.

..."
0,Asylum Definition And Assessment,643_chunk000,388,0.83214235,4,As per the published press release: The Council of State validates the criteria to be met by a new asylum application to be admissible.
0,Asylum Definition And Assessment,978_chunk001,208,0.83211994,5,The Court of Cassation is of the opinion that in the plaintiff's case defining conceptual elements of a social group were not accomplished as stipulated in the provision of Art. 19a par. 4 (c) of the Act on Asylum. Performance of a work activity by a plaintiff or his education and qualifications do not...
0,Asylum Definition And Assessment,590_chunk000,350,0.8307829,6,"In an urgent action for the «granting of asylum or of a residence permit for subsidiary protection» the use of «official international reports on the political and social situation of the applicant's country of origin», by the court of appeal is not in breach of Articles 412 and 662 of the Civil Procedure Code.

..."
0,Asylum Definition And Assessment,938_chunk000,199,0.8253083,7,IThe foreign national has submitted a subsequent asylum application. The decision on that application was taken on behalf of the State Secretary by the employee of the Immigration and Naturalization Service (hereinafter: the IND) who heard the alien and also issued the intention.
0,Asylum Definition And Assessment,964_chunk001,221,0.82498956,8,"The line of reasoning of the defendant who claims that the plaintiff had a legal representative present during the hearing who, unlike the plaintiff, is well versed in the law, could not hold, since the examination of the asylum seeker in the court proceedings represents one of the most important..."
0,Asylum Definition And Assessment,3277_chunk001,119,0.8249739,9,"When the asylum procedure starts, applicants are usually assigned a lawyer through the Legal Aid Board. The applicant claimed that he received the contested..."
0,Asylum Definition And Assessment,170_chunk001,435,0.82388663,10,"The Court ruled that with the rules on distribution and allocation (§§ 50, 51 AsylG), the law takes into account the regularly particularly important public interest , the burden associated with the reception of asylum seekers in terms of accommodation, food and supervision, evenly on the Federal states and municipalities (see § 45 AsylG). In that regard, an asylum seeker - such as the..."
0,Asylum Definition And Assessment,510_chunk000,385,0.8236214,11,"The Court of Sessions found there was no unlawful discrimination arising from a reduction in the amount of asylum support payable to asylum seekers with one or more dependent children, following a government review. ..."
0,Asylum Definition And Assessment,54_chunk000,499,0.82350564,12,"Section 9 of the Refugee Act 1996 provided that a person seeking asylum is entitled to enter the State and remain while the application for refugee status is processed. Section 9(4) also provided however, that an applicant shall not seek or enter employment before final determination of his or her application for a declaration."
0,Asylum Definition And Assessment,562_chunk000,346,0.82269764,13,The case raises the issue of whether a subsequent application for asylum has been submitted at the time when the foreign national applies in writing by expressing the wish to submit an application for a temporary asylum residence permit or at the time when he/she uses the appropriate form to submit the application for asylum.
0,Asylum Definition And Assessment,562_chunk001,347,0.82242924,14,"This moment is important for the commencement date of the temporary asylum residence permit granted to the foreign national.

By decision..."
0,Asylum Definition And Assessment,148_chunk001,524,0.82227397,15,The Court had to answer whether Contracting States have an obligation to grant refugee status to an asylum-seeker who can establish that he/she has a well-founded fear of persecution for reasons of one or more of the Convention grounds of the 1951 Convention [thus falling under the scope of the inclusion clauses] where the risk of persecution is based on circumstances created by the applicant's ‘o
0,Asylum Definition And Assessment,942_chunk000,225,0.82053673,16,"The case concerns the possibility of detention when the asylum application is rejected but the time frame to submit an appeal has not expired. The judgments in Gnandi and the order in C., J. and S. do not envisage that the..."
0,Asylum Definition And Assessment,181_chunk001,514,0.8203894,17,"However, it is recognized that individuals fleeing persecution may have to resort to the use of false papers to make good their escape. Therefore, under section 31 of the Immigration and Asylum Act 1999..."
0,Asylum Definition And Assessment,931_chunk000,240,0.8203223,18,"Pursuant to Art. 4a of the Asylum Act 2005, an application for international protection is to be rejected as inadmissible where the foreign person has been granted asylum or subsidiary protection status in another EEA Member State or Switzerland. In the specific case, the appellant, a Syrian citizen, filed an application for international protection in April 2018."
0,Asylum Definition And Assessment,178_chunk000,460,0.82023776,19,"The Court gave guidance on the general approach to be adopted in law and practice by the First-tier Tribunal and Upper Tribunal where claims for asylum were made by children, young people, and other incapacitated or vulnerable persons whose ability to participate effectively in proceedings might be limited."
0,Asylum Definition And Assessment,643_chunk001,389,0.8199676,20,"Article L.723-16 of the CESEDA makes the admissibility of a request for reconsideration of an asylum application subject, on the one hand, to the presentation of new facts which have occurred or revealed after the rejection of the previous application or new evidence and, secondly, the finding that their probative value is capable of modifying the..."
0,Asylum Definition And Assessment,88_chunk000,438,0.81936735,21,"The Court of Appeal confirmed that the First-tier Tribunal had been entitled to refuse an asylum seeker's appeal against the refusal of her claims for asylum and humanitarian protection. She had failed to establish a well-founded fear of persecution if returned to Iran on the basis of her political activities, conversion to Christianity, and the risk of domestic violence from her husband..."
0,Asylum Definition And Assessment,506_chunk001,387,0.81925464,22,"He claimed to therefore qualify to obtain an ipso facto refugee declaration under the 1951 Convention relating to the Status of Refugees (Geneva Convention).

The Migration Court of Appeal relied on the CJEU jurisprudence,..."
0,Asylum Definition And Assessment,589_chunk000,293,0.8187949,23,"I – Notification to the applicant for international protection, to account for the content of his statement, does not comply with the formalities required by Article 17 (1 and 2) of the Asylum law under which a written report, containing all the essential information regarding the case and to which the applicant can respond, must be drawn up."
0,Asylum Definition And Assessment,54_chunk001,500,0.8185724,24,"Pending the determination of an application for refugee status, applicants are required to live in State provided accommodation known as direct provision, and provided in..."
0,Asylum Definition And Assessment,55_chunk001,539,0.8182391,25,As part of her asylum claim the applicant submitted a refugee card and a letter from AREF to corroborate her account. The...
0,Asylum Definition And Assessment,108_chunk001,393,0.8177781,26,The applicant subsequently lodged a request for his asylum application to be reconsidered followed by an application for temporary admission on...
0,Asylum Definition And Assessment,56_chunk001,491,0.81634074,27,"The applicants claimed asylum in Ireland on 16 December 2014, and completed their asylum application questionnaires on 26 December 2014. An information request by the Office of the Refugee Applications..."
0,Asylum Definition And Assessment,991_chunk000,262,0.8153415,28,According to the national contribution to the EMN Report on Migration and Asylum 2019:
0,Asylum Definition And Assessment,992_chunk000,258,0.8153415,29,According to the national contribution to the EMN Report on Migration and Asylum 2019:
0,Asylum Definition And Assessment,993_chunk000,252,0.8153415,30,According to the national contribution to the EMN Report on Migration and Asylum 2019:
0,Asylum Definition And Assessment,1086_chunk001,235,0.8150542,31,"Specifically, the assessment consisted of an initial observation by two officers from the Aliens Police, Identification and Human Trafficking Department (AVIM) on 22 January 2018, recorded in an official report, and a subsequent..."
0,Asylum Definition And Assessment,2508_chunk001,135,0.81484914,32,On 13 July 2018 the Federal Office and Foreigners Registration Office was informed that the applicant resided in a church asylum since 12 July 2018. By letter of...
0,Asylum Definition And Assessment,978_chunk000,207,0.81481504,33,According to the national contribution to the EMN Annual Report on Migration and Asylum 2019 (information provided by the MO MoI of SR):
0,Asylum Definition And Assessment,976_chunk000,182,0.81481504,34,According to the national contribution to the EMN Annual Report on Migration and Asylum 2019 (information provided by the MO MoI of SR):
0,Asylum Definition And Assessment,56_chunk000,490,0.81452256,35,The applicants were two Albanian asylum seekers who challenged the decision of the Refugee Appeals Tribunal upholding the decision of the Office of the Refugee Applications Commissioner that the United Kingdom was the member state responsible for determining their applications for asylum.
0,Asylum Definition And Assessment,141_chunk001,512,0.8142805,36,"Second, the High Court concurred with the SSHD that confidentiality is a vital element for the working of the asylum system and the fulfilment of obligations under the Refugee Convention, the EU Qualification Directive and the European Convention on Human Rights (ECHR). The disclosure of information revealed during the asylum..."
0,Asylum Definition And Assessment,186_chunk000,476,0.8141118,37,"According the WLR Daily case summaries The asylum claimant, an Iraqi national, entered the United Kingdom and claimed asylum. His claim was refused by the Secretary of State and he appealed pursuant to section 82 of the Nationality, Immigration and Asylum Act 2002. His appeal was dismissed by the First-tier Tribunal."
0,Asylum Definition And Assessment,148_chunk000,523,0.8138287,38,The case concerns “sur place” asylum claims.
0,Asylum Definition And Assessment,4184_chunk001,53,0.8128555,39,"The State Secretary for Justice and Security postponed the decision on her entry to the Netherlands and by decision of 29 March 2023, the State Secretary imposed a custodial measure for the duration of the processing of her asylum application in the border procedure (Article 6, third paragraph, of the Aliens Act 2000). The applicant..."
0,Asylum Definition And Assessment,974_chunk000,180,0.8127769,40,According to the national contribution to the EMN Annual Report on Migration and Asylum 2019 (information provided by the MO MoI SR):
0,Asylum Definition And Assessment,970_chunk000,169,0.8127769,41,According to the national contribution to the EMN Annual Report on Migration and Asylum 2019 (information provided by the MO MoI SR):
0,Asylum Definition And Assessment,127_chunk000,516,0.8127491,42,The Administrative Court of Nice has ordered the Prefecture of Alpes-Maritimes to register asylum applications of persons entering via Italy....
0,Asylum Definition And Assessment,169_chunk000,504,0.81261265,43,"The Court ruled on the guidance set out in HJ (Iran) v Secretary of State for the Home Department [2010] UKSC 31 on the approach to sexual orientation asylum claims, including consideration of whether a gay applicant for international protection would conceal their sexual orientation upon return to their country of origin and the reasons for concealment, was compatible with Directive 2004/83..."
0,Asylum Definition And Assessment,69_chunk000,430,0.81255513,44,"If it is not clear whether an asylum applicant has already been granted international protection in another European Union member state (here: Italy), the administrative courts must find out whether this is the case if the admissibility of a new application for protection depends on it."
0,Asylum Definition And Assessment,639_chunk000,361,0.81216466,45,"This case refers to the transfer of an asylum applicant with a new-born child to Spain under Dublin Regulation. In absence of information for adequate reception conditions and individual guarantees for their transfer back, the authorities didn't review closely the evidence regarding a real risk of treatment prohibited by Article 3 of the ECHR

..."
0,Asylum Definition And Assessment,177_chunk000,494,0.8115401,46,"The Court of Appeal (civil division) ruled that the Upper Tribunal had not erred in adjudicating on the legality of a decision by the Secretary of State to cease treating a foreign criminal as a refugee, and in holding that cessation of his refugee status had been unlawful.

..."
0,Asylum Definition And Assessment,550_chunk000,367,0.8114609,47,"The case involved an asylum seeker upon whom detention was imposed as a measure to ensure a Dublin procedure. The asylum seeker lodged a complaint against a decision that had been issued based on Art. 5 of the Asylum Act 2005, rejecting the application as inadmissible."
0,Asylum Definition And Assessment,3137_chunk001,101,0.811232,48,"He requested an interpreter, but the form was left blank on the part of lawyer assistance.

The application for asylum was rejected as..."
0,Asylum Definition And Assessment,961_chunk000,197,0.8110355,49,According to the national contribution to the EMN Annual Report on Migration and Asylum 2019 (information provided by MO MoI SR):
0,Asylum Definition And Assessment,964_chunk000,220,0.8110355,50,According to the national contribution to the EMN Annual Report on Migration and Asylum 2019 (information provided by MO MoI SR):
0,Asylum Definition And Assessment,967_chunk000,211,0.8110355,51,According to the national contribution to the EMN Annual Report on Migration and Asylum 2019 (information provided by MO MoI SR):
0,Asylum Definition And Assessment,57_chunk001,411,0.81056803,52,The Refugee Appeals Tribunal made adverse credibility findings based on matters that had not been put to the applicant and concluded that cumulatively the applicant had not proved that she was a refugee. The applicant challenged the decision by way of judicial review. The High Court...
0,Asylum Definition And Assessment,1564_chunk000,203,0.81051886,53,HA applied for asylum in May 2015 alleging that he is registered with UNRWA and that upon return to Gaza he is at risk of being killed or subjected to inhuman or degrading treatment.
0,Asylum Definition And Assessment,50_chunk001,405,0.81017387,54,"The Municipal Court found out that the applicant during his detention lodged the application for international protection, he was re-detained under the provisions of the Act on Asylum implementing Art. 8(3)(d) of the Recast Reception Directive and for this reason his original..."
0,Asylum Definition And Assessment,35_chunk000,484,0.8099383,55,"! With regard to reception, UK implements Council Directive 2003/9/EC. This case concerns a challenge to a decision by the Secretary of State for the Home Department (""the Respondent"") as to the weekly rate of asylum support paid for child dependants of asylum seekers."
0,Asylum Definition And Assessment,4231_chunk001,35,0.80981845,56,"In fact, the State Secretary rejected as inadmissible the first asylum application and did not process it on the merits because it determined that Germany was the Member State responsible to process it, according to the Dublin III Regulation. Since the time limit to transfer the applicant to Germany..."
0,Asylum Definition And Assessment,914_chunk001,223,0.809808,57,The Migration Court of Appeal assessed whether the applicant had acted under duress and held that this was not the case as the applicant had benefitted from three permits and always came back to the place of employment. The applicant chose to flee...
0,Asylum Definition And Assessment,196_chunk001,473,0.80922943,58,"Based on Chapter III of the Dublin III Regulation, the Office of the Refugee Applications Commissioner determined that the United Kingdom was responsible to assess applicant's applications. At this point, the..."
0,Asylum Definition And Assessment,209_chunk000,502,0.80881035,59,"In this case, the applicant applied for asylum in his city of residence, Ceuta, and his application was admitted. At that point the Spanish authorities issued him the corresponding identity document valid for the entire national territory and until the resolution of his asylum application."
0,Asylum Definition And Assessment,547_chunk000,372,0.80767,60,"In response to a legal remedy filed against the Federal Office for Immigration and Asylum, the Supreme Administrative Court ruled that, in accordance with Art 13 para 1 of the Dublin III Regulation (604/2013), the Member State whose border an individual applying for international protection had crossed irregularly is responsible for examining that application (ruling in case Ra 2017/19/0169-9 of 5"
0,Asylum Definition And Assessment,972_chunk000,192,0.8076463,61,According to the national contribution to the EMN Annual Report on Migration and Asylum 2019:
0,Asylum Definition And Assessment,984_chunk000,289,0.8076463,62,According to the national contribution to the EMN Annual Report on Migration and Asylum 2019:
0,Asylum Definition And Assessment,985_chunk000,284,0.8076463,63,According to the national contribution to the EMN Annual Report on Migration and Asylum 2019:
0,Asylum Definition And Assessment,997_chunk000,186,0.8076463,64,According to the national contribution to the EMN Annual Report on Migration and Asylum 2019:
0,Asylum Definition And Assessment,990_chunk000,272,0.8076463,65,According to the national contribution to the EMN Annual Report on Migration and Asylum 2019:
0,Asylum Definition And Assessment,987_chunk000,282,0.8076463,66,According to the national contribution to the EMN Annual Report on Migration and Asylum 2019:
0,Asylum Definition And Assessment,979_chunk000,184,0.8076463,67,According to the national contribution to the EMN Annual Report on Migration and Asylum 2019:
0,Asylum Definition And Assessment,986_chunk000,280,0.8076463,68,According to the national contribution to the EMN Annual Report on Migration and Asylum 2019:
0,Asylum Definition And Assessment,989_chunk000,270,0.8076463,69,According to the national contribution to the EMN Annual Report on Migration and Asylum 2019:
0,Asylum Definition And Assessment,994_chunk000,242,0.8076463,70,According to the national contribution to the EMN Annual Report on Migration and Asylum 2019:
0,Asylum Definition And Assessment,995_chunk000,238,0.8076463,71,According to the national contribution to the EMN Annual Report on Migration and Asylum 2019:
0,Asylum Definition And Assessment,998_chunk000,218,0.8076463,72,According to the national contribution to the EMN Annual Report on Migration and Asylum 2019:
0,Asylum Definition And Assessment,983_chunk000,216,0.8076463,73,According to the national contribution to the EMN Annual Report on Migration and Asylum 2019:
0,Asylum Definition And Assessment,988_chunk000,268,0.8076463,74,According to the national contribution to the EMN Annual Report on Migration and Asylum 2019:
0,Asylum Definition And Assessment,925_chunk000,226,0.80746305,75,"Healthy refugees who are fit for work are not currently exposed to a ""real risk"" of inhuman or degrading treatment in Bulgaria within the meaning of Article 4 of the Charter of Fundamental Rights of the European Union, either at the time of their return, during the asylum procedure, or indeed after the presumed granting of international protection, irrespective of their wishes and personal choices"
0,Asylum Definition And Assessment,200_chunk000,428,0.8069433,76,"The applicants, a woman and her three children, were nationals of Pakistan who applied for asylum in the State. They had lived in the UK with the first applicant's husband whom the first named applicant claimed had been violently abusive towards her and the children."
0,Asylum Definition And Assessment,197_chunk000,482,0.8069433,77,"The applicants, a woman and her three children, were nationals of Pakistan who applied for asylum in the State. They had lived in the UK with the first applicant's husband whom the first named applicant claimed had been violently abusive towards her and the children."
0,Asylum Definition And Assessment,142_chunk001,585,0.8068718,78,The individual facts of each case should be considered to determine whether detention will cause a particular individual in his particular circumstances to suffer treatment contrary to Article 3. In view of...
0,Asylum Definition And Assessment,3406_chunk001,79,0.806871,79,"The Federal Office for Migration and Refugees (BAMF) confirmed a Eurodac hit with regard to Croatia, where the applicants also applied for asylum.

The applicants argued that in Croatia they were receiving..."
0,Asylum Definition And Assessment,914_chunk000,222,0.8061675,80,A. applied for asylum in Sweden in April 2015. The application was rejected and the applicant excluded from asylum for having committed crimes against humanity while working as a guard in Eritrea. An expulsion order had also been issued.
0,Asylum Definition And Assessment,980_chunk000,160,0.8055968,81,"According to the national contribution to the EMN Annual Report on Migration and Asylum 2019:

In these judgments (no. 230.067 and no. 230.068) the Council states that the principle of ""family unity"" does not give rise to a right to..."
0,Asylum Definition And Assessment,5890_chunk000,6,0.8055097,82,"Six Iraqi nationals, a family of two parents and their four minor children, entered the Hungarian transit zone bordering Serbia on 10 July 2018 and submitted an asylum application. On the same day, the asylum authority designated the transit zone in Tompa as the applicants' place of stay."
0,Asylum Definition And Assessment,633_chunk000,357,0.8053186,83,"The legal question concerned a situation in which the applicant (a third country national) claimed asylum based on events that had happened in another EU MS in which the applicant had lived and towards which the Dublin Regulation was applicable. In the current case, a Nigerian national claimed she was in danger of persecution and serious harm in Spain due to her ex-husband."
0,Asylum Definition And Assessment,145_chunk000,439,0.8052953,84,"The Administrative Court confirmed the Administrative Tribunal's ruling that there was a situation of generalized violence in Afghanistan leading to the grant of subsidiary protection to the asylum seeker. The Ministry of Foreign and European Affairs had appealed the Administrative Tribunal fearing a pull factor.

..."
0,Asylum Definition And Assessment,937_chunk001,164,0.80501413,85,A decision moratorium means that the period within which asylum applications from Libyan foreign nationals must be processed by the state secretary is extended. This decision is important for all...
0,Asylum Definition And Assessment,573_chunk001,360,0.8046913,86,"By judgment of 7 August 2017, the court dismissed the appeal lodged by the alien, in so far as it was directed against the rejection of the asylum application, as inadmissible, and dismissed his..."
0,Asylum Definition And Assessment,937_chunk000,163,0.8043553,87,"By decision of 26 July 2019, the State Secretary for Justice and Security established a so-called decision and departure moratorium for asylum seekers from Libya (Government Gazette 26 July 2019, no. 40679). This ruling is about a decision to establish a decision moratorium for Libya."
0,Asylum Definition And Assessment,645_chunk000,325,0.8042933,88,"As per CNDA press release: When the ECtHR concludes that there is a real risk of inhuman or degrading treatment if returned to the country of origin, the CNDA is obliged not only to consider as admissible a request for review by the person concerned but also to grant him at least the benefit of subsidiary protection within the meaning of Article L. 712-1 (b) of the CESEDA."
0,Asylum Definition And Assessment,4036_chunk000,38,0.8039808,89,The case concerned an application for asylum submitted by an applicant from Iraq and for which the Finnish Immigration Service considered that he had a well-founded fear of persecution based on religious grounds but excluded him from protection for alleged commission of a serious non-political crime.
0,Asylum Definition And Assessment,550_chunk001,368,0.8038742,90,"The Federal Administrative Court subsequently denied the complaint, whereupon the asylum seeker lodged a complaint against detention. The court proceedings dealing with the individual's detention addressed the question of..."
0,Asylum Definition And Assessment,944_chunk000,266,0.8036406,91,"The Council of State decides on this case following the CJEU Judgment on the request for a preliminary ruling (C-180/17) originated in this regard.

Dutch law does not provide for automatic suspensive effect in asylum cases before the Council of State. Suspensive effect only applies to proceedings at the district court. This means that..."
0,Asylum Definition And Assessment,130_chunk000,468,0.8035753,92,The Council ruled that to be able to transfer an applicant to another member state the administrative authority must obtain the consent of the State responsible for examining the asylum application before it can take a decision to transfer the asylum seeker to that State.
0,Asylum Definition And Assessment,928_chunk000,205,0.80335474,93,Returning Syrian asylum seekers who have withdrawn from compulsory military service in Syria by traveling abroad are currently not likely to face political persecution by the Syrian state because of an at least anti-regime attitude attributed to them.
0,Asylum Definition And Assessment,913_chunk001,179,0.80319214,94,"The Swedish Migration Court of Appeal referred to Article 15 (5) and (6) of the Return Directive as well as to the relevant provisions of the Swedish law and it held that within the same enforcement of a removal decision, an applicant can be held in detention for a maximum of..."
0,Asylum Definition And Assessment,3409_chunk000,108,0.8031781,95,"The applicant contested a Dublin transfer to Lithuania, which was determined by the Federal Office for Migration and Refugees (BAMF) as the state responsible for the examination of the application based on Article 18(1)(b) of the Dublin III Regulation, as the applicant, according to documents submitted, applied for asylum in Lithuania."
0,Asylum Definition And Assessment,4231_chunk000,34,0.8031541,96,"The case concerned the question whether the State Secretary had correctly established the date from which the applicant benefits of asylum, how to establish the date of application."
0,Asylum Definition And Assessment,564_chunk000,353,0.8019865,97,"By decision of 13 July 2016, the State Secretary declared an application from the foreign national to grant him a temporary asylum residence permit inadmissible."
0,Asylum Definition And Assessment,583_chunk000,340,0.80191624,98,Two related cases involved applicants applying for asylum on the basis of claiming persecution because of their sexual orientation. The applicants submited that the correct standard of proof required should be a reasonable degree of likelihood.
0,Asylum Definition And Assessment,121_chunk001,527,0.8018749,99,"Her brother was given refugee status and his family (spouse and children) the extension of the protection given to him (extension of the refugee status), while his sister was rejected based on the fact that the dependency criteria were not met according to art. 40.1.d. The National High Court interprets the dependency criteria and..."
1,Credibility Assessment Definition,57_chunk001,411,0.80250365,0,The Refugee Appeals Tribunal made adverse credibility findings based on matters that had not been put to the applicant and concluded that cumulatively the applicant had not proved that she was a refugee. The applicant challenged the decision by way of judicial review. The High Court...
1,Credibility Assessment Definition,1086_chunk001,235,0.78136444,1,"Specifically, the assessment consisted of an initial observation by two officers from the Aliens Police, Identification and Human Trafficking Department (AVIM) on 22 January 2018, recorded in an official report, and a subsequent..."
1,Credibility Assessment Definition,972_chunk001,193,0.7774577,2,"Inter alia, the applicant challenged the incorrect legal assessment of the genuineness of his conversion, while mainly reprehending the non-application of the ‘benefit of doubt' principle, insufficient verification of his faith resulting from the fact that only one interview was carried out, during which the defendant failed to focus to a sufficient..."
1,Credibility Assessment Definition,2511_chunk000,140,0.77089083,3,"The Federal Administrative Court allowed an appeal on points of law in order to clarify the  requirements for the assessment of a 'strong presumption' (European Union, Court of Justice of the European Union [CJEU], EZ v Bundesrepublik Deutschland (Federal Republic of Germany), C-238/19, ECLI:EU:C:2020:945, 19 November 2020 - paragraph 57) for a link between the refusal of military service..."
1,Credibility Assessment Definition,151_chunk001,403,0.768049,4,"None of them possessed documentary evidence supporting their claimed ages and were referred for medical age assessments consisting of an X-ray of the left hand and wrist and a dental X-ray (Liversidge and Haavikko methods).

Following the assessments, in..."
1,Credibility Assessment Definition,964_chunk001,221,0.76635563,5,"The line of reasoning of the defendant who claims that the plaintiff had a legal representative present during the hearing who, unlike the plaintiff, is well versed in the law, could not hold, since the examination of the asylum seeker in the court proceedings represents one of the most important..."
1,Credibility Assessment Definition,3231_chunk001,127,0.7662945,6,"Finally, it stated that if bone examinations contravene such records and assessments, creating a doubt concerning the applicant's minority, then the applicant should be given the..."
1,Credibility Assessment Definition,984_chunk001,290,0.7658268,7,"The Council ruled that, indeed, the burden of the proof on whether an applicant has been granted an international protection in another MS or not lies on the CGRS, nonetheless, this proof being made, it is up to the applicant to provide evidence when he challenges the actuality or the effectiveness of his protection.Also, the question whether the applicant may be readmit by..."
1,Credibility Assessment Definition,3231_chunk000,126,0.763464,8,"In January 2022, the Cassation Court of France ruled that a bone examination was insufficient to confirm the applicant's majority. The court specified that, for such examinations to be considered conclusive, they should be corroborated by civil status records and social assessments."
1,Credibility Assessment Definition,3240_chunk001,99,0.7633198,9,"- the State Secretariat for Migration (SEM) and the Federal Administrative Court (TAF), in both first and second instance procedures, have based their decisions to reject the application for international protection on claims that the applicant's testimony lacked credibility and that the authenticity of the documents he presented was..."
1,Credibility Assessment Definition,178_chunk001,461,0.76243436,10,"The guidance was designed to ensure that such persons had an effective right of access to the tribunal and a voice in the proceedings, and that their claims were fairly determined...."
1,Credibility Assessment Definition,978_chunk001,208,0.76050496,11,The Court of Cassation is of the opinion that in the plaintiff's case defining conceptual elements of a social group were not accomplished as stipulated in the provision of Art. 19a par. 4 (c) of the Act on Asylum. Performance of a work activity by a plaintiff or his education and qualifications do not...
1,Credibility Assessment Definition,196_chunk001,473,0.7604233,12,"Based on Chapter III of the Dublin III Regulation, the Office of the Refugee Applications Commissioner determined that the United Kingdom was responsible to assess applicant's applications. At this point, the..."
1,Credibility Assessment Definition,4037_chunk001,49,0.75670207,13,"The application was rejected based on a written opinion of the State Agency for National Security (SANS), which concluded that the applicant constitutes a threat to national security and should not be granted protection in Bulgaria. The Administrative Court of Sofia city validated the negative decision, and the applicant..."
1,Credibility Assessment Definition,4729_chunk001,25,0.7563368,14,"By decision of 23 December 2021, his request was rejected as unfounded on the ground that his statements lacked credibility and was ordered to leave the territory within 30 days. He appealed the decision, and the appeal was dismissed..."
1,Credibility Assessment Definition,582_chunk000,291,0.7548703,15,The High Court refused an application for judicial review by the applicant of a decision refusing him subsidiary protection. The national decision maker did not find the applicant's assertions that he was “not mentally ok” to be credible.
1,Credibility Assessment Definition,175_chunk000,470,0.75439256,16,The Upper Tribunal Ruled that: i) There is no general duty of inquiry upon the examiner to authenticate documents produced in support of a protection claim. There may be exceptional situations when a document can be authenticated by a simple process of inquiry which will conclusively resolve the authenticity and reliability of a document.
1,Credibility Assessment Definition,176_chunk000,528,0.7543814,17,"The Upper Tribunal ruled that: I) The question of whether the Secretary of State has made a decision on the exercise of the discretionary power in Article 17 of the Dublin Regulation is one of fact which will be determined on the basis of evidence, direct or inferential. (II) Article 17 is an integral part of the Dublin regime."
1,Credibility Assessment Definition,583_chunk001,341,0.75360715,18,"The point raised was not adequately or properly pleaded and failed to specify whether the appropriate standard derived from EU law, international law or domestic law. The applicants also gave no legal basis for the test contended for; there was no..."
1,Credibility Assessment Definition,996_chunk001,191,0.7535216,19,...
1,Credibility Assessment Definition,61_chunk001,559,0.7535216,20,...
1,Credibility Assessment Definition,643_chunk000,388,0.7519314,21,As per the published press release: The Council of State validates the criteria to be met by a new asylum application to be admissible.
1,Credibility Assessment Definition,643_chunk001,389,0.7513795,22,"Article L.723-16 of the CESEDA makes the admissibility of a request for reconsideration of an asylum application subject, on the one hand, to the presentation of new facts which have occurred or revealed after the rejection of the previous application or new evidence and, secondly, the finding that their probative value is capable of modifying the..."
1,Credibility Assessment Definition,974_chunk001,181,0.7495674,23,A situation when legal consequences of a contested decision of the regional court represented a threat of serious harm and the granting of suspensive effect is not contrary to public interest is a fundamental and unavoidable condition that has to be met in order for the Court of Cassation to grant suspensive effect of a...
1,Credibility Assessment Definition,43_chunk001,548,0.74937516,24,The administrative authority then concluded that the applicant “constitutes a danger to...
1,Credibility Assessment Definition,995_chunk001,239,0.7489412,25,"Persons from the West Bank can claim to have legitimate fears with regard to Israel, which is not a third State vis-a-vis the West Bank. In this case, the CNDA had rejected the appeal of an applicant from the West Bank after having ruled that he came exclusively under the jurisdiction of the Palestinian Authority. Yet the Council of State..."
1,Credibility Assessment Definition,175_chunk001,471,0.74875915,26,"(ii) There is a general duty of confidentiality during the process of examining a protection claim, including appellate and judicial review proceedings. If..."
1,Credibility Assessment Definition,934_chunk000,154,0.74721617,27,"The Division is of the opinion that there are reasons to assume that the situation in Afghanistan for Hazara is now less safe than in the past. The information now available shows that, for all kinds of reasons, Hazara could have problems with different combating groups in Afghanistan."
1,Credibility Assessment Definition,141_chunk001,512,0.74701196,28,"Second, the High Court concurred with the SSHD that confidentiality is a vital element for the working of the asylum system and the fulfilment of obligations under the Refugee Convention, the EU Qualification Directive and the European Convention on Human Rights (ECHR). The disclosure of information revealed during the asylum..."
1,Credibility Assessment Definition,654_chunk001,352,0.74622995,29,"The examination concluded that the applicant was 18 years old, with a standard deviation of 6 months, meaning that..."
1,Credibility Assessment Definition,201_chunk001,423,0.7460251,30,"It was submitted on behalf of the applicant that a family could be a social group, and that the Tribunal had failed to assess whether..."
1,Credibility Assessment Definition,938_chunk001,200,0.74584514,31,"The foreign national argues that the objectivity of decision-making is at stake and that the state secretary has acted in violation of the so-called four-eyes principle.

According to the..."
1,Credibility Assessment Definition,506_chunk001,387,0.7457142,32,"He claimed to therefore qualify to obtain an ipso facto refugee declaration under the 1951 Convention relating to the Status of Refugees (Geneva Convention).

The Migration Court of Appeal relied on the CJEU jurisprudence,..."
1,Credibility Assessment Definition,923_chunk000,264,0.74544847,33,An applicant must submit a request for protection with which he asserts target-country-related dangers that are objectively suitable in their nature for recognition as a person entitled to asylum or an award for international protection (material asylum request within the meaning of Section 13 (1) Asylum Act) refer the asylum procedure to the Federal Office.
1,Credibility Assessment Definition,45_chunk001,443,0.74528706,34,The administrative authority concluded that no new elements or findings have arisen or have been presented by the applicant. As regards the situation in the country of origin (Ukraine) the...
1,Credibility Assessment Definition,985_chunk001,285,0.74527335,35,"The Council of State reminded the CNDA of its duty to utilise, if it receives information regarding the existence of an “S” card for the appellant in question, its power to investigate and deemed that “by basing its opinion solely on the content of the “S” card, [...] without gathering, in order to reach its..."
1,Credibility Assessment Definition,84_chunk001,544,0.7447942,36,The applicant's family home was attacked three times in 2008 by masked men demanding money. The applicant believes those...
1,Credibility Assessment Definition,989_chunk001,271,0.74418837,37,"The Council of State upheld the CNDA's decision and rejected OFPRA's appeal on the grounds that the Court's sovereign assessment on the applicant's inadequate understanding and mastery of the English language could not be denatured. In this case, the Office's inadmissibility decision on the grounds of late submission was..."
1,Credibility Assessment Definition,204_chunk001,531,0.7438889,38,"The Tribunal, applying reg.8(11)(b) of the European Union (Subsidiary Protection) Regulations 2013, decided it was in the interests of justice to hold an oral hearing (the Tribunal wished to raise in person with the applicant..."
1,Credibility Assessment Definition,5443_chunk001,3,0.74318683,39,"It noted also that the lower court duly considered the admissibility of the removal on basis of current country of origin reports on Syria, by assessing both the security and supply situation in Syria as well as the..."
1,Credibility Assessment Definition,976_chunk001,183,0.74317515,40,The Court of Cassation due to the low-profile status of the plaintiff as one of the many construction workers involved in the construction of flood protection structures without a sufficient level of individualizing elements concerning the plaintiff and with respect to the story provided by him did not find the conclusion...
1,Credibility Assessment Definition,577_chunk000,314,0.74308574,41,"This case concerns the validity of asylum application in accordance with § 29 para. 1 no. 5 i. V. m. Section 71a (1) Asylum Act, in accordance with Section 31 (3) Sentence 1 AsylG. It also refers to the examination of a prohibition on removal according to § 60 Abs. 5 AufenthG i. V. m."
1,Credibility Assessment Definition,961_chunk001,198,0.74261844,42,"It is beyond doubt that if a person cannot exercise his/her rights in front of an administrative court in the language he/she understands, such exercise of the right would be ineffective and the basic objective of the right to a fair trial would not be fulfilled. The right to carry..."
1,Credibility Assessment Definition,993_chunk001,253,0.7423778,43,"The Council of State reaffirmed its jurisprudence concerning application of Article L. 733-5 of the CESEDA (CE, 22 June 2017, N° 400366) in which the CNDA may refer cases back to OFPRA if the applicants had not been able to make themselves understood during their interview with the Office and if the Office was responsible for this lack of..."
1,Credibility Assessment Definition,970_chunk001,170,0.7421206,44,"With respect to the plaintiff's objections, the Court of Cassation states that these are unjustified. It is clear from the defendant's administrative file that the plaintiff's legal representative was allowed to be present during the interview and she was given an opportunity to comment as stipulated in Art. 23 of the Directive 2013/32/EU..."
1,Credibility Assessment Definition,513_chunk001,311,0.7418825,45,The Supreme Court narrowed the scope of their assessment to be that of whether the revocation violated their right to private life cf. the European Convention of Human Rights Article 8 and Paragraph 102 of the Norwegian...
1,Credibility Assessment Definition,142_chunk001,585,0.74163944,46,The individual facts of each case should be considered to determine whether detention will cause a particular individual in his particular circumstances to suffer treatment contrary to Article 3. In view of...
1,Credibility Assessment Definition,140_chunk002,583,0.7408627,47,"Each case, however, must be determined on its own facts. Under Muslim law, as..."
1,Credibility Assessment Definition,645_chunk000,325,0.7407199,48,"As per CNDA press release: When the ECtHR concludes that there is a real risk of inhuman or degrading treatment if returned to the country of origin, the CNDA is obliged not only to consider as admissible a request for review by the person concerned but also to grant him at least the benefit of subsidiary protection within the meaning of Article L. 712-1 (b) of the CESEDA."
1,Credibility Assessment Definition,366_chunk001,313,0.7407156,49,Relief sought The relief sought in the proceedings is certiorari of the decision of the tribunal. The grounds of challenge essentially fell...
1,Credibility Assessment Definition,5442_chunk001,1,0.7402801,50,The Constitutional Court considered that the Federal Administrative Court duly assessed both the security and supply...
1,Credibility Assessment Definition,649_chunk000,318,0.73949045,51,"If an affiliate with a time-limited residence permit and status as an alternative person in need of protection can be considered to have well-founded prospects of being granted a permanent residence permit, it can be judged on the basis of how likely it is that the need for protection remains when the current permit expires."
1,Credibility Assessment Definition,177_chunk000,494,0.73948854,52,"The Court of Appeal (civil division) ruled that the Upper Tribunal had not erred in adjudicating on the legality of a decision by the Secretary of State to cease treating a foreign criminal as a refugee, and in holding that cessation of his refugee status had been unlawful.

..."
1,Credibility Assessment Definition,986_chunk001,281,0.7393665,53,"The Council of State recalled the principle of confidentiality as mentioned in its decision dating from 27 July 2016 (N° 386797) according to which the Office is bound to guarantee the confidentiality of any information that could endanger persons seeking asylum, as well as the respect for privacy and for doctor-patient confidentiality. The..."
1,Credibility Assessment Definition,51_chunk001,451,0.7392184,54,"rst application for international protection lodged in 2006.

Those elements that could have..."
1,Credibility Assessment Definition,942_chunk000,225,0.7391732,55,"The case concerns the possibility of detention when the asylum application is rejected but the time frame to submit an appeal has not expired. The judgments in Gnandi and the order in C., J. and S. do not envisage that the..."
1,Credibility Assessment Definition,511_chunk001,377,0.7389785,56,"When the application was granted, it was assumed that the conditions in their home country were unstable and that the women and her daughter risked being subjected to inhuman treatment. The revocation was justified by the fact..."
1,Credibility Assessment Definition,932_chunk001,255,0.73878515,57,"In case the requesting Member State is not satisfied with the rejection, the requesting Member State may submit a request for re-examination in accordance with Art 5.2. of the Implementing Regulation. The Federal Administrative Court and the Supreme Administrative Court confirmed this..."
1,Credibility Assessment Definition,35_chunk000,484,0.7386534,58,"! With regard to reception, UK implements Council Directive 2003/9/EC. This case concerns a challenge to a decision by the Secretary of State for the Home Department (""the Respondent"") as to the weekly rate of asylum support paid for child dependants of asylum seekers."
1,Credibility Assessment Definition,980_chunk000,160,0.73859304,59,"According to the national contribution to the EMN Annual Report on Migration and Asylum 2019:

In these judgments (no. 230.067 and no. 230.068) the Council states that the principle of ""family unity"" does not give rise to a right to..."
1,Credibility Assessment Definition,505_chunk000,322,0.7385353,60,Judgment 1.
1,Credibility Assessment Definition,4707_chunk000,501,0.73849016,61,"In A.I. v. Switzerland the Court held in particular that, on account of his political activities in exile, it was possible that the applicant had attracted the attention of the Sudanese intelligence services. It found that there were therefore reasonable grounds for believing that the applicant ran the risk of being detained, interrogated and tortured on his arrival at Khartoum Airport.

..."
1,Credibility Assessment Definition,170_chunk001,435,0.7383704,62,"The Court ruled that with the rules on distribution and allocation (§§ 50, 51 AsylG), the law takes into account the regularly particularly important public interest , the burden associated with the reception of asylum seekers in terms of accommodation, food and supervision, evenly on the Federal states and municipalities (see § 45 AsylG). In that regard, an asylum seeker - such as the..."
1,Credibility Assessment Definition,656_chunk000,505,0.73818666,63,The case concerns an appeal against the decision of the Court of The Hague of 5 October 2016 in case no. 16/20135. The Administrative Jurisdiction Division of the Council of State clarified that the Immigration and Naturalisation Service (IND ) is required to assess in an individual manner whether the criteria for protection still exist.
1,Credibility Assessment Definition,939_chunk000,213,0.7379154,64,"This is linked to Case C‑652/16, C- 586/17

By order for reference of 4 October 2017, the Division asked the Court of Justice to give a preliminary ruling..."
1,Credibility Assessment Definition,4036_chunk001,39,0.73650575,65,The Supreme Administrative Corut had to determine whether the administrative court could have assessed the application of the exclusion clause in the case without holding an oral...
1,Credibility Assessment Definition,668_chunk000,371,0.73641026,66,"The Council of State rules on personal interview realised on ones native language. The CNDA decision is annulled as in the contested decision the Court failed to answer the plea regarding the absence of Chechen interpretation in the asylum interview and consequently, the impossibility of the applicant to be understood.

..."
1,Credibility Assessment Definition,583_chunk000,340,0.7361773,67,Two related cases involved applicants applying for asylum on the basis of claiming persecution because of their sexual orientation. The applicants submited that the correct standard of proof required should be a reasonable degree of likelihood.
1,Credibility Assessment Definition,137_chunk000,570,0.7359889,68,"In a case of a Somali applicant related to family reunification, the Supreme Court held that the trial judge was incorrect in forming the view that the potential financial consequences for the State of allowing a discretionary family reunification application cannot be taken into account in the overall assessment as to how the Minister's discretion under the 1996 Act should be exercised."
1,Credibility Assessment Definition,138_chunk001,459,0.7358372,69,"curity).

The court has ruled that the current legal regulation, under which a return decision in..."
1,Credibility Assessment Definition,176_chunk001,529,0.7357553,70,The suggestion that the Article 17 discretion falls to be exercised only where the family reunification criteria in Article 8 are not satisfied is misconceived. ...
1,Credibility Assessment Definition,129_chunk000,447,0.73542714,71,"In the absence of legally binding criteria to assess risk of absconding, applicants may not be detained while waiting for a transfer under the Dublin Regulation.

..."
1,Credibility Assessment Definition,3968_chunk001,75,0.73500407,72,"After other unsuccessful applications, the SEM allowed the reconsideration of the case in 2018 and the applicant was allowed to submit evidence and replies. His application was rejected, and he appealed..."
1,Credibility Assessment Definition,88_chunk000,438,0.73468006,73,"The Court of Appeal confirmed that the First-tier Tribunal had been entitled to refuse an asylum seeker's appeal against the refusal of her claims for asylum and humanitarian protection. She had failed to establish a well-founded fear of persecution if returned to Iran on the basis of her political activities, conversion to Christianity, and the risk of domestic violence from her husband..."
1,Credibility Assessment Definition,925_chunk001,227,0.7346706,74,", due to systemic weaknesses in accordance with Article 3(2) of the Dublin III..."
1,Credibility Assessment Definition,651_chunk001,328,0.7345095,75,"The case concerned the applicant's deportation from Germany to Tunisia because he was deemed to be a potential offender who posed a threat to national security (so-called “Gefährder”), based on his activities for “Islamic State”. The Court..."
1,Credibility Assessment Definition,121_chunk001,527,0.734494,76,"Her brother was given refugee status and his family (spouse and children) the extension of the protection given to him (extension of the refugee status), while his sister was rejected based on the fact that the dependency criteria were not met according to art. 40.1.d. The National High Court interprets the dependency criteria and..."
1,Credibility Assessment Definition,914_chunk001,223,0.7344192,77,The Migration Court of Appeal assessed whether the applicant had acted under duress and held that this was not the case as the applicant had benefitted from three permits and always came back to the place of employment. The applicant chose to flee...
1,Credibility Assessment Definition,943_chunk000,257,0.7341418,78,"In its rulings of 1 February 2017, ECLI:NL:RVS:2017:209 and ECLI:NL:RVS:2017:210, the Council of State found that the Minister for Migration had rightly designated Morocco as a safe country of origin and that the information provided in this case does not lead to a..."
1,Credibility Assessment Definition,510_chunk000,385,0.7340729,79,"The Court of Sessions found there was no unlawful discrimination arising from a reduction in the amount of asylum support payable to asylum seekers with one or more dependent children, following a government review. ..."
1,Credibility Assessment Definition,3964_chunk001,55,0.733968,80,During the interview it was noted that the interpreter had to explain the questions multiple times and that even the interpreter admitted that his interpretation was not always accurate. Although the...
1,Credibility Assessment Definition,563_chunk000,348,0.7335504,81,"The case concerns the moment at which an asylum application is lodged, in particular with regard to a subsequent asylum application. This moment is important for the entitlement to reception by the foreign national."
1,Credibility Assessment Definition,84_chunk000,543,0.73353845,82,"In summary, the applicant claims as follows. He is a national of the Democratic Republic of Congo. He has a well-founded fear of persecution if returned to that country on the ground of his membership of a particular social group, specifically his family, and of his political opinion, specifically his membership of, and involvement with, the UDPS political party there."
1,Credibility Assessment Definition,125_chunk000,414,0.7330733,83,"The Supreme Administrative Court finds that the mere fact that the appellant is told to be in regular contact with the families, not in itself be regarded as evidence that he was required by the return of the Directive any degree of certainty would be returned to any family member or designated guardian, or that for him would be adequate reception at home at home .

..."
1,Credibility Assessment Definition,55_chunk001,539,0.73307174,84,As part of her asylum claim the applicant submitted a refugee card and a letter from AREF to corroborate her account. The...
1,Credibility Assessment Definition,169_chunk000,504,0.73299646,85,"The Court ruled on the guidance set out in HJ (Iran) v Secretary of State for the Home Department [2010] UKSC 31 on the approach to sexual orientation asylum claims, including consideration of whether a gay applicant for international protection would conceal their sexual orientation upon return to their country of origin and the reasons for concealment, was compatible with Directive 2004/83..."
1,Credibility Assessment Definition,56_chunk000,490,0.73288107,86,The applicants were two Albanian asylum seekers who challenged the decision of the Refugee Appeals Tribunal upholding the decision of the Office of the Refugee Applications Commissioner that the United Kingdom was the member state responsible for determining their applications for asylum.
1,Credibility Assessment Definition,19_chunk001,413,0.732793,87,"In connection with the return to home country, the reunification with the family could, in the light of the evidence presented in the case, in itself be considered to be in A's interest. To return home to A's..."
1,Credibility Assessment Definition,3207_chunk001,87,0.7326508,88,"The determining authority considered that there is no risk for the applicant as his father died in 2017, he was a former professional soldier, and his mother..."
1,Credibility Assessment Definition,608_chunk001,345,0.73232263,89,"The judge at first instance found that the detention was based on an incorrect legal basis, and the Secretary of State appealed to the Council of State. On 31 July, the district court of the Hague, sitting in..."
1,Credibility Assessment Definition,563_chunk001,349,0.7322364,90,"On 6 June 2017, the Central Agency for the Reception of Asylum Seekers (COA) rejected an application from a foreign national to allow the benefit of reception conditions. By decision of 5 July 2017, the Court of the Hague upheld the appeal lodged by the foreign..."
1,Credibility Assessment Definition,933_chunk000,153,0.7322092,91,"The Division finds that the general safety situation in Afghanistan, particularly in Nangarhar and Ghazni, remains unabatedly alarming. In certain respects, the safety situation in Afghanistan has even worsened compared to June 2018, the end point of the reporting period dealt with in the earlier ruling of the Division of 1 October 2018. On the other hand, however, the..."
1,Credibility Assessment Definition,3250_chunk001,89,0.7319639,92,"Thus, the repealed provision, which states that the absence of proof of possession of the means to support oneself constitutes a threat to public order or safety and is a factor to be taken into account when assessing the duration of an entry ban of up..."
1,Credibility Assessment Definition,633_chunk000,357,0.73175836,93,"The legal question concerned a situation in which the applicant (a third country national) claimed asylum based on events that had happened in another EU MS in which the applicant had lived and towards which the Dublin Regulation was applicable. In the current case, a Nigerian national claimed she was in danger of persecution and serious harm in Spain due to her ex-husband."
1,Credibility Assessment Definition,5890_chunk001,7,0.7317188,94,"On 22 August 2018, at the applicants' request, the ECtHR, under the interim measure procedure, ordered the Hungarian Government to ensure that the environment in which the applicants were placed..."
1,Credibility Assessment Definition,651_chunk000,327,0.7317008,95,According to the Press Release: In its decision in the case of Saidani v. Germany (application no. 17675/18) the European Court of Human Rights has unanimously declared the application inadmissible. The decision is final.
1,Credibility Assessment Definition,934_chunk001,155,0.7313551,96,"This could be because a certain faith and therefore also a certain political affiliation is ascribed to them, but also for example because of a certain socio-economic position. According to..."
1,Credibility Assessment Definition,197_chunk001,483,0.73131484,97,During the course of the Refugee Application Commissioner's examination of the applicants' file under Dublin III the applicants requested that the Commissioner exercise discretion under art.17 of the Regulation to...
1,Credibility Assessment Definition,200_chunk001,429,0.73131484,98,During the course of the Refugee Application Commissioner's examination of the applicants' file under Dublin III the applicants requested that the Commissioner exercise discretion under art.17 of the Regulation to...
1,Credibility Assessment Definition,171_chunk000,534,0.731066,99,The Upper Tribunal had been justified in rejecting an asylum seeker's account that scarring on his body had been caused by torture administered by the Sri Lankan authorities and in inferring that it was self-inflicted.
2,Credibility Assessment & Interpretation,1086_chunk001,235,0.7992371,0,"Specifically, the assessment consisted of an initial observation by two officers from the Aliens Police, Identification and Human Trafficking Department (AVIM) on 22 January 2018, recorded in an official report, and a subsequent..."
2,Credibility Assessment & Interpretation,57_chunk001,411,0.7976583,1,The Refugee Appeals Tribunal made adverse credibility findings based on matters that had not been put to the applicant and concluded that cumulatively the applicant had not proved that she was a refugee. The applicant challenged the decision by way of judicial review. The High Court...
2,Credibility Assessment & Interpretation,151_chunk001,403,0.79032636,2,"None of them possessed documentary evidence supporting their claimed ages and were referred for medical age assessments consisting of an X-ray of the left hand and wrist and a dental X-ray (Liversidge and Haavikko methods).

Following the assessments, in..."
2,Credibility Assessment & Interpretation,2511_chunk000,140,0.7861285,3,"The Federal Administrative Court allowed an appeal on points of law in order to clarify the  requirements for the assessment of a 'strong presumption' (European Union, Court of Justice of the European Union [CJEU], EZ v Bundesrepublik Deutschland (Federal Republic of Germany), C-238/19, ECLI:EU:C:2020:945, 19 November 2020 - paragraph 57) for a link between the refusal of military service..."
2,Credibility Assessment & Interpretation,3964_chunk001,55,0.7845502,4,During the interview it was noted that the interpreter had to explain the questions multiple times and that even the interpreter admitted that his interpretation was not always accurate. Although the...
2,Credibility Assessment & Interpretation,964_chunk001,221,0.78337777,5,"The line of reasoning of the defendant who claims that the plaintiff had a legal representative present during the hearing who, unlike the plaintiff, is well versed in the law, could not hold, since the examination of the asylum seeker in the court proceedings represents one of the most important..."
2,Credibility Assessment & Interpretation,984_chunk001,290,0.78086555,6,"The Council ruled that, indeed, the burden of the proof on whether an applicant has been granted an international protection in another MS or not lies on the CGRS, nonetheless, this proof being made, it is up to the applicant to provide evidence when he challenges the actuality or the effectiveness of his protection.Also, the question whether the applicant may be readmit by..."
2,Credibility Assessment & Interpretation,972_chunk001,193,0.77693135,7,"Inter alia, the applicant challenged the incorrect legal assessment of the genuineness of his conversion, while mainly reprehending the non-application of the ‘benefit of doubt' principle, insufficient verification of his faith resulting from the fact that only one interview was carried out, during which the defendant failed to focus to a sufficient..."
2,Credibility Assessment & Interpretation,176_chunk000,528,0.7741595,8,"The Upper Tribunal ruled that: I) The question of whether the Secretary of State has made a decision on the exercise of the discretionary power in Article 17 of the Dublin Regulation is one of fact which will be determined on the basis of evidence, direct or inferential. (II) Article 17 is an integral part of the Dublin regime."
2,Credibility Assessment & Interpretation,3240_chunk001,99,0.7726977,9,"- the State Secretariat for Migration (SEM) and the Federal Administrative Court (TAF), in both first and second instance procedures, have based their decisions to reject the application for international protection on claims that the applicant's testimony lacked credibility and that the authenticity of the documents he presented was..."
2,Credibility Assessment & Interpretation,978_chunk001,208,0.7698355,10,The Court of Cassation is of the opinion that in the plaintiff's case defining conceptual elements of a social group were not accomplished as stipulated in the provision of Art. 19a par. 4 (c) of the Act on Asylum. Performance of a work activity by a plaintiff or his education and qualifications do not...
2,Credibility Assessment & Interpretation,3231_chunk000,126,0.769457,11,"In January 2022, the Cassation Court of France ruled that a bone examination was insufficient to confirm the applicant's majority. The court specified that, for such examinations to be considered conclusive, they should be corroborated by civil status records and social assessments."
2,Credibility Assessment & Interpretation,175_chunk000,470,0.7673044,12,The Upper Tribunal Ruled that: i) There is no general duty of inquiry upon the examiner to authenticate documents produced in support of a protection claim. There may be exceptional situations when a document can be authenticated by a simple process of inquiry which will conclusively resolve the authenticity and reliability of a document.
2,Credibility Assessment & Interpretation,4729_chunk001,25,0.76478446,13,"By decision of 23 December 2021, his request was rejected as unfounded on the ground that his statements lacked credibility and was ordered to leave the territory within 30 days. He appealed the decision, and the appeal was dismissed..."
2,Credibility Assessment & Interpretation,513_chunk001,311,0.76429296,14,The Supreme Court narrowed the scope of their assessment to be that of whether the revocation violated their right to private life cf. the European Convention of Human Rights Article 8 and Paragraph 102 of the Norwegian...
2,Credibility Assessment & Interpretation,178_chunk001,461,0.76425135,15,"The guidance was designed to ensure that such persons had an effective right of access to the tribunal and a voice in the proceedings, and that their claims were fairly determined...."
2,Credibility Assessment & Interpretation,505_chunk000,322,0.7633401,16,Judgment 1.
2,Credibility Assessment & Interpretation,989_chunk001,271,0.76264524,17,"The Council of State upheld the CNDA's decision and rejected OFPRA's appeal on the grounds that the Court's sovereign assessment on the applicant's inadequate understanding and mastery of the English language could not be denatured. In this case, the Office's inadmissibility decision on the grounds of late submission was..."
2,Credibility Assessment & Interpretation,3231_chunk001,127,0.76234555,18,"Finally, it stated that if bone examinations contravene such records and assessments, creating a doubt concerning the applicant's minority, then the applicant should be given the..."
2,Credibility Assessment & Interpretation,996_chunk001,191,0.7621416,19,...
2,Credibility Assessment & Interpretation,61_chunk001,559,0.7621416,20,...
2,Credibility Assessment & Interpretation,643_chunk001,389,0.7611905,21,"Article L.723-16 of the CESEDA makes the admissibility of a request for reconsideration of an asylum application subject, on the one hand, to the presentation of new facts which have occurred or revealed after the rejection of the previous application or new evidence and, secondly, the finding that their probative value is capable of modifying the..."
2,Credibility Assessment & Interpretation,4037_chunk001,49,0.7605125,22,"The application was rejected based on a written opinion of the State Agency for National Security (SANS), which concluded that the applicant constitutes a threat to national security and should not be granted protection in Bulgaria. The Administrative Court of Sofia city validated the negative decision, and the applicant..."
2,Credibility Assessment & Interpretation,577_chunk000,314,0.760225,23,"This case concerns the validity of asylum application in accordance with § 29 para. 1 no. 5 i. V. m. Section 71a (1) Asylum Act, in accordance with Section 31 (3) Sentence 1 AsylG. It also refers to the examination of a prohibition on removal according to § 60 Abs. 5 AufenthG i. V. m."
2,Credibility Assessment & Interpretation,934_chunk000,154,0.7600826,24,"The Division is of the opinion that there are reasons to assume that the situation in Afghanistan for Hazara is now less safe than in the past. The information now available shows that, for all kinds of reasons, Hazara could have problems with different combating groups in Afghanistan."
2,Credibility Assessment & Interpretation,643_chunk000,388,0.75976616,25,As per the published press release: The Council of State validates the criteria to be met by a new asylum application to be admissible.
2,Credibility Assessment & Interpretation,961_chunk001,198,0.7597507,26,"It is beyond doubt that if a person cannot exercise his/her rights in front of an administrative court in the language he/she understands, such exercise of the right would be ineffective and the basic objective of the right to a fair trial would not be fulfilled. The right to carry..."
2,Credibility Assessment & Interpretation,656_chunk000,505,0.75959975,27,The case concerns an appeal against the decision of the Court of The Hague of 5 October 2016 in case no. 16/20135. The Administrative Jurisdiction Division of the Council of State clarified that the Immigration and Naturalisation Service (IND ) is required to assess in an individual manner whether the criteria for protection still exist.
2,Credibility Assessment & Interpretation,196_chunk001,473,0.7592382,28,"Based on Chapter III of the Dublin III Regulation, the Office of the Refugee Applications Commissioner determined that the United Kingdom was responsible to assess applicant's applications. At this point, the..."
2,Credibility Assessment & Interpretation,636_chunk001,375,0.7591382,29,A different interpretation may also lead to a situation which constitutes a violation of Article 1 of the...
2,Credibility Assessment & Interpretation,938_chunk001,200,0.75855494,30,"The foreign national argues that the objectivity of decision-making is at stake and that the state secretary has acted in violation of the so-called four-eyes principle.

According to the..."
2,Credibility Assessment & Interpretation,45_chunk001,443,0.75851125,31,The administrative authority concluded that no new elements or findings have arisen or have been presented by the applicant. As regards the situation in the country of origin (Ukraine) the...
2,Credibility Assessment & Interpretation,170_chunk001,435,0.7582017,32,"The Court ruled that with the rules on distribution and allocation (§§ 50, 51 AsylG), the law takes into account the regularly particularly important public interest , the burden associated with the reception of asylum seekers in terms of accommodation, food and supervision, evenly on the Federal states and municipalities (see § 45 AsylG). In that regard, an asylum seeker - such as the..."
2,Credibility Assessment & Interpretation,175_chunk001,471,0.7581457,33,"(ii) There is a general duty of confidentiality during the process of examining a protection claim, including appellate and judicial review proceedings. If..."
2,Credibility Assessment & Interpretation,583_chunk001,341,0.758133,34,"The point raised was not adequately or properly pleaded and failed to specify whether the appropriate standard derived from EU law, international law or domestic law. The applicants also gave no legal basis for the test contended for; there was no..."
2,Credibility Assessment & Interpretation,35_chunk000,484,0.758036,35,"! With regard to reception, UK implements Council Directive 2003/9/EC. This case concerns a challenge to a decision by the Secretary of State for the Home Department (""the Respondent"") as to the weekly rate of asylum support paid for child dependants of asylum seekers."
2,Credibility Assessment & Interpretation,506_chunk001,387,0.7575104,36,"He claimed to therefore qualify to obtain an ipso facto refugee declaration under the 1951 Convention relating to the Status of Refugees (Geneva Convention).

The Migration Court of Appeal relied on the CJEU jurisprudence,..."
2,Credibility Assessment & Interpretation,668_chunk000,371,0.75713056,37,"The Council of State rules on personal interview realised on ones native language. The CNDA decision is annulled as in the contested decision the Court failed to answer the plea regarding the absence of Chechen interpretation in the asylum interview and consequently, the impossibility of the applicant to be understood.

..."
2,Credibility Assessment & Interpretation,974_chunk001,181,0.7571235,38,A situation when legal consequences of a contested decision of the regional court represented a threat of serious harm and the granting of suspensive effect is not contrary to public interest is a fundamental and unavoidable condition that has to be met in order for the Court of Cassation to grant suspensive effect of a...
2,Credibility Assessment & Interpretation,985_chunk001,285,0.75700045,39,"The Council of State reminded the CNDA of its duty to utilise, if it receives information regarding the existence of an “S” card for the appellant in question, its power to investigate and deemed that “by basing its opinion solely on the content of the “S” card, [...] without gathering, in order to reach its..."
2,Credibility Assessment & Interpretation,142_chunk001,585,0.75674653,40,The individual facts of each case should be considered to determine whether detention will cause a particular individual in his particular circumstances to suffer treatment contrary to Article 3. In view of...
2,Credibility Assessment & Interpretation,995_chunk001,239,0.7565743,41,"Persons from the West Bank can claim to have legitimate fears with regard to Israel, which is not a third State vis-a-vis the West Bank. In this case, the CNDA had rejected the appeal of an applicant from the West Bank after having ruled that he came exclusively under the jurisdiction of the Palestinian Authority. Yet the Council of State..."
2,Credibility Assessment & Interpretation,645_chunk000,325,0.75562227,42,"As per CNDA press release: When the ECtHR concludes that there is a real risk of inhuman or degrading treatment if returned to the country of origin, the CNDA is obliged not only to consider as admissible a request for review by the person concerned but also to grant him at least the benefit of subsidiary protection within the meaning of Article L. 712-1 (b) of the CESEDA."
2,Credibility Assessment & Interpretation,176_chunk001,529,0.7555234,43,The suggestion that the Article 17 discretion falls to be exercised only where the family reunification criteria in Article 8 are not satisfied is misconceived. ...
2,Credibility Assessment & Interpretation,5443_chunk001,3,0.75531113,44,"It noted also that the lower court duly considered the admissibility of the removal on basis of current country of origin reports on Syria, by assessing both the security and supply situation in Syria as well as the..."
2,Credibility Assessment & Interpretation,976_chunk001,183,0.755309,45,The Court of Cassation due to the low-profile status of the plaintiff as one of the many construction workers involved in the construction of flood protection structures without a sufficient level of individualizing elements concerning the plaintiff and with respect to the story provided by him did not find the conclusion...
2,Credibility Assessment & Interpretation,942_chunk000,225,0.75448763,46,"The case concerns the possibility of detention when the asylum application is rejected but the time frame to submit an appeal has not expired. The judgments in Gnandi and the order in C., J. and S. do not envisage that the..."
2,Credibility Assessment & Interpretation,140_chunk002,583,0.7542661,47,"Each case, however, must be determined on its own facts. Under Muslim law, as..."
2,Credibility Assessment & Interpretation,943_chunk000,257,0.75410795,48,"In its rulings of 1 February 2017, ECLI:NL:RVS:2017:209 and ECLI:NL:RVS:2017:210, the Council of State found that the Minister for Migration had rightly designated Morocco as a safe country of origin and that the information provided in this case does not lead to a..."
2,Credibility Assessment & Interpretation,988_chunk001,269,0.75357133,49,"In this case, the CNDA had annulled the Office's decision to end protection on the basis of Article L. 711-6 (1) of the CESEDA, holding that the Note Blanche from the intelligence services tendered in the course of adversarial proceedings was insufficiently specific (jihadist profile). The Council of State annulled the Court's decision on..."
2,Credibility Assessment & Interpretation,141_chunk001,512,0.7531575,50,"Second, the High Court concurred with the SSHD that confidentiality is a vital element for the working of the asylum system and the fulfilment of obligations under the Refugee Convention, the EU Qualification Directive and the European Convention on Human Rights (ECHR). The disclosure of information revealed during the asylum..."
2,Credibility Assessment & Interpretation,993_chunk001,253,0.7528401,51,"The Council of State reaffirmed its jurisprudence concerning application of Article L. 733-5 of the CESEDA (CE, 22 June 2017, N° 400366) in which the CNDA may refer cases back to OFPRA if the applicants had not been able to make themselves understood during their interview with the Office and if the Office was responsible for this lack of..."
2,Credibility Assessment & Interpretation,505_chunk001,323,0.7528131,52,"This request for a preliminary ruling concerns the interpretation of Article 4(2) and (5)(b), Article 9(1) and (2) and Article 10(1) and (2) of Directive 2011/95/EU of the European Parliament and of the Council of 13 December 2011 on standards for the qualification of third-country nationals or stateless persons as beneficiaries of international protection, for a uniform status for refugees or for"
2,Credibility Assessment & Interpretation,37_chunk000,541,0.7527765,53,"This request for a preliminary ruling concerns the interpretation of Articles 3(2) and 17(1) of the Dublin III Regulation, Article 267 TFEU and Article 4 of the EU Charter of Fundamental Rights."
2,Credibility Assessment & Interpretation,577_chunk001,315,0.75273633,54,"Article 3 ECHR, depending on the circumstances of the individual case - firstly - asserted individual threats in the country of origin, - secondly - the existence of a situation of generalized violence in the..."
2,Credibility Assessment & Interpretation,112_chunk000,444,0.752337,55,According the Court's Information Note :
2,Credibility Assessment & Interpretation,970_chunk001,170,0.7520612,56,"With respect to the plaintiff's objections, the Court of Cassation states that these are unjustified. It is clear from the defendant's administrative file that the plaintiff's legal representative was allowed to be present during the interview and she was given an opportunity to comment as stipulated in Art. 23 of the Directive 2013/32/EU..."
2,Credibility Assessment & Interpretation,4707_chunk000,501,0.7511101,57,"In A.I. v. Switzerland the Court held in particular that, on account of his political activities in exile, it was possible that the applicant had attracted the attention of the Sudanese intelligence services. It found that there were therefore reasonable grounds for believing that the applicant ran the risk of being detained, interrogated and tortured on his arrival at Khartoum Airport.

..."
2,Credibility Assessment & Interpretation,582_chunk000,291,0.75085264,58,The High Court refused an application for judicial review by the applicant of a decision refusing him subsidiary protection. The national decision maker did not find the applicant's assertions that he was “not mentally ok” to be credible.
2,Credibility Assessment & Interpretation,994_chunk001,243,0.7505049,59,"The Council of State overturned the CNDA's decision, ruling directly for the first time on the legal characterisation of facts in a case regarding application of Article L. 711-6. The Council of State had already extended control over the decisions of the CNDA as to the legal characterisation of facts on exclusion issues (CE, 9 November 2016,..."
2,Credibility Assessment & Interpretation,121_chunk001,527,0.7503863,60,"Her brother was given refugee status and his family (spouse and children) the extension of the protection given to him (extension of the refugee status), while his sister was rejected based on the fact that the dependency criteria were not met according to art. 40.1.d. The National High Court interprets the dependency criteria and..."
2,Credibility Assessment & Interpretation,980_chunk000,160,0.7503415,61,"According to the national contribution to the EMN Annual Report on Migration and Asylum 2019:

In these judgments (no. 230.067 and no. 230.068) the Council states that the principle of ""family unity"" does not give rise to a right to..."
2,Credibility Assessment & Interpretation,168_chunk000,575,0.7502187,62,"The Court confirmed that based on information from the UNHCR, the US Department of State and the Foreign Office, the Administrative Court has stated that the findings of the Bihari situation in Bangladesh do not provide any evidence for group persecution."
2,Credibility Assessment & Interpretation,649_chunk000,318,0.750075,63,"If an affiliate with a time-limited residence permit and status as an alternative person in need of protection can be considered to have well-founded prospects of being granted a permanent residence permit, it can be judged on the basis of how likely it is that the need for protection remains when the current permit expires."
2,Credibility Assessment & Interpretation,932_chunk001,255,0.7498539,64,"In case the requesting Member State is not satisfied with the rejection, the requesting Member State may submit a request for re-examination in accordance with Art 5.2. of the Implementing Regulation. The Federal Administrative Court and the Supreme Administrative Court confirmed this..."
2,Credibility Assessment & Interpretation,5442_chunk001,1,0.7497152,65,The Constitutional Court considered that the Federal Administrative Court duly assessed both the security and supply...
2,Credibility Assessment & Interpretation,511_chunk001,377,0.7496842,66,"When the application was granted, it was assumed that the conditions in their home country were unstable and that the women and her daughter risked being subjected to inhuman treatment. The revocation was justified by the fact..."
2,Credibility Assessment & Interpretation,939_chunk000,213,0.74941343,67,"This is linked to Case C‑652/16, C- 586/17

By order for reference of 4 October 2017, the Division asked the Court of Justice to give a preliminary ruling..."
2,Credibility Assessment & Interpretation,66_chunk000,436,0.7488141,68,(abstract provided by UNHCR) The FAC comes to the conclusion that the humanitarian situation in Kabul has deteriorated compared to the FAC's last analysis of the situation in 2011 (BVGE 2011/7 ). The situation is life-threatening and a removal to Kabul is in principle not reasonable.
2,Credibility Assessment & Interpretation,936_chunk000,175,0.7487003,69,"This is linked to Joined Cases C‑582/17 and C‑583/17

By order for reference of 27 September 2017, the Division asked the Court of Justice to give a preliminary ruling on the question asked about the interpretation of the Dublin Regulation (OJ 2013, L180). The Division thereby suspended..."
2,Credibility Assessment & Interpretation,204_chunk001,531,0.74868155,70,"The Tribunal, applying reg.8(11)(b) of the European Union (Subsidiary Protection) Regulations 2013, decided it was in the interests of justice to hold an oral hearing (the Tribunal wished to raise in person with the applicant..."
2,Credibility Assessment & Interpretation,177_chunk000,494,0.74823725,71,"The Court of Appeal (civil division) ruled that the Upper Tribunal had not erred in adjudicating on the legality of a decision by the Secretary of State to cease treating a foreign criminal as a refugee, and in holding that cessation of his refugee status had been unlawful.

..."
2,Credibility Assessment & Interpretation,590_chunk000,350,0.74799883,72,"In an urgent action for the «granting of asylum or of a residence permit for subsidiary protection» the use of «official international reports on the political and social situation of the applicant's country of origin», by the court of appeal is not in breach of Articles 412 and 662 of the Civil Procedure Code.

..."
2,Credibility Assessment & Interpretation,608_chunk001,345,0.74765885,73,"The judge at first instance found that the detention was based on an incorrect legal basis, and the Secretary of State appealed to the Council of State. On 31 July, the district court of the Hague, sitting in..."
2,Credibility Assessment & Interpretation,366_chunk001,313,0.7464685,74,Relief sought The relief sought in the proceedings is certiorari of the decision of the tribunal. The grounds of challenge essentially fell...
2,Credibility Assessment & Interpretation,654_chunk001,352,0.74634314,75,"The examination concluded that the applicant was 18 years old, with a standard deviation of 6 months, meaning that..."
2,Credibility Assessment & Interpretation,923_chunk000,264,0.7463391,76,An applicant must submit a request for protection with which he asserts target-country-related dangers that are objectively suitable in their nature for recognition as a person entitled to asylum or an award for international protection (material asylum request within the meaning of Section 13 (1) Asylum Act) refer the asylum procedure to the Federal Office.
2,Credibility Assessment & Interpretation,145_chunk000,439,0.7459706,77,"The Administrative Court confirmed the Administrative Tribunal's ruling that there was a situation of generalized violence in Afghanistan leading to the grant of subsidiary protection to the asylum seeker. The Ministry of Foreign and European Affairs had appealed the Administrative Tribunal fearing a pull factor.

..."
2,Credibility Assessment & Interpretation,56_chunk000,490,0.7459589,78,The applicants were two Albanian asylum seekers who challenged the decision of the Refugee Appeals Tribunal upholding the decision of the Office of the Refugee Applications Commissioner that the United Kingdom was the member state responsible for determining their applications for asylum.
2,Credibility Assessment & Interpretation,43_chunk001,548,0.74581486,79,The administrative authority then concluded that the applicant “constitutes a danger to...
2,Credibility Assessment & Interpretation,583_chunk000,340,0.7457105,80,Two related cases involved applicants applying for asylum on the basis of claiming persecution because of their sexual orientation. The applicants submited that the correct standard of proof required should be a reasonable degree of likelihood.
2,Credibility Assessment & Interpretation,986_chunk001,281,0.74548477,81,"The Council of State recalled the principle of confidentiality as mentioned in its decision dating from 27 July 2016 (N° 386797) according to which the Office is bound to guarantee the confidentiality of any information that could endanger persons seeking asylum, as well as the respect for privacy and for doctor-patient confidentiality. The..."
2,Credibility Assessment & Interpretation,171_chunk001,535,0.74531436,82,"However, its guidance as to how medical evidence should be presented in ""self-infliction by proxy"" cases was to be treated as having no effect, because the proper approach to the instruction of experts was contained in the Practice Direction of the Immigration and Asylum Chambers..."
2,Credibility Assessment & Interpretation,169_chunk000,504,0.7452245,83,"The Court ruled on the guidance set out in HJ (Iran) v Secretary of State for the Home Department [2010] UKSC 31 on the approach to sexual orientation asylum claims, including consideration of whether a gay applicant for international protection would conceal their sexual orientation upon return to their country of origin and the reasons for concealment, was compatible with Directive 2004/83..."
2,Credibility Assessment & Interpretation,606_chunk000,329,0.7451592,84,"1. This request for a preliminary ruling concerns the interpretation of Article 46 of Directive 2013/32/EU of the European Parliament and of the Council of 26 June 2013 on common procedures for granting and withdrawing international protection (OJ 2013 L 180, p."
2,Credibility Assessment & Interpretation,138_chunk001,459,0.74499714,85,"curity).

The court has ruled that the current legal regulation, under which a return decision in..."
2,Credibility Assessment & Interpretation,563_chunk001,349,0.74499476,86,"On 6 June 2017, the Central Agency for the Reception of Asylum Seekers (COA) rejected an application from a foreign national to allow the benefit of reception conditions. By decision of 5 July 2017, the Court of the Hague upheld the appeal lodged by the foreign..."
2,Credibility Assessment & Interpretation,2505_chunk001,142,0.74496484,87,"Upon appeal, the administrative court annulled the contested decision and stated that vulnerable Dublin returnees are entirely dependent on state support which is insufficient in terms of housing and minimum living standard, thus amounting to a risk of treatment contrary to the Article 4..."
2,Credibility Assessment & Interpretation,625_chunk000,566,0.74495757,88,"As per the press release: The State Secretary for Security and Justice has not provided sufficient reasons why the transfer of two foreign nationals to Hungary under the European Dublin Regulation is not contrary to the ECHR. This is apparent from two judgments from the Administrative Jurisdiction Division of the Council of State today (November 26, 2015)."
2,Credibility Assessment & Interpretation,84_chunk001,544,0.74472874,89,The applicant's family home was attacked three times in 2008 by masked men demanding money. The applicant believes those...
2,Credibility Assessment & Interpretation,19_chunk001,413,0.7445631,90,"In connection with the return to home country, the reunification with the family could, in the light of the evidence presented in the case, in itself be considered to be in A's interest. To return home to A's..."
2,Credibility Assessment & Interpretation,633_chunk000,357,0.74454105,91,"The legal question concerned a situation in which the applicant (a third country national) claimed asylum based on events that had happened in another EU MS in which the applicant had lived and towards which the Dublin Regulation was applicable. In the current case, a Nigerian national claimed she was in danger of persecution and serious harm in Spain due to her ex-husband."
2,Credibility Assessment & Interpretation,4705_chunk000,446,0.74446833,92,"Judgment concerning the freedom of movement of asylum seekers in Ceuta and Melilla, although his application for international protection was admitted for examination.

..."
2,Credibility Assessment & Interpretation,186_chunk000,476,0.74392194,93,"According the WLR Daily case summaries The asylum claimant, an Iraqi national, entered the United Kingdom and claimed asylum. His claim was refused by the Secretary of State and he appealed pursuant to section 82 of the Nationality, Immigration and Asylum Act 2002. His appeal was dismissed by the First-tier Tribunal."
2,Credibility Assessment & Interpretation,4231_chunk000,34,0.74341506,94,"The case concerned the question whether the State Secretary had correctly established the date from which the applicant benefits of asylum, how to establish the date of application."
2,Credibility Assessment & Interpretation,181_chunk001,514,0.74331313,95,"However, it is recognized that individuals fleeing persecution may have to resort to the use of false papers to make good their escape. Therefore, under section 31 of the Immigration and Asylum Act 1999..."
2,Credibility Assessment & Interpretation,51_chunk001,451,0.743284,96,"rst application for international protection lodged in 2006.

Those elements that could have..."
2,Credibility Assessment & Interpretation,589_chunk000,293,0.74317586,97,"I – Notification to the applicant for international protection, to account for the content of his statement, does not comply with the formalities required by Article 17 (1 and 2) of the Asylum law under which a written report, containing all the essential information regarding the case and to which the applicant can respond, must be drawn up."
2,Credibility Assessment & Interpretation,562_chunk001,347,0.7429849,98,"This moment is important for the commencement date of the temporary asylum residence permit granted to the foreign national.

By decision..."
2,Credibility Assessment & Interpretation,914_chunk001,223,0.74297947,99,The Migration Court of Appeal assessed whether the applicant had acted under duress and held that this was not the case as the applicant had benefitted from three permits and always came back to the place of employment. The applicant chose to flee...
3,Subsidiary Protection Definition,505_chunk002,324,0.885502,0," persons eligible for subsidiary protection, and for the content of the protection..."
3,Subsidiary Protection Definition,256_chunk000,579,0.8257508,1,"According to the EDAL, the Council for Alien Law Litigation confirmed that those who enjoy subsidiary protection are equivalent to recognised refugees, for the purposes of family reunification and are exempted from additional conditions in relation to housing, health insurance, and means of subsistence provided that the application for family reunification is submitted within one year and the fami"
3,Subsidiary Protection Definition,58_chunk000,426,0.8239372,2,"In this case the Court of Appeal considered the question of whether, where an applicant for subsidiary protection is considered by the decision maker to be a national of Country A, and also to have been granted refugee status and lived in each of Countries B and C, may the application be decided upon the basis that he is a stateless person within the meaning of the Qualification Directive and the "
3,Subsidiary Protection Definition,585_chunk000,363,0.82207024,3,The applicant (Venezuela) had applied for subsidiary protection on the basis that he would be at risk due to his activism and his membership of a politic party; that application was refused. The court held that in the context of art.
3,Subsidiary Protection Definition,931_chunk001,241,0.8193556,4,The appellant had been granted subsidiary protection status in Denmark in 2015. The individual's family was granted asylum in...
3,Subsidiary Protection Definition,204_chunk001,531,0.8186693,5,"The Tribunal, applying reg.8(11)(b) of the European Union (Subsidiary Protection) Regulations 2013, decided it was in the interests of justice to hold an oral hearing (the Tribunal wished to raise in person with the applicant..."
3,Subsidiary Protection Definition,4709_chunk001,31,0.8168187,6,"By decision of 16 August 2017, the Federal Office for Migration and Refugees (BAMF) granted subsidiary protection to the applicant, and also to his wife and their four children, noting the serious risks posed by the civil war throughout all regions of Syria. However, it..."
3,Subsidiary Protection Definition,136_chunk001,550,0.81160456,7,"By decision dated 5 November 2013 the Minister for Justice and Equality refused to entertain this application for subsidiary protection, contending that she had not made the application within the administrative deadline of 15 days from the date of the issuing of a proposal to..."
3,Subsidiary Protection Definition,43_chunk000,547,0.80972385,8,"The applicant from Belarus had been granted subsidiary protection for 12 months. The subsidiary protection was then once prolonged for another 24 months upon applicant's request. However, the second request was dismissed because of applicant's criminal activity. The administrative authority found out that he had been sentenced seven times for less serious criminal offences (mostly thefts)."
3,Subsidiary Protection Definition,218_chunk001,553,0.808272,9,"By decision dated 5th November 2013 the Minister for Justice and Equality refused to entertain this belated application for subsidiary protection, contending that she had not made the application within..."
3,Subsidiary Protection Definition,645_chunk000,325,0.8075396,10,"As per CNDA press release: When the ECtHR concludes that there is a real risk of inhuman or degrading treatment if returned to the country of origin, the CNDA is obliged not only to consider as admissible a request for review by the person concerned but also to grant him at least the benefit of subsidiary protection within the meaning of Article L. 712-1 (b) of the CESEDA."
3,Subsidiary Protection Definition,931_chunk000,240,0.80666196,11,"Pursuant to Art. 4a of the Asylum Act 2005, an application for international protection is to be rejected as inadmissible where the foreign person has been granted asylum or subsidiary protection status in another EEA Member State or Switzerland. In the specific case, the appellant, a Syrian citizen, filed an application for international protection in April 2018."
3,Subsidiary Protection Definition,953_chunk000,236,0.80389357,12,"This case concerned whether, for the purposes of an application for family reunification by a beneficiary of subsidiary protection, “child” could include a non-biological child for whom the applicant had acted in loco parentis."
3,Subsidiary Protection Definition,218_chunk000,552,0.8004235,13,"In the present case the applicant, Ms. Danqua, (Ghanaian national), made a very belated application for subsidiary protection on 8th October 2013, having first applied for refugee status in 2010 and having been refused asylum following a decision of the Refugee Appeal Tribunal in January 2011."
3,Subsidiary Protection Definition,590_chunk000,350,0.7984822,14,"In an urgent action for the «granting of asylum or of a residence permit for subsidiary protection» the use of «official international reports on the political and social situation of the applicant's country of origin», by the court of appeal is not in breach of Articles 412 and 662 of the Civil Procedure Code.

..."
3,Subsidiary Protection Definition,175_chunk001,471,0.79712474,15,"(ii) There is a general duty of confidentiality during the process of examining a protection claim, including appellate and judicial review proceedings. If..."
3,Subsidiary Protection Definition,117_chunk000,400,0.79157686,16,Syrian refugee family resettled from Lebanon were granted subsidiary protection. This decision was appealed before the National High Court.
3,Subsidiary Protection Definition,97_chunk000,480,0.7909157,17,"As of 2016, beneficiaries of subsidiary protection in Lower Austria differ from persons granted asylum in that they are entitled only to benefits under basic welfare support. The Constitutional Court ruled in June 2017 that this rule is constitutional, since sufficient factual and legal differences exist to justify differing treatment with respect to social benefits."
3,Subsidiary Protection Definition,3239_chunk000,114,0.78700453,18,"The applicant was refused refugee protection and granted subsidiary protection by national authorities. He appealed against this decision before the Municipal Court, requesting the annulment of the part of the decision rejecting his request for refugee protection."
3,Subsidiary Protection Definition,650_chunk001,296,0.78626037,19,"The Supreme Court considering that the Polish provisions on granting international protection do not explicitly provide for the right to stay of a foreigner applying for international protection in proceedings before the court of first instance, rules that the fulfillment of the obligation under Art. 46 ust. 5 of the procedural directive 2013/32, must take place through the decision..."
3,Subsidiary Protection Definition,591_chunk000,316,0.78525716,20,"I- Matters regarding the hearing of the interested party with respect to inadmissibility decisions on a request for international protection and the transfer of an applicant for international protection, rendered further to a decision to accept the taking back request by another member state, are governed by Article 5 of Regulation (EU) No 604/2013 of the European Parliament and of the Council of "
3,Subsidiary Protection Definition,143_chunk000,562,0.7846701,21,"The decision annulled the grand-ducal regulation of 24 August 2016, declaring compulsory the use of land in the frames of the plan entitled 'Provisional Emergency Reception Facility for International Protection Applicants, Rejected International Protection Applicants, and Beneficiaries of International Protection. ..."
3,Subsidiary Protection Definition,589_chunk001,294,0.7845659,22,II – The aforementioned Article 17 (1 and 2) is applicable to situations where the request for international protection is considered inadmissible and the...
3,Subsidiary Protection Definition,1011_chunk000,256,0.784449,23,"The case concerns a challenge to detention under the recast Reception Conditions Directive. The applicant requested international protection after being found illegally working in the Czech Republic and using fake documents to obtain such work.

..."
3,Subsidiary Protection Definition,649_chunk000,318,0.78351796,24,"If an affiliate with a time-limited residence permit and status as an alternative person in need of protection can be considered to have well-founded prospects of being granted a permanent residence permit, it can be judged on the basis of how likely it is that the need for protection remains when the current permit expires."
3,Subsidiary Protection Definition,3230_chunk000,96,0.78278214,25,"The applicant, an Afghan national, was denied subsidiary protection on exclusion grounds, namely that there were serious reasons for considering that he had committed a serious crime. The decision was upheld by the National Court of Asylum (CNDA), and the applicant subsequently appealed to the Council of State."
3,Subsidiary Protection Definition,582_chunk000,291,0.7800541,26,The High Court refused an application for judicial review by the applicant of a decision refusing him subsidiary protection. The national decision maker did not find the applicant's assertions that he was “not mentally ok” to be credible.
3,Subsidiary Protection Definition,145_chunk000,439,0.7791877,27,"The Administrative Court confirmed the Administrative Tribunal's ruling that there was a situation of generalized violence in Afghanistan leading to the grant of subsidiary protection to the asylum seeker. The Ministry of Foreign and European Affairs had appealed the Administrative Tribunal fearing a pull factor.

..."
3,Subsidiary Protection Definition,3286_chunk001,123,0.7789763,28,"The Supreme Court confirmed that the application for international protection implies the suspension of the removal procedure for irregular stay that could affect the applicant, until the Administration issues an initial decision..."
3,Subsidiary Protection Definition,136_chunk000,549,0.7783104,29,"The applicant was a Ghanaian national who applied for refugee status in 2010, which was refused following a decision of the Refugee Appeal Tribunal in January 2011. She applied for subsidiary protection on 8 October 2013."
3,Subsidiary Protection Definition,981_chunk000,167,0.77608025,30,The applicant is a Palestinian stateless from the Gaza strip and applied for international protection in Belgium. His application was rejected but he was granted subsidiary protection.
3,Subsidiary Protection Definition,606_chunk000,329,0.77575004,31,"1. This request for a preliminary ruling concerns the interpretation of Article 46 of Directive 2013/32/EU of the European Parliament and of the Council of 26 June 2013 on common procedures for granting and withdrawing international protection (OJ 2013 L 180, p."
3,Subsidiary Protection Definition,974_chunk001,181,0.775198,32,A situation when legal consequences of a contested decision of the regional court represented a threat of serious harm and the granting of suspensive effect is not contrary to public interest is a fundamental and unavoidable condition that has to be met in order for the Court of Cassation to grant suspensive effect of a...
3,Subsidiary Protection Definition,1573_chunk000,145,0.7750617,33,"The applicants, nationals of Syria, are members of a family who arrived in Spain through the resettlement programme 2015 for refugees. By decisions of 4 October 2017 of the Deputy Secretary of the Interior, they were granted subsidiary protection. They appealed that decision arguing that they should be granted refugee status and not subsidiary protection."
3,Subsidiary Protection Definition,923_chunk000,264,0.7744974,34,An applicant must submit a request for protection with which he asserts target-country-related dangers that are objectively suitable in their nature for recognition as a person entitled to asylum or an award for international protection (material asylum request within the meaning of Section 13 (1) Asylum Act) refer the asylum procedure to the Federal Office.
3,Subsidiary Protection Definition,85_chunk001,487,0.7733356,35,(iii) The dilution and disapplication of the procedural fairness and kindred protections enshrined in...
3,Subsidiary Protection Definition,3250_chunk001,89,0.7713126,36,"Thus, the repealed provision, which states that the absence of proof of possession of the means to support oneself constitutes a threat to public order or safety and is a factor to be taken into account when assessing the duration of an entry ban of up..."
3,Subsidiary Protection Definition,953_chunk001,237,0.7685398,37,Barrett J held that there is a wide diversity of familial structures and the relationship of father/child was not confined by the International Protection Act 2015 to a biological father and accordingly quashed the Minister's refusal of family...
3,Subsidiary Protection Definition,51_chunk001,451,0.7673691,38,"rst application for international protection lodged in 2006.

Those elements that could have..."
3,Subsidiary Protection Definition,984_chunk001,290,0.76649094,39,"The Council ruled that, indeed, the burden of the proof on whether an applicant has been granted an international protection in another MS or not lies on the CGRS, nonetheless, this proof being made, it is up to the applicant to provide evidence when he challenges the actuality or the effectiveness of his protection.Also, the question whether the applicant may be readmit by..."
3,Subsidiary Protection Definition,505_chunk001,323,0.7657899,40,"This request for a preliminary ruling concerns the interpretation of Article 4(2) and (5)(b), Article 9(1) and (2) and Article 10(1) and (2) of Directive 2011/95/EU of the European Parliament and of the Council of 13 December 2011 on standards for the qualification of third-country nationals or stateless persons as beneficiaries of international protection, for a uniform status for refugees or for"
3,Subsidiary Protection Definition,148_chunk001,524,0.76511526,41,The Court had to answer whether Contracting States have an obligation to grant refugee status to an asylum-seeker who can establish that he/she has a well-founded fear of persecution for reasons of one or more of the Convention grounds of the 1951 Convention [thus falling under the scope of the inclusion clauses] where the risk of persecution is based on circumstances created by the applicant's ‘o
3,Subsidiary Protection Definition,656_chunk000,505,0.76495755,42,The case concerns an appeal against the decision of the Court of The Hague of 5 October 2016 in case no. 16/20135. The Administrative Jurisdiction Division of the Council of State clarified that the Immigration and Naturalisation Service (IND ) is required to assess in an individual manner whether the criteria for protection still exist.
3,Subsidiary Protection Definition,3313_chunk001,71,0.76429725,43,"The Regional Administrative Court of Hannover, upholding the applicants submissions, had decided that the Dublin transfer would put the applicant at risk of indirect refoulment and treatment contrary to Article 3 ECHR and 4 EU Charter due to pushbacks by Slovenian authorities.

The Higher Administrative Court of..."
3,Subsidiary Protection Definition,956_chunk000,278,0.7638625,44,The applicant was a national of Afghanistan who was granted subsidiary protection in Ireland in 2016. He subsequently applied for family reunification for his wife whom he married in 2017.
3,Subsidiary Protection Definition,996_chunk001,191,0.76381916,45,...
3,Subsidiary Protection Definition,61_chunk001,559,0.76381916,46,...
3,Subsidiary Protection Definition,121_chunk001,527,0.7636913,47,"Her brother was given refugee status and his family (spouse and children) the extension of the protection given to him (extension of the refugee status), while his sister was rejected based on the fact that the dependency criteria were not met according to art. 40.1.d. The National High Court interprets the dependency criteria and..."
3,Subsidiary Protection Definition,547_chunk000,372,0.7631906,48,"In response to a legal remedy filed against the Federal Office for Immigration and Asylum, the Supreme Administrative Court ruled that, in accordance with Art 13 para 1 of the Dublin III Regulation (604/2013), the Member State whose border an individual applying for international protection had crossed irregularly is responsible for examining that application (ruling in case Ra 2017/19/0169-9 of 5"
3,Subsidiary Protection Definition,2508_chunk000,134,0.7628004,49,"The applicant, national of Philippine, contested an inadmissibility decision issued by BAMF on 21 February 2018 on the basis of Paragraph 29(1)(1)(a) AsylG, because he has previously applied for international protection in France. It was decided that there are ni prohibitions to deportation and ordered a 9 months entry ban."
3,Subsidiary Protection Definition,988_chunk001,269,0.76276696,50,"In this case, the CNDA had annulled the Office's decision to end protection on the basis of Article L. 711-6 (1) of the CESEDA, holding that the Note Blanche from the intelligence services tendered in the course of adversarial proceedings was insufficiently specific (jihadist profile). The Council of State annulled the Court's decision on..."
3,Subsidiary Protection Definition,4037_chunk001,49,0.7626107,51,"The application was rejected based on a written opinion of the State Agency for National Security (SANS), which concluded that the applicant constitutes a threat to national security and should not be granted protection in Bulgaria. The Administrative Court of Sofia city validated the negative decision, and the applicant..."
3,Subsidiary Protection Definition,3265_chunk000,94,0.7622726,52,"The applicants, a family with children, nationals of Georgia, applied for international protection in Spain on 3 July 2018, stating that the husband had a traffic accident with an employee of a hotel near his home, that he received compensation from the hotel, and in turn, the hotel claimed the money from the employee for being the culprit."
3,Subsidiary Protection Definition,4167_chunk000,64,0.76185536,53,"An applicant of Syrian nationality and Sunni Islamic religion requested international protection on 24 November 2021 in Austria. The Federal Office for Immigration and Asylum (BFA) did not grant him refugee status but subsidiary protection, a decision which he appealed to the Federal Administrative Court."
3,Subsidiary Protection Definition,46_chunk001,508,0.7614313,54,The applicant filed the action for annulment of the decision before the Regional Court in Ostrava on the last day of 15 day time limit laid down by the Act on Asylum for the actions against administrative decisions concerning international protection. The action...
3,Subsidiary Protection Definition,69_chunk000,430,0.7607078,55,"If it is not clear whether an asylum applicant has already been granted international protection in another European Union member state (here: Italy), the administrative courts must find out whether this is the case if the admissibility of a new application for protection depends on it."
3,Subsidiary Protection Definition,579_chunk001,321,0.76069254,56,The issue now is whether the present applicants in other cases raising the same or similar points should get the benefit of a stay restraining the International Protection Appeals Tribunal from carrying out its statutory duty to hear their appeals from the IPO recommendations...
3,Subsidiary Protection Definition,3240_chunk001,99,0.76043236,57,"- the State Secretariat for Migration (SEM) and the Federal Administrative Court (TAF), in both first and second instance procedures, have based their decisions to reject the application for international protection on claims that the applicant's testimony lacked credibility and that the authenticity of the documents he presented was..."
3,Subsidiary Protection Definition,647_chunk001,275,0.7603218,58,"The urgent action was initiated by several civil society organisations against complications that amounted to obstacles to the registration of applications for international protection through a telephone platform. The platform, established by the French Office for Immigration and..."
3,Subsidiary Protection Definition,689_chunk001,249,0.7601626,59,They provided the court a list of deficiencies contained in the Royal Decree regarding the protection and safeguards in place for families and children. The applicants...
3,Subsidiary Protection Definition,50_chunk001,405,0.7600327,60,"The Municipal Court found out that the applicant during his detention lodged the application for international protection, he was re-detained under the provisions of the Act on Asylum implementing Art. 8(3)(d) of the Recast Reception Directive and for this reason his original..."
3,Subsidiary Protection Definition,3924_chunk001,61,0.76000273,61,"The applicant, a Palestinian national arrived in Cyprus via the occupied territories and was detained pursuant to the Aliens and Immigration Law and a deportation order was issued. He applied for asylum but was granted a supplementary protection status..."
3,Subsidiary Protection Definition,35_chunk000,484,0.759845,62,"! With regard to reception, UK implements Council Directive 2003/9/EC. This case concerns a challenge to a decision by the Secretary of State for the Home Department (""the Respondent"") as to the weekly rate of asylum support paid for child dependants of asylum seekers."
3,Subsidiary Protection Definition,99_chunk001,441,0.7598178,63,"76 para 2 subpara 1 Aliens Police Act, could not be subsumed under one of the conditions defined in..."
3,Subsidiary Protection Definition,100_chunk000,448,0.7593086,64,"The case concerns to Afghani sisters who reached Austria through Croatia and applied for international protection. The authorities considered Croatia as the responsible MS for examining the applications of all family members. The Court followed he judgment of the ECJ, C-490/16, adopted on 26 July 2017, deciding on the reference for a preliminary ruling made by the Slovene Supreme Court."
3,Subsidiary Protection Definition,608_chunk000,344,0.7591286,65,"Three country nationals, C, J, and S, had their applications for international protection rejected in the Netherlands and were detained with a view to preparing their return. C's application for international protection was rejected on 11 April 2017, and C was detained on 13 April."
3,Subsidiary Protection Definition,3270_chunk001,103,0.75879705,66,The Council of State held that the appeal against a refusal to examine the request for international protection in the regular procedure is admissible only if the person concerned is able to establish that the transfer period has expired and the transfer can no...
3,Subsidiary Protection Definition,366_chunk001,313,0.7585732,67,Relief sought The relief sought in the proceedings is certiorari of the decision of the tribunal. The grounds of challenge essentially fell...
3,Subsidiary Protection Definition,141_chunk001,512,0.7580309,68,"Second, the High Court concurred with the SSHD that confidentiality is a vital element for the working of the asylum system and the fulfilment of obligations under the Refugee Convention, the EU Qualification Directive and the European Convention on Human Rights (ECHR). The disclosure of information revealed during the asylum..."
3,Subsidiary Protection Definition,85_chunk000,486,0.7579499,69,Main issues may be summarized as follows: i) Regulation 604/13/EU (the Dublin Regulation) occupies the field to which it applies and operates as a measure of supreme EU law therein. (ii) It is not open to the Secretary of State to unilaterally and selectively disapply certain provisions of the Dublin Regulation and its sister implementing Commission Regulation as this is contrary to EU law.
3,Subsidiary Protection Definition,936_chunk000,175,0.75772333,70,"This is linked to Joined Cases C‑582/17 and C‑583/17

By order for reference of 27 September 2017, the Division asked the Court of Justice to give a preliminary ruling on the question asked about the interpretation of the Dublin Regulation (OJ 2013, L180). The Division thereby suspended..."
3,Subsidiary Protection Definition,996_chunk000,190,0.75737643,71,"According to the national contribution to the EMN Annual Report on Migration and Asylum 2019:

For the Council of State, the civil registry records reconstituted by the French Office for the Protection of Refugees and Stateless Persons (OFPRA) have identical value to the official originals, which precludes consular authorities contesting the particulars contained therein, except in cases of fraud."
3,Subsidiary Protection Definition,105_chunk000,417,0.7569611,72,"According to the Supreme Court, it was not contrary to the Human Rights Convention that a man from Syria who had been granted temporary protection status in Denmark should wait 3 years for family reunification with his spouse The case concerned the review of the Immigration Board's decision, after which A and B, who were spouses, had been refused family reunification in Denmark."
3,Subsidiary Protection Definition,58_chunk001,427,0.7566638,73,"regulations transposing that Directive into Irish law.

The applicant was born in Cameroon in..."
3,Subsidiary Protection Definition,2509_chunk000,136,0.756623,74,"The applicant, Guinean national, contested the inadmissibility decision adopted based on Paragraph 29(1)(1)(a) of the AsylG, because he entered Germany and applied for international protection on 11 April 2018 but he had previously applied in Spain (Eurodac hit report). The BAMF also found no prohibition to deportation and issued a 6 months entry ban."
3,Subsidiary Protection Definition,175_chunk000,470,0.7565587,75,The Upper Tribunal Ruled that: i) There is no general duty of inquiry upon the examiner to authenticate documents produced in support of a protection claim. There may be exceptional situations when a document can be authenticated by a simple process of inquiry which will conclusively resolve the authenticity and reliability of a document.
3,Subsidiary Protection Definition,589_chunk000,293,0.75627875,76,"I – Notification to the applicant for international protection, to account for the content of his statement, does not comply with the formalities required by Article 17 (1 and 2) of the Asylum law under which a written report, containing all the essential information regarding the case and to which the applicant can respond, must be drawn up."
3,Subsidiary Protection Definition,3232_chunk001,121,0.75598097,77,"This provision authorised access to the labour market to applicants who did not receive a decision from OFPRA within six months from their application, due to circumstances beyond their control, excluding Dublin applicants awaiting for their transfer to the Member State responsible to examine their asylum..."
3,Subsidiary Protection Definition,938_chunk001,200,0.7559633,78,"The foreign national argues that the objectivity of decision-making is at stake and that the state secretary has acted in violation of the so-called four-eyes principle.

According to the..."
3,Subsidiary Protection Definition,105_chunk001,418,0.7559403,79,"A had a residence in Denmark in accordance with the Immigration Act's rules on temporary protection, based on the..."
3,Subsidiary Protection Definition,978_chunk001,208,0.75584865,80,The Court of Cassation is of the opinion that in the plaintiff's case defining conceptual elements of a social group were not accomplished as stipulated in the provision of Art. 19a par. 4 (c) of the Act on Asylum. Performance of a work activity by a plaintiff or his education and qualifications do not...
3,Subsidiary Protection Definition,3275_chunk001,105,0.7555878,81,"By decision of 25 November 2021, the BFA rejected the application for international protection as inadmissible and ordered the applicant's removal to Malta. The applicant..."
3,Subsidiary Protection Definition,21_chunk001,416,0.7555834,82,"The Supreme Administrative Court took a stand on using a private legal aid counsel in a matter falling under the Aliens Act. Pursuant to an amendment that entered into force on 1 September 2016, legal aid paid out of State funds shall primarily be provided by public legal aid attorneys when handling..."
3,Subsidiary Protection Definition,649_chunk001,319,0.75554454,83,"Here, both the individual protection reasons and the current land information must be considered. The possibility of obtaining a residence permit due to work or qualifying..."
3,Subsidiary Protection Definition,134_chunk000,565,0.7554183,84,Limitation of an applicant's right to challenge a transfer order pursuant to the Dublin III Regulation to alleged breaches of the criteria for transfer. All other provisions of the Regulation such as provision of information or time limits for requests are addressed to the member states and an applicant is therefore not entitled to challenge a transfer on those grounds....
3,Subsidiary Protection Definition,504_chunk001,309,0.7553018,85,"A Member State which has earlier denied a request of take charge or take back according to Articles 21 or 23 of the Dublin III Regulation within the time limits and which, thereafter, receives a re-examination request under Article 5(2) of Regulation No 1560/2003, must..."
3,Subsidiary Protection Definition,944_chunk000,266,0.75523615,86,"The Council of State decides on this case following the CJEU Judgment on the request for a preliminary ruling (C-180/17) originated in this regard.

Dutch law does not provide for automatic suspensive effect in asylum cases before the Council of State. Suspensive effect only applies to proceedings at the district court. This means that..."
3,Subsidiary Protection Definition,967_chunk001,212,0.7549478,87,The Decision of the Court of Cassation on the granting of suspensive effect of the cassation appeal shall be seen as an extraordinary decision. The extraordinary nature of this procedural act of an administrative court resides in the fact that such action by the judiciary paralyses effects of the valid...
3,Subsidiary Protection Definition,937_chunk001,164,0.75480926,88,A decision moratorium means that the period within which asylum applications from Libyan foreign nationals must be processed by the state secretary is extended. This decision is important for all...
3,Subsidiary Protection Definition,510_chunk000,385,0.7547755,89,"The Court of Sessions found there was no unlawful discrimination arising from a reduction in the amount of asylum support payable to asylum seekers with one or more dependent children, following a government review. ..."
3,Subsidiary Protection Definition,513_chunk001,311,0.75447404,90,The Supreme Court narrowed the scope of their assessment to be that of whether the revocation violated their right to private life cf. the European Convention of Human Rights Article 8 and Paragraph 102 of the Norwegian...
3,Subsidiary Protection Definition,4184_chunk001,53,0.75415945,91,"The State Secretary for Justice and Security postponed the decision on her entry to the Netherlands and by decision of 29 March 2023, the State Secretary imposed a custodial measure for the duration of the processing of her asylum application in the border procedure (Article 6, third paragraph, of the Aliens Act 2000). The applicant..."
3,Subsidiary Protection Definition,625_chunk000,566,0.75358033,92,"As per the press release: The State Secretary for Security and Justice has not provided sufficient reasons why the transfer of two foreign nationals to Hungary under the European Dublin Regulation is not contrary to the ECHR. This is apparent from two judgments from the Administrative Jurisdiction Division of the Council of State today (November 26, 2015)."
3,Subsidiary Protection Definition,939_chunk000,213,0.75355583,93,"This is linked to Case C‑652/16, C- 586/17

By order for reference of 4 October 2017, the Division asked the Court of Justice to give a preliminary ruling..."
3,Subsidiary Protection Definition,585_chunk001,364,0.7534464,94,"15(c) of the qualification directive, an internal armed conflict involves a conflict between the state and an armed group, or between two or more armed groups confronting each other. With regards to the UNHCR “Guidelines on International Protection No. 12:..."
3,Subsidiary Protection Definition,4728_chunk001,29,0.7532953,95,"On 20 February 2024, the applicant lodged a second application for international protection with the Ministry and on the same day she was heard by..."
3,Subsidiary Protection Definition,658_chunk001,304,0.7531723,96,The Ministry of Labour and Social Security had withdrawn access to the reception system based on the ground that the applicant lost his right to stay there when left his previous center without previous communication. According to the Spanish...
3,Subsidiary Protection Definition,169_chunk000,504,0.7531556,97,"The Court ruled on the guidance set out in HJ (Iran) v Secretary of State for the Home Department [2010] UKSC 31 on the approach to sexual orientation asylum claims, including consideration of whether a gay applicant for international protection would conceal their sexual orientation upon return to their country of origin and the reasons for concealment, was compatible with Directive 2004/83..."
3,Subsidiary Protection Definition,2506_chunk001,113,0.75305796,98,The applicant also had a child and invoked the protection of family life and best interests of the child as a...
3,Subsidiary Protection Definition,44_chunk001,496,0.752818,99,The administrative authority (Ministry of Interior) refused to grant the applicants the international protection. It concluded that according to the...
4,Perceived Plausibility Of Past Events,643_chunk001,389,0.7820951,0,"Article L.723-16 of the CESEDA makes the admissibility of a request for reconsideration of an asylum application subject, on the one hand, to the presentation of new facts which have occurred or revealed after the rejection of the previous application or new evidence and, secondly, the finding that their probative value is capable of modifying the..."
4,Perceived Plausibility Of Past Events,1086_chunk001,235,0.77720594,1,"Specifically, the assessment consisted of an initial observation by two officers from the Aliens Police, Identification and Human Trafficking Department (AVIM) on 22 January 2018, recorded in an official report, and a subsequent..."
4,Perceived Plausibility Of Past Events,934_chunk000,154,0.77652276,2,"The Division is of the opinion that there are reasons to assume that the situation in Afghanistan for Hazara is now less safe than in the past. The information now available shows that, for all kinds of reasons, Hazara could have problems with different combating groups in Afghanistan."
4,Perceived Plausibility Of Past Events,996_chunk001,191,0.77125686,3,...
4,Perceived Plausibility Of Past Events,61_chunk001,559,0.77125686,4,...
4,Perceived Plausibility Of Past Events,927_chunk000,246,0.7709287,5,"In the Senate's conviction, a comprehensive assessment of the current state of knowledge now lacks sufficient evidence to suggest that Syrian retired military-age returnees (conscripts, reservists) who have evaded from military service due to flight abroad are likely to be linked to ( alleged) oppositional or anti-regime sentiments of Syrian security forces to fear persecution (change in the Senat"
4,Perceived Plausibility Of Past Events,511_chunk001,377,0.77080876,6,"When the application was granted, it was assumed that the conditions in their home country were unstable and that the women and her daughter risked being subjected to inhuman treatment. The revocation was justified by the fact..."
4,Perceived Plausibility Of Past Events,938_chunk001,200,0.7706442,7,"The foreign national argues that the objectivity of decision-making is at stake and that the state secretary has acted in violation of the so-called four-eyes principle.

According to the..."
4,Perceived Plausibility Of Past Events,84_chunk001,544,0.7705819,8,The applicant's family home was attacked three times in 2008 by masked men demanding money. The applicant believes those...
4,Perceived Plausibility Of Past Events,974_chunk001,181,0.7693666,9,A situation when legal consequences of a contested decision of the regional court represented a threat of serious harm and the granting of suspensive effect is not contrary to public interest is a fundamental and unavoidable condition that has to be met in order for the Court of Cassation to grant suspensive effect of a...
4,Perceived Plausibility Of Past Events,19_chunk001,413,0.7673654,10,"In connection with the return to home country, the reunification with the family could, in the light of the evidence presented in the case, in itself be considered to be in A's interest. To return home to A's..."
4,Perceived Plausibility Of Past Events,935_chunk001,159,0.76662135,11,The woman experienced various...
4,Perceived Plausibility Of Past Events,972_chunk001,193,0.76394796,12,"Inter alia, the applicant challenged the incorrect legal assessment of the genuineness of his conversion, while mainly reprehending the non-application of the ‘benefit of doubt' principle, insufficient verification of his faith resulting from the fact that only one interview was carried out, during which the defendant failed to focus to a sufficient..."
4,Perceived Plausibility Of Past Events,176_chunk001,529,0.76187277,13,The suggestion that the Article 17 discretion falls to be exercised only where the family reunification criteria in Article 8 are not satisfied is misconceived. ...
4,Perceived Plausibility Of Past Events,577_chunk001,315,0.76106393,14,"Article 3 ECHR, depending on the circumstances of the individual case - firstly - asserted individual threats in the country of origin, - secondly - the existence of a situation of generalized violence in the..."
4,Perceived Plausibility Of Past Events,3240_chunk001,99,0.7607008,15,"- the State Secretariat for Migration (SEM) and the Federal Administrative Court (TAF), in both first and second instance procedures, have based their decisions to reject the application for international protection on claims that the applicant's testimony lacked credibility and that the authenticity of the documents he presented was..."
4,Perceived Plausibility Of Past Events,45_chunk001,443,0.76044637,16,The administrative authority concluded that no new elements or findings have arisen or have been presented by the applicant. As regards the situation in the country of origin (Ukraine) the...
4,Perceived Plausibility Of Past Events,653_chunk001,370,0.76013386,17,"The present application was therefore different from the case of M. A. v. France. Furthermore, despite his..."
4,Perceived Plausibility Of Past Events,3964_chunk001,55,0.75956154,18,During the interview it was noted that the interpreter had to explain the questions multiple times and that even the interpreter admitted that his interpretation was not always accurate. Although the...
4,Perceived Plausibility Of Past Events,142_chunk001,585,0.7588529,19,The individual facts of each case should be considered to determine whether detention will cause a particular individual in his particular circumstances to suffer treatment contrary to Article 3. In view of...
4,Perceived Plausibility Of Past Events,513_chunk001,311,0.75852686,20,The Supreme Court narrowed the scope of their assessment to be that of whether the revocation violated their right to private life cf. the European Convention of Human Rights Article 8 and Paragraph 102 of the Norwegian...
4,Perceived Plausibility Of Past Events,51_chunk001,451,0.7583574,21,"rst application for international protection lodged in 2006.

Those elements that could have..."
4,Perceived Plausibility Of Past Events,951_chunk001,189,0.7581831,22,"The Regional Court had dismissed the administrative action for the following reasons:
- there are no individual circumstances which the applicant should reasonably assess a well founded fear of persecution. It has not been shown in the proceedings that the applicant had certain political views, nor has it been shown that the Taliban..."
4,Perceived Plausibility Of Past Events,993_chunk001,253,0.7578907,23,"The Council of State reaffirmed its jurisprudence concerning application of Article L. 733-5 of the CESEDA (CE, 22 June 2017, N° 400366) in which the CNDA may refer cases back to OFPRA if the applicants had not been able to make themselves understood during their interview with the Office and if the Office was responsible for this lack of..."
4,Perceived Plausibility Of Past Events,204_chunk000,530,0.75773835,24,"On the facts of this case, the applicant's solicitor informed the Tribunal that the applicant would prefer not to attend his hearing because he was concerned that his attendance would have an adverse effect on him in the light of his post-traumatic stress disorder."
4,Perceived Plausibility Of Past Events,2511_chunk000,140,0.75713336,25,"The Federal Administrative Court allowed an appeal on points of law in order to clarify the  requirements for the assessment of a 'strong presumption' (European Union, Court of Justice of the European Union [CJEU], EZ v Bundesrepublik Deutschland (Federal Republic of Germany), C-238/19, ECLI:EU:C:2020:945, 19 November 2020 - paragraph 57) for a link between the refusal of military service..."
4,Perceived Plausibility Of Past Events,151_chunk001,403,0.7570386,26,"None of them possessed documentary evidence supporting their claimed ages and were referred for medical age assessments consisting of an X-ray of the left hand and wrist and a dental X-ray (Liversidge and Haavikko methods).

Following the assessments, in..."
4,Perceived Plausibility Of Past Events,995_chunk001,239,0.75675464,27,"Persons from the West Bank can claim to have legitimate fears with regard to Israel, which is not a third State vis-a-vis the West Bank. In this case, the CNDA had rejected the appeal of an applicant from the West Bank after having ruled that he came exclusively under the jurisdiction of the Palestinian Authority. Yet the Council of State..."
4,Perceived Plausibility Of Past Events,961_chunk001,198,0.75634134,28,"It is beyond doubt that if a person cannot exercise his/her rights in front of an administrative court in the language he/she understands, such exercise of the right would be ineffective and the basic objective of the right to a fair trial would not be fulfilled. The right to carry..."
4,Perceived Plausibility Of Past Events,984_chunk001,290,0.7561563,29,"The Council ruled that, indeed, the burden of the proof on whether an applicant has been granted an international protection in another MS or not lies on the CGRS, nonetheless, this proof being made, it is up to the applicant to provide evidence when he challenges the actuality or the effectiveness of his protection.Also, the question whether the applicant may be readmit by..."
4,Perceived Plausibility Of Past Events,3968_chunk001,75,0.7561059,30,"After other unsuccessful applications, the SEM allowed the reconsideration of the case in 2018 and the applicant was allowed to submit evidence and replies. His application was rejected, and he appealed..."
4,Perceived Plausibility Of Past Events,179_chunk000,551,0.7556217,31,"The Court noted, based on the individual factors and characteristics of the applicant, that the Appellant would foreseeably be at risk including degrading sexual assault and rape, of which there may be multiple instances. It follows that the Appellant's return would invoke violation under Article 3 ECHR. ..."
4,Perceived Plausibility Of Past Events,66_chunk001,437,0.75526404,32,"However, the FAC states that in exceptional cases, a removal to Kabul could be reasonable if there were particular factors enabling it (healthy single young men with a sustainable social network, a..."
4,Perceived Plausibility Of Past Events,649_chunk000,318,0.7543901,33,"If an affiliate with a time-limited residence permit and status as an alternative person in need of protection can be considered to have well-founded prospects of being granted a permanent residence permit, it can be judged on the basis of how likely it is that the need for protection remains when the current permit expires."
4,Perceived Plausibility Of Past Events,171_chunk000,534,0.7538984,34,The Upper Tribunal had been justified in rejecting an asylum seeker's account that scarring on his body had been caused by torture administered by the Sri Lankan authorities and in inferring that it was self-inflicted.
4,Perceived Plausibility Of Past Events,942_chunk000,225,0.7533474,35,"The case concerns the possibility of detention when the asylum application is rejected but the time frame to submit an appeal has not expired. The judgments in Gnandi and the order in C., J. and S. do not envisage that the..."
4,Perceived Plausibility Of Past Events,636_chunk001,375,0.7528959,36,A different interpretation may also lead to a situation which constitutes a violation of Article 1 of the...
4,Perceived Plausibility Of Past Events,939_chunk000,213,0.75229603,37,"This is linked to Case C‑652/16, C- 586/17

By order for reference of 4 October 2017, the Division asked the Court of Justice to give a preliminary ruling..."
4,Perceived Plausibility Of Past Events,129_chunk000,447,0.7516946,38,"In the absence of legally binding criteria to assess risk of absconding, applicants may not be detained while waiting for a transfer under the Dublin Regulation.

..."
4,Perceived Plausibility Of Past Events,137_chunk000,570,0.75126755,39,"In a case of a Somali applicant related to family reunification, the Supreme Court held that the trial judge was incorrect in forming the view that the potential financial consequences for the State of allowing a discretionary family reunification application cannot be taken into account in the overall assessment as to how the Minister's discretion under the 1996 Act should be exercised."
4,Perceived Plausibility Of Past Events,5443_chunk001,3,0.7509663,40,"It noted also that the lower court duly considered the admissibility of the removal on basis of current country of origin reports on Syria, by assessing both the security and supply situation in Syria as well as the..."
4,Perceived Plausibility Of Past Events,991_chunk001,263,0.7509126,41,"The Council of State rejected the applicant's appeal (for which the Office entered an appearance in defence), thus confirming the denial of international protection to a Rwandan national, a senior officer of the Rwandan armed forces since 1993 who had been acquitted on appeal at the ICTR in 2014. The Council of State held that, in particular, res..."
4,Perceived Plausibility Of Past Events,970_chunk001,170,0.7506778,42,"With respect to the plaintiff's objections, the Court of Cassation states that these are unjustified. It is clear from the defendant's administrative file that the plaintiff's legal representative was allowed to be present during the interview and she was given an opportunity to comment as stipulated in Art. 23 of the Directive 2013/32/EU..."
4,Perceived Plausibility Of Past Events,57_chunk001,411,0.75050145,43,The Refugee Appeals Tribunal made adverse credibility findings based on matters that had not been put to the applicant and concluded that cumulatively the applicant had not proved that she was a refugee. The applicant challenged the decision by way of judicial review. The High Court...
4,Perceived Plausibility Of Past Events,168_chunk000,575,0.7502109,44,"The Court confirmed that based on information from the UNHCR, the US Department of State and the Foreign Office, the Administrative Court has stated that the findings of the Bihari situation in Bangladesh do not provide any evidence for group persecution."
4,Perceived Plausibility Of Past Events,656_chunk001,506,0.74981964,45,"The fact that the permit has expired cannot lead to an automatic cessation of the status.

..."
4,Perceived Plausibility Of Past Events,1084_chunk000,196,0.7494038,46,"The case concerns the evidence (documents and declarations) necessary for a family reunification application.

By decision of 31 July 2017, the State Secretary rejected the applicants' request for a provisional residence permit. On 18 July 2018, the State Secretary declared the the applicants' objection as unfounded and on 1 March 2019, the court dismissed the appeal brought by the..."
4,Perceived Plausibility Of Past Events,174_chunk000,545,0.7493887,47,Neither the First-tier Tribunal nor the Upper Tribunal had erred in refusing asylum to a 17-year-old Afghan. There was no evidence that he was at risk of physical retaliation by virtue of being the son of a policeman abducted by the Taliban in 2010. The tribunals had not considered his fear of persecution to be well-founded.
4,Perceived Plausibility Of Past Events,115_chunk000,408,0.7492805,48,"The National High Court noted that there are indications that the applicant and his family have actually been victims of persecution on the part of the Mara Salvatrucha (gang) for their resistance to being extorted, as well as that, in spite of informing the Honduran authorities, these they have not dispensed the applicant and his family effective protection."
4,Perceived Plausibility Of Past Events,4707_chunk000,501,0.74918246,49,"In A.I. v. Switzerland the Court held in particular that, on account of his political activities in exile, it was possible that the applicant had attracted the attention of the Sudanese intelligence services. It found that there were therefore reasonable grounds for believing that the applicant ran the risk of being detained, interrogated and tortured on his arrival at Khartoum Airport.

..."
4,Perceived Plausibility Of Past Events,651_chunk000,327,0.74861467,50,According to the Press Release: In its decision in the case of Saidani v. Germany (application no. 17675/18) the European Court of Human Rights has unanimously declared the application inadmissible. The decision is final.
4,Perceived Plausibility Of Past Events,140_chunk002,583,0.74853754,51,"Each case, however, must be determined on its own facts. Under Muslim law, as..."
4,Perceived Plausibility Of Past Events,996_chunk000,190,0.7483866,52,"According to the national contribution to the EMN Annual Report on Migration and Asylum 2019:

For the Council of State, the civil registry records reconstituted by the French Office for the Protection of Refugees and Stateless Persons (OFPRA) have identical value to the official originals, which precludes consular authorities contesting the particulars contained therein, except in cases of fraud."
4,Perceived Plausibility Of Past Events,583_chunk000,340,0.7483438,53,Two related cases involved applicants applying for asylum on the basis of claiming persecution because of their sexual orientation. The applicants submited that the correct standard of proof required should be a reasonable degree of likelihood.
4,Perceived Plausibility Of Past Events,4231_chunk000,34,0.74761224,54,"The case concerned the question whether the State Secretary had correctly established the date from which the applicant benefits of asylum, how to establish the date of application."
4,Perceived Plausibility Of Past Events,3250_chunk001,89,0.747481,55,"Thus, the repealed provision, which states that the absence of proof of possession of the means to support oneself constitutes a threat to public order or safety and is a factor to be taken into account when assessing the duration of an entry ban of up..."
4,Perceived Plausibility Of Past Events,176_chunk000,528,0.74647534,56,"The Upper Tribunal ruled that: I) The question of whether the Secretary of State has made a decision on the exercise of the discretionary power in Article 17 of the Dublin Regulation is one of fact which will be determined on the basis of evidence, direct or inferential. (II) Article 17 is an integral part of the Dublin regime."
4,Perceived Plausibility Of Past Events,964_chunk001,221,0.74576545,57,"The line of reasoning of the defendant who claims that the plaintiff had a legal representative present during the hearing who, unlike the plaintiff, is well versed in the law, could not hold, since the examination of the asylum seeker in the court proceedings represents one of the most important..."
4,Perceived Plausibility Of Past Events,66_chunk000,436,0.74558216,58,(abstract provided by UNHCR) The FAC comes to the conclusion that the humanitarian situation in Kabul has deteriorated compared to the FAC's last analysis of the situation in 2011 (BVGE 2011/7 ). The situation is life-threatening and a removal to Kabul is in principle not reasonable.
4,Perceived Plausibility Of Past Events,645_chunk000,325,0.7455356,59,"As per CNDA press release: When the ECtHR concludes that there is a real risk of inhuman or degrading treatment if returned to the country of origin, the CNDA is obliged not only to consider as admissible a request for review by the person concerned but also to grant him at least the benefit of subsidiary protection within the meaning of Article L. 712-1 (b) of the CESEDA."
4,Perceived Plausibility Of Past Events,366_chunk001,313,0.7455139,60,Relief sought The relief sought in the proceedings is certiorari of the decision of the tribunal. The grounds of challenge essentially fell...
4,Perceived Plausibility Of Past Events,34_chunk001,463,0.74512196,61,"A search in the Eurodac system however revealed that Mr Mengesteab's fingerprints had been taken in Italy. In general, such a hit constitutes..."
4,Perceived Plausibility Of Past Events,633_chunk000,357,0.745026,62,"The legal question concerned a situation in which the applicant (a third country national) claimed asylum based on events that had happened in another EU MS in which the applicant had lived and towards which the Dublin Regulation was applicable. In the current case, a Nigerian national claimed she was in danger of persecution and serious harm in Spain due to her ex-husband."
4,Perceived Plausibility Of Past Events,565_chunk001,379,0.7450212,63,The foreign national has appealed against this decision. This statement concerns whether the...
4,Perceived Plausibility Of Past Events,992_chunk001,259,0.74493796,64,"The Council of State rejected OFPRA's appeal in a case concerning an Iraqi national, who was involved with the Peshmerga, that the Court had recognised as a refugee on the grounds of his fears of persecution from the Islamic State organisation on account of his political opinions. In its appeal, the Office reproached the..."
4,Perceived Plausibility Of Past Events,115_chunk001,409,0.74493504,65,The National High Court reversed its former and very consolidated jurisprudence in similar cases (where all cases were rejected). Based...
4,Perceived Plausibility Of Past Events,171_chunk001,535,0.7448736,66,"However, its guidance as to how medical evidence should be presented in ""self-infliction by proxy"" cases was to be treated as having no effect, because the proper approach to the instruction of experts was contained in the Practice Direction of the Immigration and Asylum Chambers..."
4,Perceived Plausibility Of Past Events,988_chunk001,269,0.74481034,67,"In this case, the CNDA had annulled the Office's decision to end protection on the basis of Article L. 711-6 (1) of the CESEDA, holding that the Note Blanche from the intelligence services tendered in the course of adversarial proceedings was insufficiently specific (jihadist profile). The Council of State annulled the Court's decision on..."
4,Perceived Plausibility Of Past Events,951_chunk000,188,0.7446882,68,The case concerns the risk situation in case of return to the country of origin as well as fear of persecution by the Taliban forces.
4,Perceived Plausibility Of Past Events,914_chunk001,223,0.7445578,69,The Migration Court of Appeal assessed whether the applicant had acted under duress and held that this was not the case as the applicant had benefitted from three permits and always came back to the place of employment. The applicant chose to flee...
4,Perceived Plausibility Of Past Events,173_chunk000,540,0.74406683,70,"A Sri Lankan national's appeal against the refusal of his asylum claim based on his membership of proscribed groups and participation in political demonstrations was allowed. The First-tier Tribunal and Upper Tribunal had not been referred to 2014 Home Office policy guidance entitled ""Tamil Separatism"" which was material to the decision and might realistically have affected the outcome...."
4,Perceived Plausibility Of Past Events,505_chunk000,322,0.7439735,71,Judgment 1.
4,Perceived Plausibility Of Past Events,934_chunk001,155,0.7439681,72,"This could be because a certain faith and therefore also a certain political affiliation is ascribed to them, but also for example because of a certain socio-economic position. According to..."
4,Perceived Plausibility Of Past Events,181_chunk001,514,0.7438247,73,"However, it is recognized that individuals fleeing persecution may have to resort to the use of false papers to make good their escape. Therefore, under section 31 of the Immigration and Asylum Act 1999..."
4,Perceived Plausibility Of Past Events,61_chunk000,558,0.74357474,74,"(provided by UNHCR): The FAC ruled that Eritreans leaving their country illegally no longer face punishment upon return amounting to persecution. Without specifying this further, the Court held that “other factors” had to come to play to constitute a well-founded fear. The possibility of a recruitment could amount to a violation of Art. 3 and 4 ECHR, but was not relevant under the 1951 Convention."
4,Perceived Plausibility Of Past Events,913_chunk000,178,0.74346864,75,The case concerns the calculation of the maximum time that a person may spend in detention for the purpose of removal. In the present case the applicant had been in detention for more than twenty months.
4,Perceived Plausibility Of Past Events,146_chunk002,421,0.7434683,76,1951 Convention?; and...
4,Perceived Plausibility Of Past Events,4992_chunk001,19,0.74335515,77,"In support of his application, the applicant claimed that he feared persecution in Russia due to his previous participation in demonstrations against the war in Ukraine and his support to the opposition."
4,Perceived Plausibility Of Past Events,921_chunk000,161,0.74318373,78,"The case concerns the validity of the Immigration Board's decision on expulsion with two years of entry ban after serious violations of the Immigration Act. The question is whether the expulsion is disproportionate to the foreigner's children, cf. the Immigration Act section 70, Article 8 of the European Convention on Human Rights (ECHR) and Article 3 of the Convention on the Rights of the Child."
4,Perceived Plausibility Of Past Events,3981_chunk000,62,0.7431452,79,"The case concerned an applicant from Belarus, a mother with her minor son who applied for asylum in Slovakia claiming a fear of persecution upon return to her home country due to opposition to the current regime. She claimed to have publicly and actively participated in anti-government protests following the 2020 presidential elections, within the territory of Slovakia."
4,Perceived Plausibility Of Past Events,959_chunk001,251,0.7430155,80,"The evidence before the court was that between 2010 and 2017 the Minister for Justice accepted applications for family reunification from refugees who had acquired Irish citizenship by naturalisation, but on foot of legal advice in 2017 the..."
4,Perceived Plausibility Of Past Events,23_chunk000,454,0.7429925,81,"The Finnish Immigration Service had rejected A 's application for asylum and residence permit on the basis of the conflict between A and his father' s claims for asylum. Although the father's report has thus affected A's case, he or she has not been given the opportunity to give an explanation of the report and contradictions that it has in relation to his or her report."
4,Perceived Plausibility Of Past Events,4037_chunk001,49,0.74297774,82,"The application was rejected based on a written opinion of the State Agency for National Security (SANS), which concluded that the applicant constitutes a threat to national security and should not be granted protection in Bulgaria. The Administrative Court of Sofia city validated the negative decision, and the applicant..."
4,Perceived Plausibility Of Past Events,4729_chunk001,25,0.74281883,83,"By decision of 23 December 2021, his request was rejected as unfounded on the ground that his statements lacked credibility and was ordered to leave the territory within 30 days. He appealed the decision, and the appeal was dismissed..."
4,Perceived Plausibility Of Past Events,668_chunk000,371,0.7426002,84,"The Council of State rules on personal interview realised on ones native language. The CNDA decision is annulled as in the contested decision the Court failed to answer the plea regarding the absence of Chechen interpretation in the asylum interview and consequently, the impossibility of the applicant to be understood.

..."
4,Perceived Plausibility Of Past Events,976_chunk001,183,0.7425802,85,The Court of Cassation due to the low-profile status of the plaintiff as one of the many construction workers involved in the construction of flood protection structures without a sufficient level of individualizing elements concerning the plaintiff and with respect to the story provided by him did not find the conclusion...
4,Perceived Plausibility Of Past Events,947_chunk000,244,0.74241877,86,This ruling is about the position of supporters of the Gülen movement (hereinafter: Gülenists) in Turkey after the attempted coup d'état of 15 July 2016. It is evident from the information submitted that a considerable number of persons have been put in prison.
4,Perceived Plausibility Of Past Events,3270_chunk001,103,0.7422292,87,The Council of State held that the appeal against a refusal to examine the request for international protection in the regular procedure is admissible only if the person concerned is able to establish that the transfer period has expired and the transfer can no...
4,Perceived Plausibility Of Past Events,978_chunk001,208,0.7419605,88,The Court of Cassation is of the opinion that in the plaintiff's case defining conceptual elements of a social group were not accomplished as stipulated in the provision of Art. 19a par. 4 (c) of the Act on Asylum. Performance of a work activity by a plaintiff or his education and qualifications do not...
4,Perceived Plausibility Of Past Events,989_chunk001,271,0.74157095,89,"The Council of State upheld the CNDA's decision and rejected OFPRA's appeal on the grounds that the Court's sovereign assessment on the applicant's inadequate understanding and mastery of the English language could not be denatured. In this case, the Office's inadmissibility decision on the grounds of late submission was..."
4,Perceived Plausibility Of Past Events,1088_chunk001,339,0.7414703,90,The Council of State held that if the applicants would be refused travel vouchers such a situation is likely to amount to a serious and manifestly unlawful interference with their right to enjoy a procedure for examining...
4,Perceived Plausibility Of Past Events,1000_chunk000,173,0.74121475,91,"The CNDA overturned the decision of the OFPRA who rejected the asylum request of three female applicants belonging to the Wolof ethnic group in Gambia, on the basis that the prevalence rate of FGM/C in this ethnic group is low (12.3%)."
4,Perceived Plausibility Of Past Events,504_chunk001,309,0.7411071,92,"A Member State which has earlier denied a request of take charge or take back according to Articles 21 or 23 of the Dublin III Regulation within the time limits and which, thereafter, receives a re-examination request under Article 5(2) of Regulation No 1560/2003, must..."
4,Perceived Plausibility Of Past Events,84_chunk000,543,0.7409639,93,"In summary, the applicant claims as follows. He is a national of the Democratic Republic of Congo. He has a well-founded fear of persecution if returned to that country on the ground of his membership of a particular social group, specifically his family, and of his political opinion, specifically his membership of, and involvement with, the UDPS political party there."
4,Perceived Plausibility Of Past Events,985_chunk001,285,0.74096143,94,"The Council of State reminded the CNDA of its duty to utilise, if it receives information regarding the existence of an “S” card for the appellant in question, its power to investigate and deemed that “by basing its opinion solely on the content of the “S” card, [...] without gathering, in order to reach its..."
4,Perceived Plausibility Of Past Events,944_chunk000,266,0.74075687,95,"The Council of State decides on this case following the CJEU Judgment on the request for a preliminary ruling (C-180/17) originated in this regard.

Dutch law does not provide for automatic suspensive effect in asylum cases before the Council of State. Suspensive effect only applies to proceedings at the district court. This means that..."
4,Perceived Plausibility Of Past Events,112_chunk000,444,0.74067473,96,According the Court's Information Note :
4,Perceived Plausibility Of Past Events,130_chunk001,469,0.74063873,97,"Such a transfer decision can not therefore be taken, let alone notified to the person concerned, until after acceptance by the requested State. The Council also issued an opinion on the possibility of administrative detention..."
4,Perceived Plausibility Of Past Events,42_chunk001,555,0.740638,98,"This crime, under certain aggravating circumstances, may fall according to the Czech Criminal Code within the category of “particularly serious crimes”, which is defined as “intentional crimes for which the criminal law foresees the sentence of deprivation of liberty with the upper limit of at least 10 years”. The administrative authority..."
4,Perceived Plausibility Of Past Events,203_chunk000,488,0.7406297,99,In this case the Court was asked to give full consideration to the legal consequences within this State of a polygamous marriage entered into another country and according to the law of the State where took place. The husband is a recognized refugee (since 2000) who is originally from the Lebanon. While domiciled there he contracted two marriages – the first in 1975 and the second in 1988.
