qid,query,docno,text,rank,score
0,Asylum Definition And Assessment,151_chunk001,"None of them possessed documentary evidence supporting their claimed ages and were referred for medical age assessments consisting of an X-ray of the left hand and wrist and a dental X-ray (Liversidge and Haavikko methods).

Following the assessments, in...",0,5.8518503976171425
0,Asylum Definition And Assessment,201_chunk001,"It was submitted on behalf of the applicant that a family could be a social group, and that the Tribunal had failed to assess whether...",1,5.638717731268793
0,Asylum Definition And Assessment,5442_chunk001,The Constitutional Court considered that the Federal Administrative Court duly assessed both the security and supply...,2,5.495891122579657
0,Asylum Definition And Assessment,3968_chunk000,The case concerned an applicant from Pakistan who applied unsuccessfully for asylum in 2012 and return was ordered. He applied for reconsideration which was assessed as subsequent application which was rejected and again an expulsion order was adopted. An appeal was again rejected.,3,5.420974232990168
0,Asylum Definition And Assessment,1648_chunk000,"The applicant applied for international protection on 13 January 2010, claiming to be a minor from Zimbabwe and by decision of 29 September 2010 the Federal Office for Asylum rejected the application as unfounded. Upon appeal, the Court of Asylum referred the matter back to the Federal Asylum Office for a new hearing and assessment.",4,5.272908046821849
0,Asylum Definition And Assessment,4036_chunk001,The Supreme Administrative Corut had to determine whether the administrative court could have assessed the application of the exclusion clause in the case without holding an oral...,5,5.107758306722866
0,Asylum Definition And Assessment,3231_chunk001,"Finally, it stated that if bone examinations contravene such records and assessments, creating a doubt concerning the applicant's minority, then the applicant should be given the...",6,5.107758306722866
0,Asylum Definition And Assessment,129_chunk000,"In the absence of legally binding criteria to assess risk of absconding, applicants may not be detained while waiting for a transfer under the Dublin Regulation.

...",7,4.990283112190747
0,Asylum Definition And Assessment,196_chunk001,"Based on Chapter III of the Dublin III Regulation, the Office of the Refugee Applications Commissioner determined that the United Kingdom was responsible to assess applicant's applications. At this point, the...",8,4.5698669695353855
0,Asylum Definition And Assessment,5443_chunk001,"It noted also that the lower court duly considered the admissibility of the removal on basis of current country of origin reports on Syria, by assessing both the security and supply situation in Syria as well as the...",9,4.475602991743769
0,Asylum Definition And Assessment,914_chunk001,The Migration Court of Appeal assessed whether the applicant had acted under duress and held that this was not the case as the applicant had benefitted from three permits and always came back to the place of employment. The applicant chose to flee...,10,4.475602991743769
0,Asylum Definition And Assessment,3250_chunk001,"Thus, the repealed provision, which states that the absence of proof of possession of the means to support oneself constitutes a threat to public order or safety and is a factor to be taken into account when assessing the duration of an entry ban of up...",11,4.385149240384235
0,Asylum Definition And Assessment,1086_chunk001,"Specifically, the assessment consisted of an initial observation by two officers from the Aliens Police, Identification and Human Trafficking Department (AVIM) on 22 January 2018, recorded in an official report, and a subsequent...",12,4.385149240384235
0,Asylum Definition And Assessment,513_chunk001,The Supreme Court narrowed the scope of their assessment to be that of whether the revocation violated their right to private life cf. the European Convention of Human Rights Article 8 and Paragraph 102 of the Norwegian...,13,4.385149240384235
0,Asylum Definition And Assessment,20_chunk001,"According to a medical opinion, treatment requires uninterrupted and controlled daily recurrence of medication and, in addition, a regular injection of medication, so that tuberculosis does not reactivate and become infectious. When assessing the issue, the Supreme...",14,4.385149240384235
0,Asylum Definition And Assessment,5443_chunk000,The Constitutional Court dismissed a complaint against the decision of the Federal Administrative Court concerning detention of a Syrian applicant pending return. It found that the lower court correctly assessed that the detention pending return and its extension were lawful.,15,4.134471220586689
0,Asylum Definition And Assessment,3231_chunk000,"In January 2022, the Cassation Court of France ruled that a bone examination was insufficient to confirm the applicant's majority. The court specified that, for such examinations to be considered conclusive, they should be corroborated by civil status records and social assessments.",16,4.134471220586689
0,Asylum Definition And Assessment,951_chunk001,"The Regional Court had dismissed the administrative action for the following reasons:
- there are no individual circumstances which the applicant should reasonably assess a well founded fear of persecution. It has not been shown in the proceedings that the applicant had certain political views, nor has it been shown that the Taliban...",17,4.134471220586689
0,Asylum Definition And Assessment,1086_chunk000,"A national of Ivory Coast applied for international protection on 22 January 2018, claiming that he was born on 2001 but did not submit documents to prove his date of birth. Following an age assessment, the State Secretary concluded that the applicant was not a minor.",18,3.982690309526741
0,Asylum Definition And Assessment,989_chunk001,"The Council of State upheld the CNDA's decision and rejected OFPRA's appeal on the grounds that the Court's sovereign assessment on the applicant's inadequate understanding and mastery of the English language could not be denatured. In this case, the Office's inadmissibility decision on the grounds of late submission was...",19,3.910903559343424
0,Asylum Definition And Assessment,972_chunk001,"Inter alia, the applicant challenged the incorrect legal assessment of the genuineness of his conversion, while mainly reprehending the non-application of the ‘benefit of doubt' principle, insufficient verification of his faith resulting from the fact that only one interview was carried out, during which the defendant failed to focus to a sufficient...",20,3.841658857086875
0,Asylum Definition And Assessment,920_chunk000,"Between 26 July and 1 October 2015, 5 Afghan nationals applied for international protection in Norway, claiming to be 15-16 years old. After further assessments, which also included medical age examinations, the immigration authorities considered that they were all older than 18 years.",21,3.7748235267810446
0,Asylum Definition And Assessment,656_chunk000,The case concerns an appeal against the decision of the Court of The Hague of 5 October 2016 in case no. 16/20135. The Administrative Jurisdiction Division of the Council of State clarified that the Immigration and Naturalisation Service (IND ) is required to assess in an individual manner whether the criteria for protection still exist.,22,3.7102739674974634
0,Asylum Definition And Assessment,137_chunk000,"In a case of a Somali applicant related to family reunification, the Supreme Court held that the trial judge was incorrect in forming the view that the potential financial consequences for the State of allowing a discretionary family reunification application cannot be taken into account in the overall assessment as to how the Minister's discretion under the 1996 Act should be exercised.",23,3.6478948904828914
0,Asylum Definition And Assessment,654_chunk000,"F.L., a Cameroonian national claiming to be a minor, applied for international protection in Belgium on 8 January 2018. On the same day, based on his physical appearance and statements, the Minors and Victims of Trafficking in Human Beings Unit of the Belgian Immigration Office expressed doubts as to his claimed minority and referred him for an immediate medical age assessment.",24,3.4727383791045146
0,Asylum Definition And Assessment,927_chunk000,"In the Senate's conviction, a comprehensive assessment of the current state of knowledge now lacks sufficient evidence to suggest that Syrian retired military-age returnees (conscripts, reservists) who have evaded from military service due to flight abroad are likely to be linked to ( alleged) oppositional or anti-regime sentiments of Syrian security forces to fear persecution (change in the Senat",25,3.12286277839165
0,Asylum Definition And Assessment,2511_chunk000,"The Federal Administrative Court allowed an appeal on points of law in order to clarify the  requirements for the assessment of a 'strong presumption' (European Union, Court of Justice of the European Union [CJEU], EZ v Bundesrepublik Deutschland (Federal Republic of Germany), C-238/19, ECLI:EU:C:2020:945, 19 November 2020 - paragraph 57) for a link between the refusal of military service...",26,3.078553944713447
0,Asylum Definition And Assessment,923_chunk000,An applicant must submit a request for protection with which he asserts target-country-related dangers that are objectively suitable in their nature for recognition as a person entitled to asylum or an award for international protection (material asylum request within the meaning of Section 13 (1) Asylum Act) refer the asylum procedure to the Federal Office.,27,1.9178286152679365
0,Asylum Definition And Assessment,3272_chunk001,"The case concerned the accused monk B., who granted church asylum to A., from the Gaza strip, on 25 August 2020 and provided him accommodation and care with the knowledge that A. was a rejected asylum applicant.

A. applied for asylum on 22 April...",28,1.904091911639368
0,Asylum Definition And Assessment,562_chunk000,The case raises the issue of whether a subsequent application for asylum has been submitted at the time when the foreign national applies in writing by expressing the wish to submit an application for a temporary asylum residence permit or at the time when he/she uses the appropriate form to submit the application for asylum.,29,1.8474407646337991
0,Asylum Definition And Assessment,550_chunk000,"The case involved an asylum seeker upon whom detention was imposed as a measure to ensure a Dublin procedure. The asylum seeker lodged a complaint against a decision that had been issued based on Art. 5 of the Asylum Act 2005, rejecting the application as inadmissible.",30,1.8474407646337991
0,Asylum Definition And Assessment,563_chunk000,"The case concerns the moment at which an asylum application is lodged, in particular with regard to a subsequent asylum application. This moment is important for the entitlement to reception by the foreign national.",31,1.8221150827786152
0,Asylum Definition And Assessment,510_chunk000,"The Court of Sessions found there was no unlawful discrimination arising from a reduction in the amount of asylum support payable to asylum seekers with one or more dependent children, following a government review. ...",32,1.770170393503916
0,Asylum Definition And Assessment,56_chunk001,"The applicants claimed asylum in Ireland on 16 December 2014, and completed their asylum application questionnaires on 26 December 2014. An information request by the Office of the Refugee Applications...",33,1.770170393503916
0,Asylum Definition And Assessment,921_chunk001,"More analytically, a female asylum seeker had upon arrival to Norway...",34,1.7501396024977072
0,Asylum Definition And Assessment,148_chunk000,The case concerns “sur place” asylum claims.,35,1.7501396024977072
0,Asylum Definition And Assessment,914_chunk000,A. applied for asylum in Sweden in April 2015. The application was rejected and the applicant excluded from asylum for having committed crimes against humanity while working as a guard in Eritrea. An expulsion order had also been issued.,36,1.745293066357548
0,Asylum Definition And Assessment,186_chunk000,"According the WLR Daily case summaries The asylum claimant, an Iraqi national, entered the United Kingdom and claimed asylum. His claim was refused by the Secretary of State and he appealed pursuant to section 82 of the Nationality, Immigration and Asylum Act 2002. His appeal was dismissed by the First-tier Tribunal.",37,1.7436835137720603
0,Asylum Definition And Assessment,4235_chunk000,"The case concerned two Iranian applicant, a father and his minor child, who entered the Röszke transit zone and applied for asylum on 5 December 2018. The asylum authority rejected the application as inadmissible and considered that Serbia was a safe third country where the applicants should have requested asylum. The decision was confirmed in court.",38,1.72751321435211
0,Asylum Definition And Assessment,34_chunk000,"On 14 September 2015, Mr Tsegezab Mengesteab, an Eritrean national, requested asylum in Munich (Germany) with the Government of Upper Bavaria, which issued to him, on the same day, a certificate of registration as an asylum seeker. On 22 July 2016, Mr Mengesteab was heard by the Bundesamt and was able to lodge an official application for asylum.",39,1.72751321435211
0,Asylum Definition And Assessment,4828_chunk001,"On 1 August 2023, the Minister for Asylum and Migration declared...",40,1.7021635774667276
0,Asylum Definition And Assessment,170_chunk000,Administrative Court Düsseldorf The plaintiff is an asylum seeker and claims to be from Bangladesh.,41,1.7021635774667276
0,Asylum Definition And Assessment,993_chunk000,According to the national contribution to the EMN Report on Migration and Asylum 2019:,42,1.656747675870009
0,Asylum Definition And Assessment,992_chunk000,According to the national contribution to the EMN Report on Migration and Asylum 2019:,43,1.656747675870009
0,Asylum Definition And Assessment,991_chunk000,According to the national contribution to the EMN Report on Migration and Asylum 2019:,44,1.656747675870009
0,Asylum Definition And Assessment,130_chunk000,The Council ruled that to be able to transfer an applicant to another member state the administrative authority must obtain the consent of the State responsible for examining the asylum application before it can take a decision to transfer the asylum seeker to that State.,45,1.6524039441628875
0,Asylum Definition And Assessment,209_chunk000,"In this case, the applicant applied for asylum in his city of residence, Ceuta, and his application was admitted. At that point the Spanish authorities issued him the corresponding identity document valid for the entire national territory and until the resolution of his asylum application.",46,1.6524039441628875
0,Asylum Definition And Assessment,196_chunk000,The applicant applied for asylum in two occasions: in the United Kingdom in 2009 and in Northern Ireland in 2014 and both applications were refused by the corresponding British Authorities. The applicant moved to Ireland in August 2016 where he submitted a new asylum application.,47,1.6307063162411402
0,Asylum Definition And Assessment,56_chunk000,The applicants were two Albanian asylum seekers who challenged the decision of the Refugee Appeals Tribunal upholding the decision of the Office of the Refugee Applications Commissioner that the United Kingdom was the member state responsible for determining their applications for asylum.,48,1.6307063162411402
0,Asylum Definition And Assessment,979_chunk000,According to the national contribution to the EMN Annual Report on Migration and Asylum 2019:,49,1.6136923010963085
0,Asylum Definition And Assessment,997_chunk000,According to the national contribution to the EMN Annual Report on Migration and Asylum 2019:,50,1.6136923010963085
0,Asylum Definition And Assessment,972_chunk000,According to the national contribution to the EMN Annual Report on Migration and Asylum 2019:,51,1.6136923010963085
0,Asylum Definition And Assessment,983_chunk000,According to the national contribution to the EMN Annual Report on Migration and Asylum 2019:,52,1.6136923010963085
0,Asylum Definition And Assessment,998_chunk000,According to the national contribution to the EMN Annual Report on Migration and Asylum 2019:,53,1.6136923010963085
0,Asylum Definition And Assessment,995_chunk000,According to the national contribution to the EMN Annual Report on Migration and Asylum 2019:,54,1.6136923010963085
0,Asylum Definition And Assessment,994_chunk000,According to the national contribution to the EMN Annual Report on Migration and Asylum 2019:,55,1.6136923010963085
0,Asylum Definition And Assessment,988_chunk000,According to the national contribution to the EMN Annual Report on Migration and Asylum 2019:,56,1.6136923010963085
0,Asylum Definition And Assessment,989_chunk000,According to the national contribution to the EMN Annual Report on Migration and Asylum 2019:,57,1.6136923010963085
0,Asylum Definition And Assessment,990_chunk000,According to the national contribution to the EMN Annual Report on Migration and Asylum 2019:,58,1.6136923010963085
0,Asylum Definition And Assessment,986_chunk000,According to the national contribution to the EMN Annual Report on Migration and Asylum 2019:,59,1.6136923010963085
0,Asylum Definition And Assessment,987_chunk000,According to the national contribution to the EMN Annual Report on Migration and Asylum 2019:,60,1.6136923010963085
0,Asylum Definition And Assessment,985_chunk000,According to the national contribution to the EMN Annual Report on Migration and Asylum 2019:,61,1.6136923010963085
0,Asylum Definition And Assessment,984_chunk000,According to the national contribution to the EMN Annual Report on Migration and Asylum 2019:,62,1.6136923010963085
0,Asylum Definition And Assessment,23_chunk000,"The Finnish Immigration Service had rejected A 's application for asylum and residence permit on the basis of the conflict between A and his father' s claims for asylum. Although the father's report has thus affected A's case, he or she has not been given the opportunity to give an explanation of the report and contradictions that it has in relation to his or her report.",63,1.609571123795568
0,Asylum Definition And Assessment,183_chunk000,"These cases concern the detention of Syrian asylum seekers during different periods between 2010 and 2012. In the cases of M.A., A.H. and J.K., H.S. and Others and K.F. the detention occurred after a police operation in June 2010 removing them from an encampment outside government buildings where they were protesting against the Cypriot Government's asylum policy.",64,1.609571123795568
0,Asylum Definition And Assessment,141_chunk001,"Second, the High Court concurred with the SSHD that confidentiality is a vital element for the working of the asylum system and the fulfilment of obligations under the Refugee Convention, the EU Qualification Directive and the European Convention on Human Rights (ECHR). The disclosure of information revealed during the asylum...",65,1.5889767778626451
0,Asylum Definition And Assessment,954_chunk000,The applicants were an Albanian mother and her two daughters whose applications for asylum were refused by the Refugee Applications Commissioner.,66,1.5728180793640756
0,Asylum Definition And Assessment,625_chunk001,No appeal is possible against these judgments. Background: Both aliens initially applied for asylum in Hungary. They then applied for...,67,1.5728180793640756
0,Asylum Definition And Assessment,22_chunk000,"The Finnish Immigration Service had rejected asylum seeker A's application for asylum and residence permit and decided to return him to his country of origin, Iraq. On 29 June 2017 A. requested permission to appeal the decision of the Administrative Court and to be granted international protection.",68,1.5689027804370126
0,Asylum Definition And Assessment,45_chunk000,The administrative authority considered applicant's another subsequent application (third application) for international protection inadmissible and terminated the proceedings according to the provisions of the Act on Asylum implementing Art. 33(2)(d) and Art. 40 of the Recast Asylum Procedures Directive.,69,1.5689027804370126
0,Asylum Definition And Assessment,35_chunk000,"! With regard to reception, UK implements Council Directive 2003/9/EC. This case concerns a challenge to a decision by the Secretary of State for the Home Department (""the Respondent"") as to the weekly rate of asylum support paid for child dependants of asylum seekers.",70,1.5689027804370126
0,Asylum Definition And Assessment,5890_chunk000,"Six Iraqi nationals, a family of two parents and their four minor children, entered the Hungarian transit zone bordering Serbia on 10 July 2018 and submitted an asylum application. On the same day, the asylum authority designated the transit zone in Tompa as the applicants' place of stay.",71,1.5493296564192718
0,Asylum Definition And Assessment,3963_chunk001,"He left Iran for Turkey in 2015 (where he applied for asylum) and from there he travelled to Czechia in 2019. In support of his request, the...",72,1.5339633618091175
0,Asylum Definition And Assessment,3137_chunk001,"He requested an interpreter, but the form was left blank on the part of lawyer assistance.

The application for asylum was rejected as...",73,1.5339633618091175
0,Asylum Definition And Assessment,931_chunk001,The appellant had been granted subsidiary protection status in Denmark in 2015. The individual's family was granted asylum in...,74,1.5339633618091175
0,Asylum Definition And Assessment,108_chunk001,The applicant subsequently lodged a request for his asylum application to be reconsidered followed by an application for temporary admission on...,75,1.5339633618091175
0,Asylum Definition And Assessment,55_chunk001,As part of her asylum claim the applicant submitted a refugee card and a letter from AREF to corroborate her account. The...,76,1.5339633618091175
0,Asylum Definition And Assessment,4164_chunk000,"VR arrived in Lithuania on 25 April 2022, with the assistance of Freedom House Foundation. He requested asylum in Lithuania after his visa for special humanitarian reasons had expired. In his asylum request, the applicant argued that he had a well-founded fear of being persecuted for his political beliefs.",77,1.5302388905949904
0,Asylum Definition And Assessment,584_chunk000,"The applicant sought judicial review of the decision to refuse him asylum in Ireland, which he had applied for on the basis of fear of persecution due to issues with the Taliban and Lashkar-e-Islam. The applicant had tactically not applied for asylum in another Member State, which was a factor the decision maker was permitted to take into consideration.",78,1.5302388905949904
0,Asylum Definition And Assessment,3276_chunk001,The court noted that Romania was already unprepared to accommodate asylum applicants before the Ukrainian crisis and that with the high influx of persons...,79,1.4969820878950295
0,Asylum Definition And Assessment,3277_chunk001,"When the asylum procedure starts, applicants are usually assigned a lawyer through the Legal Aid Board. The applicant claimed that he received the contested...",80,1.4969820878950295
0,Asylum Definition And Assessment,970_chunk000,According to the national contribution to the EMN Annual Report on Migration and Asylum 2019 (information provided by the MO MoI SR):,81,1.4969820878950295
0,Asylum Definition And Assessment,974_chunk000,According to the national contribution to the EMN Annual Report on Migration and Asylum 2019 (information provided by the MO MoI SR):,82,1.4969820878950295
0,Asylum Definition And Assessment,976_chunk000,According to the national contribution to the EMN Annual Report on Migration and Asylum 2019 (information provided by the MO MoI of SR):,83,1.4969820878950295
0,Asylum Definition And Assessment,961_chunk000,According to the national contribution to the EMN Annual Report on Migration and Asylum 2019 (information provided by MO MoI SR):,84,1.4969820878950295
0,Asylum Definition And Assessment,978_chunk000,According to the national contribution to the EMN Annual Report on Migration and Asylum 2019 (information provided by the MO MoI of SR):,85,1.4969820878950295
0,Asylum Definition And Assessment,967_chunk000,According to the national contribution to the EMN Annual Report on Migration and Asylum 2019 (information provided by MO MoI SR):,86,1.4969820878950295
0,Asylum Definition And Assessment,964_chunk000,According to the national contribution to the EMN Annual Report on Migration and Asylum 2019 (information provided by MO MoI SR):,87,1.4969820878950295
0,Asylum Definition And Assessment,562_chunk001,"This moment is important for the commencement date of the temporary asylum residence permit granted to the foreign national.

By decision...",88,1.4969820878950295
0,Asylum Definition And Assessment,643_chunk000,As per the published press release: The Council of State validates the criteria to be met by a new asylum application to be admissible.,89,1.4969820878950295
0,Asylum Definition And Assessment,4705_chunk000,"Judgment concerning the freedom of movement of asylum seekers in Ceuta and Melilla, although his application for international protection was admitted for examination.

...",90,1.4969820878950295
0,Asylum Definition And Assessment,577_chunk000,"This case concerns the validity of asylum application in accordance with § 29 para. 1 no. 5 i. V. m. Section 71a (1) Asylum Act, in accordance with Section 31 (3) Sentence 1 AsylG. It also refers to the examination of a prohibition on removal according to § 60 Abs. 5 AufenthG i. V. m.",91,1.493434825798304
0,Asylum Definition And Assessment,1647_chunk001,"On 18 March 2020, the Federal Office for Foreign Affairs and Asylum conducted the interview remotely, by video-conference...",92,1.4617419506056315
0,Asylum Definition And Assessment,1648_chunk001,"On 17 November 2011, the Federal Asylum Office rejected again the application, after having found also that the applicant was from Nigeria and ordered the return....",93,1.4617419506056315
0,Asylum Definition And Assessment,512_chunk001,"An asylum seeker from Afghanistan had been expelled and issued with a five year entry ban to Norway in 2012, due to not leaving the country...",94,1.4617419506056315
0,Asylum Definition And Assessment,127_chunk000,The Administrative Court of Nice has ordered the Prefecture of Alpes-Maritimes to register asylum applications of persons entering via Italy....,95,1.4617419506056315
0,Asylum Definition And Assessment,931_chunk000,"Pursuant to Art. 4a of the Asylum Act 2005, an application for international protection is to be rejected as inadmissible where the foreign person has been granted asylum or subsidiary protection status in another EEA Member State or Switzerland. In the specific case, the appellant, a Syrian citizen, filed an application for international protection in April 2018.",96,1.4583595447352078
0,Asylum Definition And Assessment,88_chunk000,"The Court of Appeal confirmed that the First-tier Tribunal had been entitled to refuse an asylum seeker's appeal against the refusal of her claims for asylum and humanitarian protection. She had failed to establish a well-founded fear of persecution if returned to Iran on the basis of her political activities, conversion to Christianity, and the risk of domestic violence from her husband...",97,1.4583595447352078
0,Asylum Definition And Assessment,170_chunk001,"The Court ruled that with the rules on distribution and allocation (§§ 50, 51 AsylG), the law takes into account the regularly particularly important public interest , the burden associated with the reception of asylum seekers in terms of accommodation, food and supervision, evenly on the Federal states and municipalities (see § 45 AsylG). In that regard, an asylum seeker - such as the...",98,1.441432574832544
0,Asylum Definition And Assessment,4231_chunk000,"The case concerned the question whether the State Secretary had correctly established the date from which the applicant benefits of asylum, how to establish the date of application.",99,1.428122814833851
1,Credibility Assessment Definition,940_chunk001,The Minister for Migration considers it credible that the third-country national has become politically active in the Netherlands and stands up for the rights of Ahwazi in Iran....,0,6.989043202459388
1,Credibility Assessment Definition,4729_chunk001,"By decision of 23 December 2021, his request was rejected as unfounded on the ground that his statements lacked credibility and was ordered to leave the territory within 30 days. He appealed the decision, and the appeal was dismissed...",1,6.141534819018082
1,Credibility Assessment Definition,582_chunk000,The High Court refused an application for judicial review by the applicant of a decision refusing him subsidiary protection. The national decision maker did not find the applicant's assertions that he was “not mentally ok” to be credible.,2,6.141534819018082
1,Credibility Assessment Definition,151_chunk001,"None of them possessed documentary evidence supporting their claimed ages and were referred for medical age assessments consisting of an X-ray of the left hand and wrist and a dental X-ray (Liversidge and Haavikko methods).

Following the assessments, in...",3,5.8518503976171425
1,Credibility Assessment Definition,57_chunk001,The Refugee Appeals Tribunal made adverse credibility findings based on matters that had not been put to the applicant and concluded that cumulatively the applicant had not proved that she was a refugee. The applicant challenged the decision by way of judicial review. The High Court...,4,5.682178307913178
1,Credibility Assessment Definition,201_chunk001,"It was submitted on behalf of the applicant that a family could be a social group, and that the Tribunal had failed to assess whether...",5,5.638717731268793
1,Credibility Assessment Definition,5442_chunk001,The Constitutional Court considered that the Federal Administrative Court duly assessed both the security and supply...,6,5.495891122579657
1,Credibility Assessment Definition,3240_chunk001,"- the State Secretariat for Migration (SEM) and the Federal Administrative Court (TAF), in both first and second instance procedures, have based their decisions to reject the application for international protection on claims that the applicant's testimony lacked credibility and that the authenticity of the documents he presented was...",7,5.477339325724932
1,Credibility Assessment Definition,108_chunk000,According the ECHR's Information Note 213 (December 2017): The applicant entered Switzerland in 2009 and applied for asylum on the grounds that he had been imprisoned and tortured in his country of origin (Iran) after taking part in a demonstration there. His application was rejected after the Swiss authorities found that his account was not credible.,8,5.2867551033093365
1,Credibility Assessment Definition,366_chunk000,"In this case the applicant (Nigeria) arrived to Ireland in October 2016. He claimed to be bisexual and that he was the subject of an attempt to force him to join a cult in Nigeria. On May 2017, the International Protection Office informed him the refusal of his application for protection on the ground of lack of credibility. He appealed the decision.",9,5.196351483236044
1,Credibility Assessment Definition,4036_chunk001,The Supreme Administrative Corut had to determine whether the administrative court could have assessed the application of the exclusion clause in the case without holding an oral...,10,5.107758306722866
1,Credibility Assessment Definition,3231_chunk001,"Finally, it stated that if bone examinations contravene such records and assessments, creating a doubt concerning the applicant's minority, then the applicant should be given the...",11,5.107758306722866
1,Credibility Assessment Definition,129_chunk000,"In the absence of legally binding criteria to assess risk of absconding, applicants may not be detained while waiting for a transfer under the Dublin Regulation.

...",12,4.990283112190747
1,Credibility Assessment Definition,196_chunk001,"Based on Chapter III of the Dublin III Regulation, the Office of the Refugee Applications Commissioner determined that the United Kingdom was responsible to assess applicant's applications. At this point, the...",13,4.5698669695353855
1,Credibility Assessment Definition,5443_chunk001,"It noted also that the lower court duly considered the admissibility of the removal on basis of current country of origin reports on Syria, by assessing both the security and supply situation in Syria as well as the...",14,4.475602991743769
1,Credibility Assessment Definition,914_chunk001,The Migration Court of Appeal assessed whether the applicant had acted under duress and held that this was not the case as the applicant had benefitted from three permits and always came back to the place of employment. The applicant chose to flee...,15,4.475602991743769
1,Credibility Assessment Definition,52_chunk000,"On 13 April 2010, Ms. Danqua, a Ghanaian national, applied for refugee status in Ireland arguing that she feared trokosi practices, a form of ritual servitude practised in Ghana predominantly affecting women. In a report dated 16 June 2010, the Refugee Applications Commissioner (Ireland) issued a negative recommendation in respect of that application because of its lack of credibility.",16,4.437532517797776
1,Credibility Assessment Definition,3250_chunk001,"Thus, the repealed provision, which states that the absence of proof of possession of the means to support oneself constitutes a threat to public order or safety and is a factor to be taken into account when assessing the duration of an entry ban of up...",17,4.385149240384235
1,Credibility Assessment Definition,1086_chunk001,"Specifically, the assessment consisted of an initial observation by two officers from the Aliens Police, Identification and Human Trafficking Department (AVIM) on 22 January 2018, recorded in an official report, and a subsequent...",18,4.385149240384235
1,Credibility Assessment Definition,513_chunk001,The Supreme Court narrowed the scope of their assessment to be that of whether the revocation violated their right to private life cf. the European Convention of Human Rights Article 8 and Paragraph 102 of the Norwegian...,19,4.385149240384235
1,Credibility Assessment Definition,20_chunk001,"According to a medical opinion, treatment requires uninterrupted and controlled daily recurrence of medication and, in addition, a regular injection of medication, so that tuberculosis does not reactivate and become infectious. When assessing the issue, the Supreme...",20,4.385149240384235
1,Credibility Assessment Definition,3968_chunk000,The case concerned an applicant from Pakistan who applied unsuccessfully for asylum in 2012 and return was ordered. He applied for reconsideration which was assessed as subsequent application which was rejected and again an expulsion order was adopted. An appeal was again rejected.,21,4.214784243017284
1,Credibility Assessment Definition,5443_chunk000,The Constitutional Court dismissed a complaint against the decision of the Federal Administrative Court concerning detention of a Syrian applicant pending return. It found that the lower court correctly assessed that the detention pending return and its extension were lawful.,22,4.134471220586689
1,Credibility Assessment Definition,3231_chunk000,"In January 2022, the Cassation Court of France ruled that a bone examination was insufficient to confirm the applicant's majority. The court specified that, for such examinations to be considered conclusive, they should be corroborated by civil status records and social assessments.",23,4.134471220586689
1,Credibility Assessment Definition,951_chunk001,"The Regional Court had dismissed the administrative action for the following reasons:
- there are no individual circumstances which the applicant should reasonably assess a well founded fear of persecution. It has not been shown in the proceedings that the applicant had certain political views, nor has it been shown that the Taliban...",24,4.134471220586689
1,Credibility Assessment Definition,1086_chunk000,"A national of Ivory Coast applied for international protection on 22 January 2018, claiming that he was born on 2001 but did not submit documents to prove his date of birth. Following an age assessment, the State Secretary concluded that the applicant was not a minor.",25,3.982690309526741
1,Credibility Assessment Definition,989_chunk001,"The Council of State upheld the CNDA's decision and rejected OFPRA's appeal on the grounds that the Court's sovereign assessment on the applicant's inadequate understanding and mastery of the English language could not be denatured. In this case, the Office's inadmissibility decision on the grounds of late submission was...",26,3.910903559343424
1,Credibility Assessment Definition,972_chunk001,"Inter alia, the applicant challenged the incorrect legal assessment of the genuineness of his conversion, while mainly reprehending the non-application of the ‘benefit of doubt' principle, insufficient verification of his faith resulting from the fact that only one interview was carried out, during which the defendant failed to focus to a sufficient...",27,3.841658857086875
1,Credibility Assessment Definition,920_chunk000,"Between 26 July and 1 October 2015, 5 Afghan nationals applied for international protection in Norway, claiming to be 15-16 years old. After further assessments, which also included medical age examinations, the immigration authorities considered that they were all older than 18 years.",28,3.7748235267810446
1,Credibility Assessment Definition,656_chunk000,The case concerns an appeal against the decision of the Court of The Hague of 5 October 2016 in case no. 16/20135. The Administrative Jurisdiction Division of the Council of State clarified that the Immigration and Naturalisation Service (IND ) is required to assess in an individual manner whether the criteria for protection still exist.,29,3.7102739674974634
1,Credibility Assessment Definition,137_chunk000,"In a case of a Somali applicant related to family reunification, the Supreme Court held that the trial judge was incorrect in forming the view that the potential financial consequences for the State of allowing a discretionary family reunification application cannot be taken into account in the overall assessment as to how the Minister's discretion under the 1996 Act should be exercised.",30,3.6478948904828914
1,Credibility Assessment Definition,1648_chunk000,"The applicant applied for international protection on 13 January 2010, claiming to be a minor from Zimbabwe and by decision of 29 September 2010 the Federal Office for Asylum rejected the application as unfounded. Upon appeal, the Court of Asylum referred the matter back to the Federal Asylum Office for a new hearing and assessment.",31,3.529224533049788
1,Credibility Assessment Definition,654_chunk000,"F.L., a Cameroonian national claiming to be a minor, applied for international protection in Belgium on 8 January 2018. On the same day, based on his physical appearance and statements, the Minors and Victims of Trafficking in Human Beings Unit of the Belgian Immigration Office expressed doubts as to his claimed minority and referred him for an immediate medical age assessment.",32,3.4727383791045146
1,Credibility Assessment Definition,927_chunk000,"In the Senate's conviction, a comprehensive assessment of the current state of knowledge now lacks sufficient evidence to suggest that Syrian retired military-age returnees (conscripts, reservists) who have evaded from military service due to flight abroad are likely to be linked to ( alleged) oppositional or anti-regime sentiments of Syrian security forces to fear persecution (change in the Senat",33,3.12286277839165
1,Credibility Assessment Definition,2511_chunk000,"The Federal Administrative Court allowed an appeal on points of law in order to clarify the  requirements for the assessment of a 'strong presumption' (European Union, Court of Justice of the European Union [CJEU], EZ v Bundesrepublik Deutschland (Federal Republic of Germany), C-238/19, ECLI:EU:C:2020:945, 19 November 2020 - paragraph 57) for a link between the refusal of military service...",34,3.078553944713447
2,Credibility Assessment   Interpretation,3964_chunk001,During the interview it was noted that the interpreter had to explain the questions multiple times and that even the interpreter admitted that his interpretation was not always accurate. Although the...,0,9.847671319744592
2,Credibility Assessment   Interpretation,3964_chunk000,"The case concerned a family from Azerbaijan who unsuccessfully applied for international protection. In their subsequent application, they requested interpretation in Turkish language because of concerns that Azerbaijan interpreters may be in contact with the domestic authorities.",1,7.598849147964421
2,Credibility Assessment   Interpretation,636_chunk001,A different interpretation may also lead to a situation which constitutes a violation of Article 1 of the...,2,7.517450999225849
2,Credibility Assessment   Interpretation,940_chunk001,The Minister for Migration considers it credible that the third-country national has become politically active in the Netherlands and stands up for the rights of Ahwazi in Iran....,3,6.989043202459388
2,Credibility Assessment   Interpretation,3137_chunk001,"He requested an interpreter, but the form was left blank on the part of lawyer assistance.

The application for asylum was rejected as...",4,6.960320255739759
2,Credibility Assessment   Interpretation,4729_chunk001,"By decision of 23 December 2021, his request was rejected as unfounded on the ground that his statements lacked credibility and was ordered to leave the territory within 30 days. He appealed the decision, and the appeal was dismissed...",5,6.141534819018082
2,Credibility Assessment   Interpretation,582_chunk000,The High Court refused an application for judicial review by the applicant of a decision refusing him subsidiary protection. The national decision maker did not find the applicant's assertions that he was “not mentally ok” to be credible.,6,6.141534819018082
2,Credibility Assessment   Interpretation,151_chunk001,"None of them possessed documentary evidence supporting their claimed ages and were referred for medical age assessments consisting of an X-ray of the left hand and wrist and a dental X-ray (Liversidge and Haavikko methods).

Following the assessments, in...",7,5.8518503976171425
2,Credibility Assessment   Interpretation,57_chunk001,The Refugee Appeals Tribunal made adverse credibility findings based on matters that had not been put to the applicant and concluded that cumulatively the applicant had not proved that she was a refugee. The applicant challenged the decision by way of judicial review. The High Court...,8,5.682178307913178
2,Credibility Assessment   Interpretation,201_chunk001,"It was submitted on behalf of the applicant that a family could be a social group, and that the Tribunal had failed to assess whether...",9,5.638717731268793
2,Credibility Assessment   Interpretation,5442_chunk001,The Constitutional Court considered that the Federal Administrative Court duly assessed both the security and supply...,10,5.495891122579657
2,Credibility Assessment   Interpretation,3240_chunk001,"- the State Secretariat for Migration (SEM) and the Federal Administrative Court (TAF), in both first and second instance procedures, have based their decisions to reject the application for international protection on claims that the applicant's testimony lacked credibility and that the authenticity of the documents he presented was...",11,5.477339325724932
2,Credibility Assessment   Interpretation,37_chunk000,"This request for a preliminary ruling concerns the interpretation of Articles 3(2) and 17(1) of the Dublin III Regulation, Article 267 TFEU and Article 4 of the EU Charter of Fundamental Rights.",12,5.473056807287362
2,Credibility Assessment   Interpretation,108_chunk000,According the ECHR's Information Note 213 (December 2017): The applicant entered Switzerland in 2009 and applied for asylum on the grounds that he had been imprisoned and tortured in his country of origin (Iran) after taking part in a demonstration there. His application was rejected after the Swiss authorities found that his account was not credible.,13,5.2867551033093365
2,Credibility Assessment   Interpretation,366_chunk000,"In this case the applicant (Nigeria) arrived to Ireland in October 2016. He claimed to be bisexual and that he was the subject of an attempt to force him to join a cult in Nigeria. On May 2017, the International Protection Office informed him the refusal of his application for protection on the ground of lack of credibility. He appealed the decision.",14,5.196351483236044
2,Credibility Assessment   Interpretation,4036_chunk001,The Supreme Administrative Corut had to determine whether the administrative court could have assessed the application of the exclusion clause in the case without holding an oral...,15,5.107758306722866
2,Credibility Assessment   Interpretation,3231_chunk001,"Finally, it stated that if bone examinations contravene such records and assessments, creating a doubt concerning the applicant's minority, then the applicant should be given the...",16,5.107758306722866
2,Credibility Assessment   Interpretation,668_chunk000,"The Council of State rules on personal interview realised on ones native language. The CNDA decision is annulled as in the contested decision the Court failed to answer the plea regarding the absence of Chechen interpretation in the asylum interview and consequently, the impossibility of the applicant to be understood.

...",17,5.078456242112586
2,Credibility Assessment   Interpretation,129_chunk000,"In the absence of legally binding criteria to assess risk of absconding, applicants may not be detained while waiting for a transfer under the Dublin Regulation.

...",18,4.990283112190747
2,Credibility Assessment   Interpretation,606_chunk000,"1. This request for a preliminary ruling concerns the interpretation of Article 46 of Directive 2013/32/EU of the European Parliament and of the Council of 26 June 2013 on common procedures for granting and withdrawing international protection (OJ 2013 L 180, p.",19,4.988539376336679
2,Credibility Assessment   Interpretation,936_chunk000,"This is linked to Joined Cases C‑582/17 and C‑583/17

By order for reference of 27 September 2017, the Division asked the Court of Justice to give a preliminary ruling on the question asked about the interpretation of the Dublin Regulation (OJ 2013, L180). The Division thereby suspended...",20,4.8179311262149
2,Credibility Assessment   Interpretation,121_chunk001,"Her brother was given refugee status and his family (spouse and children) the extension of the protection given to him (extension of the refugee status), while his sister was rejected based on the fact that the dependency criteria were not met according to art. 40.1.d. The National High Court interprets the dependency criteria and...",21,4.8179311262149
2,Credibility Assessment   Interpretation,196_chunk001,"Based on Chapter III of the Dublin III Regulation, the Office of the Refugee Applications Commissioner determined that the United Kingdom was responsible to assess applicant's applications. At this point, the...",22,4.5698669695353855
2,Credibility Assessment   Interpretation,5443_chunk001,"It noted also that the lower court duly considered the admissibility of the removal on basis of current country of origin reports on Syria, by assessing both the security and supply situation in Syria as well as the...",23,4.475602991743769
2,Credibility Assessment   Interpretation,914_chunk001,The Migration Court of Appeal assessed whether the applicant had acted under duress and held that this was not the case as the applicant had benefitted from three permits and always came back to the place of employment. The applicant chose to flee...,24,4.475602991743769
2,Credibility Assessment   Interpretation,52_chunk000,"On 13 April 2010, Ms. Danqua, a Ghanaian national, applied for refugee status in Ireland arguing that she feared trokosi practices, a form of ritual servitude practised in Ghana predominantly affecting women. In a report dated 16 June 2010, the Refugee Applications Commissioner (Ireland) issued a negative recommendation in respect of that application because of its lack of credibility.",25,4.437532517797776
2,Credibility Assessment   Interpretation,3250_chunk001,"Thus, the repealed provision, which states that the absence of proof of possession of the means to support oneself constitutes a threat to public order or safety and is a factor to be taken into account when assessing the duration of an entry ban of up...",26,4.385149240384235
2,Credibility Assessment   Interpretation,1086_chunk001,"Specifically, the assessment consisted of an initial observation by two officers from the Aliens Police, Identification and Human Trafficking Department (AVIM) on 22 January 2018, recorded in an official report, and a subsequent...",27,4.385149240384235
2,Credibility Assessment   Interpretation,513_chunk001,The Supreme Court narrowed the scope of their assessment to be that of whether the revocation violated their right to private life cf. the European Convention of Human Rights Article 8 and Paragraph 102 of the Norwegian...,28,4.385149240384235
2,Credibility Assessment   Interpretation,20_chunk001,"According to a medical opinion, treatment requires uninterrupted and controlled daily recurrence of medication and, in addition, a regular injection of medication, so that tuberculosis does not reactivate and become infectious. When assessing the issue, the Supreme...",29,4.385149240384235
2,Credibility Assessment   Interpretation,3968_chunk000,The case concerned an applicant from Pakistan who applied unsuccessfully for asylum in 2012 and return was ordered. He applied for reconsideration which was assessed as subsequent application which was rejected and again an expulsion order was adopted. An appeal was again rejected.,30,4.214784243017284
2,Credibility Assessment   Interpretation,5443_chunk000,The Constitutional Court dismissed a complaint against the decision of the Federal Administrative Court concerning detention of a Syrian applicant pending return. It found that the lower court correctly assessed that the detention pending return and its extension were lawful.,31,4.134471220586689
2,Credibility Assessment   Interpretation,3231_chunk000,"In January 2022, the Cassation Court of France ruled that a bone examination was insufficient to confirm the applicant's majority. The court specified that, for such examinations to be considered conclusive, they should be corroborated by civil status records and social assessments.",32,4.134471220586689
2,Credibility Assessment   Interpretation,951_chunk001,"The Regional Court had dismissed the administrative action for the following reasons:
- there are no individual circumstances which the applicant should reasonably assess a well founded fear of persecution. It has not been shown in the proceedings that the applicant had certain political views, nor has it been shown that the Taliban...",33,4.134471220586689
2,Credibility Assessment   Interpretation,505_chunk001,"This request for a preliminary ruling concerns the interpretation of Article 4(2) and (5)(b), Article 9(1) and (2) and Article 10(1) and (2) of Directive 2011/95/EU of the European Parliament and of the Council of 13 December 2011 on standards for the qualification of third-country nationals or stateless persons as beneficiaries of international protection, for a uniform status for refugees or for",34,4.055155472268062
2,Credibility Assessment   Interpretation,86_chunk000,"According the Court's Press Release, Article 1 of Regulation (EC) No 810/2009 of the European Parliament and of the Council of 13 July 2009 establishing a Community Code on Visas (Visa Code), as amended by Regulation (EU) No 610/2013 of the European Parliament and of the Council of 26 June 2013, must be interpreted as meaning that an application for a visa with limited territorial validity made on",35,3.997618775297816
2,Credibility Assessment   Interpretation,1086_chunk000,"A national of Ivory Coast applied for international protection on 22 January 2018, claiming that he was born on 2001 but did not submit documents to prove his date of birth. Following an age assessment, the State Secretary concluded that the applicant was not a minor.",36,3.982690309526741
2,Credibility Assessment   Interpretation,989_chunk001,"The Council of State upheld the CNDA's decision and rejected OFPRA's appeal on the grounds that the Court's sovereign assessment on the applicant's inadequate understanding and mastery of the English language could not be denatured. In this case, the Office's inadmissibility decision on the grounds of late submission was...",37,3.910903559343424
2,Credibility Assessment   Interpretation,972_chunk001,"Inter alia, the applicant challenged the incorrect legal assessment of the genuineness of his conversion, while mainly reprehending the non-application of the ‘benefit of doubt' principle, insufficient verification of his faith resulting from the fact that only one interview was carried out, during which the defendant failed to focus to a sufficient...",38,3.841658857086875
2,Credibility Assessment   Interpretation,920_chunk000,"Between 26 July and 1 October 2015, 5 Afghan nationals applied for international protection in Norway, claiming to be 15-16 years old. After further assessments, which also included medical age examinations, the immigration authorities considered that they were all older than 18 years.",39,3.7748235267810446
2,Credibility Assessment   Interpretation,656_chunk000,The case concerns an appeal against the decision of the Court of The Hague of 5 October 2016 in case no. 16/20135. The Administrative Jurisdiction Division of the Council of State clarified that the Immigration and Naturalisation Service (IND ) is required to assess in an individual manner whether the criteria for protection still exist.,40,3.7102739674974634
2,Credibility Assessment   Interpretation,137_chunk000,"In a case of a Somali applicant related to family reunification, the Supreme Court held that the trial judge was incorrect in forming the view that the potential financial consequences for the State of allowing a discretionary family reunification application cannot be taken into account in the overall assessment as to how the Minister's discretion under the 1996 Act should be exercised.",41,3.6478948904828914
2,Credibility Assessment   Interpretation,1648_chunk000,"The applicant applied for international protection on 13 January 2010, claiming to be a minor from Zimbabwe and by decision of 29 September 2010 the Federal Office for Asylum rejected the application as unfounded. Upon appeal, the Court of Asylum referred the matter back to the Federal Asylum Office for a new hearing and assessment.",42,3.529224533049788
2,Credibility Assessment   Interpretation,654_chunk000,"F.L., a Cameroonian national claiming to be a minor, applied for international protection in Belgium on 8 January 2018. On the same day, based on his physical appearance and statements, the Minors and Victims of Trafficking in Human Beings Unit of the Belgian Immigration Office expressed doubts as to his claimed minority and referred him for an immediate medical age assessment.",43,3.4727383791045146
2,Credibility Assessment   Interpretation,927_chunk000,"In the Senate's conviction, a comprehensive assessment of the current state of knowledge now lacks sufficient evidence to suggest that Syrian retired military-age returnees (conscripts, reservists) who have evaded from military service due to flight abroad are likely to be linked to ( alleged) oppositional or anti-regime sentiments of Syrian security forces to fear persecution (change in the Senat",44,3.12286277839165
2,Credibility Assessment   Interpretation,2511_chunk000,"The Federal Administrative Court allowed an appeal on points of law in order to clarify the  requirements for the assessment of a 'strong presumption' (European Union, Court of Justice of the European Union [CJEU], EZ v Bundesrepublik Deutschland (Federal Republic of Germany), C-238/19, ECLI:EU:C:2020:945, 19 November 2020 - paragraph 57) for a link between the refusal of military service...",45,3.078553944713447
3,Subsidiary Protection Definition,505_chunk002," persons eligible for subsidiary protection, and for the content of the protection...",0,8.801220137266453
3,Subsidiary Protection Definition,981_chunk000,The applicant is a Palestinian stateless from the Gaza strip and applied for international protection in Belgium. His application was rejected but he was granted subsidiary protection.,1,7.351224599011113
3,Subsidiary Protection Definition,931_chunk001,The appellant had been granted subsidiary protection status in Denmark in 2015. The individual's family was granted asylum in...,2,7.289375866598948
3,Subsidiary Protection Definition,43_chunk000,"The applicant from Belarus had been granted subsidiary protection for 12 months. The subsidiary protection was then once prolonged for another 24 months upon applicant's request. However, the second request was dismissed because of applicant's criminal activity. The administrative authority found out that he had been sentenced seven times for less serious criminal offences (mostly thefts).",3,7.271677223163239
3,Subsidiary Protection Definition,1573_chunk000,"The applicants, nationals of Syria, are members of a family who arrived in Spain through the resettlement programme 2015 for refugees. By decisions of 4 October 2017 of the Deputy Secretary of the Interior, they were granted subsidiary protection. They appealed that decision arguing that they should be granted refugee status and not subsidiary protection.",4,7.183166588483675
3,Subsidiary Protection Definition,117_chunk000,Syrian refugee family resettled from Lebanon were granted subsidiary protection. This decision was appealed before the National High Court.,5,6.946180569380421
3,Subsidiary Protection Definition,3239_chunk000,"The applicant was refused refugee protection and granted subsidiary protection by national authorities. He appealed against this decision before the Municipal Court, requesting the annulment of the part of the decision rejecting his request for refugee protection.",6,6.743019976188499
3,Subsidiary Protection Definition,956_chunk000,The applicant was a national of Afghanistan who was granted subsidiary protection in Ireland in 2016. He subsequently applied for family reunification for his wife whom he married in 2017.,7,6.34839563756525
3,Subsidiary Protection Definition,218_chunk001,"By decision dated 5th November 2013 the Minister for Justice and Equality refused to entertain this belated application for subsidiary protection, contending that she had not made the application within...",8,6.34839563756525
3,Subsidiary Protection Definition,585_chunk000,The applicant (Venezuela) had applied for subsidiary protection on the basis that he would be at risk due to his activism and his membership of a politic party; that application was refused. The court held that in the context of art.,9,6.214687391660559
3,Subsidiary Protection Definition,953_chunk000,"This case concerned whether, for the purposes of an application for family reunification by a beneficiary of subsidiary protection, “child” could include a non-biological child for whom the applicant had acted in loco parentis.",10,6.086495223666468
3,Subsidiary Protection Definition,582_chunk000,The High Court refused an application for judicial review by the applicant of a decision refusing him subsidiary protection. The national decision maker did not find the applicant's assertions that he was “not mentally ok” to be credible.,11,5.963484687068803
3,Subsidiary Protection Definition,4709_chunk001,"By decision of 16 August 2017, the Federal Office for Migration and Refugees (BAMF) granted subsidiary protection to the applicant, and also to his wife and their four children, noting the serious risks posed by the civil war throughout all regions of Syria. However, it...",12,5.731800655963556
3,Subsidiary Protection Definition,204_chunk001,"The Tribunal, applying reg.8(11)(b) of the European Union (Subsidiary Protection) Regulations 2013, decided it was in the interests of justice to hold an oral hearing (the Tribunal wished to raise in person with the applicant...",13,5.731800655963556
3,Subsidiary Protection Definition,136_chunk000,"The applicant was a Ghanaian national who applied for refugee status in 2010, which was refused following a decision of the Refugee Appeal Tribunal in January 2011. She applied for subsidiary protection on 8 October 2013.",14,5.731800655963556
3,Subsidiary Protection Definition,4167_chunk000,"An applicant of Syrian nationality and Sunni Islamic religion requested international protection on 24 November 2021 in Austria. The Federal Office for Immigration and Asylum (BFA) did not grant him refugee status but subsidiary protection, a decision which he appealed to the Federal Administrative Court.",15,5.723404212569427
3,Subsidiary Protection Definition,931_chunk000,"Pursuant to Art. 4a of the Asylum Act 2005, an application for international protection is to be rejected as inadmissible where the foreign person has been granted asylum or subsidiary protection status in another EEA Member State or Switzerland. In the specific case, the appellant, a Syrian citizen, filed an application for international protection in April 2018.",16,5.645419234972534
3,Subsidiary Protection Definition,3230_chunk000,"The applicant, an Afghan national, was denied subsidiary protection on exclusion grounds, namely that there were serious reasons for considering that he had committed a serious crime. The decision was upheld by the National Court of Asylum (CNDA), and the applicant subsequently appealed to the Council of State.",17,5.622580774681909
3,Subsidiary Protection Definition,136_chunk001,"By decision dated 5 November 2013 the Minister for Justice and Equality refused to entertain this application for subsidiary protection, contending that she had not made the application within the administrative deadline of 15 days from the date of the issuing of a proposal to...",18,5.622580774681909
3,Subsidiary Protection Definition,256_chunk001,ly ties existed before the arrival in Belgium of the reuniting person (who enjoys subsidiary...,19,5.495891122579657
3,Subsidiary Protection Definition,590_chunk000,"In an urgent action for the «granting of asylum or of a residence permit for subsidiary protection» the use of «official international reports on the political and social situation of the applicant's country of origin», by the court of appeal is not in breach of Articles 412 and 662 of the Civil Procedure Code.

...",20,5.318544982223641
3,Subsidiary Protection Definition,145_chunk000,"The Administrative Court confirmed the Administrative Tribunal's ruling that there was a situation of generalized violence in Afghanistan leading to the grant of subsidiary protection to the asylum seeker. The Ministry of Foreign and European Affairs had appealed the Administrative Tribunal fearing a pull factor.

...",21,5.318544982223641
3,Subsidiary Protection Definition,58_chunk000,"In this case the Court of Appeal considered the question of whether, where an applicant for subsidiary protection is considered by the decision maker to be a national of Country A, and also to have been granted refugee status and lived in each of Countries B and C, may the application be decided upon the basis that he is a stateless person within the meaning of the Qualification Directive and the ",22,5.224377213025576
3,Subsidiary Protection Definition,218_chunk000,"In the present case the applicant, Ms. Danqua, (Ghanaian national), made a very belated application for subsidiary protection on 8th October 2013, having first applied for refugee status in 2010 and having been refused asylum following a decision of the Refugee Appeal Tribunal in January 2011.",23,5.0457032992706985
3,Subsidiary Protection Definition,645_chunk000,"As per CNDA press release: When the ECtHR concludes that there is a real risk of inhuman or degrading treatment if returned to the country of origin, the CNDA is obliged not only to consider as admissible a request for review by the person concerned but also to grant him at least the benefit of subsidiary protection within the meaning of Article L. 712-1 (b) of the CESEDA.",24,4.799489209226052
3,Subsidiary Protection Definition,256_chunk000,"According to the EDAL, the Council for Alien Law Litigation confirmed that those who enjoy subsidiary protection are equivalent to recognised refugees, for the purposes of family reunification and are exempted from additional conditions in relation to housing, health insurance, and means of subsistence provided that the application for family reunification is submitted within one year and the fami",25,4.799489209226052
3,Subsidiary Protection Definition,97_chunk000,"As of 2016, beneficiaries of subsidiary protection in Lower Austria differ from persons granted asylum in that they are entitled only to benefits under basic welfare support. The Constitutional Court ruled in June 2017 that this rule is constitutional, since sufficient factual and legal differences exist to justify differing treatment with respect to social benefits.",26,4.648275288195397
3,Subsidiary Protection Definition,143_chunk000,"The decision annulled the grand-ducal regulation of 24 August 2016, declaring compulsory the use of land in the frames of the plan entitled 'Provisional Emergency Reception Facility for International Protection Applicants, Rejected International Protection Applicants, and Beneficiaries of International Protection. ...",27,2.278322615321533
3,Subsidiary Protection Definition,51_chunk001,"rst application for international protection lodged in 2006.

Those elements that could have...",28,2.1407988011858894
3,Subsidiary Protection Definition,608_chunk000,"Three country nationals, C, J, and S, had their applications for international protection rejected in the Netherlands and were detained with a view to preparing their return. C's application for international protection was rejected on 11 April 2017, and C was detained on 13 April.",29,2.1350325150826595
3,Subsidiary Protection Definition,69_chunk000,"If it is not clear whether an asylum applicant has already been granted international protection in another European Union member state (here: Italy), the administrative courts must find out whether this is the case if the admissibility of a new application for protection depends on it.",30,2.1350325150826595
3,Subsidiary Protection Definition,650_chunk000,The case concerns the suspension of the implementation of a decision on refusal of international protection.,31,2.083679550733045
3,Subsidiary Protection Definition,85_chunk001,(iii) The dilution and disapplication of the procedural fairness and kindred protections enshrined in...,32,2.083679550733045
3,Subsidiary Protection Definition,2506_chunk001,The applicant also had a child and invoked the protection of family life and best interests of the child as a...,33,2.029529117766241
3,Subsidiary Protection Definition,105_chunk001,"A had a residence in Denmark in accordance with the Immigration Act's rules on temporary protection, based on the...",34,2.029529117766241
3,Subsidiary Protection Definition,984_chunk001,"The Council ruled that, indeed, the burden of the proof on whether an applicant has been granted an international protection in another MS or not lies on the CGRS, nonetheless, this proof being made, it is up to the applicant to provide evidence when he challenges the actuality or the effectiveness of his protection.Also, the question whether the applicant may be readmit by...",35,2.0243459429282327
3,Subsidiary Protection Definition,6098_chunk000,"An Egyptian national lodged a subsequent application for international protection, claiming that he feared persecution in the event of return to Egypt on account of his sexual orientation. The Office for the Protection of Refugees and Stateless Persons (OFPRA) rejected the application on 27 April 2022.",36,1.9731976620809923
3,Subsidiary Protection Definition,987_chunk001,"For the Council of State, the State is bound to cover the costs of any civil sentence against its public officials, to protect them if they are the subject of criminal proceedings and protect them against threats, violence, assault, verbal abuse, defamation or insult to which they may be subjected in the course of their duties. This overarching...",37,1.9731976620809923
3,Subsidiary Protection Definition,576_chunk000,"The First Instance Administrative Court took a decision related to the no existence of sanctions if the maximum period of 21 months for the procedure of examination of an application for international protection is surpassed. In this case, an applicant for international protection whose application had been rejected appealed the decision of refusal.",38,1.9731976620809923
3,Subsidiary Protection Definition,44_chunk001,The administrative authority (Ministry of Interior) refused to grant the applicants the international protection. It concluded that according to the...,39,1.9292546083681117
3,Subsidiary Protection Definition,3275_chunk000,"The applicant, a Syrian national, applied for international protection on 2 October 2021 in Austria. As he had already applied for international protection in Malta in September 2021, the Federal Office for Immigration and Asylum (BFA) requested the Maltese authorities to take back the applicant, which Malta accepted.",40,1.924570367901563
3,Subsidiary Protection Definition,366_chunk000,"In this case the applicant (Nigeria) arrived to Ireland in October 2016. He claimed to be bisexual and that he was the subject of an attempt to force him to join a cult in Nigeria. On May 2017, the International Protection Office informed him the refusal of his application for protection on the ground of lack of credibility. He appealed the decision.",41,1.924570367901563
3,Subsidiary Protection Definition,649_chunk000,"If an affiliate with a time-limited residence permit and status as an alternative person in need of protection can be considered to have well-founded prospects of being granted a permanent residence permit, it can be judged on the basis of how likely it is that the need for protection remains when the current permit expires.",42,1.901144555737372
3,Subsidiary Protection Definition,4728_chunk001,"On 20 February 2024, the applicant lodged a second application for international protection with the Ministry and on the same day she was heard by...",43,1.8827435280526512
3,Subsidiary Protection Definition,689_chunk001,They provided the court a list of deficiencies contained in the Royal Decree regarding the protection and safeguards in place for families and children. The applicants...,44,1.8827435280526512
3,Subsidiary Protection Definition,4705_chunk000,"Judgment concerning the freedom of movement of asylum seekers in Ceuta and Melilla, although his application for international protection was admitted for examination.

...",45,1.8827435280526512
3,Subsidiary Protection Definition,923_chunk000,An applicant must submit a request for protection with which he asserts target-country-related dangers that are objectively suitable in their nature for recognition as a person entitled to asylum or an award for international protection (material asylum request within the meaning of Section 13 (1) Asylum Act) refer the asylum procedure to the Federal Office.,46,1.8559631025170975
3,Subsidiary Protection Definition,650_chunk001,"The Supreme Court considering that the Polish provisions on granting international protection do not explicitly provide for the right to stay of a foreigner applying for international protection in proceedings before the court of first instance, rules that the fulfillment of the obligation under Art. 46 ust. 5 of the procedural directive 2013/32, must take place through the decision...",47,1.8559631025170975
3,Subsidiary Protection Definition,591_chunk000,"I- Matters regarding the hearing of the interested party with respect to inadmissibility decisions on a request for international protection and the transfer of an applicant for international protection, rendered further to a decision to accept the taking back request by another member state, are governed by Article 5 of Regulation (EU) No 604/2013 of the European Parliament and of the Council of ",48,1.8559631025170975
3,Subsidiary Protection Definition,1090_chunk001,"The applicant, who subsequently traveled to Germany, made a further request for international protection after returning to Austria on 15 January...",49,1.8384222626575548
3,Subsidiary Protection Definition,589_chunk001,II – The aforementioned Article 17 (1 and 2) is applicable to situations where the request for international protection is considered inadmissible and the...,50,1.8384222626575548
3,Subsidiary Protection Definition,175_chunk001,"(ii) There is a general duty of confidentiality during the process of examining a protection claim, including appellate and judicial review proceedings. If...",51,1.8384222626575548
3,Subsidiary Protection Definition,649_chunk001,"Here, both the individual protection reasons and the current land information must be considered. The possibility of obtaining a residence permit due to work or qualifying...",52,1.7961397191288966
3,Subsidiary Protection Definition,3269_chunk000,"The applicant, a national of Somalia, applied for international protection in France on 18 December 2020 and he was placed under the Dublin procedure while a request was sent to Germany, considered the Member State responsible to examine the request for international protection. The applicant returned to Germany, and thereafter returned to France and asked for asylum a second time on 26 May 2021.",53,1.7920789052475143
3,Subsidiary Protection Definition,3275_chunk001,"By decision of 25 November 2021, the BFA rejected the application for international protection as inadmissible and ordered the applicant's removal to Malta. The applicant...",54,1.7557583920818172
3,Subsidiary Protection Definition,579_chunk000,The applicants in each of these six cases have brought proceedings making the technical objection that the International Protection Office used contractors in the process of coming up with a negative recommendation.,55,1.7557583920818172
3,Subsidiary Protection Definition,47_chunk001,"Afterwards, he travelled via Germany to the Czech Republic where he lodged in 2015 the application for international protection. The administrative authority (the Ministry of Interior), found the application...",56,1.7557583920818172
3,Subsidiary Protection Definition,957_chunk001,"The appellant claimed her stalker enjoyed political influence and/or protection in Albania so her complaints to the police were not effective, and therefore she fled Albania and claimed asylum in Ireland.",57,1.7171528699758012
3,Subsidiary Protection Definition,2505_chunk000,"The applicant, national of Mali, applied for international protection in Germany but based on EURODAC findings his application was rejected as inadmissible as Italy was responsible to process his application.",58,1.680208534126702
3,Subsidiary Protection Definition,32_chunk000,"Majid Shiri, an Iranian national, has brought a challenge before the Austrian courts in relation to the decision refusing his application for international protection in Austria and his removal to Bulgaria.",59,1.680208534126702
3,Subsidiary Protection Definition,3239_chunk001,"The Municipal Court stated that the authorities' decision to reject his application for refugee protection was unlawful and annulled the decision in its entirety, claiming that annulling only part of it would lead to an...",60,1.6448204221251734
3,Subsidiary Protection Definition,3286_chunk001,"The Supreme Court confirmed that the application for international protection implies the suspension of the removal procedure for irregular stay that could affect the applicant, until the Administration issues an initial decision...",61,1.6448204221251734
3,Subsidiary Protection Definition,1091_chunk000,"The case concerns a Nigerian applicant who made unsuccessful applications for international protection in April 2015, January 2017 and May 2018, and decisions to return him were issued.",62,1.6108922319226984
3,Subsidiary Protection Definition,46_chunk000,"The applicant (Ukrainian national) had arrived to the Czech Republic in 2006 on the basis of a work permit. In November 2016, he lodged the application for international protection which was dismissed by the administrative authority.",63,1.6108922319226984
3,Subsidiary Protection Definition,4709_chunk000,"A Syrian national requested international protection in Germany, alleging a well-founded fear of persecution in his country of origin due to the ongoing civil war and a risk of forced conscription.",64,1.5783354466845672
3,Subsidiary Protection Definition,3270_chunk000,"The applicant, whose Dublin transfer time limit was extended, appealed the decision of 8 November 2021 of the Police Prefect which refused the registration of the request for international protection in the regular procedure.",65,1.5783354466845672
3,Subsidiary Protection Definition,953_chunk001,Barrett J held that there is a wide diversity of familial structures and the relationship of father/child was not confined by the International Protection Act 2015 to a biological father and accordingly quashed the Minister's refusal of family...,66,1.5783354466845672
3,Subsidiary Protection Definition,647_chunk001,"The urgent action was initiated by several civil society organisations against complications that amounted to obstacles to the registration of applications for international protection through a telephone platform. The platform, established by the French Office for Immigration and...",67,1.5783354466845672
3,Subsidiary Protection Definition,582_chunk001,"The applicant submitted that in dismissing his explanation of suffering a mental disability, the Tribunal acted in breach of the national protection legislation, the EU Charter of Fundamental Freedoms and the European Convention on Human...",68,1.5783354466845672
3,Subsidiary Protection Definition,585_chunk001,"15(c) of the qualification directive, an internal armed conflict involves a conflict between the state and an armed group, or between two or more armed groups confronting each other. With regards to the UNHCR “Guidelines on International Protection No. 12:...",69,1.5783354466845672
3,Subsidiary Protection Definition,4992_chunk000,"The applicant is a national of Russia. In December 2023, he travelled to Czechia after receiving a Schengen tourist visa at the Hungarian embassy in Russia. On 24 December 2023, he requested international protection in Czechia.",70,1.5470685636630224
3,Subsidiary Protection Definition,3924_chunk000,The applicant contested a return decision issued on 21 December 2022 where the authorities ordered deportation to an unspecified country and requested also protection against refoulement based on Articles 2 and 3 of the ECHR.,71,1.5470685636630224
3,Subsidiary Protection Definition,3924_chunk001,"The applicant, a Palestinian national arrived in Cyprus via the occupied territories and was detained pursuant to the Aliens and Immigration Law and a deportation order was issued. He applied for asylum but was granted a supplementary protection status...",72,1.5470685636630224
3,Subsidiary Protection Definition,976_chunk001,The Court of Cassation due to the low-profile status of the plaintiff as one of the many construction workers involved in the construction of flood protection structures without a sufficient level of individualizing elements concerning the plaintiff and with respect to the story provided by him did not find the conclusion...,73,1.5470685636630224
3,Subsidiary Protection Definition,4999_chunk000,"The applicant is a national from Ethiopia. On 26 January 2024, the applicant requested international protection in Luxembourg. In support of her application, she claimed that she feared persecution and rape on account of her membership of the Ahmara ethnic group.",74,1.5170164129462718
3,Subsidiary Protection Definition,3964_chunk000,"The case concerned a family from Azerbaijan who unsuccessfully applied for international protection. In their subsequent application, they requested interpretation in Turkish language because of concerns that Azerbaijan interpreters may be in contact with the domestic authorities.",75,1.5170164129462718
3,Subsidiary Protection Definition,3270_chunk001,The Council of State held that the appeal against a refusal to examine the request for international protection in the regular procedure is admissible only if the person concerned is able to establish that the transfer period has expired and the transfer can no...,76,1.5170164129462718
3,Subsidiary Protection Definition,955_chunk001,In September 2018 the application was refused by the Minister for Justice on the basis that it had not been submitted within 12 months of the grant of refugee status as required by section 56(8) of the International Protection Act 2015. The applicant then...,77,1.5170164129462718
3,Subsidiary Protection Definition,1564_chunk001,"By decision of 28 February 2017, the Swedish Migration Agency rejected his application, considering that although HA may have received assistance from UNRWA, he did not prove the risk invoked upon return and he does not fulfil the requirements for international protection. However, he...",78,1.5170164129462718
3,Subsidiary Protection Definition,658_chunk000,"On November 2018, the Supreme Court of Madrid ruled that the Spanish authorities had to ensure the access to a reception centers to an international protection applicant who previously abandon the assigned center to travel to the Netherlands.",79,1.5170164129462718
3,Subsidiary Protection Definition,579_chunk001,The issue now is whether the present applicants in other cases raising the same or similar points should get the benefit of a stay restraining the International Protection Appeals Tribunal from carrying out its statutory duty to hear their appeals from the IPO recommendations...,80,1.5170164129462718
3,Subsidiary Protection Definition,151_chunk000,"A., B., C., D., and E., five young Afghan nationals, arrived separately in Norway between 26 July 2015 and 1 October 2015. Each applied for international protection, claiming to be between 15 and 16 years old at the time of arrival.",81,1.5170164129462718
3,Subsidiary Protection Definition,50_chunk001,"The Municipal Court found out that the applicant during his detention lodged the application for international protection, he was re-detained under the provisions of the Act on Asylum implementing Art. 8(3)(d) of the Recast Reception Directive and for this reason his original...",82,1.5170164129462718
3,Subsidiary Protection Definition,3963_chunk000,"On 7 January 2021, the applicant submitted a subsequent application for international protection, stating that his activities in the country of origin were related to religion, not politics, as he had converted to Christianity in Iran. As a result of this he had problems with the police and with his family, even though he was not baptized.",83,1.4881095540952205
3,Subsidiary Protection Definition,3965_chunk000,"The applicants submitted applications for temporary protection in April 2022 and at the interview they mentioned to have moved to Canada in 2012 and lived there until 2020. They acquired Canadian citizenship around 2018. The children were both born in Canada, but probably also have Ukrainian citizenship.",84,1.4881095540952205
3,Subsidiary Protection Definition,981_chunk001,"Upon appeal, the applicant argued that he is a Palestinian refugee, and that he is eligible of UNRWA protection despite not having been registered with and not having received material assistance from UNRWA or lived in its area of operation. The applicant claimed to fall within the personal scope of Article 1D...",85,1.4881095540952205
3,Subsidiary Protection Definition,1011_chunk000,"The case concerns a challenge to detention under the recast Reception Conditions Directive. The applicant requested international protection after being found illegally working in the Czech Republic and using fake documents to obtain such work.

...",86,1.4881095540952205
3,Subsidiary Protection Definition,5761_chunk000,"A. and B., together with their two children, requested international protection in Romania on 12 July 2023 and in Switzerland on 26 July 2023. On 11 August 2023, they submitted an application for recognition of statelessness in Switzerland, claiming to be stateless Maktumin from Syria.",87,1.4602837404730995
3,Subsidiary Protection Definition,4729_chunk000,"A national of Tajikistan from the Pamiri ethnic group requested international protection in Luxembourg on 16 January 2020, claiming a risk of persecution due to his political activities related to revealing unlawful practices and abuses of power within the State.",88,1.4602837404730995
3,Subsidiary Protection Definition,956_chunk001,The Minister for Justice refused the application on the basis that section 56(9)(a) of the 2015 Act only provided for refugee family reunification for spouses where the marriage pre-dated the application for international protection. The applicant subsequently instituted...,89,1.4602837404730995
3,Subsidiary Protection Definition,607_chunk000,"X, an Iraqi national, was notified of the withdrawal of his fixed-period residence permit, the rejection of his application for international protection, and an obligation to return. X appealed against that decision before the District Court of The Hague in the Netherlands, which annulled it whilst maintaining its legal effects.",90,1.4602837404730995
3,Subsidiary Protection Definition,46_chunk001,The applicant filed the action for annulment of the decision before the Regional Court in Ostrava on the last day of 15 day time limit laid down by the Act on Asylum for the actions against administrative decisions concerning international protection. The action...,91,1.4602837404730995
3,Subsidiary Protection Definition,4730_chunk000,"A national of Guinea requested international protection in Luxembourg on 31 May 2022, relying on his political activism, and in particular on his participation in various demonstrations severely repressed by the political power in place, which led to him being imprisoned and tortured by the Guinean authorities.",92,1.4334794425702126
3,Subsidiary Protection Definition,4036_chunk000,The case concerned an application for asylum submitted by an applicant from Iraq and for which the Finnish Immigration Service considered that he had a well-founded fear of persecution based on religious grounds but excluded him from protection for alleged commission of a serious non-political crime.,93,1.4334794425702126
3,Subsidiary Protection Definition,4150_chunk000,The case concerned an applicant from Morocco who alleged to have fled from his country due to fear for his life. He arrived in Milan and tried since December 2022 to access the Milan Police Headquarters in order to formalise his application for international protection.,94,1.4334794425702126
3,Subsidiary Protection Definition,1086_chunk000,"A national of Ivory Coast applied for international protection on 22 January 2018, claiming that he was born on 2001 but did not submit documents to prove his date of birth. Following an age assessment, the State Secretary concluded that the applicant was not a minor.",95,1.4334794425702126
3,Subsidiary Protection Definition,589_chunk000,"I – Notification to the applicant for international protection, to account for the content of his statement, does not comply with the formalities required by Article 17 (1 and 2) of the Asylum law under which a written report, containing all the essential information regarding the case and to which the applicant can respond, must be drawn up.",96,1.4334794425702126
3,Subsidiary Protection Definition,4037_chunk001,"The application was rejected based on a written opinion of the State Agency for National Security (SANS), which concluded that the applicant constitutes a threat to national security and should not be granted protection in Bulgaria. The Administrative Court of Sofia city validated the negative decision, and the applicant...",97,1.4076414228802168
3,Subsidiary Protection Definition,3240_chunk001,"- the State Secretariat for Migration (SEM) and the Federal Administrative Court (TAF), in both first and second instance procedures, have based their decisions to reject the application for international protection on claims that the applicant's testimony lacked credibility and that the authenticity of the documents he presented was...",98,1.4076414228802168
3,Subsidiary Protection Definition,3207_chunk000,"The applicant, Afghan national, applied for international protection and received a negative decision because the authorities considered that he did not fulfil the eligibility criteria and that the fact of leaving the country due to fear of an unstable political and security situation after the Taliban took overpower in August 2021.",99,1.3827183559387015
4,Perceived Plausibility Of Past Events,934_chunk000,"The Division is of the opinion that there are reasons to assume that the situation in Afghanistan for Hazara is now less safe than in the past. The information now available shows that, for all kinds of reasons, Hazara could have problems with different combating groups in Afghanistan.",0,8.100353257789163
4,Perceived Plausibility Of Past Events,64_chunk000,"(Abstract provided by UNHCR) The FAC rejected the application of a family to be recognized as stateless. Despite the fact that Swiss authorities had unsuccessfully tried to return the applicants for the past 17 years, the Court found that the applicants had not done everything possible to obtain travel documents from their countries of origin....",1,7.078308877321534
4,Perceived Plausibility Of Past Events,6098_chunk000,"An Egyptian national lodged a subsequent application for international protection, claiming that he feared persecution in the event of return to Egypt on account of his sexual orientation. The Office for the Protection of Refugees and Stateless Persons (OFPRA) rejected the application on 27 April 2022.",2,6.952983518807119
4,Perceived Plausibility Of Past Events,633_chunk000,"The legal question concerned a situation in which the applicant (a third country national) claimed asylum based on events that had happened in another EU MS in which the applicant had lived and towards which the Dublin Regulation was applicable. In the current case, a Nigerian national claimed she was in danger of persecution and serious harm in Spain due to her ex-husband.",3,6.493126024059075
0,Asylum Definition And Assessment,978_chunk001,The Court of Cassation is of the opinion that in the plaintiff's case defining conceptual elements of a social group were not accomplished as stipulated in the provision of Art. 19a par. 4 (c) of the Act on Asylum. Performance of a work activity by a plaintiff or his education and qualifications do not...,5,0.83211994
0,Asylum Definition And Assessment,590_chunk000,"In an urgent action for the «granting of asylum or of a residence permit for subsidiary protection» the use of «official international reports on the political and social situation of the applicant's country of origin», by the court of appeal is not in breach of Articles 412 and 662 of the Civil Procedure Code.

...",6,0.8307829
0,Asylum Definition And Assessment,938_chunk000,IThe foreign national has submitted a subsequent asylum application. The decision on that application was taken on behalf of the State Secretary by the employee of the Immigration and Naturalization Service (hereinafter: the IND) who heard the alien and also issued the intention.,7,0.8253083
0,Asylum Definition And Assessment,964_chunk001,"The line of reasoning of the defendant who claims that the plaintiff had a legal representative present during the hearing who, unlike the plaintiff, is well versed in the law, could not hold, since the examination of the asylum seeker in the court proceedings represents one of the most important...",8,0.82498956
0,Asylum Definition And Assessment,54_chunk000,"Section 9 of the Refugee Act 1996 provided that a person seeking asylum is entitled to enter the State and remain while the application for refugee status is processed. Section 9(4) also provided however, that an applicant shall not seek or enter employment before final determination of his or her application for a declaration.",12,0.82350564
0,Asylum Definition And Assessment,148_chunk001,The Court had to answer whether Contracting States have an obligation to grant refugee status to an asylum-seeker who can establish that he/she has a well-founded fear of persecution for reasons of one or more of the Convention grounds of the 1951 Convention [thus falling under the scope of the inclusion clauses] where the risk of persecution is based on circumstances created by the applicant's ‘o,15,0.82227397
0,Asylum Definition And Assessment,942_chunk000,"The case concerns the possibility of detention when the asylum application is rejected but the time frame to submit an appeal has not expired. The judgments in Gnandi and the order in C., J. and S. do not envisage that the...",16,0.82053673
0,Asylum Definition And Assessment,181_chunk001,"However, it is recognized that individuals fleeing persecution may have to resort to the use of false papers to make good their escape. Therefore, under section 31 of the Immigration and Asylum Act 1999...",17,0.8203894
0,Asylum Definition And Assessment,178_chunk000,"The Court gave guidance on the general approach to be adopted in law and practice by the First-tier Tribunal and Upper Tribunal where claims for asylum were made by children, young people, and other incapacitated or vulnerable persons whose ability to participate effectively in proceedings might be limited.",19,0.82023776
0,Asylum Definition And Assessment,643_chunk001,"Article L.723-16 of the CESEDA makes the admissibility of a request for reconsideration of an asylum application subject, on the one hand, to the presentation of new facts which have occurred or revealed after the rejection of the previous application or new evidence and, secondly, the finding that their probative value is capable of modifying the...",20,0.8199676
0,Asylum Definition And Assessment,506_chunk001,"He claimed to therefore qualify to obtain an ipso facto refugee declaration under the 1951 Convention relating to the Status of Refugees (Geneva Convention).

The Migration Court of Appeal relied on the CJEU jurisprudence,...",22,0.81925464
0,Asylum Definition And Assessment,589_chunk000,"I – Notification to the applicant for international protection, to account for the content of his statement, does not comply with the formalities required by Article 17 (1 and 2) of the Asylum law under which a written report, containing all the essential information regarding the case and to which the applicant can respond, must be drawn up.",23,0.8187949
0,Asylum Definition And Assessment,54_chunk001,"Pending the determination of an application for refugee status, applicants are required to live in State provided accommodation known as direct provision, and provided in...",24,0.8185724
0,Asylum Definition And Assessment,2508_chunk001,On 13 July 2018 the Federal Office and Foreigners Registration Office was informed that the applicant resided in a church asylum since 12 July 2018. By letter of...,32,0.81484914
0,Asylum Definition And Assessment,4184_chunk001,"The State Secretary for Justice and Security postponed the decision on her entry to the Netherlands and by decision of 29 March 2023, the State Secretary imposed a custodial measure for the duration of the processing of her asylum application in the border procedure (Article 6, third paragraph, of the Aliens Act 2000). The applicant...",39,0.8128555
0,Asylum Definition And Assessment,169_chunk000,"The Court ruled on the guidance set out in HJ (Iran) v Secretary of State for the Home Department [2010] UKSC 31 on the approach to sexual orientation asylum claims, including consideration of whether a gay applicant for international protection would conceal their sexual orientation upon return to their country of origin and the reasons for concealment, was compatible with Directive 2004/83...",43,0.81261265
0,Asylum Definition And Assessment,69_chunk000,"If it is not clear whether an asylum applicant has already been granted international protection in another European Union member state (here: Italy), the administrative courts must find out whether this is the case if the admissibility of a new application for protection depends on it.",44,0.81255513
0,Asylum Definition And Assessment,639_chunk000,"This case refers to the transfer of an asylum applicant with a new-born child to Spain under Dublin Regulation. In absence of information for adequate reception conditions and individual guarantees for their transfer back, the authorities didn't review closely the evidence regarding a real risk of treatment prohibited by Article 3 of the ECHR

...",45,0.81216466
0,Asylum Definition And Assessment,177_chunk000,"The Court of Appeal (civil division) ruled that the Upper Tribunal had not erred in adjudicating on the legality of a decision by the Secretary of State to cease treating a foreign criminal as a refugee, and in holding that cessation of his refugee status had been unlawful.

...",46,0.8115401
0,Asylum Definition And Assessment,57_chunk001,The Refugee Appeals Tribunal made adverse credibility findings based on matters that had not been put to the applicant and concluded that cumulatively the applicant had not proved that she was a refugee. The applicant challenged the decision by way of judicial review. The High Court...,52,0.81056803
0,Asylum Definition And Assessment,1564_chunk000,HA applied for asylum in May 2015 alleging that he is registered with UNRWA and that upon return to Gaza he is at risk of being killed or subjected to inhuman or degrading treatment.,53,0.81051886
0,Asylum Definition And Assessment,50_chunk001,"The Municipal Court found out that the applicant during his detention lodged the application for international protection, he was re-detained under the provisions of the Act on Asylum implementing Art. 8(3)(d) of the Recast Reception Directive and for this reason his original...",54,0.81017387
0,Asylum Definition And Assessment,4231_chunk001,"In fact, the State Secretary rejected as inadmissible the first asylum application and did not process it on the merits because it determined that Germany was the Member State responsible to process it, according to the Dublin III Regulation. Since the time limit to transfer the applicant to Germany...",56,0.80981845
0,Asylum Definition And Assessment,547_chunk000,"In response to a legal remedy filed against the Federal Office for Immigration and Asylum, the Supreme Administrative Court ruled that, in accordance with Art 13 para 1 of the Dublin III Regulation (604/2013), the Member State whose border an individual applying for international protection had crossed irregularly is responsible for examining that application (ruling in case Ra 2017/19/0169-9 of 5",60,0.80767
0,Asylum Definition And Assessment,925_chunk000,"Healthy refugees who are fit for work are not currently exposed to a ""real risk"" of inhuman or degrading treatment in Bulgaria within the meaning of Article 4 of the Charter of Fundamental Rights of the European Union, either at the time of their return, during the asylum procedure, or indeed after the presumed granting of international protection, irrespective of their wishes and personal choices",75,0.80746305
0,Asylum Definition And Assessment,200_chunk000,"The applicants, a woman and her three children, were nationals of Pakistan who applied for asylum in the State. They had lived in the UK with the first applicant's husband whom the first named applicant claimed had been violently abusive towards her and the children.",76,0.8069433
0,Asylum Definition And Assessment,197_chunk000,"The applicants, a woman and her three children, were nationals of Pakistan who applied for asylum in the State. They had lived in the UK with the first applicant's husband whom the first named applicant claimed had been violently abusive towards her and the children.",77,0.8069433
0,Asylum Definition And Assessment,142_chunk001,The individual facts of each case should be considered to determine whether detention will cause a particular individual in his particular circumstances to suffer treatment contrary to Article 3. In view of...,78,0.8068718
0,Asylum Definition And Assessment,3406_chunk001,"The Federal Office for Migration and Refugees (BAMF) confirmed a Eurodac hit with regard to Croatia, where the applicants also applied for asylum.

The applicants argued that in Croatia they were receiving...",79,0.806871
0,Asylum Definition And Assessment,980_chunk000,"According to the national contribution to the EMN Annual Report on Migration and Asylum 2019:

In these judgments (no. 230.067 and no. 230.068) the Council states that the principle of ""family unity"" does not give rise to a right to...",81,0.8055968
0,Asylum Definition And Assessment,633_chunk000,"The legal question concerned a situation in which the applicant (a third country national) claimed asylum based on events that had happened in another EU MS in which the applicant had lived and towards which the Dublin Regulation was applicable. In the current case, a Nigerian national claimed she was in danger of persecution and serious harm in Spain due to her ex-husband.",83,0.8053186
0,Asylum Definition And Assessment,145_chunk000,"The Administrative Court confirmed the Administrative Tribunal's ruling that there was a situation of generalized violence in Afghanistan leading to the grant of subsidiary protection to the asylum seeker. The Ministry of Foreign and European Affairs had appealed the Administrative Tribunal fearing a pull factor.

...",84,0.8052953
0,Asylum Definition And Assessment,937_chunk001,A decision moratorium means that the period within which asylum applications from Libyan foreign nationals must be processed by the state secretary is extended. This decision is important for all...,85,0.80501413
0,Asylum Definition And Assessment,573_chunk001,"By judgment of 7 August 2017, the court dismissed the appeal lodged by the alien, in so far as it was directed against the rejection of the asylum application, as inadmissible, and dismissed his...",86,0.8046913
0,Asylum Definition And Assessment,937_chunk000,"By decision of 26 July 2019, the State Secretary for Justice and Security established a so-called decision and departure moratorium for asylum seekers from Libya (Government Gazette 26 July 2019, no. 40679). This ruling is about a decision to establish a decision moratorium for Libya.",87,0.8043553
0,Asylum Definition And Assessment,645_chunk000,"As per CNDA press release: When the ECtHR concludes that there is a real risk of inhuman or degrading treatment if returned to the country of origin, the CNDA is obliged not only to consider as admissible a request for review by the person concerned but also to grant him at least the benefit of subsidiary protection within the meaning of Article L. 712-1 (b) of the CESEDA.",88,0.8042933
0,Asylum Definition And Assessment,4036_chunk000,The case concerned an application for asylum submitted by an applicant from Iraq and for which the Finnish Immigration Service considered that he had a well-founded fear of persecution based on religious grounds but excluded him from protection for alleged commission of a serious non-political crime.,89,0.8039808
0,Asylum Definition And Assessment,550_chunk001,"The Federal Administrative Court subsequently denied the complaint, whereupon the asylum seeker lodged a complaint against detention. The court proceedings dealing with the individual's detention addressed the question of...",90,0.8038742
0,Asylum Definition And Assessment,944_chunk000,"The Council of State decides on this case following the CJEU Judgment on the request for a preliminary ruling (C-180/17) originated in this regard.

Dutch law does not provide for automatic suspensive effect in asylum cases before the Council of State. Suspensive effect only applies to proceedings at the district court. This means that...",91,0.8036406
0,Asylum Definition And Assessment,928_chunk000,Returning Syrian asylum seekers who have withdrawn from compulsory military service in Syria by traveling abroad are currently not likely to face political persecution by the Syrian state because of an at least anti-regime attitude attributed to them.,93,0.80335474
0,Asylum Definition And Assessment,913_chunk001,"The Swedish Migration Court of Appeal referred to Article 15 (5) and (6) of the Return Directive as well as to the relevant provisions of the Swedish law and it held that within the same enforcement of a removal decision, an applicant can be held in detention for a maximum of...",94,0.80319214
0,Asylum Definition And Assessment,3409_chunk000,"The applicant contested a Dublin transfer to Lithuania, which was determined by the Federal Office for Migration and Refugees (BAMF) as the state responsible for the examination of the application based on Article 18(1)(b) of the Dublin III Regulation, as the applicant, according to documents submitted, applied for asylum in Lithuania.",95,0.8031781
0,Asylum Definition And Assessment,564_chunk000,"By decision of 13 July 2016, the State Secretary declared an application from the foreign national to grant him a temporary asylum residence permit inadmissible.",97,0.8019865
0,Asylum Definition And Assessment,583_chunk000,Two related cases involved applicants applying for asylum on the basis of claiming persecution because of their sexual orientation. The applicants submited that the correct standard of proof required should be a reasonable degree of likelihood.,98,0.80191624
0,Asylum Definition And Assessment,121_chunk001,"Her brother was given refugee status and his family (spouse and children) the extension of the protection given to him (extension of the refugee status), while his sister was rejected based on the fact that the dependency criteria were not met according to art. 40.1.d. The National High Court interprets the dependency criteria and...",99,0.8018749
1,Credibility Assessment Definition,964_chunk001,"The line of reasoning of the defendant who claims that the plaintiff had a legal representative present during the hearing who, unlike the plaintiff, is well versed in the law, could not hold, since the examination of the asylum seeker in the court proceedings represents one of the most important...",5,0.76635563
1,Credibility Assessment Definition,984_chunk001,"The Council ruled that, indeed, the burden of the proof on whether an applicant has been granted an international protection in another MS or not lies on the CGRS, nonetheless, this proof being made, it is up to the applicant to provide evidence when he challenges the actuality or the effectiveness of his protection.Also, the question whether the applicant may be readmit by...",7,0.7658268
1,Credibility Assessment Definition,178_chunk001,"The guidance was designed to ensure that such persons had an effective right of access to the tribunal and a voice in the proceedings, and that their claims were fairly determined....",10,0.76243436
1,Credibility Assessment Definition,978_chunk001,The Court of Cassation is of the opinion that in the plaintiff's case defining conceptual elements of a social group were not accomplished as stipulated in the provision of Art. 19a par. 4 (c) of the Act on Asylum. Performance of a work activity by a plaintiff or his education and qualifications do not...,11,0.76050496
1,Credibility Assessment Definition,4037_chunk001,"The application was rejected based on a written opinion of the State Agency for National Security (SANS), which concluded that the applicant constitutes a threat to national security and should not be granted protection in Bulgaria. The Administrative Court of Sofia city validated the negative decision, and the applicant...",13,0.75670207
1,Credibility Assessment Definition,175_chunk000,The Upper Tribunal Ruled that: i) There is no general duty of inquiry upon the examiner to authenticate documents produced in support of a protection claim. There may be exceptional situations when a document can be authenticated by a simple process of inquiry which will conclusively resolve the authenticity and reliability of a document.,16,0.75439256
1,Credibility Assessment Definition,176_chunk000,"The Upper Tribunal ruled that: I) The question of whether the Secretary of State has made a decision on the exercise of the discretionary power in Article 17 of the Dublin Regulation is one of fact which will be determined on the basis of evidence, direct or inferential. (II) Article 17 is an integral part of the Dublin regime.",17,0.7543814
1,Credibility Assessment Definition,583_chunk001,"The point raised was not adequately or properly pleaded and failed to specify whether the appropriate standard derived from EU law, international law or domestic law. The applicants also gave no legal basis for the test contended for; there was no...",18,0.75360715
1,Credibility Assessment Definition,996_chunk001,...,19,0.7535216
1,Credibility Assessment Definition,61_chunk001,...,20,0.7535216
1,Credibility Assessment Definition,643_chunk000,As per the published press release: The Council of State validates the criteria to be met by a new asylum application to be admissible.,21,0.7519314
1,Credibility Assessment Definition,643_chunk001,"Article L.723-16 of the CESEDA makes the admissibility of a request for reconsideration of an asylum application subject, on the one hand, to the presentation of new facts which have occurred or revealed after the rejection of the previous application or new evidence and, secondly, the finding that their probative value is capable of modifying the...",22,0.7513795
1,Credibility Assessment Definition,974_chunk001,A situation when legal consequences of a contested decision of the regional court represented a threat of serious harm and the granting of suspensive effect is not contrary to public interest is a fundamental and unavoidable condition that has to be met in order for the Court of Cassation to grant suspensive effect of a...,23,0.7495674
1,Credibility Assessment Definition,43_chunk001,The administrative authority then concluded that the applicant “constitutes a danger to...,24,0.74937516
1,Credibility Assessment Definition,995_chunk001,"Persons from the West Bank can claim to have legitimate fears with regard to Israel, which is not a third State vis-a-vis the West Bank. In this case, the CNDA had rejected the appeal of an applicant from the West Bank after having ruled that he came exclusively under the jurisdiction of the Palestinian Authority. Yet the Council of State...",25,0.7489412
1,Credibility Assessment Definition,175_chunk001,"(ii) There is a general duty of confidentiality during the process of examining a protection claim, including appellate and judicial review proceedings. If...",26,0.74875915
1,Credibility Assessment Definition,934_chunk000,"The Division is of the opinion that there are reasons to assume that the situation in Afghanistan for Hazara is now less safe than in the past. The information now available shows that, for all kinds of reasons, Hazara could have problems with different combating groups in Afghanistan.",27,0.74721617
1,Credibility Assessment Definition,141_chunk001,"Second, the High Court concurred with the SSHD that confidentiality is a vital element for the working of the asylum system and the fulfilment of obligations under the Refugee Convention, the EU Qualification Directive and the European Convention on Human Rights (ECHR). The disclosure of information revealed during the asylum...",28,0.74701196
1,Credibility Assessment Definition,654_chunk001,"The examination concluded that the applicant was 18 years old, with a standard deviation of 6 months, meaning that...",29,0.74622995
1,Credibility Assessment Definition,938_chunk001,"The foreign national argues that the objectivity of decision-making is at stake and that the state secretary has acted in violation of the so-called four-eyes principle.

According to the...",31,0.74584514
1,Credibility Assessment Definition,506_chunk001,"He claimed to therefore qualify to obtain an ipso facto refugee declaration under the 1951 Convention relating to the Status of Refugees (Geneva Convention).

The Migration Court of Appeal relied on the CJEU jurisprudence,...",32,0.7457142
1,Credibility Assessment Definition,923_chunk000,An applicant must submit a request for protection with which he asserts target-country-related dangers that are objectively suitable in their nature for recognition as a person entitled to asylum or an award for international protection (material asylum request within the meaning of Section 13 (1) Asylum Act) refer the asylum procedure to the Federal Office.,33,0.74544847
1,Credibility Assessment Definition,45_chunk001,The administrative authority concluded that no new elements or findings have arisen or have been presented by the applicant. As regards the situation in the country of origin (Ukraine) the...,34,0.74528706
1,Credibility Assessment Definition,985_chunk001,"The Council of State reminded the CNDA of its duty to utilise, if it receives information regarding the existence of an “S” card for the appellant in question, its power to investigate and deemed that “by basing its opinion solely on the content of the “S” card, [...] without gathering, in order to reach its...",35,0.74527335
1,Credibility Assessment Definition,84_chunk001,The applicant's family home was attacked three times in 2008 by masked men demanding money. The applicant believes those...,36,0.7447942
1,Credibility Assessment Definition,204_chunk001,"The Tribunal, applying reg.8(11)(b) of the European Union (Subsidiary Protection) Regulations 2013, decided it was in the interests of justice to hold an oral hearing (the Tribunal wished to raise in person with the applicant...",38,0.7438889
1,Credibility Assessment Definition,976_chunk001,The Court of Cassation due to the low-profile status of the plaintiff as one of the many construction workers involved in the construction of flood protection structures without a sufficient level of individualizing elements concerning the plaintiff and with respect to the story provided by him did not find the conclusion...,40,0.74317515
1,Credibility Assessment Definition,577_chunk000,"This case concerns the validity of asylum application in accordance with § 29 para. 1 no. 5 i. V. m. Section 71a (1) Asylum Act, in accordance with Section 31 (3) Sentence 1 AsylG. It also refers to the examination of a prohibition on removal according to § 60 Abs. 5 AufenthG i. V. m.",41,0.74308574
1,Credibility Assessment Definition,961_chunk001,"It is beyond doubt that if a person cannot exercise his/her rights in front of an administrative court in the language he/she understands, such exercise of the right would be ineffective and the basic objective of the right to a fair trial would not be fulfilled. The right to carry...",42,0.74261844
1,Credibility Assessment Definition,993_chunk001,"The Council of State reaffirmed its jurisprudence concerning application of Article L. 733-5 of the CESEDA (CE, 22 June 2017, N° 400366) in which the CNDA may refer cases back to OFPRA if the applicants had not been able to make themselves understood during their interview with the Office and if the Office was responsible for this lack of...",43,0.7423778
1,Credibility Assessment Definition,970_chunk001,"With respect to the plaintiff's objections, the Court of Cassation states that these are unjustified. It is clear from the defendant's administrative file that the plaintiff's legal representative was allowed to be present during the interview and she was given an opportunity to comment as stipulated in Art. 23 of the Directive 2013/32/EU...",44,0.7421206
1,Credibility Assessment Definition,142_chunk001,The individual facts of each case should be considered to determine whether detention will cause a particular individual in his particular circumstances to suffer treatment contrary to Article 3. In view of...,46,0.74163944
1,Credibility Assessment Definition,140_chunk002,"Each case, however, must be determined on its own facts. Under Muslim law, as...",47,0.7408627
1,Credibility Assessment Definition,645_chunk000,"As per CNDA press release: When the ECtHR concludes that there is a real risk of inhuman or degrading treatment if returned to the country of origin, the CNDA is obliged not only to consider as admissible a request for review by the person concerned but also to grant him at least the benefit of subsidiary protection within the meaning of Article L. 712-1 (b) of the CESEDA.",48,0.7407199
1,Credibility Assessment Definition,366_chunk001,Relief sought The relief sought in the proceedings is certiorari of the decision of the tribunal. The grounds of challenge essentially fell...,49,0.7407156
1,Credibility Assessment Definition,649_chunk000,"If an affiliate with a time-limited residence permit and status as an alternative person in need of protection can be considered to have well-founded prospects of being granted a permanent residence permit, it can be judged on the basis of how likely it is that the need for protection remains when the current permit expires.",51,0.73949045
1,Credibility Assessment Definition,177_chunk000,"The Court of Appeal (civil division) ruled that the Upper Tribunal had not erred in adjudicating on the legality of a decision by the Secretary of State to cease treating a foreign criminal as a refugee, and in holding that cessation of his refugee status had been unlawful.

...",52,0.73948854
1,Credibility Assessment Definition,986_chunk001,"The Council of State recalled the principle of confidentiality as mentioned in its decision dating from 27 July 2016 (N° 386797) according to which the Office is bound to guarantee the confidentiality of any information that could endanger persons seeking asylum, as well as the respect for privacy and for doctor-patient confidentiality. The...",53,0.7393665
1,Credibility Assessment Definition,51_chunk001,"rst application for international protection lodged in 2006.

Those elements that could have...",54,0.7392184
1,Credibility Assessment Definition,942_chunk000,"The case concerns the possibility of detention when the asylum application is rejected but the time frame to submit an appeal has not expired. The judgments in Gnandi and the order in C., J. and S. do not envisage that the...",55,0.7391732
1,Credibility Assessment Definition,511_chunk001,"When the application was granted, it was assumed that the conditions in their home country were unstable and that the women and her daughter risked being subjected to inhuman treatment. The revocation was justified by the fact...",56,0.7389785
1,Credibility Assessment Definition,932_chunk001,"In case the requesting Member State is not satisfied with the rejection, the requesting Member State may submit a request for re-examination in accordance with Art 5.2. of the Implementing Regulation. The Federal Administrative Court and the Supreme Administrative Court confirmed this...",57,0.73878515
1,Credibility Assessment Definition,35_chunk000,"! With regard to reception, UK implements Council Directive 2003/9/EC. This case concerns a challenge to a decision by the Secretary of State for the Home Department (""the Respondent"") as to the weekly rate of asylum support paid for child dependants of asylum seekers.",58,0.7386534
1,Credibility Assessment Definition,980_chunk000,"According to the national contribution to the EMN Annual Report on Migration and Asylum 2019:

In these judgments (no. 230.067 and no. 230.068) the Council states that the principle of ""family unity"" does not give rise to a right to...",59,0.73859304
1,Credibility Assessment Definition,505_chunk000,Judgment 1.,60,0.7385353
1,Credibility Assessment Definition,4707_chunk000,"In A.I. v. Switzerland the Court held in particular that, on account of his political activities in exile, it was possible that the applicant had attracted the attention of the Sudanese intelligence services. It found that there were therefore reasonable grounds for believing that the applicant ran the risk of being detained, interrogated and tortured on his arrival at Khartoum Airport.

...",61,0.73849016
1,Credibility Assessment Definition,170_chunk001,"The Court ruled that with the rules on distribution and allocation (§§ 50, 51 AsylG), the law takes into account the regularly particularly important public interest , the burden associated with the reception of asylum seekers in terms of accommodation, food and supervision, evenly on the Federal states and municipalities (see § 45 AsylG). In that regard, an asylum seeker - such as the...",62,0.7383704
1,Credibility Assessment Definition,939_chunk000,"This is linked to Case C‑652/16, C- 586/17

By order for reference of 4 October 2017, the Division asked the Court of Justice to give a preliminary ruling...",64,0.7379154
1,Credibility Assessment Definition,668_chunk000,"The Council of State rules on personal interview realised on ones native language. The CNDA decision is annulled as in the contested decision the Court failed to answer the plea regarding the absence of Chechen interpretation in the asylum interview and consequently, the impossibility of the applicant to be understood.

...",66,0.73641026
1,Credibility Assessment Definition,583_chunk000,Two related cases involved applicants applying for asylum on the basis of claiming persecution because of their sexual orientation. The applicants submited that the correct standard of proof required should be a reasonable degree of likelihood.,67,0.7361773
1,Credibility Assessment Definition,138_chunk001,"curity).

The court has ruled that the current legal regulation, under which a return decision in...",69,0.7358372
1,Credibility Assessment Definition,176_chunk001,The suggestion that the Article 17 discretion falls to be exercised only where the family reunification criteria in Article 8 are not satisfied is misconceived. ...,70,0.7357553
1,Credibility Assessment Definition,3968_chunk001,"After other unsuccessful applications, the SEM allowed the reconsideration of the case in 2018 and the applicant was allowed to submit evidence and replies. His application was rejected, and he appealed...",72,0.73500407
1,Credibility Assessment Definition,88_chunk000,"The Court of Appeal confirmed that the First-tier Tribunal had been entitled to refuse an asylum seeker's appeal against the refusal of her claims for asylum and humanitarian protection. She had failed to establish a well-founded fear of persecution if returned to Iran on the basis of her political activities, conversion to Christianity, and the risk of domestic violence from her husband...",73,0.73468006
1,Credibility Assessment Definition,925_chunk001,", due to systemic weaknesses in accordance with Article 3(2) of the Dublin III...",74,0.7346706
1,Credibility Assessment Definition,651_chunk001,"The case concerned the applicant's deportation from Germany to Tunisia because he was deemed to be a potential offender who posed a threat to national security (so-called “Gefährder”), based on his activities for “Islamic State”. The Court...",75,0.7345095
1,Credibility Assessment Definition,121_chunk001,"Her brother was given refugee status and his family (spouse and children) the extension of the protection given to him (extension of the refugee status), while his sister was rejected based on the fact that the dependency criteria were not met according to art. 40.1.d. The National High Court interprets the dependency criteria and...",76,0.734494
1,Credibility Assessment Definition,943_chunk000,"In its rulings of 1 February 2017, ECLI:NL:RVS:2017:209 and ECLI:NL:RVS:2017:210, the Council of State found that the Minister for Migration had rightly designated Morocco as a safe country of origin and that the information provided in this case does not lead to a...",78,0.7341418
1,Credibility Assessment Definition,510_chunk000,"The Court of Sessions found there was no unlawful discrimination arising from a reduction in the amount of asylum support payable to asylum seekers with one or more dependent children, following a government review. ...",79,0.7340729
1,Credibility Assessment Definition,3964_chunk001,During the interview it was noted that the interpreter had to explain the questions multiple times and that even the interpreter admitted that his interpretation was not always accurate. Although the...,80,0.733968
1,Credibility Assessment Definition,563_chunk000,"The case concerns the moment at which an asylum application is lodged, in particular with regard to a subsequent asylum application. This moment is important for the entitlement to reception by the foreign national.",81,0.7335504
1,Credibility Assessment Definition,84_chunk000,"In summary, the applicant claims as follows. He is a national of the Democratic Republic of Congo. He has a well-founded fear of persecution if returned to that country on the ground of his membership of a particular social group, specifically his family, and of his political opinion, specifically his membership of, and involvement with, the UDPS political party there.",82,0.73353845
1,Credibility Assessment Definition,125_chunk000,"The Supreme Administrative Court finds that the mere fact that the appellant is told to be in regular contact with the families, not in itself be regarded as evidence that he was required by the return of the Directive any degree of certainty would be returned to any family member or designated guardian, or that for him would be adequate reception at home at home .

...",83,0.7330733
1,Credibility Assessment Definition,55_chunk001,As part of her asylum claim the applicant submitted a refugee card and a letter from AREF to corroborate her account. The...,84,0.73307174
1,Credibility Assessment Definition,169_chunk000,"The Court ruled on the guidance set out in HJ (Iran) v Secretary of State for the Home Department [2010] UKSC 31 on the approach to sexual orientation asylum claims, including consideration of whether a gay applicant for international protection would conceal their sexual orientation upon return to their country of origin and the reasons for concealment, was compatible with Directive 2004/83...",85,0.73299646
1,Credibility Assessment Definition,56_chunk000,The applicants were two Albanian asylum seekers who challenged the decision of the Refugee Appeals Tribunal upholding the decision of the Office of the Refugee Applications Commissioner that the United Kingdom was the member state responsible for determining their applications for asylum.,86,0.73288107
1,Credibility Assessment Definition,19_chunk001,"In connection with the return to home country, the reunification with the family could, in the light of the evidence presented in the case, in itself be considered to be in A's interest. To return home to A's...",87,0.732793
1,Credibility Assessment Definition,3207_chunk001,"The determining authority considered that there is no risk for the applicant as his father died in 2017, he was a former professional soldier, and his mother...",88,0.7326508
1,Credibility Assessment Definition,608_chunk001,"The judge at first instance found that the detention was based on an incorrect legal basis, and the Secretary of State appealed to the Council of State. On 31 July, the district court of the Hague, sitting in...",89,0.73232263
1,Credibility Assessment Definition,563_chunk001,"On 6 June 2017, the Central Agency for the Reception of Asylum Seekers (COA) rejected an application from a foreign national to allow the benefit of reception conditions. By decision of 5 July 2017, the Court of the Hague upheld the appeal lodged by the foreign...",90,0.7322364
1,Credibility Assessment Definition,933_chunk000,"The Division finds that the general safety situation in Afghanistan, particularly in Nangarhar and Ghazni, remains unabatedly alarming. In certain respects, the safety situation in Afghanistan has even worsened compared to June 2018, the end point of the reporting period dealt with in the earlier ruling of the Division of 1 October 2018. On the other hand, however, the...",91,0.7322092
1,Credibility Assessment Definition,633_chunk000,"The legal question concerned a situation in which the applicant (a third country national) claimed asylum based on events that had happened in another EU MS in which the applicant had lived and towards which the Dublin Regulation was applicable. In the current case, a Nigerian national claimed she was in danger of persecution and serious harm in Spain due to her ex-husband.",93,0.73175836
1,Credibility Assessment Definition,5890_chunk001,"On 22 August 2018, at the applicants' request, the ECtHR, under the interim measure procedure, ordered the Hungarian Government to ensure that the environment in which the applicants were placed...",94,0.7317188
1,Credibility Assessment Definition,651_chunk000,According to the Press Release: In its decision in the case of Saidani v. Germany (application no. 17675/18) the European Court of Human Rights has unanimously declared the application inadmissible. The decision is final.,95,0.7317008
1,Credibility Assessment Definition,934_chunk001,"This could be because a certain faith and therefore also a certain political affiliation is ascribed to them, but also for example because of a certain socio-economic position. According to...",96,0.7313551
1,Credibility Assessment Definition,197_chunk001,During the course of the Refugee Application Commissioner's examination of the applicants' file under Dublin III the applicants requested that the Commissioner exercise discretion under art.17 of the Regulation to...,97,0.73131484
1,Credibility Assessment Definition,200_chunk001,During the course of the Refugee Application Commissioner's examination of the applicants' file under Dublin III the applicants requested that the Commissioner exercise discretion under art.17 of the Regulation to...,98,0.73131484
1,Credibility Assessment Definition,171_chunk000,The Upper Tribunal had been justified in rejecting an asylum seeker's account that scarring on his body had been caused by torture administered by the Sri Lankan authorities and in inferring that it was self-inflicted.,99,0.731066
2,Credibility Assessment & Interpretation,964_chunk001,"The line of reasoning of the defendant who claims that the plaintiff had a legal representative present during the hearing who, unlike the plaintiff, is well versed in the law, could not hold, since the examination of the asylum seeker in the court proceedings represents one of the most important...",5,0.78337777
2,Credibility Assessment & Interpretation,984_chunk001,"The Council ruled that, indeed, the burden of the proof on whether an applicant has been granted an international protection in another MS or not lies on the CGRS, nonetheless, this proof being made, it is up to the applicant to provide evidence when he challenges the actuality or the effectiveness of his protection.Also, the question whether the applicant may be readmit by...",6,0.78086555
2,Credibility Assessment & Interpretation,176_chunk000,"The Upper Tribunal ruled that: I) The question of whether the Secretary of State has made a decision on the exercise of the discretionary power in Article 17 of the Dublin Regulation is one of fact which will be determined on the basis of evidence, direct or inferential. (II) Article 17 is an integral part of the Dublin regime.",8,0.7741595
2,Credibility Assessment & Interpretation,978_chunk001,The Court of Cassation is of the opinion that in the plaintiff's case defining conceptual elements of a social group were not accomplished as stipulated in the provision of Art. 19a par. 4 (c) of the Act on Asylum. Performance of a work activity by a plaintiff or his education and qualifications do not...,10,0.7698355
2,Credibility Assessment & Interpretation,175_chunk000,The Upper Tribunal Ruled that: i) There is no general duty of inquiry upon the examiner to authenticate documents produced in support of a protection claim. There may be exceptional situations when a document can be authenticated by a simple process of inquiry which will conclusively resolve the authenticity and reliability of a document.,12,0.7673044
2,Credibility Assessment & Interpretation,178_chunk001,"The guidance was designed to ensure that such persons had an effective right of access to the tribunal and a voice in the proceedings, and that their claims were fairly determined....",15,0.76425135
2,Credibility Assessment & Interpretation,505_chunk000,Judgment 1.,16,0.7633401
2,Credibility Assessment & Interpretation,996_chunk001,...,19,0.7621416
2,Credibility Assessment & Interpretation,61_chunk001,...,20,0.7621416
2,Credibility Assessment & Interpretation,643_chunk001,"Article L.723-16 of the CESEDA makes the admissibility of a request for reconsideration of an asylum application subject, on the one hand, to the presentation of new facts which have occurred or revealed after the rejection of the previous application or new evidence and, secondly, the finding that their probative value is capable of modifying the...",21,0.7611905
2,Credibility Assessment & Interpretation,4037_chunk001,"The application was rejected based on a written opinion of the State Agency for National Security (SANS), which concluded that the applicant constitutes a threat to national security and should not be granted protection in Bulgaria. The Administrative Court of Sofia city validated the negative decision, and the applicant...",22,0.7605125
2,Credibility Assessment & Interpretation,577_chunk000,"This case concerns the validity of asylum application in accordance with § 29 para. 1 no. 5 i. V. m. Section 71a (1) Asylum Act, in accordance with Section 31 (3) Sentence 1 AsylG. It also refers to the examination of a prohibition on removal according to § 60 Abs. 5 AufenthG i. V. m.",23,0.760225
2,Credibility Assessment & Interpretation,934_chunk000,"The Division is of the opinion that there are reasons to assume that the situation in Afghanistan for Hazara is now less safe than in the past. The information now available shows that, for all kinds of reasons, Hazara could have problems with different combating groups in Afghanistan.",24,0.7600826
2,Credibility Assessment & Interpretation,643_chunk000,As per the published press release: The Council of State validates the criteria to be met by a new asylum application to be admissible.,25,0.75976616
2,Credibility Assessment & Interpretation,961_chunk001,"It is beyond doubt that if a person cannot exercise his/her rights in front of an administrative court in the language he/she understands, such exercise of the right would be ineffective and the basic objective of the right to a fair trial would not be fulfilled. The right to carry...",26,0.7597507
2,Credibility Assessment & Interpretation,938_chunk001,"The foreign national argues that the objectivity of decision-making is at stake and that the state secretary has acted in violation of the so-called four-eyes principle.

According to the...",30,0.75855494
2,Credibility Assessment & Interpretation,45_chunk001,The administrative authority concluded that no new elements or findings have arisen or have been presented by the applicant. As regards the situation in the country of origin (Ukraine) the...,31,0.75851125
2,Credibility Assessment & Interpretation,170_chunk001,"The Court ruled that with the rules on distribution and allocation (§§ 50, 51 AsylG), the law takes into account the regularly particularly important public interest , the burden associated with the reception of asylum seekers in terms of accommodation, food and supervision, evenly on the Federal states and municipalities (see § 45 AsylG). In that regard, an asylum seeker - such as the...",32,0.7582017
2,Credibility Assessment & Interpretation,175_chunk001,"(ii) There is a general duty of confidentiality during the process of examining a protection claim, including appellate and judicial review proceedings. If...",33,0.7581457
2,Credibility Assessment & Interpretation,583_chunk001,"The point raised was not adequately or properly pleaded and failed to specify whether the appropriate standard derived from EU law, international law or domestic law. The applicants also gave no legal basis for the test contended for; there was no...",34,0.758133
2,Credibility Assessment & Interpretation,35_chunk000,"! With regard to reception, UK implements Council Directive 2003/9/EC. This case concerns a challenge to a decision by the Secretary of State for the Home Department (""the Respondent"") as to the weekly rate of asylum support paid for child dependants of asylum seekers.",35,0.758036
2,Credibility Assessment & Interpretation,506_chunk001,"He claimed to therefore qualify to obtain an ipso facto refugee declaration under the 1951 Convention relating to the Status of Refugees (Geneva Convention).

The Migration Court of Appeal relied on the CJEU jurisprudence,...",36,0.7575104
2,Credibility Assessment & Interpretation,974_chunk001,A situation when legal consequences of a contested decision of the regional court represented a threat of serious harm and the granting of suspensive effect is not contrary to public interest is a fundamental and unavoidable condition that has to be met in order for the Court of Cassation to grant suspensive effect of a...,38,0.7571235
2,Credibility Assessment & Interpretation,985_chunk001,"The Council of State reminded the CNDA of its duty to utilise, if it receives information regarding the existence of an “S” card for the appellant in question, its power to investigate and deemed that “by basing its opinion solely on the content of the “S” card, [...] without gathering, in order to reach its...",39,0.75700045
2,Credibility Assessment & Interpretation,142_chunk001,The individual facts of each case should be considered to determine whether detention will cause a particular individual in his particular circumstances to suffer treatment contrary to Article 3. In view of...,40,0.75674653
2,Credibility Assessment & Interpretation,995_chunk001,"Persons from the West Bank can claim to have legitimate fears with regard to Israel, which is not a third State vis-a-vis the West Bank. In this case, the CNDA had rejected the appeal of an applicant from the West Bank after having ruled that he came exclusively under the jurisdiction of the Palestinian Authority. Yet the Council of State...",41,0.7565743
2,Credibility Assessment & Interpretation,645_chunk000,"As per CNDA press release: When the ECtHR concludes that there is a real risk of inhuman or degrading treatment if returned to the country of origin, the CNDA is obliged not only to consider as admissible a request for review by the person concerned but also to grant him at least the benefit of subsidiary protection within the meaning of Article L. 712-1 (b) of the CESEDA.",42,0.75562227
2,Credibility Assessment & Interpretation,176_chunk001,The suggestion that the Article 17 discretion falls to be exercised only where the family reunification criteria in Article 8 are not satisfied is misconceived. ...,43,0.7555234
2,Credibility Assessment & Interpretation,976_chunk001,The Court of Cassation due to the low-profile status of the plaintiff as one of the many construction workers involved in the construction of flood protection structures without a sufficient level of individualizing elements concerning the plaintiff and with respect to the story provided by him did not find the conclusion...,45,0.755309
2,Credibility Assessment & Interpretation,942_chunk000,"The case concerns the possibility of detention when the asylum application is rejected but the time frame to submit an appeal has not expired. The judgments in Gnandi and the order in C., J. and S. do not envisage that the...",46,0.75448763
2,Credibility Assessment & Interpretation,140_chunk002,"Each case, however, must be determined on its own facts. Under Muslim law, as...",47,0.7542661
2,Credibility Assessment & Interpretation,943_chunk000,"In its rulings of 1 February 2017, ECLI:NL:RVS:2017:209 and ECLI:NL:RVS:2017:210, the Council of State found that the Minister for Migration had rightly designated Morocco as a safe country of origin and that the information provided in this case does not lead to a...",48,0.75410795
2,Credibility Assessment & Interpretation,988_chunk001,"In this case, the CNDA had annulled the Office's decision to end protection on the basis of Article L. 711-6 (1) of the CESEDA, holding that the Note Blanche from the intelligence services tendered in the course of adversarial proceedings was insufficiently specific (jihadist profile). The Council of State annulled the Court's decision on...",49,0.75357133
2,Credibility Assessment & Interpretation,141_chunk001,"Second, the High Court concurred with the SSHD that confidentiality is a vital element for the working of the asylum system and the fulfilment of obligations under the Refugee Convention, the EU Qualification Directive and the European Convention on Human Rights (ECHR). The disclosure of information revealed during the asylum...",50,0.7531575
2,Credibility Assessment & Interpretation,993_chunk001,"The Council of State reaffirmed its jurisprudence concerning application of Article L. 733-5 of the CESEDA (CE, 22 June 2017, N° 400366) in which the CNDA may refer cases back to OFPRA if the applicants had not been able to make themselves understood during their interview with the Office and if the Office was responsible for this lack of...",51,0.7528401
2,Credibility Assessment & Interpretation,577_chunk001,"Article 3 ECHR, depending on the circumstances of the individual case - firstly - asserted individual threats in the country of origin, - secondly - the existence of a situation of generalized violence in the...",54,0.75273633
2,Credibility Assessment & Interpretation,112_chunk000,According the Court's Information Note :,55,0.752337
2,Credibility Assessment & Interpretation,970_chunk001,"With respect to the plaintiff's objections, the Court of Cassation states that these are unjustified. It is clear from the defendant's administrative file that the plaintiff's legal representative was allowed to be present during the interview and she was given an opportunity to comment as stipulated in Art. 23 of the Directive 2013/32/EU...",56,0.7520612
2,Credibility Assessment & Interpretation,4707_chunk000,"In A.I. v. Switzerland the Court held in particular that, on account of his political activities in exile, it was possible that the applicant had attracted the attention of the Sudanese intelligence services. It found that there were therefore reasonable grounds for believing that the applicant ran the risk of being detained, interrogated and tortured on his arrival at Khartoum Airport.

...",57,0.7511101
2,Credibility Assessment & Interpretation,994_chunk001,"The Council of State overturned the CNDA's decision, ruling directly for the first time on the legal characterisation of facts in a case regarding application of Article L. 711-6. The Council of State had already extended control over the decisions of the CNDA as to the legal characterisation of facts on exclusion issues (CE, 9 November 2016,...",59,0.7505049
2,Credibility Assessment & Interpretation,980_chunk000,"According to the national contribution to the EMN Annual Report on Migration and Asylum 2019:

In these judgments (no. 230.067 and no. 230.068) the Council states that the principle of ""family unity"" does not give rise to a right to...",61,0.7503415
2,Credibility Assessment & Interpretation,168_chunk000,"The Court confirmed that based on information from the UNHCR, the US Department of State and the Foreign Office, the Administrative Court has stated that the findings of the Bihari situation in Bangladesh do not provide any evidence for group persecution.",62,0.7502187
2,Credibility Assessment & Interpretation,649_chunk000,"If an affiliate with a time-limited residence permit and status as an alternative person in need of protection can be considered to have well-founded prospects of being granted a permanent residence permit, it can be judged on the basis of how likely it is that the need for protection remains when the current permit expires.",63,0.750075
2,Credibility Assessment & Interpretation,932_chunk001,"In case the requesting Member State is not satisfied with the rejection, the requesting Member State may submit a request for re-examination in accordance with Art 5.2. of the Implementing Regulation. The Federal Administrative Court and the Supreme Administrative Court confirmed this...",64,0.7498539
2,Credibility Assessment & Interpretation,511_chunk001,"When the application was granted, it was assumed that the conditions in their home country were unstable and that the women and her daughter risked being subjected to inhuman treatment. The revocation was justified by the fact...",66,0.7496842
2,Credibility Assessment & Interpretation,939_chunk000,"This is linked to Case C‑652/16, C- 586/17

By order for reference of 4 October 2017, the Division asked the Court of Justice to give a preliminary ruling...",67,0.74941343
2,Credibility Assessment & Interpretation,66_chunk000,(abstract provided by UNHCR) The FAC comes to the conclusion that the humanitarian situation in Kabul has deteriorated compared to the FAC's last analysis of the situation in 2011 (BVGE 2011/7 ). The situation is life-threatening and a removal to Kabul is in principle not reasonable.,68,0.7488141
2,Credibility Assessment & Interpretation,204_chunk001,"The Tribunal, applying reg.8(11)(b) of the European Union (Subsidiary Protection) Regulations 2013, decided it was in the interests of justice to hold an oral hearing (the Tribunal wished to raise in person with the applicant...",70,0.74868155
2,Credibility Assessment & Interpretation,177_chunk000,"The Court of Appeal (civil division) ruled that the Upper Tribunal had not erred in adjudicating on the legality of a decision by the Secretary of State to cease treating a foreign criminal as a refugee, and in holding that cessation of his refugee status had been unlawful.

...",71,0.74823725
2,Credibility Assessment & Interpretation,590_chunk000,"In an urgent action for the «granting of asylum or of a residence permit for subsidiary protection» the use of «official international reports on the political and social situation of the applicant's country of origin», by the court of appeal is not in breach of Articles 412 and 662 of the Civil Procedure Code.

...",72,0.74799883
2,Credibility Assessment & Interpretation,608_chunk001,"The judge at first instance found that the detention was based on an incorrect legal basis, and the Secretary of State appealed to the Council of State. On 31 July, the district court of the Hague, sitting in...",73,0.74765885
2,Credibility Assessment & Interpretation,366_chunk001,Relief sought The relief sought in the proceedings is certiorari of the decision of the tribunal. The grounds of challenge essentially fell...,74,0.7464685
2,Credibility Assessment & Interpretation,654_chunk001,"The examination concluded that the applicant was 18 years old, with a standard deviation of 6 months, meaning that...",75,0.74634314
2,Credibility Assessment & Interpretation,923_chunk000,An applicant must submit a request for protection with which he asserts target-country-related dangers that are objectively suitable in their nature for recognition as a person entitled to asylum or an award for international protection (material asylum request within the meaning of Section 13 (1) Asylum Act) refer the asylum procedure to the Federal Office.,76,0.7463391
2,Credibility Assessment & Interpretation,145_chunk000,"The Administrative Court confirmed the Administrative Tribunal's ruling that there was a situation of generalized violence in Afghanistan leading to the grant of subsidiary protection to the asylum seeker. The Ministry of Foreign and European Affairs had appealed the Administrative Tribunal fearing a pull factor.

...",77,0.7459706
2,Credibility Assessment & Interpretation,56_chunk000,The applicants were two Albanian asylum seekers who challenged the decision of the Refugee Appeals Tribunal upholding the decision of the Office of the Refugee Applications Commissioner that the United Kingdom was the member state responsible for determining their applications for asylum.,78,0.7459589
2,Credibility Assessment & Interpretation,43_chunk001,The administrative authority then concluded that the applicant “constitutes a danger to...,79,0.74581486
2,Credibility Assessment & Interpretation,583_chunk000,Two related cases involved applicants applying for asylum on the basis of claiming persecution because of their sexual orientation. The applicants submited that the correct standard of proof required should be a reasonable degree of likelihood.,80,0.7457105
2,Credibility Assessment & Interpretation,986_chunk001,"The Council of State recalled the principle of confidentiality as mentioned in its decision dating from 27 July 2016 (N° 386797) according to which the Office is bound to guarantee the confidentiality of any information that could endanger persons seeking asylum, as well as the respect for privacy and for doctor-patient confidentiality. The...",81,0.74548477
2,Credibility Assessment & Interpretation,171_chunk001,"However, its guidance as to how medical evidence should be presented in ""self-infliction by proxy"" cases was to be treated as having no effect, because the proper approach to the instruction of experts was contained in the Practice Direction of the Immigration and Asylum Chambers...",82,0.74531436
2,Credibility Assessment & Interpretation,169_chunk000,"The Court ruled on the guidance set out in HJ (Iran) v Secretary of State for the Home Department [2010] UKSC 31 on the approach to sexual orientation asylum claims, including consideration of whether a gay applicant for international protection would conceal their sexual orientation upon return to their country of origin and the reasons for concealment, was compatible with Directive 2004/83...",83,0.7452245
2,Credibility Assessment & Interpretation,138_chunk001,"curity).

The court has ruled that the current legal regulation, under which a return decision in...",85,0.74499714
2,Credibility Assessment & Interpretation,563_chunk001,"On 6 June 2017, the Central Agency for the Reception of Asylum Seekers (COA) rejected an application from a foreign national to allow the benefit of reception conditions. By decision of 5 July 2017, the Court of the Hague upheld the appeal lodged by the foreign...",86,0.74499476
2,Credibility Assessment & Interpretation,2505_chunk001,"Upon appeal, the administrative court annulled the contested decision and stated that vulnerable Dublin returnees are entirely dependent on state support which is insufficient in terms of housing and minimum living standard, thus amounting to a risk of treatment contrary to the Article 4...",87,0.74496484
2,Credibility Assessment & Interpretation,625_chunk000,"As per the press release: The State Secretary for Security and Justice has not provided sufficient reasons why the transfer of two foreign nationals to Hungary under the European Dublin Regulation is not contrary to the ECHR. This is apparent from two judgments from the Administrative Jurisdiction Division of the Council of State today (November 26, 2015).",88,0.74495757
2,Credibility Assessment & Interpretation,84_chunk001,The applicant's family home was attacked three times in 2008 by masked men demanding money. The applicant believes those...,89,0.74472874
2,Credibility Assessment & Interpretation,19_chunk001,"In connection with the return to home country, the reunification with the family could, in the light of the evidence presented in the case, in itself be considered to be in A's interest. To return home to A's...",90,0.7445631
2,Credibility Assessment & Interpretation,633_chunk000,"The legal question concerned a situation in which the applicant (a third country national) claimed asylum based on events that had happened in another EU MS in which the applicant had lived and towards which the Dublin Regulation was applicable. In the current case, a Nigerian national claimed she was in danger of persecution and serious harm in Spain due to her ex-husband.",91,0.74454105
2,Credibility Assessment & Interpretation,4705_chunk000,"Judgment concerning the freedom of movement of asylum seekers in Ceuta and Melilla, although his application for international protection was admitted for examination.

...",92,0.74446833
2,Credibility Assessment & Interpretation,186_chunk000,"According the WLR Daily case summaries The asylum claimant, an Iraqi national, entered the United Kingdom and claimed asylum. His claim was refused by the Secretary of State and he appealed pursuant to section 82 of the Nationality, Immigration and Asylum Act 2002. His appeal was dismissed by the First-tier Tribunal.",93,0.74392194
2,Credibility Assessment & Interpretation,4231_chunk000,"The case concerned the question whether the State Secretary had correctly established the date from which the applicant benefits of asylum, how to establish the date of application.",94,0.74341506
2,Credibility Assessment & Interpretation,181_chunk001,"However, it is recognized that individuals fleeing persecution may have to resort to the use of false papers to make good their escape. Therefore, under section 31 of the Immigration and Asylum Act 1999...",95,0.74331313
2,Credibility Assessment & Interpretation,51_chunk001,"rst application for international protection lodged in 2006.

Those elements that could have...",96,0.743284
2,Credibility Assessment & Interpretation,589_chunk000,"I – Notification to the applicant for international protection, to account for the content of his statement, does not comply with the formalities required by Article 17 (1 and 2) of the Asylum law under which a written report, containing all the essential information regarding the case and to which the applicant can respond, must be drawn up.",97,0.74317586
2,Credibility Assessment & Interpretation,562_chunk001,"This moment is important for the commencement date of the temporary asylum residence permit granted to the foreign national.

By decision...",98,0.7429849
3,Subsidiary Protection Definition,606_chunk000,"1. This request for a preliminary ruling concerns the interpretation of Article 46 of Directive 2013/32/EU of the European Parliament and of the Council of 26 June 2013 on common procedures for granting and withdrawing international protection (OJ 2013 L 180, p.",31,0.77575004
3,Subsidiary Protection Definition,974_chunk001,A situation when legal consequences of a contested decision of the regional court represented a threat of serious harm and the granting of suspensive effect is not contrary to public interest is a fundamental and unavoidable condition that has to be met in order for the Court of Cassation to grant suspensive effect of a...,32,0.775198
3,Subsidiary Protection Definition,3250_chunk001,"Thus, the repealed provision, which states that the absence of proof of possession of the means to support oneself constitutes a threat to public order or safety and is a factor to be taken into account when assessing the duration of an entry ban of up...",36,0.7713126
3,Subsidiary Protection Definition,505_chunk001,"This request for a preliminary ruling concerns the interpretation of Article 4(2) and (5)(b), Article 9(1) and (2) and Article 10(1) and (2) of Directive 2011/95/EU of the European Parliament and of the Council of 13 December 2011 on standards for the qualification of third-country nationals or stateless persons as beneficiaries of international protection, for a uniform status for refugees or for",40,0.7657899
3,Subsidiary Protection Definition,148_chunk001,The Court had to answer whether Contracting States have an obligation to grant refugee status to an asylum-seeker who can establish that he/she has a well-founded fear of persecution for reasons of one or more of the Convention grounds of the 1951 Convention [thus falling under the scope of the inclusion clauses] where the risk of persecution is based on circumstances created by the applicant's ‘o,41,0.76511526
3,Subsidiary Protection Definition,656_chunk000,The case concerns an appeal against the decision of the Court of The Hague of 5 October 2016 in case no. 16/20135. The Administrative Jurisdiction Division of the Council of State clarified that the Immigration and Naturalisation Service (IND ) is required to assess in an individual manner whether the criteria for protection still exist.,42,0.76495755
3,Subsidiary Protection Definition,3313_chunk001,"The Regional Administrative Court of Hannover, upholding the applicants submissions, had decided that the Dublin transfer would put the applicant at risk of indirect refoulment and treatment contrary to Article 3 ECHR and 4 EU Charter due to pushbacks by Slovenian authorities.

The Higher Administrative Court of...",43,0.76429725
3,Subsidiary Protection Definition,996_chunk001,...,45,0.76381916
3,Subsidiary Protection Definition,61_chunk001,...,46,0.76381916
3,Subsidiary Protection Definition,121_chunk001,"Her brother was given refugee status and his family (spouse and children) the extension of the protection given to him (extension of the refugee status), while his sister was rejected based on the fact that the dependency criteria were not met according to art. 40.1.d. The National High Court interprets the dependency criteria and...",47,0.7636913
3,Subsidiary Protection Definition,547_chunk000,"In response to a legal remedy filed against the Federal Office for Immigration and Asylum, the Supreme Administrative Court ruled that, in accordance with Art 13 para 1 of the Dublin III Regulation (604/2013), the Member State whose border an individual applying for international protection had crossed irregularly is responsible for examining that application (ruling in case Ra 2017/19/0169-9 of 5",48,0.7631906
3,Subsidiary Protection Definition,2508_chunk000,"The applicant, national of Philippine, contested an inadmissibility decision issued by BAMF on 21 February 2018 on the basis of Paragraph 29(1)(1)(a) AsylG, because he has previously applied for international protection in France. It was decided that there are ni prohibitions to deportation and ordered a 9 months entry ban.",49,0.7628004
3,Subsidiary Protection Definition,988_chunk001,"In this case, the CNDA had annulled the Office's decision to end protection on the basis of Article L. 711-6 (1) of the CESEDA, holding that the Note Blanche from the intelligence services tendered in the course of adversarial proceedings was insufficiently specific (jihadist profile). The Council of State annulled the Court's decision on...",50,0.76276696
3,Subsidiary Protection Definition,3265_chunk000,"The applicants, a family with children, nationals of Georgia, applied for international protection in Spain on 3 July 2018, stating that the husband had a traffic accident with an employee of a hotel near his home, that he received compensation from the hotel, and in turn, the hotel claimed the money from the employee for being the culprit.",52,0.7622726
3,Subsidiary Protection Definition,35_chunk000,"! With regard to reception, UK implements Council Directive 2003/9/EC. This case concerns a challenge to a decision by the Secretary of State for the Home Department (""the Respondent"") as to the weekly rate of asylum support paid for child dependants of asylum seekers.",62,0.759845
3,Subsidiary Protection Definition,99_chunk001,"76 para 2 subpara 1 Aliens Police Act, could not be subsumed under one of the conditions defined in...",63,0.7598178
3,Subsidiary Protection Definition,100_chunk000,"The case concerns to Afghani sisters who reached Austria through Croatia and applied for international protection. The authorities considered Croatia as the responsible MS for examining the applications of all family members. The Court followed he judgment of the ECJ, C-490/16, adopted on 26 July 2017, deciding on the reference for a preliminary ruling made by the Slovene Supreme Court.",64,0.7593086
3,Subsidiary Protection Definition,366_chunk001,Relief sought The relief sought in the proceedings is certiorari of the decision of the tribunal. The grounds of challenge essentially fell...,67,0.7585732
3,Subsidiary Protection Definition,141_chunk001,"Second, the High Court concurred with the SSHD that confidentiality is a vital element for the working of the asylum system and the fulfilment of obligations under the Refugee Convention, the EU Qualification Directive and the European Convention on Human Rights (ECHR). The disclosure of information revealed during the asylum...",68,0.7580309
3,Subsidiary Protection Definition,85_chunk000,Main issues may be summarized as follows: i) Regulation 604/13/EU (the Dublin Regulation) occupies the field to which it applies and operates as a measure of supreme EU law therein. (ii) It is not open to the Secretary of State to unilaterally and selectively disapply certain provisions of the Dublin Regulation and its sister implementing Commission Regulation as this is contrary to EU law.,69,0.7579499
3,Subsidiary Protection Definition,936_chunk000,"This is linked to Joined Cases C‑582/17 and C‑583/17

By order for reference of 27 September 2017, the Division asked the Court of Justice to give a preliminary ruling on the question asked about the interpretation of the Dublin Regulation (OJ 2013, L180). The Division thereby suspended...",70,0.75772333
3,Subsidiary Protection Definition,996_chunk000,"According to the national contribution to the EMN Annual Report on Migration and Asylum 2019:

For the Council of State, the civil registry records reconstituted by the French Office for the Protection of Refugees and Stateless Persons (OFPRA) have identical value to the official originals, which precludes consular authorities contesting the particulars contained therein, except in cases of fraud.",71,0.75737643
3,Subsidiary Protection Definition,105_chunk000,"According to the Supreme Court, it was not contrary to the Human Rights Convention that a man from Syria who had been granted temporary protection status in Denmark should wait 3 years for family reunification with his spouse The case concerned the review of the Immigration Board's decision, after which A and B, who were spouses, had been refused family reunification in Denmark.",72,0.7569611
3,Subsidiary Protection Definition,58_chunk001,"regulations transposing that Directive into Irish law.

The applicant was born in Cameroon in...",73,0.7566638
3,Subsidiary Protection Definition,2509_chunk000,"The applicant, Guinean national, contested the inadmissibility decision adopted based on Paragraph 29(1)(1)(a) of the AsylG, because he entered Germany and applied for international protection on 11 April 2018 but he had previously applied in Spain (Eurodac hit report). The BAMF also found no prohibition to deportation and issued a 6 months entry ban.",74,0.756623
3,Subsidiary Protection Definition,175_chunk000,The Upper Tribunal Ruled that: i) There is no general duty of inquiry upon the examiner to authenticate documents produced in support of a protection claim. There may be exceptional situations when a document can be authenticated by a simple process of inquiry which will conclusively resolve the authenticity and reliability of a document.,75,0.7565587
3,Subsidiary Protection Definition,3232_chunk001,"This provision authorised access to the labour market to applicants who did not receive a decision from OFPRA within six months from their application, due to circumstances beyond their control, excluding Dublin applicants awaiting for their transfer to the Member State responsible to examine their asylum...",77,0.75598097
3,Subsidiary Protection Definition,938_chunk001,"The foreign national argues that the objectivity of decision-making is at stake and that the state secretary has acted in violation of the so-called four-eyes principle.

According to the...",78,0.7559633
3,Subsidiary Protection Definition,978_chunk001,The Court of Cassation is of the opinion that in the plaintiff's case defining conceptual elements of a social group were not accomplished as stipulated in the provision of Art. 19a par. 4 (c) of the Act on Asylum. Performance of a work activity by a plaintiff or his education and qualifications do not...,80,0.75584865
3,Subsidiary Protection Definition,21_chunk001,"The Supreme Administrative Court took a stand on using a private legal aid counsel in a matter falling under the Aliens Act. Pursuant to an amendment that entered into force on 1 September 2016, legal aid paid out of State funds shall primarily be provided by public legal aid attorneys when handling...",82,0.7555834
3,Subsidiary Protection Definition,134_chunk000,Limitation of an applicant's right to challenge a transfer order pursuant to the Dublin III Regulation to alleged breaches of the criteria for transfer. All other provisions of the Regulation such as provision of information or time limits for requests are addressed to the member states and an applicant is therefore not entitled to challenge a transfer on those grounds....,84,0.7554183
3,Subsidiary Protection Definition,504_chunk001,"A Member State which has earlier denied a request of take charge or take back according to Articles 21 or 23 of the Dublin III Regulation within the time limits and which, thereafter, receives a re-examination request under Article 5(2) of Regulation No 1560/2003, must...",85,0.7553018
3,Subsidiary Protection Definition,944_chunk000,"The Council of State decides on this case following the CJEU Judgment on the request for a preliminary ruling (C-180/17) originated in this regard.

Dutch law does not provide for automatic suspensive effect in asylum cases before the Council of State. Suspensive effect only applies to proceedings at the district court. This means that...",86,0.75523615
3,Subsidiary Protection Definition,967_chunk001,The Decision of the Court of Cassation on the granting of suspensive effect of the cassation appeal shall be seen as an extraordinary decision. The extraordinary nature of this procedural act of an administrative court resides in the fact that such action by the judiciary paralyses effects of the valid...,87,0.7549478
3,Subsidiary Protection Definition,937_chunk001,A decision moratorium means that the period within which asylum applications from Libyan foreign nationals must be processed by the state secretary is extended. This decision is important for all...,88,0.75480926
3,Subsidiary Protection Definition,510_chunk000,"The Court of Sessions found there was no unlawful discrimination arising from a reduction in the amount of asylum support payable to asylum seekers with one or more dependent children, following a government review. ...",89,0.7547755
3,Subsidiary Protection Definition,513_chunk001,The Supreme Court narrowed the scope of their assessment to be that of whether the revocation violated their right to private life cf. the European Convention of Human Rights Article 8 and Paragraph 102 of the Norwegian...,90,0.75447404
3,Subsidiary Protection Definition,4184_chunk001,"The State Secretary for Justice and Security postponed the decision on her entry to the Netherlands and by decision of 29 March 2023, the State Secretary imposed a custodial measure for the duration of the processing of her asylum application in the border procedure (Article 6, third paragraph, of the Aliens Act 2000). The applicant...",91,0.75415945
3,Subsidiary Protection Definition,625_chunk000,"As per the press release: The State Secretary for Security and Justice has not provided sufficient reasons why the transfer of two foreign nationals to Hungary under the European Dublin Regulation is not contrary to the ECHR. This is apparent from two judgments from the Administrative Jurisdiction Division of the Council of State today (November 26, 2015).",92,0.75358033
3,Subsidiary Protection Definition,939_chunk000,"This is linked to Case C‑652/16, C- 586/17

By order for reference of 4 October 2017, the Division asked the Court of Justice to give a preliminary ruling...",93,0.75355583
3,Subsidiary Protection Definition,658_chunk001,The Ministry of Labour and Social Security had withdrawn access to the reception system based on the ground that the applicant lost his right to stay there when left his previous center without previous communication. According to the Spanish...,96,0.7531723
3,Subsidiary Protection Definition,169_chunk000,"The Court ruled on the guidance set out in HJ (Iran) v Secretary of State for the Home Department [2010] UKSC 31 on the approach to sexual orientation asylum claims, including consideration of whether a gay applicant for international protection would conceal their sexual orientation upon return to their country of origin and the reasons for concealment, was compatible with Directive 2004/83...",97,0.7531556
4,Perceived Plausibility Of Past Events,643_chunk001,"Article L.723-16 of the CESEDA makes the admissibility of a request for reconsideration of an asylum application subject, on the one hand, to the presentation of new facts which have occurred or revealed after the rejection of the previous application or new evidence and, secondly, the finding that their probative value is capable of modifying the...",0,0.7820951
4,Perceived Plausibility Of Past Events,1086_chunk001,"Specifically, the assessment consisted of an initial observation by two officers from the Aliens Police, Identification and Human Trafficking Department (AVIM) on 22 January 2018, recorded in an official report, and a subsequent...",1,0.77720594
4,Perceived Plausibility Of Past Events,996_chunk001,...,3,0.77125686
4,Perceived Plausibility Of Past Events,61_chunk001,...,4,0.77125686
4,Perceived Plausibility Of Past Events,927_chunk000,"In the Senate's conviction, a comprehensive assessment of the current state of knowledge now lacks sufficient evidence to suggest that Syrian retired military-age returnees (conscripts, reservists) who have evaded from military service due to flight abroad are likely to be linked to ( alleged) oppositional or anti-regime sentiments of Syrian security forces to fear persecution (change in the Senat",5,0.7709287
4,Perceived Plausibility Of Past Events,511_chunk001,"When the application was granted, it was assumed that the conditions in their home country were unstable and that the women and her daughter risked being subjected to inhuman treatment. The revocation was justified by the fact...",6,0.77080876
4,Perceived Plausibility Of Past Events,938_chunk001,"The foreign national argues that the objectivity of decision-making is at stake and that the state secretary has acted in violation of the so-called four-eyes principle.

According to the...",7,0.7706442
4,Perceived Plausibility Of Past Events,84_chunk001,The applicant's family home was attacked three times in 2008 by masked men demanding money. The applicant believes those...,8,0.7705819
4,Perceived Plausibility Of Past Events,974_chunk001,A situation when legal consequences of a contested decision of the regional court represented a threat of serious harm and the granting of suspensive effect is not contrary to public interest is a fundamental and unavoidable condition that has to be met in order for the Court of Cassation to grant suspensive effect of a...,9,0.7693666
4,Perceived Plausibility Of Past Events,19_chunk001,"In connection with the return to home country, the reunification with the family could, in the light of the evidence presented in the case, in itself be considered to be in A's interest. To return home to A's...",10,0.7673654
4,Perceived Plausibility Of Past Events,935_chunk001,The woman experienced various...,11,0.76662135
4,Perceived Plausibility Of Past Events,972_chunk001,"Inter alia, the applicant challenged the incorrect legal assessment of the genuineness of his conversion, while mainly reprehending the non-application of the ‘benefit of doubt' principle, insufficient verification of his faith resulting from the fact that only one interview was carried out, during which the defendant failed to focus to a sufficient...",12,0.76394796
4,Perceived Plausibility Of Past Events,176_chunk001,The suggestion that the Article 17 discretion falls to be exercised only where the family reunification criteria in Article 8 are not satisfied is misconceived. ...,13,0.76187277
4,Perceived Plausibility Of Past Events,577_chunk001,"Article 3 ECHR, depending on the circumstances of the individual case - firstly - asserted individual threats in the country of origin, - secondly - the existence of a situation of generalized violence in the...",14,0.76106393
4,Perceived Plausibility Of Past Events,3240_chunk001,"- the State Secretariat for Migration (SEM) and the Federal Administrative Court (TAF), in both first and second instance procedures, have based their decisions to reject the application for international protection on claims that the applicant's testimony lacked credibility and that the authenticity of the documents he presented was...",15,0.7607008
4,Perceived Plausibility Of Past Events,45_chunk001,The administrative authority concluded that no new elements or findings have arisen or have been presented by the applicant. As regards the situation in the country of origin (Ukraine) the...,16,0.76044637
4,Perceived Plausibility Of Past Events,653_chunk001,"The present application was therefore different from the case of M. A. v. France. Furthermore, despite his...",17,0.76013386
4,Perceived Plausibility Of Past Events,3964_chunk001,During the interview it was noted that the interpreter had to explain the questions multiple times and that even the interpreter admitted that his interpretation was not always accurate. Although the...,18,0.75956154
4,Perceived Plausibility Of Past Events,142_chunk001,The individual facts of each case should be considered to determine whether detention will cause a particular individual in his particular circumstances to suffer treatment contrary to Article 3. In view of...,19,0.7588529
4,Perceived Plausibility Of Past Events,513_chunk001,The Supreme Court narrowed the scope of their assessment to be that of whether the revocation violated their right to private life cf. the European Convention of Human Rights Article 8 and Paragraph 102 of the Norwegian...,20,0.75852686
4,Perceived Plausibility Of Past Events,51_chunk001,"rst application for international protection lodged in 2006.

Those elements that could have...",21,0.7583574
4,Perceived Plausibility Of Past Events,951_chunk001,"The Regional Court had dismissed the administrative action for the following reasons:
- there are no individual circumstances which the applicant should reasonably assess a well founded fear of persecution. It has not been shown in the proceedings that the applicant had certain political views, nor has it been shown that the Taliban...",22,0.7581831
4,Perceived Plausibility Of Past Events,993_chunk001,"The Council of State reaffirmed its jurisprudence concerning application of Article L. 733-5 of the CESEDA (CE, 22 June 2017, N° 400366) in which the CNDA may refer cases back to OFPRA if the applicants had not been able to make themselves understood during their interview with the Office and if the Office was responsible for this lack of...",23,0.7578907
4,Perceived Plausibility Of Past Events,204_chunk000,"On the facts of this case, the applicant's solicitor informed the Tribunal that the applicant would prefer not to attend his hearing because he was concerned that his attendance would have an adverse effect on him in the light of his post-traumatic stress disorder.",24,0.75773835
4,Perceived Plausibility Of Past Events,2511_chunk000,"The Federal Administrative Court allowed an appeal on points of law in order to clarify the  requirements for the assessment of a 'strong presumption' (European Union, Court of Justice of the European Union [CJEU], EZ v Bundesrepublik Deutschland (Federal Republic of Germany), C-238/19, ECLI:EU:C:2020:945, 19 November 2020 - paragraph 57) for a link between the refusal of military service...",25,0.75713336
4,Perceived Plausibility Of Past Events,151_chunk001,"None of them possessed documentary evidence supporting their claimed ages and were referred for medical age assessments consisting of an X-ray of the left hand and wrist and a dental X-ray (Liversidge and Haavikko methods).

Following the assessments, in...",26,0.7570386
4,Perceived Plausibility Of Past Events,995_chunk001,"Persons from the West Bank can claim to have legitimate fears with regard to Israel, which is not a third State vis-a-vis the West Bank. In this case, the CNDA had rejected the appeal of an applicant from the West Bank after having ruled that he came exclusively under the jurisdiction of the Palestinian Authority. Yet the Council of State...",27,0.75675464
4,Perceived Plausibility Of Past Events,961_chunk001,"It is beyond doubt that if a person cannot exercise his/her rights in front of an administrative court in the language he/she understands, such exercise of the right would be ineffective and the basic objective of the right to a fair trial would not be fulfilled. The right to carry...",28,0.75634134
4,Perceived Plausibility Of Past Events,984_chunk001,"The Council ruled that, indeed, the burden of the proof on whether an applicant has been granted an international protection in another MS or not lies on the CGRS, nonetheless, this proof being made, it is up to the applicant to provide evidence when he challenges the actuality or the effectiveness of his protection.Also, the question whether the applicant may be readmit by...",29,0.7561563
4,Perceived Plausibility Of Past Events,3968_chunk001,"After other unsuccessful applications, the SEM allowed the reconsideration of the case in 2018 and the applicant was allowed to submit evidence and replies. His application was rejected, and he appealed...",30,0.7561059
4,Perceived Plausibility Of Past Events,179_chunk000,"The Court noted, based on the individual factors and characteristics of the applicant, that the Appellant would foreseeably be at risk including degrading sexual assault and rape, of which there may be multiple instances. It follows that the Appellant's return would invoke violation under Article 3 ECHR. ...",31,0.7556217
4,Perceived Plausibility Of Past Events,66_chunk001,"However, the FAC states that in exceptional cases, a removal to Kabul could be reasonable if there were particular factors enabling it (healthy single young men with a sustainable social network, a...",32,0.75526404
4,Perceived Plausibility Of Past Events,649_chunk000,"If an affiliate with a time-limited residence permit and status as an alternative person in need of protection can be considered to have well-founded prospects of being granted a permanent residence permit, it can be judged on the basis of how likely it is that the need for protection remains when the current permit expires.",33,0.7543901
4,Perceived Plausibility Of Past Events,171_chunk000,The Upper Tribunal had been justified in rejecting an asylum seeker's account that scarring on his body had been caused by torture administered by the Sri Lankan authorities and in inferring that it was self-inflicted.,34,0.7538984
4,Perceived Plausibility Of Past Events,942_chunk000,"The case concerns the possibility of detention when the asylum application is rejected but the time frame to submit an appeal has not expired. The judgments in Gnandi and the order in C., J. and S. do not envisage that the...",35,0.7533474
4,Perceived Plausibility Of Past Events,636_chunk001,A different interpretation may also lead to a situation which constitutes a violation of Article 1 of the...,36,0.7528959
4,Perceived Plausibility Of Past Events,939_chunk000,"This is linked to Case C‑652/16, C- 586/17

By order for reference of 4 October 2017, the Division asked the Court of Justice to give a preliminary ruling...",37,0.75229603
4,Perceived Plausibility Of Past Events,129_chunk000,"In the absence of legally binding criteria to assess risk of absconding, applicants may not be detained while waiting for a transfer under the Dublin Regulation.

...",38,0.7516946
4,Perceived Plausibility Of Past Events,137_chunk000,"In a case of a Somali applicant related to family reunification, the Supreme Court held that the trial judge was incorrect in forming the view that the potential financial consequences for the State of allowing a discretionary family reunification application cannot be taken into account in the overall assessment as to how the Minister's discretion under the 1996 Act should be exercised.",39,0.75126755
4,Perceived Plausibility Of Past Events,5443_chunk001,"It noted also that the lower court duly considered the admissibility of the removal on basis of current country of origin reports on Syria, by assessing both the security and supply situation in Syria as well as the...",40,0.7509663
4,Perceived Plausibility Of Past Events,991_chunk001,"The Council of State rejected the applicant's appeal (for which the Office entered an appearance in defence), thus confirming the denial of international protection to a Rwandan national, a senior officer of the Rwandan armed forces since 1993 who had been acquitted on appeal at the ICTR in 2014. The Council of State held that, in particular, res...",41,0.7509126
4,Perceived Plausibility Of Past Events,970_chunk001,"With respect to the plaintiff's objections, the Court of Cassation states that these are unjustified. It is clear from the defendant's administrative file that the plaintiff's legal representative was allowed to be present during the interview and she was given an opportunity to comment as stipulated in Art. 23 of the Directive 2013/32/EU...",42,0.7506778
4,Perceived Plausibility Of Past Events,57_chunk001,The Refugee Appeals Tribunal made adverse credibility findings based on matters that had not been put to the applicant and concluded that cumulatively the applicant had not proved that she was a refugee. The applicant challenged the decision by way of judicial review. The High Court...,43,0.75050145
4,Perceived Plausibility Of Past Events,168_chunk000,"The Court confirmed that based on information from the UNHCR, the US Department of State and the Foreign Office, the Administrative Court has stated that the findings of the Bihari situation in Bangladesh do not provide any evidence for group persecution.",44,0.7502109
4,Perceived Plausibility Of Past Events,656_chunk001,"The fact that the permit has expired cannot lead to an automatic cessation of the status.

...",45,0.74981964
4,Perceived Plausibility Of Past Events,1084_chunk000,"The case concerns the evidence (documents and declarations) necessary for a family reunification application.

By decision of 31 July 2017, the State Secretary rejected the applicants' request for a provisional residence permit. On 18 July 2018, the State Secretary declared the the applicants' objection as unfounded and on 1 March 2019, the court dismissed the appeal brought by the...",46,0.7494038
4,Perceived Plausibility Of Past Events,174_chunk000,Neither the First-tier Tribunal nor the Upper Tribunal had erred in refusing asylum to a 17-year-old Afghan. There was no evidence that he was at risk of physical retaliation by virtue of being the son of a policeman abducted by the Taliban in 2010. The tribunals had not considered his fear of persecution to be well-founded.,47,0.7493887
4,Perceived Plausibility Of Past Events,115_chunk000,"The National High Court noted that there are indications that the applicant and his family have actually been victims of persecution on the part of the Mara Salvatrucha (gang) for their resistance to being extorted, as well as that, in spite of informing the Honduran authorities, these they have not dispensed the applicant and his family effective protection.",48,0.7492805
4,Perceived Plausibility Of Past Events,4707_chunk000,"In A.I. v. Switzerland the Court held in particular that, on account of his political activities in exile, it was possible that the applicant had attracted the attention of the Sudanese intelligence services. It found that there were therefore reasonable grounds for believing that the applicant ran the risk of being detained, interrogated and tortured on his arrival at Khartoum Airport.

...",49,0.74918246
4,Perceived Plausibility Of Past Events,651_chunk000,According to the Press Release: In its decision in the case of Saidani v. Germany (application no. 17675/18) the European Court of Human Rights has unanimously declared the application inadmissible. The decision is final.,50,0.74861467
4,Perceived Plausibility Of Past Events,140_chunk002,"Each case, however, must be determined on its own facts. Under Muslim law, as...",51,0.74853754
4,Perceived Plausibility Of Past Events,996_chunk000,"According to the national contribution to the EMN Annual Report on Migration and Asylum 2019:

For the Council of State, the civil registry records reconstituted by the French Office for the Protection of Refugees and Stateless Persons (OFPRA) have identical value to the official originals, which precludes consular authorities contesting the particulars contained therein, except in cases of fraud.",52,0.7483866
4,Perceived Plausibility Of Past Events,583_chunk000,Two related cases involved applicants applying for asylum on the basis of claiming persecution because of their sexual orientation. The applicants submited that the correct standard of proof required should be a reasonable degree of likelihood.,53,0.7483438
4,Perceived Plausibility Of Past Events,4231_chunk000,"The case concerned the question whether the State Secretary had correctly established the date from which the applicant benefits of asylum, how to establish the date of application.",54,0.74761224
4,Perceived Plausibility Of Past Events,3250_chunk001,"Thus, the repealed provision, which states that the absence of proof of possession of the means to support oneself constitutes a threat to public order or safety and is a factor to be taken into account when assessing the duration of an entry ban of up...",55,0.747481
4,Perceived Plausibility Of Past Events,176_chunk000,"The Upper Tribunal ruled that: I) The question of whether the Secretary of State has made a decision on the exercise of the discretionary power in Article 17 of the Dublin Regulation is one of fact which will be determined on the basis of evidence, direct or inferential. (II) Article 17 is an integral part of the Dublin regime.",56,0.74647534
4,Perceived Plausibility Of Past Events,964_chunk001,"The line of reasoning of the defendant who claims that the plaintiff had a legal representative present during the hearing who, unlike the plaintiff, is well versed in the law, could not hold, since the examination of the asylum seeker in the court proceedings represents one of the most important...",57,0.74576545
4,Perceived Plausibility Of Past Events,66_chunk000,(abstract provided by UNHCR) The FAC comes to the conclusion that the humanitarian situation in Kabul has deteriorated compared to the FAC's last analysis of the situation in 2011 (BVGE 2011/7 ). The situation is life-threatening and a removal to Kabul is in principle not reasonable.,58,0.74558216
4,Perceived Plausibility Of Past Events,645_chunk000,"As per CNDA press release: When the ECtHR concludes that there is a real risk of inhuman or degrading treatment if returned to the country of origin, the CNDA is obliged not only to consider as admissible a request for review by the person concerned but also to grant him at least the benefit of subsidiary protection within the meaning of Article L. 712-1 (b) of the CESEDA.",59,0.7455356
4,Perceived Plausibility Of Past Events,366_chunk001,Relief sought The relief sought in the proceedings is certiorari of the decision of the tribunal. The grounds of challenge essentially fell...,60,0.7455139
4,Perceived Plausibility Of Past Events,34_chunk001,"A search in the Eurodac system however revealed that Mr Mengesteab's fingerprints had been taken in Italy. In general, such a hit constitutes...",61,0.74512196
4,Perceived Plausibility Of Past Events,565_chunk001,The foreign national has appealed against this decision. This statement concerns whether the...,63,0.7450212
4,Perceived Plausibility Of Past Events,992_chunk001,"The Council of State rejected OFPRA's appeal in a case concerning an Iraqi national, who was involved with the Peshmerga, that the Court had recognised as a refugee on the grounds of his fears of persecution from the Islamic State organisation on account of his political opinions. In its appeal, the Office reproached the...",64,0.74493796
4,Perceived Plausibility Of Past Events,115_chunk001,The National High Court reversed its former and very consolidated jurisprudence in similar cases (where all cases were rejected). Based...,65,0.74493504
4,Perceived Plausibility Of Past Events,171_chunk001,"However, its guidance as to how medical evidence should be presented in ""self-infliction by proxy"" cases was to be treated as having no effect, because the proper approach to the instruction of experts was contained in the Practice Direction of the Immigration and Asylum Chambers...",66,0.7448736
4,Perceived Plausibility Of Past Events,988_chunk001,"In this case, the CNDA had annulled the Office's decision to end protection on the basis of Article L. 711-6 (1) of the CESEDA, holding that the Note Blanche from the intelligence services tendered in the course of adversarial proceedings was insufficiently specific (jihadist profile). The Council of State annulled the Court's decision on...",67,0.74481034
4,Perceived Plausibility Of Past Events,951_chunk000,The case concerns the risk situation in case of return to the country of origin as well as fear of persecution by the Taliban forces.,68,0.7446882
4,Perceived Plausibility Of Past Events,914_chunk001,The Migration Court of Appeal assessed whether the applicant had acted under duress and held that this was not the case as the applicant had benefitted from three permits and always came back to the place of employment. The applicant chose to flee...,69,0.7445578
4,Perceived Plausibility Of Past Events,173_chunk000,"A Sri Lankan national's appeal against the refusal of his asylum claim based on his membership of proscribed groups and participation in political demonstrations was allowed. The First-tier Tribunal and Upper Tribunal had not been referred to 2014 Home Office policy guidance entitled ""Tamil Separatism"" which was material to the decision and might realistically have affected the outcome....",70,0.74406683
4,Perceived Plausibility Of Past Events,505_chunk000,Judgment 1.,71,0.7439735
4,Perceived Plausibility Of Past Events,934_chunk001,"This could be because a certain faith and therefore also a certain political affiliation is ascribed to them, but also for example because of a certain socio-economic position. According to...",72,0.7439681
4,Perceived Plausibility Of Past Events,181_chunk001,"However, it is recognized that individuals fleeing persecution may have to resort to the use of false papers to make good their escape. Therefore, under section 31 of the Immigration and Asylum Act 1999...",73,0.7438247
4,Perceived Plausibility Of Past Events,61_chunk000,"(provided by UNHCR): The FAC ruled that Eritreans leaving their country illegally no longer face punishment upon return amounting to persecution. Without specifying this further, the Court held that “other factors” had to come to play to constitute a well-founded fear. The possibility of a recruitment could amount to a violation of Art. 3 and 4 ECHR, but was not relevant under the 1951 Convention.",74,0.74357474
4,Perceived Plausibility Of Past Events,913_chunk000,The case concerns the calculation of the maximum time that a person may spend in detention for the purpose of removal. In the present case the applicant had been in detention for more than twenty months.,75,0.74346864
4,Perceived Plausibility Of Past Events,146_chunk002,1951 Convention?; and...,76,0.7434683
4,Perceived Plausibility Of Past Events,4992_chunk001,"In support of his application, the applicant claimed that he feared persecution in Russia due to his previous participation in demonstrations against the war in Ukraine and his support to the opposition.",77,0.74335515
4,Perceived Plausibility Of Past Events,921_chunk000,"The case concerns the validity of the Immigration Board's decision on expulsion with two years of entry ban after serious violations of the Immigration Act. The question is whether the expulsion is disproportionate to the foreigner's children, cf. the Immigration Act section 70, Article 8 of the European Convention on Human Rights (ECHR) and Article 3 of the Convention on the Rights of the Child.",78,0.74318373
4,Perceived Plausibility Of Past Events,3981_chunk000,"The case concerned an applicant from Belarus, a mother with her minor son who applied for asylum in Slovakia claiming a fear of persecution upon return to her home country due to opposition to the current regime. She claimed to have publicly and actively participated in anti-government protests following the 2020 presidential elections, within the territory of Slovakia.",79,0.7431452
4,Perceived Plausibility Of Past Events,959_chunk001,"The evidence before the court was that between 2010 and 2017 the Minister for Justice accepted applications for family reunification from refugees who had acquired Irish citizenship by naturalisation, but on foot of legal advice in 2017 the...",80,0.7430155
4,Perceived Plausibility Of Past Events,23_chunk000,"The Finnish Immigration Service had rejected A 's application for asylum and residence permit on the basis of the conflict between A and his father' s claims for asylum. Although the father's report has thus affected A's case, he or she has not been given the opportunity to give an explanation of the report and contradictions that it has in relation to his or her report.",81,0.7429925
4,Perceived Plausibility Of Past Events,4037_chunk001,"The application was rejected based on a written opinion of the State Agency for National Security (SANS), which concluded that the applicant constitutes a threat to national security and should not be granted protection in Bulgaria. The Administrative Court of Sofia city validated the negative decision, and the applicant...",82,0.74297774
4,Perceived Plausibility Of Past Events,4729_chunk001,"By decision of 23 December 2021, his request was rejected as unfounded on the ground that his statements lacked credibility and was ordered to leave the territory within 30 days. He appealed the decision, and the appeal was dismissed...",83,0.74281883
4,Perceived Plausibility Of Past Events,668_chunk000,"The Council of State rules on personal interview realised on ones native language. The CNDA decision is annulled as in the contested decision the Court failed to answer the plea regarding the absence of Chechen interpretation in the asylum interview and consequently, the impossibility of the applicant to be understood.

...",84,0.7426002
4,Perceived Plausibility Of Past Events,976_chunk001,The Court of Cassation due to the low-profile status of the plaintiff as one of the many construction workers involved in the construction of flood protection structures without a sufficient level of individualizing elements concerning the plaintiff and with respect to the story provided by him did not find the conclusion...,85,0.7425802
4,Perceived Plausibility Of Past Events,947_chunk000,This ruling is about the position of supporters of the Gülen movement (hereinafter: Gülenists) in Turkey after the attempted coup d'état of 15 July 2016. It is evident from the information submitted that a considerable number of persons have been put in prison.,86,0.74241877
4,Perceived Plausibility Of Past Events,3270_chunk001,The Council of State held that the appeal against a refusal to examine the request for international protection in the regular procedure is admissible only if the person concerned is able to establish that the transfer period has expired and the transfer can no...,87,0.7422292
4,Perceived Plausibility Of Past Events,978_chunk001,The Court of Cassation is of the opinion that in the plaintiff's case defining conceptual elements of a social group were not accomplished as stipulated in the provision of Art. 19a par. 4 (c) of the Act on Asylum. Performance of a work activity by a plaintiff or his education and qualifications do not...,88,0.7419605
4,Perceived Plausibility Of Past Events,989_chunk001,"The Council of State upheld the CNDA's decision and rejected OFPRA's appeal on the grounds that the Court's sovereign assessment on the applicant's inadequate understanding and mastery of the English language could not be denatured. In this case, the Office's inadmissibility decision on the grounds of late submission was...",89,0.74157095
4,Perceived Plausibility Of Past Events,1088_chunk001,The Council of State held that if the applicants would be refused travel vouchers such a situation is likely to amount to a serious and manifestly unlawful interference with their right to enjoy a procedure for examining...,90,0.7414703
4,Perceived Plausibility Of Past Events,1000_chunk000,"The CNDA overturned the decision of the OFPRA who rejected the asylum request of three female applicants belonging to the Wolof ethnic group in Gambia, on the basis that the prevalence rate of FGM/C in this ethnic group is low (12.3%).",91,0.74121475
4,Perceived Plausibility Of Past Events,504_chunk001,"A Member State which has earlier denied a request of take charge or take back according to Articles 21 or 23 of the Dublin III Regulation within the time limits and which, thereafter, receives a re-examination request under Article 5(2) of Regulation No 1560/2003, must...",92,0.7411071
4,Perceived Plausibility Of Past Events,84_chunk000,"In summary, the applicant claims as follows. He is a national of the Democratic Republic of Congo. He has a well-founded fear of persecution if returned to that country on the ground of his membership of a particular social group, specifically his family, and of his political opinion, specifically his membership of, and involvement with, the UDPS political party there.",93,0.7409639
4,Perceived Plausibility Of Past Events,985_chunk001,"The Council of State reminded the CNDA of its duty to utilise, if it receives information regarding the existence of an “S” card for the appellant in question, its power to investigate and deemed that “by basing its opinion solely on the content of the “S” card, [...] without gathering, in order to reach its...",94,0.74096143
4,Perceived Plausibility Of Past Events,944_chunk000,"The Council of State decides on this case following the CJEU Judgment on the request for a preliminary ruling (C-180/17) originated in this regard.

Dutch law does not provide for automatic suspensive effect in asylum cases before the Council of State. Suspensive effect only applies to proceedings at the district court. This means that...",95,0.74075687
4,Perceived Plausibility Of Past Events,112_chunk000,According the Court's Information Note :,96,0.74067473
4,Perceived Plausibility Of Past Events,130_chunk001,"Such a transfer decision can not therefore be taken, let alone notified to the person concerned, until after acceptance by the requested State. The Council also issued an opinion on the possibility of administrative detention...",97,0.74063873
4,Perceived Plausibility Of Past Events,42_chunk001,"This crime, under certain aggravating circumstances, may fall according to the Czech Criminal Code within the category of “particularly serious crimes”, which is defined as “intentional crimes for which the criminal law foresees the sentence of deprivation of liberty with the upper limit of at least 10 years”. The administrative authority...",98,0.740638
4,Perceived Plausibility Of Past Events,203_chunk000,In this case the Court was asked to give full consideration to the legal consequences within this State of a polygamous marriage entered into another country and according to the law of the State where took place. The husband is a recognized refugee (since 2000) who is originally from the Lebanon. While domiciled there he contracted two marriages – the first in 1975 and the second in 1988.,99,0.7406297
0,Asylum Definition And Assessment,951_chunk000,The case concerns the risk situation in case of return to the country of origin as well as fear of persecution by the Taliban forces.,6,0.63913465
0,Asylum Definition And Assessment,4037_chunk000,"The case concerned the cassation appeal submitted by H.A., Syrian national, against the negative decision on his asylum application issued by the State Agency for Refugees.",13,0.6334413
0,Asylum Definition And Assessment,108_chunk000,According the ECHR's Information Note 213 (December 2017): The applicant entered Switzerland in 2009 and applied for asylum on the grounds that he had been imprisoned and tortured in his country of origin (Iran) after taking part in a demonstration there. His application was rejected after the Swiss authorities found that his account was not credible.,17,0.62589693
0,Asylum Definition And Assessment,608_chunk000,"Three country nationals, C, J, and S, had their applications for international protection rejected in the Netherlands and were detained with a view to preparing their return. C's application for international protection was rejected on 11 April 2017, and C was detained on 13 April.",23,0.62139726
0,Asylum Definition And Assessment,3286_chunk001,"The Supreme Court confirmed that the application for international protection implies the suspension of the removal procedure for irregular stay that could affect the applicant, until the Administration issues an initial decision...",24,0.61990047
0,Asylum Definition And Assessment,512_chunk000,"The Supreme Court ruled that Article 31 of the 1951 Geneva Convention (stating no penalties for illegal entry if refugees arrive directly from a country where there are threats to their life or freedom, and they present themselves for the authorities without delay) did not preclude that an asylum seeker could be convicted for violation of an entry ban.",25,0.61905545
0,Asylum Definition And Assessment,3924_chunk001,"The applicant, a Palestinian national arrived in Cyprus via the occupied territories and was detained pursuant to the Aliens and Immigration Law and a deportation order was issued. He applied for asylum but was granted a supplementary protection status...",26,0.61721534
0,Asylum Definition And Assessment,171_chunk000,The Upper Tribunal had been justified in rejecting an asylum seeker's account that scarring on his body had been caused by torture administered by the Sri Lankan authorities and in inferring that it was self-inflicted.,31,0.6136259
0,Asylum Definition And Assessment,173_chunk000,"A Sri Lankan national's appeal against the refusal of his asylum claim based on his membership of proscribed groups and participation in political demonstrations was allowed. The First-tier Tribunal and Upper Tribunal had not been referred to 2014 Home Office policy guidance entitled ""Tamil Separatism"" which was material to the decision and might realistically have affected the outcome....",35,0.60995996
0,Asylum Definition And Assessment,650_chunk000,The case concerns the suspension of the implementation of a decision on refusal of international protection.,40,0.6078563
0,Asylum Definition And Assessment,2509_chunk000,"The applicant, Guinean national, contested the inadmissibility decision adopted based on Paragraph 29(1)(1)(a) of the AsylG, because he entered Germany and applied for international protection on 11 April 2018 but he had previously applied in Spain (Eurodac hit report). The BAMF also found no prohibition to deportation and issued a 6 months entry ban.",47,0.60118616
0,Asylum Definition And Assessment,51_chunk000,"Subsequent application for international protection lodged by the applicant (national of Cameroon) in 2014 was declared inadmissible and asylum proceedings was terminated by the decision of the administrative authority, which came to the conclusion that the applicant had not presented any new elements or findings which she would be incapable to present in the previous procedure initiated by her fi",48,0.60075283
0,Asylum Definition And Assessment,117_chunk000,Syrian refugee family resettled from Lebanon were granted subsidiary protection. This decision was appealed before the National High Court.,51,0.60034513
0,Asylum Definition And Assessment,3315_chunk000,"The case concerned a request for urgent interim measures submitted by an Afghan national against a Dublin transfer to Austria. The Dublin transfer was accepted by Austria, but it has been annulled in court by decision of 20 January 2021, when the judicial authority decided that Italy had the competence to process the asylum application.",53,0.5998582
0,Asylum Definition And Assessment,957_chunk001,"The appellant claimed her stalker enjoyed political influence and/or protection in Albania so her complaints to the police were not effective, and therefore she fled Albania and claimed asylum in Ireland.",54,0.5993595
0,Asylum Definition And Assessment,955_chunk001,In September 2018 the application was refused by the Minister for Justice on the basis that it had not been submitted within 12 months of the grant of refugee status as required by section 56(8) of the International Protection Act 2015. The applicant then...,55,0.5993059
0,Asylum Definition And Assessment,174_chunk000,Neither the First-tier Tribunal nor the Upper Tribunal had erred in refusing asylum to a 17-year-old Afghan. There was no evidence that he was at risk of physical retaliation by virtue of being the son of a policeman abducted by the Taliban in 2010. The tribunals had not considered his fear of persecution to be well-founded.,57,0.5986626
0,Asylum Definition And Assessment,2507_chunk000,"The case concerned an Afghan applicant who contested an inadmissible decision based on Paragraph 29(1)(1)(a) of the AsylG because he had previously applied for asylum in Denmark. The Danish authorities agreed to a readmission on 9 November 2017, and the BAMF ordered the transfer and found no prohibition for the deportation.",58,0.5986577
0,Asylum Definition And Assessment,5761_chunk001,"On 7 November 2023, the State Secretariat for Migration (SEM) rejected their asylum application and ordered their transfer to Romania. By separate decision, also dated 7 November 2023, the SEM rejected the...",59,0.5983616
0,Asylum Definition And Assessment,4709_chunk000,"A Syrian national requested international protection in Germany, alleging a well-founded fear of persecution in his country of origin due to the ongoing civil war and a risk of forced conscription.",60,0.5971143
0,Asylum Definition And Assessment,64_chunk000,"(Abstract provided by UNHCR) The FAC rejected the application of a family to be recognized as stateless. Despite the fact that Swiss authorities had unsuccessfully tried to return the applicants for the past 17 years, the Court found that the applicants had not done everything possible to obtain travel documents from their countries of origin....",61,0.5965164
0,Asylum Definition And Assessment,2505_chunk000,"The applicant, national of Mali, applied for international protection in Germany but based on EURODAC findings his application was rejected as inadmissible as Italy was responsible to process his application.",64,0.59625274
0,Asylum Definition And Assessment,3272_chunk000,The Bavarian Higher Administrative Court decided on a case regarding the criminal liability of religious orders when providing support for an unauthorised stay by granting church asylum to individuals under the Dublin procedure.,66,0.59578586
0,Asylum Definition And Assessment,168_chunk000,"The Court confirmed that based on information from the UNHCR, the US Department of State and the Foreign Office, the Administrative Court has stated that the findings of the Bihari situation in Bangladesh do not provide any evidence for group persecution.",68,0.5950588
0,Asylum Definition And Assessment,119_chunk000,The case concerns the request to extend international protection to the parents of the applicant (Syrian father and a Palestinian mother) who was granted refugee status in Spain. Spanish authorities rejected the case as they considered that the dependency criteria requested by the Asylum Law in cases of family reunification of ascendants was not accredit in this case.,69,0.59488535
0,Asylum Definition And Assessment,641_chunk000,"This case relates to the transfer to Italy under Dublin procedure of an asylum seeker with medical condition. For further information on the case, please refer to the original document indicated below.

...",73,0.5914015
0,Asylum Definition And Assessment,176_chunk001,The suggestion that the Article 17 discretion falls to be exercised only where the family reunification criteria in Article 8 are not satisfied is misconceived. ...,75,0.59053665
0,Asylum Definition And Assessment,3268_chunk000,"The applicant, an Iraqi national, requested international protection in Austria. On 14 May 2022, the Federal Office for Immigration and Asylum (Bundesamt für Fremdenwesen und Asyl‚ BFA) dismissed the request as inadmissible, considering that Lithuania was the responsible Member State to examine the application in accordance with Article 18(1)(b) of the Dublin III Regulation.",81,0.58798885
0,Asylum Definition And Assessment,1564_chunk001,"By decision of 28 February 2017, the Swedish Migration Agency rejected his application, considering that although HA may have received assistance from UNRWA, he did not prove the risk invoked upon return and he does not fulfil the requirements for international protection. However, he...",82,0.58766747
0,Asylum Definition And Assessment,649_chunk000,"If an affiliate with a time-limited residence permit and status as an alternative person in need of protection can be considered to have well-founded prospects of being granted a permanent residence permit, it can be judged on the basis of how likely it is that the need for protection remains when the current permit expires.",83,0.5873859
0,Asylum Definition And Assessment,3240_chunk001,"- the State Secretariat for Migration (SEM) and the Federal Administrative Court (TAF), in both first and second instance procedures, have based their decisions to reject the application for international protection on claims that the applicant's testimony lacked credibility and that the authenticity of the documents he presented was...",84,0.58720016
0,Asylum Definition And Assessment,3230_chunk000,"The applicant, an Afghan national, was denied subsidiary protection on exclusion grounds, namely that there were serious reasons for considering that he had committed a serious crime. The decision was upheld by the National Court of Asylum (CNDA), and the applicant subsequently appealed to the Council of State.",85,0.5858892
0,Asylum Definition And Assessment,634_chunk001,"The Ministry of Labour, Migration and Social Security had withdrawn access to the reception system for the applicant on the ground that he had renounced the right to reception by leaving the country. The applicant, who was living in a shelter for homeless...",86,0.58460677
0,Asylum Definition And Assessment,960_chunk000,"The appellants were Albanian nationals who previously lived in Kosovo (*). They arrived in Ireland on 12 December 2014 and two days later they made an application for asylum. They did not disclose a full account of the circumstances of their arrival in Ireland, in particular that they had previously been issued with a visa for the United Kingdom.",88,0.5840416
0,Asylum Definition And Assessment,576_chunk000,"The First Instance Administrative Court took a decision related to the no existence of sanctions if the maximum period of 21 months for the procedure of examination of an application for international protection is surpassed. In this case, an applicant for international protection whose application had been rejected appealed the decision of refusal.",89,0.5839981
0,Asylum Definition And Assessment,958_chunk000,"The appellants were Afghan nationals who arrived in Ireland in 2008. They lived in direct provision and had four children, three of whom were born in Ireland. The entire family applied for asylum in 2013. In December 2014, the Refugee Appeals Tribunal issued a decision declaring their youngest son to be a refugee and this was communicated to the family by letter dated 8 January 2015.",90,0.58367586
0,Asylum Definition And Assessment,3168_chunk000,"The applicants, a Kazakh woman and her two children, born in 2009 and 2011, applied for international protection in Austria in 2012. Their applications were rejected and their deportation to Kazakhstan was ordered by the Federal Office for Foreign Affairs and Asylum, who, in weighting public and private interests, considered that the mother's integration in Austria was insufficient.",95,0.58288735
0,Asylum Definition And Assessment,4167_chunk000,"An applicant of Syrian nationality and Sunni Islamic religion requested international protection on 24 November 2021 in Austria. The Federal Office for Immigration and Asylum (BFA) did not grant him refugee status but subsidiary protection, a decision which he appealed to the Federal Administrative Court.",96,0.5827688
0,Asylum Definition And Assessment,256_chunk000,"According to the EDAL, the Council for Alien Law Litigation confirmed that those who enjoy subsidiary protection are equivalent to recognised refugees, for the purposes of family reunification and are exempted from additional conditions in relation to housing, health insurance, and means of subsistence provided that the application for family reunification is submitted within one year and the fami",97,0.58260924
0,Asylum Definition And Assessment,200_chunk001,During the course of the Refugee Application Commissioner's examination of the applicants' file under Dublin III the applicants requested that the Commissioner exercise discretion under art.17 of the Regulation to...,98,0.58249885
0,Asylum Definition And Assessment,197_chunk001,During the course of the Refugee Application Commissioner's examination of the applicants' file under Dublin III the applicants requested that the Commissioner exercise discretion under art.17 of the Regulation to...,99,0.58249885
1,Credibility Assessment Definition,584_chunk001,The Court held that there is no obligation on the decision makers to contact bodies within the countries of origin to verify individual...,13,0.42580697
1,Credibility Assessment Definition,146_chunk000,The case concerns the issuance of Convention Travel Documents.,17,0.41205648
1,Credibility Assessment Definition,4233_chunk001,The applicant complained of the legality of the administrative detention and of the procedural issues related to this...,22,0.40213555
1,Credibility Assessment Definition,148_chunk000,The case concerns “sur place” asylum claims.,25,0.4004406
1,Credibility Assessment Definition,4231_chunk000,"The case concerned the question whether the State Secretary had correctly established the date from which the applicant benefits of asylum, how to establish the date of application.",31,0.39557403
1,Credibility Assessment Definition,183_chunk001,"In all five judgments, the European Court found that the applicants did not have at their disposal an effective and speedy...",32,0.39291367
1,Credibility Assessment Definition,650_chunk000,The case concerns the suspension of the implementation of a decision on refusal of international protection.,34,0.38795698
1,Credibility Assessment Definition,168_chunk000,"The Court confirmed that based on information from the UNHCR, the US Department of State and the Foreign Office, the Administrative Court has stated that the findings of the Bihari situation in Bangladesh do not provide any evidence for group persecution.",35,0.38777992
1,Credibility Assessment Definition,582_chunk001,"The applicant submitted that in dismissing his explanation of suffering a mental disability, the Tribunal acted in breach of the national protection legislation, the EU Charter of Fundamental Freedoms and the European Convention on Human...",36,0.38536698
1,Credibility Assessment Definition,37_chunk000,"This request for a preliminary ruling concerns the interpretation of Articles 3(2) and 17(1) of the Dublin III Regulation, Article 267 TFEU and Article 4 of the EU Charter of Fundamental Rights.",39,0.384323
1,Credibility Assessment Definition,4167_chunk001,"The Court dismissed the appeal without an oral hearing considering that, although the applicant was still of military service age, there was no greater risk of...",42,0.37974235
1,Credibility Assessment Definition,585_chunk001,"15(c) of the qualification directive, an internal armed conflict involves a conflict between the state and an armed group, or between two or more armed groups confronting each other. With regards to the UNHCR “Guidelines on International Protection No. 12:...",43,0.37956738
1,Credibility Assessment Definition,24_chunk001,A has requested permission from her own and her minor children to appeal the administrative...,46,0.3781283
1,Credibility Assessment Definition,3270_chunk001,The Council of State held that the appeal against a refusal to examine the request for international protection in the regular procedure is admissible only if the person concerned is able to establish that the transfer period has expired and the transfer can no...,48,0.3758372
1,Credibility Assessment Definition,636_chunk001,A different interpretation may also lead to a situation which constitutes a violation of Article 1 of the...,53,0.37097996
1,Credibility Assessment Definition,951_chunk000,The case concerns the risk situation in case of return to the country of origin as well as fear of persecution by the Taliban forces.,55,0.37022704
1,Credibility Assessment Definition,988_chunk001,"In this case, the CNDA had annulled the Office's decision to end protection on the basis of Article L. 711-6 (1) of the CESEDA, holding that the Note Blanche from the intelligence services tendered in the course of adversarial proceedings was insufficiently specific (jihadist profile). The Council of State annulled the Court's decision on...",56,0.36942405
1,Credibility Assessment Definition,86_chunk000,"According the Court's Press Release, Article 1 of Regulation (EC) No 810/2009 of the European Parliament and of the Council of 13 July 2009 establishing a Community Code on Visas (Visa Code), as amended by Regulation (EU) No 610/2013 of the European Parliament and of the Council of 26 June 2013, must be interpreted as meaning that an application for a visa with limited territorial validity made on",57,0.3693215
1,Credibility Assessment Definition,3276_chunk001,The court noted that Romania was already unprepared to accommodate asylum applicants before the Ukrainian crisis and that with the high influx of persons...,58,0.36897004
1,Credibility Assessment Definition,3272_chunk000,The Bavarian Higher Administrative Court decided on a case regarding the criminal liability of religious orders when providing support for an unauthorised stay by granting church asylum to individuals under the Dublin procedure.,59,0.36855853
1,Credibility Assessment Definition,3286_chunk001,"The Supreme Court confirmed that the application for international protection implies the suspension of the removal procedure for irregular stay that could affect the applicant, until the Administration issues an initial decision...",60,0.36709884
1,Credibility Assessment Definition,992_chunk001,"The Council of State rejected OFPRA's appeal in a case concerning an Iraqi national, who was involved with the Peshmerga, that the Court had recognised as a refugee on the grounds of his fears of persecution from the Islamic State organisation on account of his political opinions. In its appeal, the Office reproached the...",61,0.36663795
1,Credibility Assessment Definition,173_chunk000,"A Sri Lankan national's appeal against the refusal of his asylum claim based on his membership of proscribed groups and participation in political demonstrations was allowed. The First-tier Tribunal and Upper Tribunal had not been referred to 2014 Home Office policy guidance entitled ""Tamil Separatism"" which was material to the decision and might realistically have affected the outcome....",64,0.3639724
1,Credibility Assessment Definition,178_chunk000,"The Court gave guidance on the general approach to be adopted in law and practice by the First-tier Tribunal and Upper Tribunal where claims for asylum were made by children, young people, and other incapacitated or vulnerable persons whose ability to participate effectively in proceedings might be limited.",66,0.3615548
1,Credibility Assessment Definition,4960_chunk001,"In a letter provided to the Migration Department of the Ministry of the Interior on 30 October 2023, the State Security Department of Lithuania established that the applicant was a member of a radical Islamist organisation whose ideology was contrary to the country's democratic principles and...",70,0.36059135
1,Credibility Assessment Definition,3957_chunk001,"The ministry collected ten documents with COI, which were not commented on by the applicant. By decision of 3 January...",72,0.35954544
1,Credibility Assessment Definition,68_chunk001,The Court found that the separation of the children from their parents constituted a violation of the right to family life (art 8 ECHR) and that the...,73,0.35952127
1,Credibility Assessment Definition,1573_chunk001,The Chamber for Contentious Administrative Proceedings of the Audiencia Nacional (Fourth Chamber)...,74,0.35924095
1,Credibility Assessment Definition,4998_chunk001,The Ministry for Home Affairs...,76,0.3590141
1,Credibility Assessment Definition,633_chunk001,According to the judgment these kind of grounds for application do not mean that the application could not be subject to...,77,0.3585394
1,Credibility Assessment Definition,1088_chunk001,The Council of State held that if the applicants would be refused travel vouchers such a situation is likely to amount to a serious and manifestly unlawful interference with their right to enjoy a procedure for examining...,79,0.35793662
1,Credibility Assessment Definition,112_chunk000,According the Court's Information Note :,80,0.3563309
1,Credibility Assessment Definition,991_chunk001,"The Council of State rejected the applicant's appeal (for which the Office entered an appearance in defence), thus confirming the denial of international protection to a Rwandan national, a senior officer of the Rwandan armed forces since 1993 who had been acquitted on appeal at the ICTR in 2014. The Council of State held that, in particular, res...",81,0.35429236
1,Credibility Assessment Definition,573_chunk001,"By judgment of 7 August 2017, the court dismissed the appeal lodged by the alien, in so far as it was directed against the rejection of the asylum application, as inadmissible, and dismissed his...",82,0.35420868
1,Credibility Assessment Definition,935_chunk001,The woman experienced various...,84,0.35359067
1,Credibility Assessment Definition,4037_chunk000,"The case concerned the cassation appeal submitted by H.A., Syrian national, against the negative decision on his asylum application issued by the State Agency for Refugees.",85,0.35354963
1,Credibility Assessment Definition,504_chunk000,The judgement dealt with the application of Article 5(2) of Commission Regulation (EC) No 1560/2003 of 2 September 2003 laying down detailed rules for the application of the Dublin II Regulation.,86,0.35340548
1,Credibility Assessment Definition,608_chunk000,"Three country nationals, C, J, and S, had their applications for international protection rejected in the Netherlands and were detained with a view to preparing their return. C's application for international protection was rejected on 11 April 2017, and C was detained on 13 April.",87,0.35230672
1,Credibility Assessment Definition,576_chunk000,"The First Instance Administrative Court took a decision related to the no existence of sanctions if the maximum period of 21 months for the procedure of examination of an application for international protection is surpassed. In this case, an applicant for international protection whose application had been rejected appealed the decision of refusal.",88,0.35187358
1,Credibility Assessment Definition,1000_chunk000,"The CNDA overturned the decision of the OFPRA who rejected the asylum request of three female applicants belonging to the Wolof ethnic group in Gambia, on the basis that the prevalence rate of FGM/C in this ethnic group is low (12.3%).",89,0.35175475
1,Credibility Assessment Definition,505_chunk001,"This request for a preliminary ruling concerns the interpretation of Article 4(2) and (5)(b), Article 9(1) and (2) and Article 10(1) and (2) of Directive 2011/95/EU of the European Parliament and of the Council of 13 December 2011 on standards for the qualification of third-country nationals or stateless persons as beneficiaries of international protection, for a uniform status for refugees or for",90,0.35149747
1,Credibility Assessment Definition,1648_chunk001,"On 17 November 2011, the Federal Asylum Office rejected again the application, after having found also that the applicant was from Nigeria and ordered the return....",93,0.35060263
1,Credibility Assessment Definition,994_chunk001,"The Council of State overturned the CNDA's decision, ruling directly for the first time on the legal characterisation of facts in a case regarding application of Article L. 711-6. The Council of State had already extended control over the decisions of the CNDA as to the legal characterisation of facts on exclusion issues (CE, 9 November 2016,...",96,0.34871346
1,Credibility Assessment Definition,2506_chunk001,The applicant also had a child and invoked the protection of family life and best interests of the child as a...,97,0.34827256
1,Credibility Assessment Definition,85_chunk001,(iii) The dilution and disapplication of the procedural fairness and kindred protections enshrined in...,98,0.34803998
1,Credibility Assessment Definition,607_chunk001,The Council of State subsequently dismissed the appeal brought by X against that judgment. Since X had been granted advances on the financial contributions to rental...,99,0.34795246
2,Credibility Assessment & Interpretation,584_chunk001,The Court held that there is no obligation on the decision makers to contact bodies within the countries of origin to verify individual...,5,0.48691952
2,Credibility Assessment & Interpretation,146_chunk000,The case concerns the issuance of Convention Travel Documents.,9,0.47209138
2,Credibility Assessment & Interpretation,650_chunk000,The case concerns the suspension of the implementation of a decision on refusal of international protection.,18,0.4516446
2,Credibility Assessment & Interpretation,4233_chunk001,The applicant complained of the legality of the administrative detention and of the procedural issues related to this...,20,0.44688484
2,Credibility Assessment & Interpretation,3957_chunk001,"The ministry collected ten documents with COI, which were not commented on by the applicant. By decision of 3 January...",22,0.4415958
2,Credibility Assessment & Interpretation,148_chunk000,The case concerns “sur place” asylum claims.,24,0.4384573
2,Credibility Assessment & Interpretation,510_chunk000,"The Court of Sessions found there was no unlawful discrimination arising from a reduction in the amount of asylum support payable to asylum seekers with one or more dependent children, following a government review. ...",26,0.43679005
2,Credibility Assessment & Interpretation,183_chunk001,"In all five judgments, the European Court found that the applicants did not have at their disposal an effective and speedy...",27,0.4363889
2,Credibility Assessment & Interpretation,3270_chunk001,The Council of State held that the appeal against a refusal to examine the request for international protection in the regular procedure is admissible only if the person concerned is able to establish that the transfer period has expired and the transfer can no...,29,0.43094772
2,Credibility Assessment & Interpretation,171_chunk000,The Upper Tribunal had been justified in rejecting an asylum seeker's account that scarring on his body had been caused by torture administered by the Sri Lankan authorities and in inferring that it was self-inflicted.,31,0.42969
2,Credibility Assessment & Interpretation,925_chunk001,", due to systemic weaknesses in accordance with Article 3(2) of the Dublin III...",35,0.42572385
2,Credibility Assessment & Interpretation,3286_chunk001,"The Supreme Court confirmed that the application for international protection implies the suspension of the removal procedure for irregular stay that could affect the applicant, until the Administration issues an initial decision...",38,0.421865
2,Credibility Assessment & Interpretation,3272_chunk000,The Bavarian Higher Administrative Court decided on a case regarding the criminal liability of religious orders when providing support for an unauthorised stay by granting church asylum to individuals under the Dublin procedure.,41,0.42070845
2,Credibility Assessment & Interpretation,582_chunk001,"The applicant submitted that in dismissing his explanation of suffering a mental disability, the Tribunal acted in breach of the national protection legislation, the EU Charter of Fundamental Freedoms and the European Convention on Human...",42,0.42046517
2,Credibility Assessment & Interpretation,4999_chunk001,"The Ministry of Home Affairs found that the responsible State for examining the application under the Dublin III Regulation was Hungary, as the applicant had a Hungarian...",48,0.4156323
2,Credibility Assessment & Interpretation,951_chunk000,The case concerns the risk situation in case of return to the country of origin as well as fear of persecution by the Taliban forces.,51,0.41402566
2,Credibility Assessment & Interpretation,24_chunk001,A has requested permission from her own and her minor children to appeal the administrative...,52,0.41308838
2,Credibility Assessment & Interpretation,608_chunk000,"Three country nationals, C, J, and S, had their applications for international protection rejected in the Netherlands and were detained with a view to preparing their return. C's application for international protection was rejected on 11 April 2017, and C was detained on 13 April.",53,0.41307175
2,Credibility Assessment & Interpretation,935_chunk001,The woman experienced various...,54,0.41290003
2,Credibility Assessment & Interpretation,4167_chunk001,"The Court dismissed the appeal without an oral hearing considering that, although the applicant was still of military service age, there was no greater risk of...",55,0.41183248
2,Credibility Assessment & Interpretation,636_chunk000,"The Supreme Court ruled that a decision to transfer from Article 26 of the Dublin III Regulation does not constitute a ""final decision"" on an application for international protection within the meaning of Article 2 (b) of the Reception Directive and Article 2 (c) of the Dublin III Regulation, and consequently it can not entail the cessation of rights arising from the Reception Directive.",58,0.41052788
2,Credibility Assessment & Interpretation,504_chunk000,The judgement dealt with the application of Article 5(2) of Commission Regulation (EC) No 1560/2003 of 2 September 2003 laying down detailed rules for the application of the Dublin II Regulation.,61,0.40846837
2,Credibility Assessment & Interpretation,1010_chunk001,"Under the Dublin III proceedings, the applicant was interviewed and stated that he had left Libya because of the war and...",62,0.40765527
2,Credibility Assessment & Interpretation,3269_chunk001,"After a new consultation of the Eurodac file, the German authorities were again seized with a...",64,0.40705264
2,Credibility Assessment & Interpretation,1647_chunk001,"On 18 March 2020, the Federal Office for Foreign Affairs and Asylum conducted the interview remotely, by video-conference...",65,0.40694773
2,Credibility Assessment & Interpretation,197_chunk001,During the course of the Refugee Application Commissioner's examination of the applicants' file under Dublin III the applicants requested that the Commissioner exercise discretion under art.17 of the Regulation to...,66,0.40489
2,Credibility Assessment & Interpretation,200_chunk001,During the course of the Refugee Application Commissioner's examination of the applicants' file under Dublin III the applicants requested that the Commissioner exercise discretion under art.17 of the Regulation to...,67,0.40489
2,Credibility Assessment & Interpretation,3276_chunk001,The court noted that Romania was already unprepared to accommodate asylum applicants before the Ukrainian crisis and that with the high influx of persons...,68,0.4047681
2,Credibility Assessment & Interpretation,125_chunk000,"The Supreme Administrative Court finds that the mere fact that the appellant is told to be in regular contact with the families, not in itself be regarded as evidence that he was required by the return of the Directive any degree of certainty would be returned to any family member or designated guardian, or that for him would be adequate reception at home at home .

...",70,0.40390426
2,Credibility Assessment & Interpretation,68_chunk001,The Court found that the separation of the children from their parents constituted a violation of the right to family life (art 8 ECHR) and that the...,72,0.40306664
2,Credibility Assessment & Interpretation,1088_chunk001,The Council of State held that if the applicants would be refused travel vouchers such a situation is likely to amount to a serious and manifestly unlawful interference with their right to enjoy a procedure for examining...,73,0.4029284
2,Credibility Assessment & Interpretation,576_chunk000,"The First Instance Administrative Court took a decision related to the no existence of sanctions if the maximum period of 21 months for the procedure of examination of an application for international protection is surpassed. In this case, an applicant for international protection whose application had been rejected appealed the decision of refusal.",75,0.4024419
2,Credibility Assessment & Interpretation,2506_chunk001,The applicant also had a child and invoked the protection of family life and best interests of the child as a...,76,0.40104818
2,Credibility Assessment & Interpretation,1573_chunk001,The Chamber for Contentious Administrative Proceedings of the Audiencia Nacional (Fourth Chamber)...,77,0.40091574
2,Credibility Assessment & Interpretation,178_chunk000,"The Court gave guidance on the general approach to be adopted in law and practice by the First-tier Tribunal and Upper Tribunal where claims for asylum were made by children, young people, and other incapacitated or vulnerable persons whose ability to participate effectively in proceedings might be limited.",78,0.40061313
2,Credibility Assessment & Interpretation,1000_chunk000,"The CNDA overturned the decision of the OFPRA who rejected the asylum request of three female applicants belonging to the Wolof ethnic group in Gambia, on the basis that the prevalence rate of FGM/C in this ethnic group is low (12.3%).",81,0.39922515
2,Credibility Assessment & Interpretation,547_chunk000,"In response to a legal remedy filed against the Federal Office for Immigration and Asylum, the Supreme Administrative Court ruled that, in accordance with Art 13 para 1 of the Dublin III Regulation (604/2013), the Member State whose border an individual applying for international protection had crossed irregularly is responsible for examining that application (ruling in case Ra 2017/19/0169-9 of 5",83,0.39737254
2,Credibility Assessment & Interpretation,4998_chunk001,The Ministry for Home Affairs...,86,0.3966747
2,Credibility Assessment & Interpretation,173_chunk000,"A Sri Lankan national's appeal against the refusal of his asylum claim based on his membership of proscribed groups and participation in political demonstrations was allowed. The First-tier Tribunal and Upper Tribunal had not been referred to 2014 Home Office policy guidance entitled ""Tamil Separatism"" which was material to the decision and might realistically have affected the outcome....",89,0.39503485
2,Credibility Assessment & Interpretation,5890_chunk001,"On 22 August 2018, at the applicants' request, the ECtHR, under the interim measure procedure, ordered the Hungarian Government to ensure that the environment in which the applicants were placed...",90,0.3948726
2,Credibility Assessment & Interpretation,1648_chunk001,"On 17 November 2011, the Federal Asylum Office rejected again the application, after having found also that the applicant was from Nigeria and ordered the return....",91,0.3944802
2,Credibility Assessment & Interpretation,932_chunk000,The case concerns a take charge request from Greece to Austria which was rejected by Austria. The Federal Office reasoned that the Dublin consultation procedure is a process between the Member States.,92,0.39372504
2,Credibility Assessment & Interpretation,3276_chunk000,"On 12 January 2023, the Rome Tribunal confirmed its previous case law of 13 October 2022, and annulled a Dublin transfer to Romania according to Article 3(2) of the Dublin Regulation and to Article 4 of the EU Charter of Fundamental Rights of the European Union, considering that there are systemic deficiencies in the asylum system.",93,0.39274874
2,Credibility Assessment & Interpretation,204_chunk000,"On the facts of this case, the applicant's solicitor informed the Tribunal that the applicant would prefer not to attend his hearing because he was concerned that his attendance would have an adverse effect on him in the light of his post-traumatic stress disorder.",94,0.3920983
2,Credibility Assessment & Interpretation,3957_chunk000,"An applicant from Transnistria, with Moldovan nationality, who applied for international protection in Czechia, stated at the end of the interview, when asked by the case officer, that he would waive the right to comment on the country of origin (COI) documents which would be used in the case file as evidence, noting that he knew the situation in Moldova and Transnistria.",96,0.3912886
2,Credibility Assessment & Interpretation,119_chunk001,"Nevertheless, the National High Court considered, in line with UNHCR's report presented at the Eligibility Commission in this...",97,0.39044118
2,Credibility Assessment & Interpretation,85_chunk001,(iii) The dilution and disapplication of the procedural fairness and kindred protections enshrined in...,98,0.39042366
3,Subsidiary Protection Definition,35_chunk001,"The Court ruled that EU legislation provides for the subsistence of children rather than their welfare, notably articles 13.2 and 17 RCD. The Court mentioned that: 'The test, as already decided, is one of subsistence. Many...",17,0.47436687
3,Subsidiary Protection Definition,24_chunk001,A has requested permission from her own and her minor children to appeal the administrative...,24,0.46538317
3,Subsidiary Protection Definition,989_chunk001,"The Council of State upheld the CNDA's decision and rejected OFPRA's appeal on the grounds that the Court's sovereign assessment on the applicant's inadequate understanding and mastery of the English language could not be denatured. In this case, the Office's inadmissibility decision on the grounds of late submission was...",27,0.4591326
3,Subsidiary Protection Definition,45_chunk001,The administrative authority concluded that no new elements or findings have arisen or have been presented by the applicant. As regards the situation in the country of origin (Ukraine) the...,33,0.45277804
3,Subsidiary Protection Definition,3268_chunk001,The applicant argued that he had a family life with a wife and minor daughter who were provided...,35,0.45137072
3,Subsidiary Protection Definition,111_chunk001,"This also meets the requirements of Article 46 (6) of Directive 2013/32 / EU, according to which, at the request of the applicant concerned or on its own...",40,0.44576538
3,Subsidiary Protection Definition,4036_chunk001,The Supreme Administrative Corut had to determine whether the administrative court could have assessed the application of the exclusion clause in the case without holding an oral...,45,0.44124886
3,Subsidiary Protection Definition,2510_chunk001,On 16 March 2018 the applicant contested the decision and requested an order for suspensive effect. The German authorities informed the Spanish authorities about the lodging of an appeal with...,47,0.43973356
3,Subsidiary Protection Definition,148_chunk000,The case concerns “sur place” asylum claims.,48,0.43931985
3,Subsidiary Protection Definition,636_chunk000,"The Supreme Court ruled that a decision to transfer from Article 26 of the Dublin III Regulation does not constitute a ""final decision"" on an application for international protection within the meaning of Article 2 (b) of the Reception Directive and Article 2 (c) of the Dublin III Regulation, and consequently it can not entail the cessation of rights arising from the Reception Directive.",49,0.43620634
3,Subsidiary Protection Definition,504_chunk000,The judgement dealt with the application of Article 5(2) of Commission Regulation (EC) No 1560/2003 of 2 September 2003 laying down detailed rules for the application of the Dublin II Regulation.,50,0.43609902
3,Subsidiary Protection Definition,636_chunk001,A different interpretation may also lead to a situation which constitutes a violation of Article 1 of the...,51,0.4355717
3,Subsidiary Protection Definition,37_chunk000,"This request for a preliminary ruling concerns the interpretation of Articles 3(2) and 17(1) of the Dublin III Regulation, Article 267 TFEU and Article 4 of the EU Charter of Fundamental Rights.",53,0.43429208
3,Subsidiary Protection Definition,5442_chunk001,The Constitutional Court considered that the Federal Administrative Court duly assessed both the security and supply...,56,0.43143195
3,Subsidiary Protection Definition,115_chunk000,"The National High Court noted that there are indications that the applicant and his family have actually been victims of persecution on the part of the Mara Salvatrucha (gang) for their resistance to being extorted, as well as that, in spite of informing the Honduran authorities, these they have not dispensed the applicant and his family effective protection.",61,0.42730138
3,Subsidiary Protection Definition,4998_chunk001,The Ministry for Home Affairs...,62,0.42701524
3,Subsidiary Protection Definition,993_chunk001,"The Council of State reaffirmed its jurisprudence concerning application of Article L. 733-5 of the CESEDA (CE, 22 June 2017, N° 400366) in which the CNDA may refer cases back to OFPRA if the applicants had not been able to make themselves understood during their interview with the Office and if the Office was responsible for this lack of...",63,0.4268564
3,Subsidiary Protection Definition,146_chunk000,The case concerns the issuance of Convention Travel Documents.,64,0.42676806
3,Subsidiary Protection Definition,176_chunk001,The suggestion that the Article 17 discretion falls to be exercised only where the family reunification criteria in Article 8 are not satisfied is misconceived. ...,66,0.42412212
3,Subsidiary Protection Definition,68_chunk001,The Court found that the separation of the children from their parents constituted a violation of the right to family life (art 8 ECHR) and that the...,68,0.42281228
3,Subsidiary Protection Definition,633_chunk001,According to the judgment these kind of grounds for application do not mean that the application could not be subject to...,69,0.42239267
3,Subsidiary Protection Definition,201_chunk001,"It was submitted on behalf of the applicant that a family could be a social group, and that the Tribunal had failed to assess whether...",70,0.4223127
3,Subsidiary Protection Definition,1088_chunk001,The Council of State held that if the applicants would be refused travel vouchers such a situation is likely to amount to a serious and manifestly unlawful interference with their right to enjoy a procedure for examining...,72,0.42046565
3,Subsidiary Protection Definition,203_chunk001,The husband has a subsisting relationship with each wife and there are children of both marriages. All...,75,0.4178187
3,Subsidiary Protection Definition,4231_chunk000,"The case concerned the question whether the State Secretary had correctly established the date from which the applicant benefits of asylum, how to establish the date of application.",77,0.41699812
3,Subsidiary Protection Definition,633_chunk000,"The legal question concerned a situation in which the applicant (a third country national) claimed asylum based on events that had happened in another EU MS in which the applicant had lived and towards which the Dublin Regulation was applicable. In the current case, a Nigerian national claimed she was in danger of persecution and serious harm in Spain due to her ex-husband.",78,0.41676795
3,Subsidiary Protection Definition,4233_chunk001,The applicant complained of the legality of the administrative detention and of the procedural issues related to this...,80,0.41664112
3,Subsidiary Protection Definition,584_chunk001,The Court held that there is no obligation on the decision makers to contact bodies within the countries of origin to verify individual...,82,0.41319215
3,Subsidiary Protection Definition,1013_chunk001,"The Supreme Administrative Court held that where, at the request of a Regional Court, a complainant delivers submissions that complete the action to a different court (without territorial jurisdiction), the timeliness of such submission is maintained only where the Regional Court without territorial jurisdiction passes on or sends on the submission by means of a...",84,0.41192332
3,Subsidiary Protection Definition,5890_chunk001,"On 22 August 2018, at the applicants' request, the ECtHR, under the interim measure procedure, ordered the Hungarian Government to ensure that the environment in which the applicants were placed...",85,0.41189027
3,Subsidiary Protection Definition,178_chunk000,"The Court gave guidance on the general approach to be adopted in law and practice by the First-tier Tribunal and Upper Tribunal where claims for asylum were made by children, young people, and other incapacitated or vulnerable persons whose ability to participate effectively in proceedings might be limited.",86,0.40806946
3,Subsidiary Protection Definition,125_chunk000,"The Supreme Administrative Court finds that the mere fact that the appellant is told to be in regular contact with the families, not in itself be regarded as evidence that he was required by the return of the Directive any degree of certainty would be returned to any family member or designated guardian, or that for him would be adequate reception at home at home .

...",87,0.40789896
3,Subsidiary Protection Definition,3168_chunk001,"In the first appeal procedure, the Administrative Court noted that the balance of interests shall account...",88,0.4078412
3,Subsidiary Protection Definition,932_chunk000,The case concerns a take charge request from Greece to Austria which was rejected by Austria. The Federal Office reasoned that the Dublin consultation procedure is a process between the Member States.,90,0.40705296
3,Subsidiary Protection Definition,45_chunk000,The administrative authority considered applicant's another subsequent application (third application) for international protection inadmissible and terminated the proceedings according to the provisions of the Act on Asylum implementing Art. 33(2)(d) and Art. 40 of the Recast Asylum Procedures Directive.,95,0.4013096
3,Subsidiary Protection Definition,119_chunk000,The case concerns the request to extend international protection to the parents of the applicant (Syrian father and a Palestinian mother) who was granted refugee status in Spain. Spanish authorities rejected the case as they considered that the dependency criteria requested by the Asylum Law in cases of family reunification of ascendants was not accredit in this case.,96,0.401199
3,Subsidiary Protection Definition,576_chunk001,"The applicant advanced a number of grounds for annulment in support of the plea, for instance, the fact that the duration of 21 months for the...",98,0.40006852
4,Perceived Plausibility Of Past Events,584_chunk001,The Court held that there is no obligation on the decision makers to contact bodies within the countries of origin to verify individual...,3,0.49124348
4,Perceived Plausibility Of Past Events,148_chunk000,The case concerns “sur place” asylum claims.,7,0.4615307
4,Perceived Plausibility Of Past Events,650_chunk000,The case concerns the suspension of the implementation of a decision on refusal of international protection.,10,0.45585197
4,Perceived Plausibility Of Past Events,183_chunk001,"In all five judgments, the European Court found that the applicants did not have at their disposal an effective and speedy...",15,0.44245106
4,Perceived Plausibility Of Past Events,4233_chunk001,The applicant complained of the legality of the administrative detention and of the procedural issues related to this...,17,0.4387229
4,Perceived Plausibility Of Past Events,926_chunk001,"ization, when returning to Ethiopia, there is in principle no significant fear of persecution...",18,0.4381972
4,Perceived Plausibility Of Past Events,582_chunk000,The High Court refused an application for judicial review by the applicant of a decision refusing him subsidiary protection. The national decision maker did not find the applicant's assertions that he was “not mentally ok” to be credible.,19,0.43683663
4,Perceived Plausibility Of Past Events,366_chunk000,"In this case the applicant (Nigeria) arrived to Ireland in October 2016. He claimed to be bisexual and that he was the subject of an attempt to force him to join a cult in Nigeria. On May 2017, the International Protection Office informed him the refusal of his application for protection on the ground of lack of credibility. He appealed the decision.",21,0.43430626
4,Perceived Plausibility Of Past Events,175_chunk000,The Upper Tribunal Ruled that: i) There is no general duty of inquiry upon the examiner to authenticate documents produced in support of a protection claim. There may be exceptional situations when a document can be authenticated by a simple process of inquiry which will conclusively resolve the authenticity and reliability of a document.,24,0.43325192
4,Perceived Plausibility Of Past Events,2506_chunk001,The applicant also had a child and invoked the protection of family life and best interests of the child as a...,25,0.42975593
4,Perceived Plausibility Of Past Events,4709_chunk000,"A Syrian national requested international protection in Germany, alleging a well-founded fear of persecution in his country of origin due to the ongoing civil war and a risk of forced conscription.",28,0.42714086
4,Perceived Plausibility Of Past Events,146_chunk000,The case concerns the issuance of Convention Travel Documents.,29,0.42666113
4,Perceived Plausibility Of Past Events,1010_chunk001,"Under the Dublin III proceedings, the applicant was interviewed and stated that he had left Libya because of the war and...",30,0.42642903
4,Perceived Plausibility Of Past Events,4036_chunk000,The case concerned an application for asylum submitted by an applicant from Iraq and for which the Finnish Immigration Service considered that he had a well-founded fear of persecution based on religious grounds but excluded him from protection for alleged commission of a serious non-political crime.,35,0.42323893
4,Perceived Plausibility Of Past Events,3231_chunk000,"In January 2022, the Cassation Court of France ruled that a bone examination was insufficient to confirm the applicant's majority. The court specified that, for such examinations to be considered conclusive, they should be corroborated by civil status records and social assessments.",36,0.42262602
4,Perceived Plausibility Of Past Events,24_chunk001,A has requested permission from her own and her minor children to appeal the administrative...,37,0.42190468
4,Perceived Plausibility Of Past Events,576_chunk001,"The applicant advanced a number of grounds for annulment in support of the plea, for instance, the fact that the duration of 21 months for the...",40,0.41859898
4,Perceived Plausibility Of Past Events,4999_chunk001,"The Ministry of Home Affairs found that the responsible State for examining the application under the Dublin III Regulation was Hungary, as the applicant had a Hungarian...",42,0.41741186
4,Perceived Plausibility Of Past Events,4036_chunk001,The Supreme Administrative Corut had to determine whether the administrative court could have assessed the application of the exclusion clause in the case without holding an oral...,44,0.414773
4,Perceived Plausibility Of Past Events,37_chunk000,"This request for a preliminary ruling concerns the interpretation of Articles 3(2) and 17(1) of the Dublin III Regulation, Article 267 TFEU and Article 4 of the EU Charter of Fundamental Rights.",45,0.4141754
4,Perceived Plausibility Of Past Events,5890_chunk001,"On 22 August 2018, at the applicants' request, the ECtHR, under the interim measure procedure, ordered the Hungarian Government to ensure that the environment in which the applicants were placed...",46,0.41363794
4,Perceived Plausibility Of Past Events,654_chunk001,"The examination concluded that the applicant was 18 years old, with a standard deviation of 6 months, meaning that...",51,0.4102818
4,Perceived Plausibility Of Past Events,932_chunk000,The case concerns a take charge request from Greece to Austria which was rejected by Austria. The Federal Office reasoned that the Dublin consultation procedure is a process between the Member States.,53,0.4101743
4,Perceived Plausibility Of Past Events,48_chunk001,The Police found out from the Eurodac database of fingerprints that the applicant applied for...,54,0.4100546
4,Perceived Plausibility Of Past Events,201_chunk001,"It was submitted on behalf of the applicant that a family could be a social group, and that the Tribunal had failed to assess whether...",55,0.40991384
4,Perceived Plausibility Of Past Events,52_chunk000,"On 13 April 2010, Ms. Danqua, a Ghanaian national, applied for refugee status in Ireland arguing that she feared trokosi practices, a form of ritual servitude practised in Ghana predominantly affecting women. In a report dated 16 June 2010, the Refugee Applications Commissioner (Ireland) issued a negative recommendation in respect of that application because of its lack of credibility.",57,0.40801606
4,Perceived Plausibility Of Past Events,994_chunk001,"The Council of State overturned the CNDA's decision, ruling directly for the first time on the legal characterisation of facts in a case regarding application of Article L. 711-6. The Council of State had already extended control over the decisions of the CNDA as to the legal characterisation of facts on exclusion issues (CE, 9 November 2016,...",58,0.40762213
4,Perceived Plausibility Of Past Events,88_chunk000,"The Court of Appeal confirmed that the First-tier Tribunal had been entitled to refuse an asylum seeker's appeal against the refusal of her claims for asylum and humanitarian protection. She had failed to establish a well-founded fear of persecution if returned to Iran on the basis of her political activities, conversion to Christianity, and the risk of domestic violence from her husband...",59,0.4059139
4,Perceived Plausibility Of Past Events,3963_chunk000,"On 7 January 2021, the applicant submitted a subsequent application for international protection, stating that his activities in the country of origin were related to religion, not politics, as he had converted to Christianity in Iran. As a result of this he had problems with the police and with his family, even though he was not baptized.",60,0.40479493
4,Perceived Plausibility Of Past Events,656_chunk000,The case concerns an appeal against the decision of the Court of The Hague of 5 October 2016 in case no. 16/20135. The Administrative Jurisdiction Division of the Council of State clarified that the Immigration and Naturalisation Service (IND ) is required to assess in an individual manner whether the criteria for protection still exist.,61,0.40434313
4,Perceived Plausibility Of Past Events,608_chunk000,"Three country nationals, C, J, and S, had their applications for international protection rejected in the Netherlands and were detained with a view to preparing their return. C's application for international protection was rejected on 11 April 2017, and C was detained on 13 April.",64,0.40356612
4,Perceived Plausibility Of Past Events,3207_chunk001,"The determining authority considered that there is no risk for the applicant as his father died in 2017, he was a former professional soldier, and his mother...",65,0.40299028
4,Perceived Plausibility Of Past Events,4019_chunk000,"The applicant is a girl born in Denmark to parents who are ethnically Somali and Sunni Muslims. The applicant's parents have referred to the fact that they, on the applicant's behalf, fear that the applicant will be at risk of being exposed to FGM/C if returned to Somalia.",67,0.40291315
4,Perceived Plausibility Of Past Events,2505_chunk000,"The applicant, national of Mali, applied for international protection in Germany but based on EURODAC findings his application was rejected as inadmissible as Italy was responsible to process his application.",68,0.40286165
4,Perceived Plausibility Of Past Events,4998_chunk001,The Ministry for Home Affairs...,71,0.4004749
4,Perceived Plausibility Of Past Events,4167_chunk001,"The Court dismissed the appeal without an oral hearing considering that, although the applicant was still of military service age, there was no greater risk of...",72,0.4003136
4,Perceived Plausibility Of Past Events,957_chunk001,"The appellant claimed her stalker enjoyed political influence and/or protection in Albania so her complaints to the police were not effective, and therefore she fled Albania and claimed asylum in Ireland.",74,0.39823654
4,Perceived Plausibility Of Past Events,3957_chunk001,"The ministry collected ten documents with COI, which were not commented on by the applicant. By decision of 3 January...",75,0.39745855
4,Perceived Plausibility Of Past Events,3957_chunk000,"An applicant from Transnistria, with Moldovan nationality, who applied for international protection in Czechia, stated at the end of the interview, when asked by the case officer, that he would waive the right to comment on the country of origin (COI) documents which would be used in the case file as evidence, noting that he knew the situation in Moldova and Transnistria.",77,0.39669836
4,Perceived Plausibility Of Past Events,4729_chunk000,"A national of Tajikistan from the Pamiri ethnic group requested international protection in Luxembourg on 16 January 2020, claiming a risk of persecution due to his political activities related to revealing unlawful practices and abuses of power within the State.",78,0.39655387
4,Perceived Plausibility Of Past Events,2507_chunk001,"On 24 April 2018 the attempted transfer was unsuccessful as the applicant was not found in his room in the accommodation, but the transfer...",79,0.3965091
4,Perceived Plausibility Of Past Events,3955_chunk001,A woman T. offered to help and organise her travel to Europe for which in return E.A. was asked to pay once she reached Europe. E.A. was first smuggled to Libya in 2016 and then sold twice to organised...,80,0.39648205
4,Perceived Plausibility Of Past Events,3272_chunk000,The Bavarian Higher Administrative Court decided on a case regarding the criminal liability of religious orders when providing support for an unauthorised stay by granting church asylum to individuals under the Dublin procedure.,81,0.3962745
4,Perceived Plausibility Of Past Events,997_chunk001,"The Council of State, in its rejection of the applicant's appeal, opined that only the women who managed to effectively escape the trafficking ring could be considered as belonging to the social group of Nigerian women from the State of Edo who were victims of a human trafficking network for sexual exploitation. With this decision, the Council...",82,0.39556444
4,Perceived Plausibility Of Past Events,1648_chunk001,"On 17 November 2011, the Federal Asylum Office rejected again the application, after having found also that the applicant was from Nigeria and ordered the return....",86,0.39487952
4,Perceived Plausibility Of Past Events,943_chunk000,"In its rulings of 1 February 2017, ECLI:NL:RVS:2017:209 and ECLI:NL:RVS:2017:210, the Council of State found that the Minister for Migration had rightly designated Morocco as a safe country of origin and that the information provided in this case does not lead to a...",87,0.3946844
4,Perceived Plausibility Of Past Events,3269_chunk001,"After a new consultation of the Eurodac file, the German authorities were again seized with a...",88,0.39445844
4,Perceived Plausibility Of Past Events,204_chunk001,"The Tribunal, applying reg.8(11)(b) of the European Union (Subsidiary Protection) Regulations 2013, decided it was in the interests of justice to hold an oral hearing (the Tribunal wished to raise in person with the applicant...",90,0.39318034
4,Perceived Plausibility Of Past Events,654_chunk000,"F.L., a Cameroonian national claiming to be a minor, applied for international protection in Belgium on 8 January 2018. On the same day, based on his physical appearance and statements, the Minors and Victims of Trafficking in Human Beings Unit of the Belgian Immigration Office expressed doubts as to his claimed minority and referred him for an immediate medical age assessment.",91,0.39290094
4,Perceived Plausibility Of Past Events,3286_chunk001,"The Supreme Court confirmed that the application for international protection implies the suspension of the removal procedure for irregular stay that could affect the applicant, until the Administration issues an initial decision...",93,0.39240956
4,Perceived Plausibility Of Past Events,542_chunk000,"On 22 October 2022, Mr. Ouhrami, an Algerian national, was considered a threat to public policy and declared undesirable by a decision from the Minister for Immigration and Integration in the Netherlands. The Minister indicated in the decision that in the years 2000 to 2002, Mr.",96,0.3908673
4,Perceived Plausibility Of Past Events,925_chunk001,", due to systemic weaknesses in accordance with Article 3(2) of the Dublin III...",97,0.3902761
4,Perceived Plausibility Of Past Events,196_chunk001,"Based on Chapter III of the Dublin III Regulation, the Office of the Refugee Applications Commissioner determined that the United Kingdom was responsible to assess applicant's applications. At this point, the...",98,0.38946488
4,Perceived Plausibility Of Past Events,3276_chunk001,The court noted that Romania was already unprepared to accommodate asylum applicants before the Ukrainian crisis and that with the high influx of persons...,99,0.38858432
0,Asylum Definition And Assessment,97_chunk000,"As of 2016, beneficiaries of subsidiary protection in Lower Austria differ from persons granted asylum in that they are entitled only to benefits under basic welfare support. The Constitutional Court ruled in June 2017 that this rule is constitutional, since sufficient factual and legal differences exist to justify differing treatment with respect to social benefits.",9,304.7137301131759
0,Asylum Definition And Assessment,3137_chunk000,"The applicant, Colombian national, applied for international protection on 4 September 2019 and he was informed on the same day of his rights in the asylum procedure, including the right to free legal aid from the state in case he lacked sufficient financial resources. The applicant was handed over a form where he could tick the services he requires.",17,290.4726613068045
0,Asylum Definition And Assessment,111_chunk000,"The Court defines which decision should be regarded as 'final' in the course of asylum procedure. Accordingly, it notes that the right of a person to stay in Estonia during a litigation may, after the decision of the administrative court, be decided by the court by means of the application of provisional legal protection/interim measure.",29,278.45946727304494
0,Asylum Definition And Assessment,3981_chunk000,"The case concerned an applicant from Belarus, a mother with her minor son who applied for asylum in Slovakia claiming a fear of persecution upon return to her home country due to opposition to the current regime. She claimed to have publicly and actively participated in anti-government protests following the 2020 presidential elections, within the territory of Slovakia.",30,278.0132634784954
0,Asylum Definition And Assessment,4164_chunk001,The decision on his request for asylum was postponed by the Migration Department under the Ministry of the Interior until the third quarter of 2023. VR appealed against this written...,41,271.19327414518995
0,Asylum Definition And Assessment,640_chunk000,"The case relates to the transfer of an asylum seeker to Germany under Dublin Regulation. The applicant requests the annulment of the decision refusing his stay and ordering his leave on medical grounds (diabetes and Parkinson's disease).

...",52,263.86470401890614
0,Asylum Definition And Assessment,46_chunk001,The applicant filed the action for annulment of the decision before the Regional Court in Ostrava on the last day of 15 day time limit laid down by the Act on Asylum for the actions against administrative decisions concerning international protection. The action...,54,262.4125337850134
0,Asylum Definition And Assessment,4828_chunk000,"A Burundian national belonging to the Tutsi community applied for asylum on 18 March 2022. He fled Burundi in 2015 because he feared persecution based on his work as an independent consultant and supporter/translator for journalists. Before arriving in the Netherlands, the applicant resided in Rwanda and Kenya. However, he did not feel safe in either country and feared refoulement to Burundi.",56,261.08484716979694
0,Asylum Definition And Assessment,986_chunk001,"The Council of State recalled the principle of confidentiality as mentioned in its decision dating from 27 July 2016 (N° 386797) according to which the Office is bound to guarantee the confidentiality of any information that could endanger persons seeking asylum, as well as the respect for privacy and for doctor-patient confidentiality. The...",59,255.79719571946376
0,Asylum Definition And Assessment,1000_chunk000,"The CNDA overturned the decision of the OFPRA who rejected the asylum request of three female applicants belonging to the Wolof ethnic group in Gambia, on the basis that the prevalence rate of FGM/C in this ethnic group is low (12.3%).",60,255.3534067084018
0,Asylum Definition And Assessment,198_chunk000,The applicant had previously applied for asylum in the UK. He appealed unsuccessfully to the Tribunal the decision of the Refugee Applications Commissioner that he be transferred to the UK under Dublin III.,62,254.830722019296
0,Asylum Definition And Assessment,201_chunk000,"The applicant claimed that after he sought to end a relationship with a woman in Albania in 2012, he was confronted by the woman's brothers who threatened, beat and tortured him, and murdered his father. He moved to Ireland in July 2013 and applied for asylum in April 2014, the application was rejected. An appeal to the tribunal was also rejected in May 2016.",63,254.13315409719385
0,Asylum Definition And Assessment,563_chunk001,"On 6 June 2017, the Central Agency for the Reception of Asylum Seekers (COA) rejected an application from a foreign national to allow the benefit of reception conditions. By decision of 5 July 2017, the Court of the Hague upheld the appeal lodged by the foreign...",65,252.60245277011992
0,Asylum Definition And Assessment,3232_chunk001,"This provision authorised access to the labour market to applicants who did not receive a decision from OFPRA within six months from their application, due to circumstances beyond their control, excluding Dublin applicants awaiting for their transfer to the Member State responsible to examine their asylum...",68,251.62338391357073
0,Asylum Definition And Assessment,996_chunk000,"According to the national contribution to the EMN Annual Report on Migration and Asylum 2019:

For the Council of State, the civil registry records reconstituted by the French Office for the Protection of Refugees and Stateless Persons (OFPRA) have identical value to the official originals, which precludes consular authorities contesting the particulars contained therein, except in cases of fraud.",74,250.69141285029625
0,Asylum Definition And Assessment,171_chunk001,"However, its guidance as to how medical evidence should be presented in ""self-infliction by proxy"" cases was to be treated as having no effect, because the proper approach to the instruction of experts was contained in the Practice Direction of the Immigration and Asylum Chambers...",78,249.35407344811625
0,Asylum Definition And Assessment,2510_chunk000,"The applicant, Guinea national, was rejected the application of asylum as inadmissible by decision of 7 March 2018 because he has already applied in Spain, according to a Eurodac hit report. The Spanish authorities agreed to the transfer on 6 March 2018 and the BAMF decision was adopted on 7 March 2018.",85,245.1992354652095
0,Asylum Definition And Assessment,647_chunk000,"According to EDAL, On 14 February, the Administrative Tribunal of Paris ruled in an urgent procedure regarding practical complications in the registration of asylum applications in the Île-de-France region.",86,244.89738463919312
1,Credibility Assessment Definition,35_chunk001,"The Court ruled that EU legislation provides for the subsistence of children rather than their welfare, notably articles 13.2 and 17 RCD. The Court mentioned that: 'The test, as already decided, is one of subsistence. Many...",23,103.1066667659953
1,Credibility Assessment Definition,635_chunk001,"ed as an intentional subtraction to the implementation of his transfer, and consequently the...",37,72.42234886954584
1,Credibility Assessment Definition,1705_chunk000,"The applicants are stateless persons, who were born on the territory of the former Soviet Union and left the later before its dissolution, and none of the successor countries recognised them as their citizens. Following an expulsion order, they were included in the national list of undesirable persons.",39,63.468617466688315
1,Credibility Assessment Definition,577_chunk001,"Article 3 ECHR, depending on the circumstances of the individual case - firstly - asserted individual threats in the country of origin, - secondly - the existence of a situation of generalized violence in the...",41,58.06155393998766
1,Credibility Assessment Definition,923_chunk001,He has no right to choose between an examination by the immigration authority and an examination by the...,45,53.07450398026726
1,Credibility Assessment Definition,937_chunk001,A decision moratorium means that the period within which asylum applications from Libyan foreign nationals must be processed by the state secretary is extended. This decision is important for all...,49,49.576420088502125
1,Credibility Assessment Definition,42_chunk001,"This crime, under certain aggravating circumstances, may fall according to the Czech Criminal Code within the category of “particularly serious crimes”, which is defined as “intentional crimes for which the criminal law foresees the sentence of deprivation of liberty with the upper limit of at least 10 years”. The administrative authority...",53,45.968125515272106
1,Credibility Assessment Definition,1012_chunk001,"It was considered that if admitted, the applicant could pose a...",54,45.59147442359578
1,Credibility Assessment Definition,58_chunk000,"In this case the Court of Appeal considered the question of whether, where an applicant for subsidiary protection is considered by the decision maker to be a national of Country A, and also to have been granted refugee status and lived in each of Countries B and C, may the application be decided upon the basis that he is a stateless person within the meaning of the Qualification Directive and the ",64,36.831015703179226
1,Credibility Assessment Definition,953_chunk000,"This case concerned whether, for the purposes of an application for family reunification by a beneficiary of subsidiary protection, “child” could include a non-biological child for whom the applicant had acted in loco parentis.",66,36.10242005461443
1,Credibility Assessment Definition,171_chunk001,"However, its guidance as to how medical evidence should be presented in ""self-infliction by proxy"" cases was to be treated as having no effect, because the proper approach to the instruction of experts was contained in the Practice Direction of the Immigration and Asylum Chambers...",67,35.64195862898004
1,Credibility Assessment Definition,646_chunk000,"According to EDAL's summary:

""On 8 February 2018, the Swiss Federal Administrative Tribunal ruled in a case concerning a Turkish journalist of Kurdish ethnicity who lodged an application for international protection in Zurich after arriving from Brazil. She claimed that she had been arrested and convicted in Turkey due to her profession and alleged connection with a terrorist organisation.",70,33.275950181636006
1,Credibility Assessment Definition,4999_chunk001,"The Ministry of Home Affairs found that the responsible State for examining the application under the Dublin III Regulation was Hungary, as the applicant had a Hungarian...",71,32.82875602236151
1,Credibility Assessment Definition,3232_chunk001,"This provision authorised access to the labour market to applicants who did not receive a decision from OFPRA within six months from their application, due to circumstances beyond their control, excluding Dublin applicants awaiting for their transfer to the Member State responsible to examine their asylum...",72,32.762561325423086
1,Credibility Assessment Definition,658_chunk001,The Ministry of Labour and Social Security had withdrawn access to the reception system based on the ground that the applicant lost his right to stay there when left his previous center without previous communication. According to the Spanish...,73,32.49835222786095
1,Credibility Assessment Definition,921_chunk001,"More analytically, a female asylum seeker had upon arrival to Norway...",77,28.904401248284856
1,Credibility Assessment Definition,504_chunk001,"A Member State which has earlier denied a request of take charge or take back according to Articles 21 or 23 of the Dublin III Regulation within the time limits and which, thereafter, receives a re-examination request under Article 5(2) of Regulation No 1560/2003, must...",78,28.33009731376522
1,Credibility Assessment Definition,589_chunk000,"I – Notification to the applicant for international protection, to account for the content of his statement, does not comply with the formalities required by Article 17 (1 and 2) of the Asylum law under which a written report, containing all the essential information regarding the case and to which the applicant can respond, must be drawn up.",79,28.28664035037469
1,Credibility Assessment Definition,141_chunk000,"According the High Court, the grant of refugee status to a child by the SSHD is an absolute bar to any order by the Family Court seeking to effect the return of a child.",80,27.722476870749873
1,Credibility Assessment Definition,121_chunk000,"The applicant, single woman, lived with her brother and his family (spouse and children) in Pakistan and ran away from the country because of his political problems.",82,27.101409362801657
1,Credibility Assessment Definition,591_chunk000,"I- Matters regarding the hearing of the interested party with respect to inadmissibility decisions on a request for international protection and the transfer of an applicant for international protection, rendered further to a decision to accept the taking back request by another member state, are governed by Article 5 of Regulation (EU) No 604/2013 of the European Parliament and of the Council of ",83,26.82217679297372
1,Credibility Assessment Definition,3269_chunk000,"The applicant, a national of Somalia, applied for international protection in France on 18 December 2020 and he was placed under the Dublin procedure while a request was sent to Germany, considered the Member State responsible to examine the request for international protection. The applicant returned to Germany, and thereafter returned to France and asked for asylum a second time on 26 May 2021.",84,26.721961033160383
1,Credibility Assessment Definition,54_chunk001,"Pending the determination of an application for refugee status, applicants are required to live in State provided accommodation known as direct provision, and provided in...",85,26.426846431519767
1,Credibility Assessment Definition,130_chunk000,The Council ruled that to be able to transfer an applicant to another member state the administrative authority must obtain the consent of the State responsible for examining the asylum application before it can take a decision to transfer the asylum seeker to that State.,86,26.41458321599089
1,Credibility Assessment Definition,1000_chunk001,"The CNDA noted that children and women who have not undergone FGM/C, constitute a social group in a population in which FGM/C is commonly practiced to the point of constituting a social norm. The court emphasized that the existence of a social group...",87,26.388132738798777
1,Credibility Assessment Definition,2509_chunk001,The applicant resided in a shared accommodation and the notification letter of the decision was received by him and also by his legal...,89,25.98803976352857
1,Credibility Assessment Definition,181_chunk000,"According the Court's Press Release, Under section 25(1) of the Identity Cards Act 2006 (“2006 Act”) it was an offence for a person to be in possession of an identity card relating to someone else, with the intention of using it to establish his or her identity as that person's identity.",90,25.87528995743112
1,Credibility Assessment Definition,68_chunk000,"The case concerned the removal of an Afghan family under the Dublin regulation. Both parents were placed separately in administrative detention and weren't allowed to communicate. The mother stayed with her baby while the other children (3, 6 and 8) were placed in a children's home. After 20 days the family was removed to Norway.",91,25.71467943126678
1,Credibility Assessment Definition,3268_chunk001,The applicant argued that he had a family life with a wife and minor daughter who were provided...,94,25.138504589910152
1,Credibility Assessment Definition,66_chunk000,(abstract provided by UNHCR) The FAC comes to the conclusion that the humanitarian situation in Kabul has deteriorated compared to the FAC's last analysis of the situation in 2011 (BVGE 2011/7 ). The situation is life-threatening and a removal to Kabul is in principle not reasonable.,95,24.612289396483675
1,Credibility Assessment Definition,646_chunk001,The State Secretariat for Migration decided not to examine the merits of her...,97,24.4400918104855
1,Credibility Assessment Definition,505_chunk002," persons eligible for subsidiary protection, and for the content of the protection...",99,23.652767629714297
2,Credibility Assessment   Interpretation,35_chunk001,"The Court ruled that EU legislation provides for the subsistence of children rather than their welfare, notably articles 13.2 and 17 RCD. The Court mentioned that: 'The test, as already decided, is one of subsistence. Many...",39,82.1005539816525
2,Credibility Assessment   Interpretation,923_chunk001,He has no right to choose between an examination by the immigration authority and an examination by the...,49,52.32582257362443
2,Credibility Assessment   Interpretation,921_chunk001,"More analytically, a female asylum seeker had upon arrival to Norway...",54,38.88880995039116
2,Credibility Assessment   Interpretation,504_chunk001,"A Member State which has earlier denied a request of take charge or take back according to Articles 21 or 23 of the Dublin III Regulation within the time limits and which, thereafter, receives a re-examination request under Article 5(2) of Regulation No 1560/2003, must...",61,33.32752385360691
2,Credibility Assessment   Interpretation,585_chunk001,"15(c) of the qualification directive, an internal armed conflict involves a conflict between the state and an armed group, or between two or more armed groups confronting each other. With regards to the UNHCR “Guidelines on International Protection No. 12:...",63,31.755921678337845
2,Credibility Assessment   Interpretation,584_chunk000,"The applicant sought judicial review of the decision to refuse him asylum in Ireland, which he had applied for on the basis of fear of persecution due to issues with the Taliban and Lashkar-e-Islam. The applicant had tactically not applied for asylum in another Member State, which was a factor the decision maker was permitted to take into consideration.",65,31.587299314680543
2,Credibility Assessment   Interpretation,205_chunk000,"The applicant sought the leave of the Supreme Court to appeal against the decision of the High Court refusing leave to seek judicial review on two points: that there were substantial grounds necessary for leave to argue (1) that the RAC had unlawfully delegated the refugee status investigation to a contractor, and (2) that in circumstances where the High Court had granted leave on that point in ot",67,30.130995761466053
2,Credibility Assessment   Interpretation,58_chunk000,"In this case the Court of Appeal considered the question of whether, where an applicant for subsidiary protection is considered by the decision maker to be a national of Country A, and also to have been granted refugee status and lived in each of Countries B and C, may the application be decided upon the basis that he is a stateless person within the meaning of the Qualification Directive and the ",68,29.929085236702225
2,Credibility Assessment   Interpretation,996_chunk000,"According to the national contribution to the EMN Annual Report on Migration and Asylum 2019:

For the Council of State, the civil registry records reconstituted by the French Office for the Protection of Refugees and Stateless Persons (OFPRA) have identical value to the official originals, which precludes consular authorities contesting the particulars contained therein, except in cases of fraud.",69,29.514442671254788
2,Credibility Assessment   Interpretation,954_chunk001,"They subsequently brought judicial review proceedings challenging the manner in which their applications had been processed by the Refugee Applications Commissioner, arising from the fact that the Commissioner had established a “case processing panel of legal graduates” to perform “case processing” in relation to applications...",70,28.889144260064892
2,Credibility Assessment   Interpretation,1000_chunk001,"The CNDA noted that children and women who have not undergone FGM/C, constitute a social group in a population in which FGM/C is commonly practiced to the point of constituting a social norm. The court emphasized that the existence of a social group...",74,27.845578962048386
2,Credibility Assessment   Interpretation,3232_chunk001,"This provision authorised access to the labour market to applicants who did not receive a decision from OFPRA within six months from their application, due to circumstances beyond their control, excluding Dublin applicants awaiting for their transfer to the Member State responsible to examine their asylum...",75,27.323978122358135
2,Credibility Assessment   Interpretation,658_chunk001,The Ministry of Labour and Social Security had withdrawn access to the reception system based on the ground that the applicant lost his right to stay there when left his previous center without previous communication. According to the Spanish...,76,27.301256733568867
2,Credibility Assessment   Interpretation,130_chunk000,The Council ruled that to be able to transfer an applicant to another member state the administrative authority must obtain the consent of the State responsible for examining the asylum application before it can take a decision to transfer the asylum seeker to that State.,78,26.80208497687143
2,Credibility Assessment   Interpretation,1011_chunk000,"The case concerns a challenge to detention under the recast Reception Conditions Directive. The applicant requested international protection after being found illegally working in the Czech Republic and using fake documents to obtain such work.

...",80,25.866287703474818
2,Credibility Assessment   Interpretation,3269_chunk000,"The applicant, a national of Somalia, applied for international protection in France on 18 December 2020 and he was placed under the Dublin procedure while a request was sent to Germany, considered the Member State responsible to examine the request for international protection. The applicant returned to Germany, and thereafter returned to France and asked for asylum a second time on 26 May 2021.",81,25.05103964821745
2,Credibility Assessment   Interpretation,646_chunk000,"According to EDAL's summary:

""On 8 February 2018, the Swiss Federal Administrative Tribunal ruled in a case concerning a Turkish journalist of Kurdish ethnicity who lodged an application for international protection in Zurich after arriving from Brazil. She claimed that she had been arrested and convicted in Turkey due to her profession and alleged connection with a terrorist organisation.",85,23.71909958564474
2,Credibility Assessment   Interpretation,100_chunk000,"The case concerns to Afghani sisters who reached Austria through Croatia and applied for international protection. The authorities considered Croatia as the responsible MS for examining the applications of all family members. The Court followed he judgment of the ECJ, C-490/16, adopted on 26 July 2017, deciding on the reference for a preliminary ruling made by the Slovene Supreme Court.",86,23.680050653479206
2,Credibility Assessment   Interpretation,42_chunk000,The applicant was sentenced by a criminal court to two and half years for the crime of illicit production and possession of drugs.,87,23.489110775305512
2,Credibility Assessment   Interpretation,23_chunk000,"The Finnish Immigration Service had rejected A 's application for asylum and residence permit on the basis of the conflict between A and his father' s claims for asylum. Although the father's report has thus affected A's case, he or she has not been given the opportunity to give an explanation of the report and contradictions that it has in relation to his or her report.",88,23.416811159697083
2,Credibility Assessment   Interpretation,32_chunk001,"Mr Shiri sclaimed that Mr Shiri submits that, pursuant to the Dublin III Regulation, Austria is now responsible for examining his application because he was not transferred to Bulgaria within a period of six months from the Bulgarian authorities' agreement to take him back. The Court...",89,23.300549295599744
2,Credibility Assessment   Interpretation,933_chunk000,"The Division finds that the general safety situation in Afghanistan, particularly in Nangarhar and Ghazni, remains unabatedly alarming. In certain respects, the safety situation in Afghanistan has even worsened compared to June 2018, the end point of the reporting period dealt with in the earlier ruling of the Division of 1 October 2018. On the other hand, however, the...",91,23.12368283725263
2,Credibility Assessment   Interpretation,48_chunk001,The Police found out from the Eurodac database of fingerprints that the applicant applied for...,95,22.977033112149797
2,Credibility Assessment   Interpretation,181_chunk000,"According the Court's Press Release, Under section 25(1) of the Identity Cards Act 2006 (“2006 Act”) it was an offence for a person to be in possession of an identity card relating to someone else, with the intention of using it to establish his or her identity as that person's identity.",97,22.542227459924877
2,Credibility Assessment   Interpretation,633_chunk001,According to the judgment these kind of grounds for application do not mean that the application could not be subject to...,98,22.167249195740247
3,Subsidiary Protection Definition,1647_chunk000,"MM and F, nationals of Pakistan, applied for international protection on 4 October 2015, but it was rejected  and the Federal Administrative Court confirmed it by decision of 22 October 2018, jointly with the issuance of a return order against the applicants. A subsequent application was submitted from detention centre by the second applicant, on 3 March 2020.",44,186.98934236285615
3,Subsidiary Protection Definition,3321_chunk000,"The applicant applied for international protection in 2017, claiming that he had to flee Bangladesh after being subjected to ill-treatment from state authorities due to his belonging to the Rohingya ethnic group. The BFA rejected the applicant's request and issued a removal order against him. The applicant appealed against this decision.",47,184.38153578263743
3,Subsidiary Protection Definition,2471_chunk000,"A national from Lithuania applied for international protection in Austria on 15 April 2019. The applicant claimed he was a lawyer and human rights activist who had defaced a plaque honouring a General who was responsible for the murder of 14,000 Jews, 22 of whom were related to him.",52,181.03808183852695
3,Subsidiary Protection Definition,3268_chunk000,"The applicant, an Iraqi national, requested international protection in Austria. On 14 May 2022, the Federal Office for Immigration and Asylum (Bundesamt für Fremdenwesen und Asyl‚ BFA) dismissed the request as inadmissible, considering that Lithuania was the responsible Member State to examine the application in accordance with Article 18(1)(b) of the Dublin III Regulation.",56,179.72618915220377
3,Subsidiary Protection Definition,991_chunk001,"The Council of State rejected the applicant's appeal (for which the Office entered an appearance in defence), thus confirming the denial of international protection to a Rwandan national, a senior officer of the Rwandan armed forces since 1993 who had been acquitted on appeal at the ICTR in 2014. The Council of State held that, in particular, res...",57,179.00089357015577
3,Subsidiary Protection Definition,3277_chunk000,The applicant is an Algerian national who applied for international protection in the Netherlands and the State Secretary decided on 30 November 2021 not to process the application in the regular procedure. The applicant claimed that during the registration phase he was not informed of the possibility to apply for legal assistance.,59,176.95238621113558
3,Subsidiary Protection Definition,4998_chunk000,"The applicant is a national of Iran. On 27 December 2023, he requested international protection in Luxembourg. In support of his application, he claimed he feared persecution, inhumane and degrading treatment or even the death penalty because of his homosexuality, his opposition to the Iranian government and his support to the “organisation of the Mujahedin of the Iranian People”.",69,173.4011996377897
3,Subsidiary Protection Definition,1648_chunk000,"The applicant applied for international protection on 13 January 2010, claiming to be a minor from Zimbabwe and by decision of 29 September 2010 the Federal Office for Asylum rejected the application as unfounded. Upon appeal, the Court of Asylum referred the matter back to the Federal Asylum Office for a new hearing and assessment.",75,171.69288316338017
3,Subsidiary Protection Definition,4728_chunk000,"A national of Belarus requested international protection in Luxembourg on 7 February 2020. By decision of 27 September 2019, her request was rejected as unfounded and she was ordered to leave the territory within 30 days. She appealed the decision, and her appeal was dismissed by final decision of the Administrative Court on 28 June 2022.",77,170.4372741039597
3,Subsidiary Protection Definition,3137_chunk000,"The applicant, Colombian national, applied for international protection on 4 September 2019 and he was informed on the same day of his rights in the asylum procedure, including the right to free legal aid from the state in case he lacked sufficient financial resources. The applicant was handed over a form where he could tick the services he requires.",79,169.73003491575267
3,Subsidiary Protection Definition,4997_chunk000,"The applicants were a married couple and their child, of Armenian ethnicity, originating from the autonomous region of Nagorno-Karabakh. On 31 August 2021 they applied for international protection in Germany. In support of their application they claimed that the husband (applicant 1) had been drafted to the army in Nagorno-Karabakh after the outbreak of the war in September 2020.",80,169.68323346247138
3,Subsidiary Protection Definition,1012_chunk000,The applicant arrived as a transit passenger on 18 March 2019 by air from Moscow to the Czech Republic and applied for international protection at the Václav Havel Airport Prague. The applicant was refused entry into the territory as she was registered in the Schengen Information System (SIS) as an undesirable alien to whom refusal of entry into the Schengen area was to be made.,84,165.35133430287593
3,Subsidiary Protection Definition,102_chunk000,"The applicant is an Afghan national (Hazara), who was born in Iran, where he spent his whole life before applying for international protection in Austria in October 2015. His application was rejected by the first and second instance and the applicant was handed a return order to AFG (no well-founded fear of persecution for a Convention reason in AFG; no risk of violation of Art.",87,164.80881451442517
3,Subsidiary Protection Definition,1090_chunk000,"The applicant, a Nigerian national, requested international protection after entering Austria on 21 September 2015. This application was rejected by decision of the Federal Office for Aliens and Asylum (BFA) on 31 October 2017. A return decision was issued against the applicant and it was not contested.",89,163.3864256264978
3,Subsidiary Protection Definition,3957_chunk000,"An applicant from Transnistria, with Moldovan nationality, who applied for international protection in Czechia, stated at the end of the interview, when asked by the case officer, that he would waive the right to comment on the country of origin (COI) documents which would be used in the case file as evidence, noting that he knew the situation in Moldova and Transnistria.",90,163.34070285919898
3,Subsidiary Protection Definition,44_chunk000,"The applicants, family of Russian-speaking Ukrainian citizens, applied for international protection in the Czech Republic. In their application they stated that in the Dnepropetrovsk region, seriously influenced by war, they were threatened, treated as separatists and constantly controlled by the irregular combatants without uniforms or insignia.",95,158.90227550561616
3,Subsidiary Protection Definition,3960_chunk000,"The applicant, an Uzbek and Tajik national, requested international protection in Czechia on 30 September 2020, after he was arrested following a vehicle check when it was found that he was the subject of an arrest warrant in Uzbekistan. The Ministry of the Interior rejected the request by decision of 30 May 2023.",96,158.4714175195911
3,Subsidiary Protection Definition,930_chunk000,An Iraqi national applied for international protection in Austria on 16 May 2016 stating he had been employed as a guard in a prison near Baghdad where terrorists were incarcerated and was threatened by them. He suffers from a serious heart condition and other health problems. The Federal Office for Immigration and Asylum rejected his request on 16 December 2016.,97,157.6796266352739
4,Perceived Plausibility Of Past Events,205_chunk001,"her cases, a judge of the same court should only depart from such previous decisions in limited...",0,144.08110540402438
4,Perceived Plausibility Of Past Events,2509_chunk000,"The applicant, Guinean national, contested the inadmissibility decision adopted based on Paragraph 29(1)(1)(a) of the AsylG, because he entered Germany and applied for international protection on 11 April 2018 but he had previously applied in Spain (Eurodac hit report). The BAMF also found no prohibition to deportation and issued a 6 months entry ban.",1,129.27408525315582
4,Perceived Plausibility Of Past Events,2508_chunk000,"The applicant, national of Philippine, contested an inadmissibility decision issued by BAMF on 21 February 2018 on the basis of Paragraph 29(1)(1)(a) AsylG, because he has previously applied for international protection in France. It was decided that there are ni prohibitions to deportation and ordered a 9 months entry ban.",3,116.16037076273216
4,Perceived Plausibility Of Past Events,3276_chunk000,"On 12 January 2023, the Rome Tribunal confirmed its previous case law of 13 October 2022, and annulled a Dublin transfer to Romania according to Article 3(2) of the Dublin Regulation and to Article 4 of the EU Charter of Fundamental Rights of the European Union, considering that there are systemic deficiencies in the asylum system.",5,98.6331563003531
4,Perceived Plausibility Of Past Events,591_chunk000,"I- Matters regarding the hearing of the interested party with respect to inadmissibility decisions on a request for international protection and the transfer of an applicant for international protection, rendered further to a decision to accept the taking back request by another member state, are governed by Article 5 of Regulation (EU) No 604/2013 of the European Parliament and of the Council of ",6,94.71299829039124
4,Perceived Plausibility Of Past Events,658_chunk001,The Ministry of Labour and Social Security had withdrawn access to the reception system based on the ground that the applicant lost his right to stay there when left his previous center without previous communication. According to the Spanish...,7,91.68138953500606
4,Perceived Plausibility Of Past Events,2507_chunk000,"The case concerned an Afghan applicant who contested an inadmissible decision based on Paragraph 29(1)(1)(a) of the AsylG because he had previously applied for asylum in Denmark. The Danish authorities agreed to a readmission on 9 November 2017, and the BAMF ordered the transfer and found no prohibition for the deportation.",8,87.42509344659697
4,Perceived Plausibility Of Past Events,51_chunk000,"Subsequent application for international protection lodged by the applicant (national of Cameroon) in 2014 was declared inadmissible and asylum proceedings was terminated by the decision of the administrative authority, which came to the conclusion that the applicant had not presented any new elements or findings which she would be incapable to present in the previous procedure initiated by her fi",10,84.85552057583135
4,Perceived Plausibility Of Past Events,45_chunk000,The administrative authority considered applicant's another subsequent application (third application) for international protection inadmissible and terminated the proceedings according to the provisions of the Act on Asylum implementing Art. 33(2)(d) and Art. 40 of the Recast Asylum Procedures Directive.,12,72.60876331026458
4,Perceived Plausibility Of Past Events,3434_chunk001,"The transfer was ruled to be unlawful due to the lack of accommodation in Italy, the fact that the person will not find a job within the foreseeable future that offers him an income sufficient to finance decent accommodation and living expenses, which would result...",13,70.95430657448759
4,Perceived Plausibility Of Past Events,254_chunk000,"In its Chamber judgment of 26 June 2014, the European Court of Human Rights, unanimously, declared inadmissible M.E.'s complaint under Article 8 of the Convention.",14,69.39170297542276
4,Perceived Plausibility Of Past Events,198_chunk000,The applicant had previously applied for asylum in the UK. He appealed unsuccessfully to the Tribunal the decision of the Refugee Applications Commissioner that he be transferred to the UK under Dublin III.,16,62.717949944913464
4,Perceived Plausibility Of Past Events,562_chunk000,The case raises the issue of whether a subsequent application for asylum has been submitted at the time when the foreign national applies in writing by expressing the wish to submit an application for a temporary asylum residence permit or at the time when he/she uses the appropriate form to submit the application for asylum.,17,61.48584954579418
4,Perceived Plausibility Of Past Events,960_chunk000,"The appellants were Albanian nationals who previously lived in Kosovo (*). They arrived in Ireland on 12 December 2014 and two days later they made an application for asylum. They did not disclose a full account of the circumstances of their arrival in Ireland, in particular that they had previously been issued with a visa for the United Kingdom.",18,58.9071560195377
4,Perceived Plausibility Of Past Events,931_chunk000,"Pursuant to Art. 4a of the Asylum Act 2005, an application for international protection is to be rejected as inadmissible where the foreign person has been granted asylum or subsidiary protection status in another EEA Member State or Switzerland. In the specific case, the appellant, a Syrian citizen, filed an application for international protection in April 2018.",21,50.16220090166881
4,Perceived Plausibility Of Past Events,2510_chunk000,"The applicant, Guinea national, was rejected the application of asylum as inadmissible by decision of 7 March 2018 because he has already applied in Spain, according to a Eurodac hit report. The Spanish authorities agreed to the transfer on 6 March 2018 and the BAMF decision was adopted on 7 March 2018.",23,47.62819072355678
4,Perceived Plausibility Of Past Events,3275_chunk001,"By decision of 25 November 2021, the BFA rejected the application for international protection as inadmissible and ordered the applicant's removal to Malta. The applicant...",24,45.572770680718
4,Perceived Plausibility Of Past Events,647_chunk000,"According to EDAL, On 14 February, the Administrative Tribunal of Paris ruled in an urgent procedure regarding practical complications in the registration of asylum applications in the Île-de-France region.",25,44.91804982560903
4,Perceived Plausibility Of Past Events,550_chunk000,"The case involved an asylum seeker upon whom detention was imposed as a measure to ensure a Dublin procedure. The asylum seeker lodged a complaint against a decision that had been issued based on Art. 5 of the Asylum Act 2005, rejecting the application as inadmissible.",26,44.59632072931013
4,Perceived Plausibility Of Past Events,573_chunk001,"By judgment of 7 August 2017, the court dismissed the appeal lodged by the alien, in so far as it was directed against the rejection of the asylum application, as inadmissible, and dismissed his...",28,44.35281631125706
4,Perceived Plausibility Of Past Events,506_chunk000,"The applicant claimed to be registered with UNRWA, to have received help from relatives in Syria too. He claimed that the assistance he has previously received from UNRWA has ceased because he was forced out of Syria because of the general situation in the country.",30,42.470657014707875
4,Perceived Plausibility Of Past Events,4235_chunk000,"The case concerned two Iranian applicant, a father and his minor child, who entered the Röszke transit zone and applied for asylum on 5 December 2018. The asylum authority rejected the application as inadmissible and considered that Serbia was a safe third country where the applicants should have requested asylum. The decision was confirmed in court.",31,41.26052754529356
4,Perceived Plausibility Of Past Events,563_chunk000,"The case concerns the moment at which an asylum application is lodged, in particular with regard to a subsequent asylum application. This moment is important for the entitlement to reception by the foreign national.",33,39.884275798451085
4,Perceived Plausibility Of Past Events,4231_chunk001,"In fact, the State Secretary rejected as inadmissible the first asylum application and did not process it on the merits because it determined that Germany was the Member State responsible to process it, according to the Dublin III Regulation. Since the time limit to transfer the applicant to Germany...",34,39.65544171190202
4,Perceived Plausibility Of Past Events,183_chunk000,"These cases concern the detention of Syrian asylum seekers during different periods between 2010 and 2012. In the cases of M.A., A.H. and J.K., H.S. and Others and K.F. the detention occurred after a police operation in June 2010 removing them from an encampment outside government buildings where they were protesting against the Cypriot Government's asylum policy.",35,38.93591662208382
4,Perceived Plausibility Of Past Events,49_chunk000,"Despite of previous decisions on return (administrative expulsion) issued against the applicant (Ukrainian national), she did not leave the territory of the Czech Republic where she has stayed irregularly since 2001.",36,37.34807480915653
4,Perceived Plausibility Of Past Events,3268_chunk000,"The applicant, an Iraqi national, requested international protection in Austria. On 14 May 2022, the Federal Office for Immigration and Asylum (Bundesamt für Fremdenwesen und Asyl‚ BFA) dismissed the request as inadmissible, considering that Lithuania was the responsible Member State to examine the application in accordance with Article 18(1)(b) of the Dublin III Regulation.",37,37.2436111326268
4,Perceived Plausibility Of Past Events,589_chunk001,II – The aforementioned Article 17 (1 and 2) is applicable to situations where the request for international protection is considered inadmissible and the...,38,34.20549036880207
4,Perceived Plausibility Of Past Events,4962_chunk001,"On 19 July 2022, the Ministry of the Interior denied the request for statelessness. The applicant...",39,33.753761135299804
4,Perceived Plausibility Of Past Events,563_chunk001,"On 6 June 2017, the Central Agency for the Reception of Asylum Seekers (COA) rejected an application from a foreign national to allow the benefit of reception conditions. By decision of 5 July 2017, the Court of the Hague upheld the appeal lodged by the foreign...",41,32.80372991058048
4,Perceived Plausibility Of Past Events,938_chunk000,IThe foreign national has submitted a subsequent asylum application. The decision on that application was taken on behalf of the State Secretary by the employee of the Immigration and Naturalization Service (hereinafter: the IND) who heard the alien and also issued the intention.,42,32.40857276714109
4,Perceived Plausibility Of Past Events,4828_chunk001,"On 1 August 2023, the Minister for Asylum and Migration declared...",46,30.687667341381317
4,Perceived Plausibility Of Past Events,647_chunk001,"The urgent action was initiated by several civil society organisations against complications that amounted to obstacles to the registration of applications for international protection through a telephone platform. The platform, established by the French Office for Immigration and...",47,29.60216385516045
4,Perceived Plausibility Of Past Events,3284_chunk000,The case concerned an appeal against the decision of the Administrative Court by which the court urged the Delegacion del Gobierno of Ceuta to take all the necessary measures for the cessation of the proceedings and the immediate transfer to Spain to all unaccompanied minors previously returned to Morocco.,49,27.78624772168976
4,Perceived Plausibility Of Past Events,4730_chunk000,"A national of Guinea requested international protection in Luxembourg on 31 May 2022, relying on his political activism, and in particular on his participation in various demonstrations severely repressed by the political power in place, which led to him being imprisoned and tortured by the Guinean authorities.",50,27.43223570274372
4,Perceived Plausibility Of Past Events,926_chunk000,"As a result of the fundamental change in the political situation in Ethiopia since April 2018, people need because of their membership in an organization active in exile policy in Germany that is closely related to one of the organizations of the Ginbot7, OLF or ONLF that was classified as a terrorist organization in Ethiopia by summer 2018, or because of an exile policy activity for such an organ",51,26.250586805373157
4,Perceived Plausibility Of Past Events,111_chunk000,"The Court defines which decision should be regarded as 'final' in the course of asylum procedure. Accordingly, it notes that the right of a person to stay in Estonia during a litigation may, after the decision of the administrative court, be decided by the court by means of the application of provisional legal protection/interim measure.",53,25.320510074325547
4,Perceived Plausibility Of Past Events,564_chunk000,"By decision of 13 July 2016, the State Secretary declared an application from the foreign national to grant him a temporary asylum residence permit inadmissible.",54,25.11955232017079
4,Perceived Plausibility Of Past Events,608_chunk001,"The judge at first instance found that the detention was based on an incorrect legal basis, and the Secretary of State appealed to the Council of State. On 31 July, the district court of the Hague, sitting in...",55,24.849093575562815
4,Perceived Plausibility Of Past Events,4150_chunk000,The case concerned an applicant from Morocco who alleged to have fled from his country due to fear for his life. He arrived in Milan and tried since December 2022 to access the Milan Police Headquarters in order to formalise his application for international protection.,56,24.76390858326981
4,Perceived Plausibility Of Past Events,957_chunk000,An Albanian national was stalked by a co-worker who vandalised her husband's car and subsequently fired shots at her husband. The appellant subsequently moved to Tirana but her stalker found her and further intimidated her there.,57,24.598345791514294
4,Perceived Plausibility Of Past Events,554_chunk001,The foreign national then decided to appeal the Court of The Hague decision. ...,58,24.45402129169876
4,Perceived Plausibility Of Past Events,1647_chunk001,"On 18 March 2020, the Federal Office for Foreign Affairs and Asylum conducted the interview remotely, by video-conference...",59,24.45173955518822
4,Perceived Plausibility Of Past Events,562_chunk001,"This moment is important for the commencement date of the temporary asylum residence permit granted to the foreign national.

By decision...",60,24.425808858691177
4,Perceived Plausibility Of Past Events,542_chunk001,"Ouhrami had on five occasions been sentenced by the criminal courts to a total of more than 13 months imprisonment for aggravated theft, handling stolen property, and possession of hard drugs. The decision obliged him...",61,23.566377461205345
4,Perceived Plausibility Of Past Events,200_chunk000,"The applicants, a woman and her three children, were nationals of Pakistan who applied for asylum in the State. They had lived in the UK with the first applicant's husband whom the first named applicant claimed had been violently abusive towards her and the children.",63,23.5512762136008
4,Perceived Plausibility Of Past Events,197_chunk000,"The applicants, a woman and her three children, were nationals of Pakistan who applied for asylum in the State. They had lived in the UK with the first applicant's husband whom the first named applicant claimed had been violently abusive towards her and the children.",64,23.5512762136008
4,Perceived Plausibility Of Past Events,100_chunk001,"In this regard, it restates that regardless of the behavior of the Croatian authorities who tolerated the...",65,23.34186874021323
4,Perceived Plausibility Of Past Events,108_chunk000,According the ECHR's Information Note 213 (December 2017): The applicant entered Switzerland in 2009 and applied for asylum on the grounds that he had been imprisoned and tortured in his country of origin (Iran) after taking part in a demonstration there. His application was rejected after the Swiss authorities found that his account was not credible.,72,21.26976583904716
4,Perceived Plausibility Of Past Events,134_chunk000,Limitation of an applicant's right to challenge a transfer order pursuant to the Dublin III Regulation to alleged breaches of the criteria for transfer. All other provisions of the Regulation such as provision of information or time limits for requests are addressed to the member states and an applicant is therefore not entitled to challenge a transfer on those grounds....,75,20.93707028480991
4,Perceived Plausibility Of Past Events,4997_chunk000,"The applicants were a married couple and their child, of Armenian ethnicity, originating from the autonomous region of Nagorno-Karabakh. On 31 August 2021 they applied for international protection in Germany. In support of their application they claimed that the husband (applicant 1) had been drafted to the army in Nagorno-Karabakh after the outbreak of the war in September 2020.",76,20.581156679066392
4,Perceived Plausibility Of Past Events,4728_chunk000,"A national of Belarus requested international protection in Luxembourg on 7 February 2020. By decision of 27 September 2019, her request was rejected as unfounded and she was ordered to leave the territory within 30 days. She appealed the decision, and her appeal was dismissed by final decision of the Administrative Court on 28 June 2022.",77,20.27845131107377
4,Perceived Plausibility Of Past Events,3434_chunk000,"The German Federal Administrative Court confirmed on 27 January 2022 the decision of the Higher Administrative Court of North Rhine Westphalia of July 2021, halting the Dublin transfer of a single man to Italy.",79,20.15129230842022
4,Perceived Plausibility Of Past Events,125_chunk000,"The Supreme Administrative Court finds that the mere fact that the appellant is told to be in regular contact with the families, not in itself be regarded as evidence that he was required by the return of the Directive any degree of certainty would be returned to any family member or designated guardian, or that for him would be adequate reception at home at home .

...",82,19.65764964969154
4,Perceived Plausibility Of Past Events,653_chunk000,"According to the press release: The case concerned the expulsion to Morocco of a Moroccan national who had been convicted in France of conspiracy to carry out terrorist acts, and who had previously been deprived of his French nationality for the same reason. The Court noted in particular that Morocco had adopted general measures to prevent risks of treatment contrary to Article 3.",83,19.25679585385076
4,Perceived Plausibility Of Past Events,55_chunk000,The applicant was a Nigerian national who was born in May 1991. She arrived in the State on 9 January 2007 when she was 15 years old and applied for asylum. The applicant claimed to have been threatened with forced marriage and attempted rape. She said she was given assistance by the African Refugee Foundation (“AREF”) before ultimately leaving Nigeria.,85,18.81189288583339
4,Perceived Plausibility Of Past Events,201_chunk000,"The applicant claimed that after he sought to end a relationship with a woman in Albania in 2012, he was confronted by the woman's brothers who threatened, beat and tortured him, and murdered his father. He moved to Ireland in July 2013 and applied for asylum in April 2014, the application was rejected. An appeal to the tribunal was also rejected in May 2016.",86,18.8023927664558
4,Perceived Plausibility Of Past Events,931_chunk001,The appellant had been granted subsidiary protection status in Denmark in 2015. The individual's family was granted asylum in...,89,18.462735297909973
4,Perceived Plausibility Of Past Events,689_chunk000,"The applicants, a coalition of Belgian NGOs, filed an appeal claiming the suspension of the Royal Decree of 22 July 2018 due to the reception condition of children in detention, with special concern to the children detained in 127bis Centre, located near Brussels Airport.",91,18.06931145473236
4,Perceived Plausibility Of Past Events,141_chunk001,"Second, the High Court concurred with the SSHD that confidentiality is a vital element for the working of the asylum system and the fulfilment of obligations under the Refugee Convention, the EU Qualification Directive and the European Convention on Human Rights (ECHR). The disclosure of information revealed during the asylum...",95,17.4498043057494
4,Perceived Plausibility Of Past Events,1090_chunk001,"The applicant, who subsequently traveled to Germany, made a further request for international protection after returning to Austria on 15 January...",98,17.09099538517764
