qid,docid,docno,query,text,score,rank
103,1162,bulg20263_chunk024,health notifications and claimant status,"Applicants who are children, unaccompanied children, disabled, elderly, pregnant, single parents taking care of underage children, victims of trafficking, persons with serious health issues, psychological disorders or persons who suffered torture, rape or other forms of psychological, physical or sexual violence are considered as individuals belonging to a vulnerable group.",-10.024445533752441,0
103,3390,dub-fran20262_chunk037,health notifications and claimant status,"In Lyon, Marseille, Paris and its surroundings, no subsequent claimants can benefit from reception conditions. In a few cases, subsequent claimants can benefit from these conditions after demonstrating their particular vulnerability and their specific needs in terms of accommodation. It is also possible after these 15 days to lodge an appeal before the administrative court.",-13.255332946777344,1
103,2491,dub-belg20261_chunk023,health notifications and claimant status,"Health care and a dignified standard of living should be always ensured. According to the Constitutional Court, the decision to refuse reception in such cases can only be taken in cases of abuse of the asylum procedure, e.g. when the person applies for asylum for the sole purpose of extending the right to reception.",-13.338537216186523,2
103,2548,dub-belg20262_chunk029,health notifications and claimant status,"Health care and a dignified standard of living should be always ensured. According to the Constitutional Court, the decision to refuse reception in such cases can only be taken in cases of abuse of the asylum procedure, e.g. when the person applies for asylum for the sole purpose of extending the right to reception.",-13.338537216186523,3
103,2669,ukra20263_chunk001,health notifications and claimant status,"Ansøgeren har som asylmotiv henvist til, at han frygter, at de ukrainske myndigheder vil ændre hans status som fritaget for militærtjeneste og tvangsmobilisere ham. Ansøgeren har til støtte herfor oplyst, at han i [vinteren 2023/2024] blev opsøgt af fire uniformerede personer på gaden.",-13.466225624084473,4
103,2690,ukra20263_chunk022,health notifications and claimant status,"Politiet har da rett til å pågripe personen og bringe vedkommende til TRC for videre vurdering og avgjørelse om mobilisering. Når en borger bringes til TRC, kan han holdes midlertidig for verifisering av persondata, medisinsk undersøkelse og videre vurdering av status.",-13.600847244262695,5
103,3903,syri20265_chunk016,health notifications and claimant status,"3, hvorefter enhver ved sin blotte tilstedeværelse i et område vil være i reel risiko for overgreb i strid med Den Europæiske Menneskerettighedskonventions artikel 3 som følge af vilkårlig og udbredt vold i forbindelse med en væbnet konflikt. Afledt status og konsekvensstatus[:] Flygtningenævnet har d.d. meddelt ansøgerens forældre afslag på opholdstilladelse efter udlændingelovens § 7.",-13.618468284606934,6
103,1101,dub-bulg20261_chunk033,health notifications and claimant status,"Medical records were also found to be extremely poor with confidentiality not respected as medical data had been made available to non-medical staff. Equipment of health-care units was also assessed as very basic, no oxygen available, broken ultrasound machines, ECG and defibrillators kept uncharged, with overall meagre medication stocks.",-13.641672134399414,7
103,1720,irak20265_chunk007,health notifications and claimant status,"Klagerens advokat har til støtte for statusændringen gjort gældende, at Flygtningenævnet [i sommeren] 2024 tog stilling til klagers synspunkt om, at hun ikke ville kunne opnå beskyttelse fra myndighederne mod vold og social kontrol udøvet af hendes familie. Der er imidlertid tale om en samlet vurdering.",-13.703224182128906,8
103,4648,rusl20267_chunk021,health notifications and claimant status,"Innsatte og migranter … Det har vært mange nyhetsmeldinger om at arbeidsmigranter, hovedsakelig fra Sentral-Asia, har blitt rekruttert. Kilder Landinfo har intervjuet, mente at myndighetene anser det som lett å rekruttere migranter, på grunn av deres sårbarhet og ofte uavklarte juridiske status i Russland. Mange har ikke arbeidstillatelse og blir truet med deportasjon.",-13.809967041015625,9
103,4365,ukra20266_chunk020,health notifications and claimant status,"Both reports also underline that mental health services are limited, and that psychological conditions arising from stress, isolation and overcrowding are not adequately addressed in many facilities.",-13.825605392456055,10
103,1100,dub-bulg20261_chunk032,health notifications and claimant status,"However, the report found all other aspects of health-care provision unsatisfactory with medical screening on arrival perfunctory at best, and frequently factually inaccurate, with virtually all screening forms containing absolutely identical data on pulse, blood pressure and temperature.",-13.876601219177246,11
103,1435,keny20262_chunk000,health notifications and claimant status,"Nævnet meddelte i juli 2026 opholdstilladelse (K-status) til en kvindelig statsborger fra Kenya. Det fremgår af sagen, at ansøgeren indrejste i 2024. Ansøgeren blev i 2025 idømt 30 dages betinget fængsel for vold eller trussel om vold mod nogen i offentlig tjeneste. Ansøgeren blev ligeledes udvist af Danmark med et indrejseforbud i 6 år.",-13.883753776550293,12
103,5145,ugan20263_chunk000,health notifications and claimant status,"Nævnet meddelte i februar 2026 opholdstilladelse (K-status) til en mand fra Uganda. Indrejst i 2024. Flygtningenævnet udtalte: ”Ansøgeren er etnisk muganda og ikkereligiøs fra [by A], Uganda. Ansøgeren har ikke været medlem af politiske eller religiøse foreninger eller organisationer eller i øvrigt været politisk aktiv.",-13.920493125915527,13
103,2723,ugan202610_chunk000,health notifications and claimant status,"Nævnet meddelte i april 2026 opholdstilladelse (K-status) til en mandlig statsborger fra Uganda. Indrejst i 2024. Flygtningenævnet udtalte: 
”Ansøgeren er etnisk tooro og kristen af trosretning fra [by], Uganda. Ansøgeren har ikke været medlem af politiske eller religiøse foreninger eller organisationer eller i øvrigt været politisk aktiv.",-13.928290367126465,14
103,3577,syri20263_chunk000,health notifications and claimant status,"Nævnet meddelte i marts 2026 opholdstilladelse (K-status) til en kvindelig statsborger fra Syrien. Indrejst i 2019. Flygtningenævnet udtalte: 
”Ansøgeren er etnisk kurder og sunnimuslim fra Syrien. Ansøgeren har ikke været medlem af politiske eller religiøse foreninger eller organisationer eller i øvrigt været politisk aktiv.",-13.937524795532227,15
103,3196,ugan202612_chunk000,health notifications and claimant status,"Nævnet meddelte i april 2026 opholdstilladelse K-status til en mandlig statsborger fra Uganda. Indrejst i 2024. Flygtningenævnet udtalte:
”Ansøgeren er etnisk [etnicitet] og kristen under [særlig kristen bevægelse] fra [by], Uganda. Ansøgeren har ikke været medlem af politiske eller religiøse foreninger eller organisationer eller i øvrigt været politisk aktiv.",-13.947807312011719,16
103,3514,syri20261_chunk000,health notifications and claimant status,"Nævnet meddelte i marts opholdstilladelse (B-status) til en kvindelig statsborger fra Syrien. Sagen er sambehandlet med Syri/2026/2/flfr. Indrejst i 2015. Flygtningenævnet udtalte: 
”Ansøgeren er etnisk araber og sunnimuslim fra Syrien. Ansøgeren har ikke været medlem af politiske eller religiøse foreninger eller organisationer.",-13.951623916625977,17
103,1080,dub-bulg20261_chunk012,health notifications and claimant status,"Flygtningenævnets afgørelse var, at klageren kunne overføres til Bulgarien efter forudgående indhentelse af en individuel garanti. Flygtningenævnet skal ved afgørelsen i den foreliggende sag vurdere de generelle forhold, klageren må forventes at blive mødt med i Bulgarien i forhold til, at han nu vil have status som afvist asylansøger.",-13.972289085388184,18
103,4366,ukra20266_chunk021,health notifications and claimant status,"External monitoring bodies have repeatedly raised concerns regarding the insufficiency of mental health support.” Ansøgeren har under nævnsmødet fremlagt et omfattende lægeligt journalmateriale til belysning af sine helbredsmæssige forhold, herunder sit behov for psykiatrisk og/eller psykologisk behandling.",-14.008796691894531,19
103,3157,irak20263_chunk000,health notifications and claimant status,"Nævnet meddelte i april 2026 opholdstilladelse (K-Status) til en kvindelig statsborger samt to børn fra Irak. Indrejst i 2025. Flygtningenævnet udtalte: 
”Ansøgeren er etnisk kurder og sunni muslim fra [by], Irak. Ansøgeren har ikke været medlem af politiske eller religiøse foreninger eller organisationer eller i øvrigt været politisk aktiv.",-14.014118194580078,20
103,4364,ukra20266_chunk019,health notifications and claimant status,"With regard to health care, access is formally available but practically constrained by limited resources and staffing shortages. The 2024 report notes that while some institutions have on-site medical units and provide basic primary care, access to specialised medical treatment or emergency care often requires referral to external hospitals, which may be delayed due to administrative procedures.",-14.02188491821289,21
103,39,syri202620_chunk000,health notifications and claimant status,"Nævnet meddelte i august 2026 opholdstilladelse (B-status) til en kvindelig statsborger fra Syrien. Indrejst i 2024. Flygtningenævnet udtalte: 
Ansøgeren er etnisk araber og sunnimuslim fra Latakia, Syrien. Ansøgeren har ikke været medlem af politiske eller religiøse foreninger eller organisationer eller i øvrigt været politisk aktiv.",-14.023221969604492,22
103,1159,bulg20263_chunk021,health notifications and claimant status,"Thе SAR also stated that where treatment was required outside the coverage of the National Health Insurance Fund (NHIF), assistance was sought from NGOs for funding, and there were also cases where the staff from reception centers purchased medicines for children and individuals. …
Although moderate, the efforts made for the vulnerability identification resulted in a notable increase in the absol",-14.031310081481934,23
103,5724,ugan20262_chunk000,health notifications and claimant status,"Nævnet meddelte i januar 2026 opholdstilladelse (K-status) til en mandlig statsborger fra Uganda. Indrejst i 2023. Flygtningenævnet udtalte:
Ansøgeren er etnisk muganda og uden religiøs overbevisning fra [by], Uganda. Ansøgeren har ikke været medlem af politiske eller religiøse foreninger eller organisationer eller i øvrigt været politisk aktiv.",-14.046075820922852,24
103,548,ugan202618_chunk000,health notifications and claimant status,"Nævnet meddelte i august 2026 opholdstilladelse (K-status) til en kvindelig statsborger fra Uganda. Indrejst i 2023. Flygtningenævnet udtalte: 
”Ansøgeren er etnisk [etnicitet] og kristen fra [by], Uganda. Ansøgeren har oplyst, at hun i Uganda har været medlem af [en forening], der bl.a. støttede LGBT-personer, og at hun i Danmark har deltaget i [LGBT-relaterede arrangementer].",-14.046637535095215,25
103,3756,syri20264_chunk050,health notifications and claimant status,"Afledt status og konsekvensstatus[:] Flygtningenævnet finder, at der ikke er noget grundlag for – med henblik på at iagttage hensynet til familiens enhed – at meddele ansøgerne opholdstilladelse som konsekvens af deres herboende sønners opholdstilladelse i Danmark.",-14.054193496704102,26
103,1093,dub-bulg20261_chunk025,health notifications and claimant status,"If, however, the Dublin returnee is among those, whose asylum procedures ended prior their return to Bulgaria with a refusal in absentia on the merits (substance), they are treated as irregular migrants with no access to the labour market, health care system or any other services that require legal residence and an identity document.",-14.055591583251953,27
103,3131,afgh202649_chunk000,health notifications and claimant status,"Nævnet meddelte i april 2026 opholdstilladelse (K-status) til en mandlig statsborger fra Afghanistan. Ansøgeren er mindreårig. Indrejst i 2025. Flygtningenævnet udtalte: 
”Ansøgeren er etnisk usbeker og sunnimuslim fra [by], [distrikt], [provins], Afghanistan. Ansøgeren har ikke været medlem af politiske eller religiøse foreninger eller organisationer eller i øvrigt været politisk aktiv.",-14.059109687805176,28
103,5277,land20261_chunk000,health notifications and claimant status,"Nævnet meddelte i januar 2026 opholdstilladelse (K-status) til en mand. Indrejst i 2015 og oprindeligt meddelt opholdstilladelse efter udlændingelovens § 7, stk. 1. Klageren blev i 2024 idømt fængsel i 3 år for overtrædelse af straffelovens § 245, stk. 1, jf. § 246 samt udvist af Danmark med indrejseforbud for bestandigt.",-14.067413330078125,29
103,3225,erit20268_chunk000,health notifications and claimant status,"Nævnet meddelte i april 2026 opholdstilladelse (K-status) til en kvindelig statsborger fra Eritrea. Ansøgeren er mindreårig. Sagen er sambehandlet med Erit/2026/5/AALK, Erit/2026/6/AALK og Erit/2026/7/AALK. Indrejst i 2024. Flygtningenævnet udtalte:
”Ansøgeren er etnisk [etnicitet] og [trosretning]. Ansøgeren er født [i efteråret] [2014-2017] i Danmark.",-14.092134475708008,30
103,1104,dub-bulg20261_chunk036,health notifications and claimant status,"In addition, the lack of interpretation between detained migrants and doctors, feldshers, nurses and psychologists limited severely the possibilities to provide any proper medical or psychological assistance. Nutrition is poor, no special diets are provided to children or pregnant women. Health care is a major issue as not all detention centres have medical staff appointed on a daily basis.",-14.136842727661133,31
103,4988,paki20262_chunk000,health notifications and claimant status,"Nævnet meddelte i februar 2026 opholdstilladelse (K-status) til en kvindelig statsborger fra Pakistan. Ansøgeren søgte asyl i 2024. Flygtningenævnet udtalte:
”Ansøgeren har oplyst, at hun er født og opvokset i {by], Pakistan, og at hun er etnisk pakistaner og sunni-muslim af trosretning. Hun tilhører Bhatti-kasten.",-14.141545295715332,32
103,3130,soma20266_chunk011,health notifications and claimant status,"Det bemærkes i den forbindelse, at klageren efter oplysningerne i sagen allerede opfyldte betingelserne herfor ved Udlændingestyrelsens afgørelse om forlængelse af [foråret 2023], som der blev klaget over [i vinteren 2023/2024] med påstand om statusændring.” Soma/2026/6/MSI",-14.164514541625977,33
103,5218,ugan202614_chunk000,health notifications and claimant status,"Nævnet meddelte i maj 2026 opholdstilladelse (K-status) til en mandlig statsborger fra Uganda. Indrejst i 2023. Flygtningenævnet udtalte:
Ansøgeren er etnisk muganda og muslim fra [distrikt] i [by], Uganda. Ansøgeren har ikke været medlem af politiske eller religiøse foreninger eller organisationer eller i øvrigt været politisk aktiv.",-14.180709838867188,34
103,3254,erit20266_chunk000,health notifications and claimant status,"Nævnet meddelte i april 2026 opholdstilladelse (K-status) til en mandlig statsborger fra Eritrea. Ansøgeren er mindreårig. Sagen er sambehandlet med Erit/2026/5/AALK, Erit/2026/7/AALK og Erit/2026/8/AALK. Indrejst i 2024.Flygtningenævnet udtalte:”Ansøgeren er etnisk [etnicitet]og [trosretning]. Ansøgeren er født [i foråret] [2015-2018] i [europæisk land].",-14.184978485107422,35
103,100,ugan202620_chunk000,health notifications and claimant status,"Nævnet meddelte i august 2026 opholdstilladelse K-status til en mandlig statsborger fra Uganda. Indrejst i 2024. Flygtningenævnet udtalte: 
”Ansøgeren er etnisk muganda og kristen fra [by A], Uganda. Ansøgeren har ikke været medlem af politiske eller religiøse foreninger eller organisationer eller i øvrigt været politisk aktiv.",-14.187444686889648,36
103,3203,erit20265_chunk000,health notifications and claimant status,"Nævnet meddelte i april 2026 opholdstilladelse (K-status) til en kvindelig statsborger fra Eritrea. Sagen er sambehandlet med Erit/2026/6/AALK, Erit/2026/7/AALK og Erit/2026/8/AALK. Indrejst i 2024. Genoptaget sag. Flygtningenævnet udtalte:
”Ansøgeren er etnisk [etnicitet], [trosretning] og født i byen [by], [andet afrikansk land].",-14.207867622375488,37
103,5429,afgh202645_chunk004,health notifications and claimant status,"Ansøgerens mor og søster har nu opnået opholdstilladelse i medfør af udlændingelovens § 7, stk. 1. På denne baggrund, og henset til grundlaget for, at ansøgeren i februar 2023 blev meddelt opholdstilladelse efter udlændingelovens § 7, stk. 2, bør der ske statusændring for ansøgeren som afledt konsekvens heraf.",-14.228229522705078,38
103,331,ugan202621_chunk000,health notifications and claimant status,"Nævnet meddelte i august 2026 opholdstilladelse (K-status) til en mandlig statsborger fra Uganda. Indrejst i 2024. Flygtningenævnet udtalte: 
Ansøgeren er etnisk muganda og kristen fra [by] i [region], Uganda. Ansøgeren har siden starten af 2024 været medlem af [politisk parti].",-14.228864669799805,39
103,3241,erit20267_chunk000,health notifications and claimant status,"Nævnet meddelte i april 2026 opholdstilladelse (K-status) til en mandlig statsborger fra Eritrea. Ansøgeren er mindreårig. Sagen er sambehandlet med Erit/2026/5/AALK, Erit/2026/6/AALK og Erit/2026/8/AALK. Indrejst i 2024. Flygtningenævnet udtalte:
”Ansøgeren er etnisk [etnicitet] og [trosretning]. Ansøgeren er født [i sommeren] [2022-2025] i [europæisk land].",-14.238737106323242,40
103,1713,irak20265_chunk000,health notifications and claimant status,"Nævnet stadfæstede i juni 2026 Udlændingestyrelsens afgørelse i en sag om statusændring vedrørende en kvindelig statsborger fra Irak. Indrejst i 2015. Flygtningenævnet udtalte: 
”Klageren er etnisk araber og sunnimuslim fra Irak. Klageren har ikke været medlem af politiske eller religiøse foreninger eller organisationer eller i øvrigt været politisk aktiv.",-14.248591423034668,41
103,1329,stat202610_chunk018,health notifications and claimant status,"De generelle forhold i sundhedsvæsenet i Libanon er desuden beskrevet i ACAPS (Assessment Capacities Project), The effect on the socioeconomic crisis on health care, 19. oktober 2023, WHO, Public Health Situation Analysis, 9. oktober 2024 og om adgangen for statsløse palæstinensere til lægebehandling og medicin ved UNRWA i Libanon i lyset af den skærpede sikkerhedssituation i landet, jf. herved ”U",-14.258865356445312,42
103,3759,syri20266_chunk000,health notifications and claimant status,Nævnet meddelte i marts 2026 opholdstilladelse (B-status) til en kvindelig statsborger samt to mindreårige børn fra Syrien. Sagen er sambehandlet med Syri/2026/7/Sael. Indrejst i 2015.,-14.27252197265625,43
103,1099,dub-bulg20261_chunk031,health notifications and claimant status,"In 2024 report with regard to health-care services at both detention centres in Busmantsi and Lyubimets, ECPT found the only positive aspects to have been the 24/7 health-care staff coverage and an improved in comparison with, access to outside consultations, including dental care and hospitalisations.",-14.276308059692383,44
103,1403,dub-nede20265_chunk016,health notifications and claimant status,"Problems with healthcare accessibility exist in almost half of the (crisis) shelters. Additionally, the majority of the (crisis) shelters are detrimental to children, who experience a decline in health and weight loss due to a lack of activities, safe play areas, and healthy food.",-14.281160354614258,45
103,4436,stat20265_chunk014,health notifications and claimant status,"4.4, og senest UNRWA’s note ”Where We Work”, februar 2025. De generelle forhold i sundhedsvæsenet i Libanon er desuden beskrevet i ACAPS (As­sessment Capacities Project), The effect on the socioeconomic crisis on health care, den 19. oktober 2023, og WHO, Public Health Situation Analysis, den 9. oktober 2024.",-14.284080505371094,46
103,4190,dub-nede20263_chunk018,health notifications and claimant status,"Additionally, the majority of the (crisis) shelters are detrimental to children, who experience a decline in health and weight loss due to a lack of activities, safe play areas, and healthy food.",-14.2964448928833,47
103,5531,dub-nede20262_chunk018,health notifications and claimant status,"Additionally, the majority of the (crisis) shelters are detrimental to children, who experience a decline in health and weight loss due to a lack of activities, safe play areas, and healthy food.",-14.2964448928833,48
103,5556,dub-nede20261_chunk015,health notifications and claimant status,"Additionally, the majority of the (crisis) shelters are detrimental to children, who experience a decline in health and weight loss due to a lack of activities, safe play areas, and healthy food.",-14.2964448928833,49
103,1888,dub-nede20264_chunk016,health notifications and claimant status,"Additionally, the majority of the (crisis) shelters are detrimental to children, who experience a decline in health and weight loss due to a lack of activities, safe play areas, and healthy food.",-14.330326080322266,50
103,1091,dub-bulg20261_chunk023,health notifications and claimant status,"f funding for repairs and refurbishment, which is why in practice only 3,125309 out of 5,160 official accommodation places were assessed as fit for living (3,225 in 2024; 3,592 in 2023; 3,932 in 2022). …
Although the access to the national health care system is automatically reinstated after the Dublin return, the national health care package is generally scarce and does not provide for any tailo",-14.34019660949707,51
103,0,afgh202618_chunk000,health notifications and claimant status,"Nævnet meddelte i august 2026 opholdstilladelse (K-status) til en mandlig statsborger fra Afghanistan. Indrejst i 2010. Genoptaget sag.Flygtningenævnet udtalte: 
”Ansøgeren er etnisk tadjik og muslim af trosretning fra [by A], Afghanistan. Ansøgeren er opvokset i Kabul, til han var [0-3] år gammel, hvorefter familien udrejste til Iran, hvor de boede i [tre-fem] år.",-14.344528198242188,52
103,2698,rusl202614_chunk000,health notifications and claimant status,"Nævnet meddelte i april 2026 opholdstilladelse (K-status) til en mandlig statsborger fra Rusland. Indrejst i 2022. Flygtningenævnet udtalte: 
”Ansøgeren er etnisk russer og ateist fra [by], Rusland.",-14.345587730407715,53
103,2116,ukra202610_chunk011,health notifications and claimant status,"For men aged 25 and above, issues may additionally arise regarding potential liability for evasion of mobilisation, depending on their status in the military registration system.” I Landinfos rapport ”Temanotat. Ukraina.",-14.351332664489746,54
103,4438,stat20265_chunk016,health notifications and claimant status,"Det frem­­går endvidere af rapporten ”Access and Barriers to Mental Health Care for Pale­sti­nian Refugees in Lebanon (PRL)” fra 2024, at UNRWA sigter mod at have 7 typer af basale psykofarmaka til rådighed gratis i deres klinikker baseret på en liste fra WHO om den mest essentielle, nødvendige medicin. Nogle patienter har brug for mere avan­ceret medicin end disse 7.",-14.361234664916992,55
103,452,afgh202617_chunk000,health notifications and claimant status,"Nævnet meddelte i august 2026 opholdstilladelse (K-status) til en mandlig statsborger fra Afghanistan. Indrejst i 2011. Genoptaget sag. Flygtningenævnet udtalte: 
”Ansøgeren er født i [land A], er etnisk hazara og shiamuslim, og hans forældre stammer fra [by A], Afghanistan.",-14.372931480407715,56
103,3679,syri20262_chunk037,health notifications and claimant status,"In addition to their individual sectarian background and specific region, women face different challenges depending on their civil status. The situation of single, widowed, or divorced women has not changed or improved under the new government; they continue to face the same difficulties regarding employment, transport, housing, protection, and access to official documents.",-14.407161712646484,57
103,3796,syri20266_chunk037,health notifications and claimant status,"In addition to their individual sectarian background and specific region, women face different challenges depending on their civil status. The situation of single, widowed, or divorced women has not changed or improved under the new government; they continue to face the same difficulties regarding employment, transport, housing, protection, and access to official documents.",-14.407161712646484,58
103,3860,syri20267_chunk037,health notifications and claimant status,"In addition to their individual sectarian background and specific region, women face different challenges depending on their civil status. The situation of single, widowed, or divorced women has not changed or improved under the new government; they continue to face the same difficulties regarding employment, transport, housing, protection, and access to official documents.",-14.407161712646484,59
103,1095,dub-bulg20261_chunk027,health notifications and claimant status,"In the few cases when the returnees are not detained after their arrival, usually – due to administrative or institutional entanglements, they may face homelessness and destitution because of their irregular status in Bulgaria and the lack of valid residence and/or identity documents.",-14.415750503540039,60
103,5030,land20263_chunk000,health notifications and claimant status,"Nævnet meddelte i februar 2026 opholdstilladelse (K-status) til en mandlig statsborger fra [et MENA-land]. Indrejst i 2022. Ansøgeren blev i 2022 idømt fængsel i 60 dage for overtrædelse af lov om euforiserende stoffer samt udvist af Danmark med indrejseforbud i 6 år. Flygtningenævnet udtalte: 
”Ansøgeren er etnisk araber og muslim fra [by], [MENA-land].",-14.449098587036133,61
103,3823,syri20267_chunk000,health notifications and claimant status,Nævnet meddelte i marts 2026 opholdstilladelse (B-status) til en kvindelig statsborger fra Syrien. Sagen er sambehandlet med Syri/2026/6/Sael. Indrejst i 2015.,-14.463881492614746,62
103,5206,rusl202627_chunk000,health notifications and claimant status,"Nævnet meddelte i juli 2026 opholdstilladelse (K-status) til et ægtepar samt et mindreårigt barn fra Rusland. Indrejst i 2023. Flygtningenævnet udtalte:
Den mandlige ansøger er etnisk tjetjener og sunnimuslim født i [by A], [land]. Ansøgeren har kort tid efter, at han blev født og indtil sin udrejse af Rusland, boet i [by B], Tjetjenien, Rusland.",-14.466901779174805,63
103,4419,myan20261_chunk000,health notifications and claimant status,"Nævnet meddelte i marts 2026 opholdstilladelse (K-status) til en kvindelig statsborger fra Myanmar. Indrejst i 2017. Sagen blev behandlet på formandskompetence. Genoptaget sag. Flygtningenævnet udtalte: 
Ved skriftlig henvendelse af [foråret]2026 har Udlændingestyrelsen indstillet, at ansøgeren med¬-deles opholdstilladelse i henhold til udlændingelovens § 7, stk. 1.",-14.48597240447998,64
103,4232,ugan20268_chunk000,health notifications and claimant status,"Nævnet meddelte i marts 2026 opholdstilladelse (K-status) til en mandlig statsborger fra Uganda. Indrejst i 2024. Flygtningenævnet udtalte: 
”Ansøgeren er etnisk muganda og kristen af trosretning fra [by A] i [distrikt], Uganda. Ansøgeren er født i [by B] og opvokset i [by C] og har også boet i [forstad A] og [by D].",-14.515378952026367,65
103,5105,erit20263_chunk000,health notifications and claimant status,"Nævnet meddelte i februar 2026 opholdstilladelse (K-status) til en mandlig statsborger fra Eritrea. Indrejst i 1994 og oprindeligt meddelt opholdstilladelse efter udlændingelovens § 7, stk. 1. Klageren er ved flere domme vedrørende samme type kriminalitet idømt fængsel og udvist af Danmark. Klageren blev senest i 2024 idømt fængsel i 6 måneder for overtrædelse af bl.a. straffelovens § 123, stk.",-14.517481803894043,66
103,2104,afgh20267_chunk024,health notifications and claimant status,"1, må anses for opstået efter dette tidspunkt, meddeles ansøgeren opholdstilladelse efter udlændingelovens § 7, stk. 1 som konsekvens af ægtefællens status.” Afgh/2026/7/CARA",-14.524744033813477,67
103,2080,afgh20267_chunk000,health notifications and claimant status,"Nævnet meddelte i maj 2026 opholdstilladelse (K-status) til en mandlig statsborger fra Afghanistan. Indrejst i 2011. Genoptaget sag. Flygtningenævnet udtalte: 
”Ansøgeren er etnisk pashtun og muslim af trosretning fra landsbyen [landsby]i Herat-provinsen, Afghanistan.",-14.53526496887207,68
103,3119,soma20266_chunk000,health notifications and claimant status,"Nævnet ændrede i april 2026 Udlændingestyrelsens afgørelse i en sag om statusændring vedrørende en mandlig statsborger fra Somalia, således at vedkommende blev meddelt opholdstilladelse jf. udlændingelovens § 7, stk. 1. Indrejst i 2012. Flygtningenævnet udtalte:
”Klageren er etnisk somali og sunnimuslim af trosretning. Klageren er født i [afrikansk land] og klagerens mor er fra [by], Somalia.",-14.575639724731445,69
103,3583,syri20263_chunk006,health notifications and claimant status,"Women[:] In March 2025, President Ahmed al-Sharaa signed a constitutional declaration that includes Article 21 on women’s rights. Article 21 states that the Syrian state shall uphold women’s social status, protect their dignity, and support their role within both the family and society.",-14.5859956741333,70
103,3653,syri20262_chunk011,health notifications and claimant status,"Women[:] In March 2025, President Ahmed al-Sharaa signed a constitutional declaration that includes Article 21 on women’s rights. Article 21 states that the Syrian state shall uphold women’s social status, protect their dignity, and support their role within both the family and society.",-14.5859956741333,71
103,4362,ukra20266_chunk017,health notifications and claimant status,"Af Udlændingestyrelsens rapport udgivet i marts 2026 (Country of origin information (COI) Thematic COI Report, Ukraine, Return and mobilization) fremgår blandt andet: “4.2.2 Nutrition and health care Sources quoted in the DIS reports consistently identified deficiencies in nutrition and health care within Ukrainian detention facilities.",-14.58617115020752,72
103,3523,syri20261_chunk009,health notifications and claimant status,"Article 21 states that the Syrian state shall uphold women’s social status, protect their dignity, and support their role within both the family and society. It guarantees their rights to education and employment, as well as the protection of their social, economic, and political rights. The article also commits to safeguarding women from all forms of oppression, injustice, and violence.",-14.591299057006836,73
103,3771,syri20266_chunk012,health notifications and claimant status,"Article 21 states that the Syrian state shall uphold women’s social status, protect their dignity, and support their role within both the family and society. It guarantees their rights to education and employment, as well as the protection of their social, economic, and political rights. The article also commits to safeguarding women from all forms of oppression, injustice, and violence.",-14.591299057006836,74
103,3835,syri20267_chunk012,health notifications and claimant status,"Article 21 states that the Syrian state shall uphold women’s social status, protect their dignity, and support their role within both the family and society. It guarantees their rights to education and employment, as well as the protection of their social, economic, and political rights. The article also commits to safeguarding women from all forms of oppression, injustice, and violence.",-14.591299057006836,75
103,3548,syri20261_chunk034,health notifications and claimant status,"In addition to their individual sectarian background and specific region, women face different challenges depending on their civil status. The situation of single, widowed, or divorced women has not changed or improved under the new government; they continue to face the same difficulties regarding employment, transport, housing, protection, and access to official documents.",-14.621997833251953,76
103,3609,syri20263_chunk032,health notifications and claimant status,"In addition to their individual sectarian background and specific region, women face different challenges depending on their civil status. The situation of single, widowed, or divorced women has not changed or improved under the new government; they continue to face the same difficulties regarding employment, transport, housing, protection, and access to official documents.",-14.621997833251953,77
103,4444,stat20265_chunk022,health notifications and claimant status,"Det fremgår endeligt af rapporten ”Access and Barriers to Mental Health Care for Palestinian Refugees in Lebanon (PRL)” (2024) udarbejdet af Dansk Flygtningehjælp og VIA University College, at UNRWA har udviklet et program (MHPSS), der er in­te­greret ind i de primære sundhedsklinikker, som beskæftiger sig med forskellige ni­veauer af tiltag ved psykisk sygdom.",-14.641828536987305,78
103,3737,syri20264_chunk031,health notifications and claimant status,"A Kurdish activist interviewed by DIS stated that this would have been inconceivable under the former government. As regards the status of stateless and naturalised Kurds, a source stated that the current authorities have not revoked the Syrian citizenship of the Ajanib — Kurds from Hasakah who were naturalized in 2011 by the former government.",-14.693479537963867,79
103,1327,stat202610_chunk016,health notifications and claimant status,"Statsløse palæstinenseres generelle adgang til sundhedsydelser i Libanon er beskrevet i Flygtningenævnets bagrundoplysninger, herunder i rapporten, ”Access to Health Care Services for Palastinian Refugees in Lebanon, (2024), DRC Dansk Flygtningehjælps Temarapport, Libanon, Palæstinensiske flygtninge i Libanon og adgangen til UNRWA’s ydelser, marts 2022, navnlig pkt.",-14.73721981048584,80
103,488,syri202613_chunk013,health notifications and claimant status,"SNHR noted that the integration agreement signed on 30 January 2026 did not alter the legal status of the Mandatory Self-Defense Duty. However, in practice, the ‘self-defence duty’ became unenforceable in Raqqa and Deir Ez-Zor governorates following their transfer to transitional government control. After January 2026 no recruitment campaigns for the ‘self-defence duty’ have been reported.",-14.771388053894043,81
103,4435,stat20265_chunk013,health notifications and claimant status,"Statsløse palæstinenseres adgang til sundhedsydelser i Libanon er mere generelt be­skre­vet i Udlændingestyrelsen rapport, Lebanon, Access to Health Care Services for Palastinian Refugees, februar 2023, DRC Dansk Flygtningehjælps Temarapport, Li­ba­non, Palæstinensiske flygtninge i Libanon og adgangen til UNRWA’s ydelser, marts 2022, navnlig pkt.",-14.771768569946289,82
103,1096,dub-bulg20261_chunk028,health notifications and claimant status,"This means that even, if the returnees do have financial means, their access to the labour market and most of the basic public services (health care, social support, bank services, etc.) is nearly impossible.“
I samme publikation hedder det under ”Detention of Asylum Seekers”, pkt. C.",-14.82823657989502,83
103,4440,stat20265_chunk018,health notifications and claimant status,"Det frem­går endvidere af rapporten ”Lebanon – Access to Health Care Services for Palestinian Refugees” (2023) udarbejdet af Udlændingestyrelsen, at UNRWA dækker omkring 30 % af omkostningerne ved medicin.",-14.83379077911377,84
104,519,syri202614_chunk014,Asylvurdering Ved Flygtningenævnet,"Flygtningenævnet bemærker tillige, at i lyset af det regimeskifte, som har fundet sted i Syrien, finder Flygtningenævnet ikke længere er grundlag for generelt at anvende et forsigtighedsprincip i forbindelse med asylvurderingen af syriske statsborgere. Endelig bemærker Flygtningenævnet, at mangel på arbejde er socioøkonomiske forhold, der ikke er asylbegrundende.",-0.0017376337200403214,0
104,191,syri202621_chunk003,Asylvurdering Ved Flygtningenævnet,"Flygtningenævnet kan lægge ansøgerens forklaringer om sine asylmotiver til grund, men disse kan ikke begrunde, at ansøgeren ved en tilbagevenden til Syrien vil være i risiko for at blive udsat for forfølgelse eller overgreb omfattet af udlændingelovens § 7. Flygtningenævnet har ved afgørelsen heraf henset til de samme omstændigheder som Udlændingestyrelsen i afgørelsen [fra sommeren] 2026.",-0.0023074925411492586,1
104,652,syri202614_chunk014_dup1,Asylvurdering Ved Flygtningenævnet,"Flygtningenævnet bemærker tillige, at i lyset af det regimeskifte, som har fundet sted i Syrien, finder Flygtningenævnet ikke længere er grundlag for generelt at anvende et forsigtighedsprincip i forbindelse med asylvurderingen af syriske statsborgere. Endelig bemærker Flygtningenævnet, at mangel på arbejde er socioøkonomiske forhold, der ikke er asylbegrundende.",-0.0024656630121171474,2
104,5103,rusl202610_chunk012,Asylvurdering Ved Flygtningenævnet,"Flygtningenævnet finder på den baggrund og efter oplysningerne om ansøgeren i øvrigt, at ansøgeren ved en tilbagevenden til Rusland ikke risikerer at blive sendt i krig i Ukraine. Hertil kommer, at den straf, som man risikerer ved udeblivelse fra militærtjeneste efter nævnets praksis ikke har en sådan uforholdsmæssig karakter, at det i sig selv kan begrunde asyl.",-0.0026792127173393965,3
104,3969,tyrk20261_chunk013,Asylvurdering Ved Flygtningenævnet,"Flygtningenævnet bemærker, at helbredsmæssige forhold i særlige tilfælde kan tillægges betydning ved vurdering af, hvorvidt en asylansøger ved en tilbagevenden til hjemlandet risikerer forfølgelse eller overgreb i medfør af udlændingelovens § 7.",-0.002900443272665143,4
104,2769,rusl202615_chunk008,Asylvurdering Ved Flygtningenævnet,"Flygtningenævnet finder på denne baggrund, at klagerens forklaring om mulige konsekvenser ved hans tilbagevenden ikke kan lægges til grund, og at det beror på klagerens egen formodning, at han ved en tilbagevenden vil være i risiko for asylbegrundende forfølgelse som følge af klagerens fars og farbrors forhold.",-0.0029689064249396324,5
104,33,soma202611_chunk014,Asylvurdering Ved Flygtningenævnet,"vens § 9 b.

Flygtningenævnet bemærker, at helbredsmæssige forhold i særlige tilfælde kan tillægges betydning ved vurdering af, hvorvidt en asylansøger ved en tilbagevenden til hjemlandet risikerer forfølgelse eller overgreb i medfør af udlændingelovens § 7.",-0.003343826625496149,6
104,3330,afgh202650_chunk017,Asylvurdering Ved Flygtningenævnet,"r asylbegrundende forfølgelse ved en tilbagevenden.

Flygtningenævnet stadfæster derfor Udlændingestyrelsens afgørelse.” Afgh/2026/50/ysn",-0.003602326614782214,7
104,2169,geor20263_chunk018,Asylvurdering Ved Flygtningenævnet,"i-er.

Ved vurderingen af den kvindelige ansøgers asylmotiv om, at hun ved en tilbagevenden til Ge-orgien frygter, at hendes [mandlige familiemedlem på ægtefællens side] vil smide hende ud af bopælen og beholde hendes børn, kan Flygtningenævnet ikke lægge dette til grund, idet hendes forklaring ikke forekommer overbevisende.",-0.0036081469152122736,8
104,1820,ukra202614_chunk016,Asylvurdering Ved Flygtningenævnet,"Da ansøgeren blandt andet har [denne sygdom og har funktionsnedsættelse] finder Flygtningenævnet, at ansøgeren ikke er i risiko for at blive mobiliseret til at udføre militærtjeneste ved en tilbagevenden til Ukraine. Det forhold, at ansøgeren ved en medicinsk undersøgelse i forbindelse med mobilisering vil kunne få [et sygdomstilfælde], er heller ikke asylbegrundende.",-0.004504414740949869,9
104,5590,soma20262_chunk022,Asylvurdering Ved Flygtningenævnet,"ingelovens § 9 b.

Flygtningenævnet bemærker dog, at helbredsmæssige forhold i særlige tilfælde kan tillægges betydning ved vurdering af, hvorvidt en asylansøger ved en tilbagevenden til hjemlandet risikerer forfølgelse eller overgreb i medfør af udlændingelovens § 7.",-0.0048317816108465195,10
104,5615,niga20261_chunk022,Asylvurdering Ved Flygtningenævnet,"ingelovens § 9 b.

Flygtningenævnet bemærker dog, at helbredsmæssige forhold i særlige tilfælde kan tillægges betydning ved vurdering af, hvorvidt en asylansøger ved en tilbagevenden til hjemlandet risikerer forfølgelse eller overgreb i medfør af udlændingelovens § 7.",-0.0048317816108465195,11
104,5673,soma20261_chunk021,Asylvurdering Ved Flygtningenævnet,"ingelovens § 9 b.

Flygtningenævnet bemærker dog, at helbredsmæssige forhold i særlige tilfælde kan tillægges betydning ved vurdering af, hvorvidt en asylansøger ved en tilbagevenden til hjemlandet risikerer forfølgelse eller overgreb i medfør af udlændingelovens § 7.",-0.0048317816108465195,12
104,5637,maro20261_chunk020,Asylvurdering Ved Flygtningenævnet,"gelovens § 9 b.

Flygtningenævnet bemærker, at helbredsmæssige forhold i særlige tilfælde kan tillægges betydning ved vurderingen af, hvorvidt en asylansøger ved en tilbagevenden til hjemlandet risikerer forfølgelse eller overgreb i medfør af udlændingelovens § 7.",-0.004999042488634586,13
104,1813,ukra202614_chunk009,Asylvurdering Ved Flygtningenævnet,"gelovens § 9 b.

Flygtningenævnet bemærker, at helbredsmæssige forhold i særlige tilfælde kan tillægges betydning ved vurdering af, hvorvidt en asylansøger ved en tilbagevenden til hjemlandet risikerer forfølgelse eller overgreb i medfør af udlændingelovens § 7.",-0.005033796187490225,14
104,2021,dub-fran20263_chunk008,Asylvurdering Ved Flygtningenævnet,"DRC Dansk Flygtningehjælp har til støtte for, at klagerens asylsag skal behandles i Danmark endvidere gjort gældende, at klageren ved en overførsel til Frankrig vil have vanskeligt ved at få adgang til asylproceduren, og at hun og hendes børn vil være i høj risiko for hjemløshed.",-0.005871904082596302,15
104,5199,ugan202615_chunk011,Asylvurdering Ved Flygtningenævnet,"Flygtningenævnet har ved afgørelsen henset til de samme omstændigheder som er anført af Udlændingestyrelsen i afgørelsen af [efteråret] 2025, hvorefter det ikke fremstår sammenhængende, at deltagerne i LGBT-møderne registrerede sig på en deltagerliste eller at ansøgeren tog referat fra LGBT-møderne henset til den betydelige risiko ved møderne og at det findes påfaldende, at ansøgeren efter episode",-0.007207109127193689,16
104,3713,syri20264_chunk007,Asylvurdering Ved Flygtningenævnet,"1 og 2[:] Flygtningenævnet finder, at der i lyset af det regimeskifte, som har fundet sted i Syrien, ikke længere er grundlag for generelt at anvende et forsigtighedsprincip i forbindelse med asylvurderingen af syriske statsborgere fra Rif Damaskus.",-0.00725326593965292,17
104,3893,syri20265_chunk006,Asylvurdering Ved Flygtningenævnet,"1 og 2[:] Flygtningenævnet finder, at der i lyset af det regimeskifte, som har fundet sted i Syrien, ikke længere er grundlag for generelt at anvende et forsigtighedsprincip i forbindelse med asylvurderingen af syriske statsborgere fra Rif Damaskus.",-0.00725326593965292,18
104,4625,rusl20264_chunk008,Asylvurdering Ved Flygtningenævnet,"På denne baggrund og da ansøgerne i øvrigt ikke har sandsynliggjort, at den mandlige ansøger af andre årsager vil være i en konkret risiko for tvangsmæssigt at blive sendt til fronten i krigen mellem Rusland og Ukraine ved en tilbagevenden til Tjetjenien/Rusland, finder Flygtningenævnet, at ansøgerne ikke er i risiko for asylbegrundende forfølgelse eller overgreb ved en tilbagevenden.",-0.007958842441439629,19
104,5230,ugan202614_chunk012,Asylvurdering Ved Flygtningenævnet,"Flygtningenævnet lægger endvidere til grund, at ansøgeren ved en tilbagevenden til Uganda har et ønske om, at leve åbent om sin seksualitet.",-0.009975461289286613,20
104,2054,fran20264_chunk004,Asylvurdering Ved Flygtningenævnet,"Det bemærkes herved, at Frankrig den [i vinteren 2025/2026] har accepteret at modtage klageren i medfør af pågældende bestemmelse. DRC Dansk Flygtningehjælp har til støtte for, at klagerens asylsag skal behandles i Danmark endvidere gjort gældende, at klageren ved en overførsel til Frankrig vil have vanskeligt ved at få adgang til asylproceduren, og at han vil være i høj risiko for hjemløshed.",-0.010727240703999996,21
104,661,syri202615_chunk007,Asylvurdering Ved Flygtningenævnet,"Herudover har ansøgeren under sin advokats procedure ved mødet i Flygtningenævnet som yderligere asylmotiv henvist til, at Udlændingestyrelsen i sin afgørelse burde have forholdt sig til, om ansøgeren som følge af at have unddraget sig militærtjeneste/være deserteret under det daværende regime er i risiko for at blive udsat for fængsling og mulige nye overgreb/ny tortur ved en tilbagevenden til Sy",-0.010950352996587753,22
104,2473,dub-belg20261_chunk005,Asylvurdering Ved Flygtningenævnet,"Flygtningenævnet lægger til grund, at klageren ved en overførsel til Belgien vil blive anset for ”subsequent applicant”, hvorom anføres følgende i pkt. E (s.",-0.0132012153044343,23
104,5770,iran202564_chunk013,Asylvurdering Ved Flygtningenævnet,"Klageren er ved [landsrettens] dom [fra] 1996 fundet skyldig i manddrab efter straffelovens § 237 ved at […]. Det er under sagen ubestridt, at klageren herved er dømt for en særlig farlig forbrydelse, hvilken vurdering Flygtningenævnet tiltræder. Spørgsmålet er herefter, om klageren må betragtes som en fare for samfundet i Danmark.",-0.01616748981177807,24
104,5670,soma20261_chunk018,Asylvurdering Ved Flygtningenævnet,"Ansøgeren har for Flygtningenævnet forklaret, at han har problemer med [sygdom A] samt [sygdom B] og [sygdom C]. Han lever med det ved at spise [medicin]. Han vil gerne have undersøgt sit helbred. Flygtningenævnet kan henvise til, at det fremgår af bemærkningerne til  udlændingelovens § 7, stk. 2, således som denne bestemmelse blev affattet ved lov nr. 365 af 6. juni 2002 (lovforslag nr.",-0.016178397461771965,25
104,473,afgh202617_chunk021,Asylvurdering Ved Flygtningenævnet,"Nævnet bemærker i øvrigt, at ansøgeren hverken har familie eller netværk i Afghanistan, der vil kunne støtte og hjælpe ham ved en tilbagevenden til Afghanistan, samt at ansøgeren er hazara af etnicitet. På denne baggrund finder Flygtningenævnet, at ansøgeren har sandsynliggjort, at han ved en tilbagevenden til Afghanistan vil være i risiko for forfølgelse omfattet af udlændingelovens § 7, stk. 1.",-0.016294162720441818,26
104,5123,erit20263_chunk018,Asylvurdering Ved Flygtningenævnet,"Ved vurderingen af, om klageren ved dommen af [efteråret] 2022 er dømt for en særlig farlig forbrydelse, skal der efter Flygtningenævnets praksis bl.a. lægges vægt på: Forbrydelsens karakter, herunder den skade, som den forurettede rent faktisk er blevet påført, men også hvor potentielt farlig forbrydelsen har været, forbrydelsens art, herunder om forbrydelsen ved pådømmelsen er henført under en k",-0.01766999624669552,27
104,5044,land20263_chunk014,Asylvurdering Ved Flygtningenævnet,"Ved vurderingen af, om klageren ved dommen [fra vinteren 2022/2023] er dømt for en særlig farlig forbrydelse, skal der efter Flygtningenævnets praksis bl.a. lægges vægt på: Forbrydelsens karakter, herunder den skade, som den forurettede rent faktisk er blevet påført, men også hvor potentielt farlig forbrydelsen har været, forbrydelsens art, herunder om forbrydelsen ved pådømmelsen er henført under",-0.01875687763094902,28
104,5299,stat20261_chunk008,Asylvurdering Ved Flygtningenævnet,Således har ansøgeren da også under mødet i Flygtningenævnet forklaret om frygt ved en tilbagevenden til Libyen og ikke om frygt ved en tilbagevenden til [land indenfor UNRWAs mandatområde].,-0.023822041228413582,29
104,5465,ghan20261_chunk004,Asylvurdering Ved Flygtningenævnet,"Nævnet har ved denne vurdering lagt vægt på de samme forhold, som er fremhævet af Udlændingestyrelsen, herunder at ansøgeren til asylsamtalen [i sommeren 2014] alene henviste til en konflikt med en person ved navn [A], og at ansøgerens forklaring om en konflikt med sin farbror efter sit indhold fremstår usammenhængende og utroværdig.",-0.026778841391205788,30
104,2830,dub-rumae20263_chunk032,Asylvurdering Ved Flygtningenævnet,DRC Dansk Flygtningehjælp anmodede ved brev af 2. februar 2023 på vegne af klageren om genoptagelse af sagen.,-0.03778902441263199,31
104,1716,irak20265_chunk003,Asylvurdering Ved Flygtningenævnet,"Ved et supplerende indlæg af [sommeren] 2024 henviste advokaten yderligere til, at klageren ved en tilbagevenden til Irak ville være i et modsætningsforhold til de irakiske myndighederne og religiøse overhoveder, da hun nu ikke længere ville underkaste sig muslimske traditioner, herunder bære slør eller muslimsk beklædning i øvrigt. [I sommeren] 2024 stadfæstede Flygtningenævnet afgørelsen af [eft",-0.05934486910700798,32
104,2167,geor20263_chunk016,Asylvurdering Ved Flygtningenævnet,"Nævnet har ved vurderingen af ansøgernes troværdighed videre lagt vægt på, at ansøgerne har forklaret uoverensstemmende om deres ægteskab.",-0.10646224021911621,33
104,5509,stat20262_chunk017,Asylvurdering Ved Flygtningenævnet,"runde, jf. udlændingelovens § 9 b.

Helbredsmæssige forhold kan imidlertid i særlige tilfælde tillægges betydning ved vurderingen af, hvorvidt en asylansøger ved en tilbagevenden til hjemlandet risikerer forfølgelse eller overgreb i medfør af udlændingelovens § 7.",-0.10659211874008179,34
104,3882,syri20267_chunk059,Asylvurdering Ved Flygtningenævnet,"egrundende, og der skal således også foreligge andre relevante individuelle risikofaktorer, der sandsynliggør et behov for international beskyttelse i Danmark.

Helbredsmæssige forhold kan i særlige tilfælde tillægges betydning ved vurdering af, hvorvidt en asylansøger ved en tilbagevenden til hjemlandet risikerer forfølgelse eller overgreb i medfør af udlændingelovens § 7.",-0.10992053151130676,35
104,5167,afgh202611_chunk008,Asylvurdering Ved Flygtningenævnet,"Endvidere finder et flertal af nævnets medlemmer, at ansøgeren ikke ved sin forklaring har tilstrækkeligt sandsynliggjort, at han ved en tilbagevenden til Afghanistan vil være i risiko for asylbegrundende forfølgelse af de øvrige af ham påberåbte asylmotiver. Flertallet lægger herved vægt på de samme grunde, som er anført i Udlændingestyrelsens afgørelse af [vinteren 2025/2026].",-0.16822847723960876,36
104,439,ugan202617_chunk014,Asylvurdering Ved Flygtningenævnet,"Videre har nævnet lagt vægt på, at han under asylsamtalen har forklaret divergerende om hvem, der satte ham af ved sundhedsklinikken efter tilbageholdelsen. Under asylsamtalen [i sommeren] 2025 oplyste ansøgeren, at militærpersonerne tog ham til en klinik ved navn [kliniknavn], hvor de satte ham af.",-0.24111707508563995,37
104,5051,bosn20261_chunk001,Asylvurdering Ved Flygtningenævnet,"Ansøgeren har som asylmotiv henvist til, at han ved en tilbagevenden til Bosnien-Hercegovina frygter at blive slået ihjel af en mafiagruppe, fordi han har vidnet mod gruppen i forbindelse med en retssag. Ansøgeren har endvidere henvist til, at han ved afsoning i Bosnien-Hercegovina er i yderligere risiko for asylbegrundende overgreb fra den mafiagruppe, han angiver at være i konflikt med.",-0.35823503136634827,38
104,1442,keny20262_chunk007,Asylvurdering Ved Flygtningenævnet,"Ansøgeren har oplyst, at det lykkedes hende at flygte ved sin [familiemedlem B´s] hjælp, hvorefter hun flygtede til [by i andet land], hvor hun fik job som [stillingsbetegnelse] ved en familie. Under tiden i [by i andet land] var ansøgeren fortsat eftersøgt af gruppen [kriminel organisation], som havde udlovet en dusør på hende.",-0.4432443678379059,39
104,498,syri202613_chunk023,Asylvurdering Ved Flygtningenævnet,"Efter baggrundsoplysninger er der ikke grundlag for at meddele ansøgeren asyl på dette grundlag. Nævnet bemærker i den forbindelse, at den syriske præsident ved et dekret af 16. januar 2026 (dekret nr. 16/2026) formelt anerkendte kurdere som en oprindelig del af det syriske folk, sikrede kurderes kulturelle og sproglige rettigheder og ophævede tidligere diskriminerende foranstaltninger.",-0.6601977348327637,40
104,1050,etio20264_chunk003,Asylvurdering Ved Flygtningenævnet,"Ansøgeren har endvidere som asylmotiv henvist til, at hun ved en tilbagevenden frygter social udstødelse og stigmatisering fra lokalbefolkningen som følge af en voldtægt, som hun blev udsat for af etiopiske og/eller eritreiske soldater i [efteråret] 2020, da hun boede i [by A]. Ved samme episode blev [familiemedlem A] og [familiemedlem B] dræbt.",-0.6626564264297485,41
104,7,afgh202618_chunk007,Asylvurdering Ved Flygtningenævnet,"istan.

Ved denne vurdering indgår en række forskellige faktorer, herunder ansøgerens udseende, sprogkundskaber, religiøse og kulturelle holdninger og handlinger, længden af ansøgerens ophold i Danmark, ansøgerens alder ved indrejsen i Danmark samt ansøgerens kendskab til afghansk kultur og levevis.",-0.7944220304489136,42
104,460,afgh202617_chunk008,Asylvurdering Ved Flygtningenævnet,"istan.

Ved denne vurdering indgår en række forskellige faktorer, herunder ansøgerens udseende, sprogkundskaber, religiøse og kulturelle holdninger og handlinger, længden af ansøgerens ophold i Danmark, ansøgerens alder ved indrejsen i Danmark samt ansøgerens kendskab til afghansk kultur og levevis.",-0.7944220304489136,43
104,1915,dub-rumae20264_chunk014,Asylvurdering Ved Flygtningenævnet,"Klageren er meddelt endelig afslag på asyl i Rumænien, hvorfor han har pligt til at forlade landet. Rumænien må således i forbindelse med deres asylbehandling forventes at have forholdt sig til klagerens eventuelle særlige sårbarhed, i det omfang det har haft betydning for asylvurderingen.",-0.8246971368789673,44
104,440,ugan202617_chunk015,Asylvurdering Ved Flygtningenævnet,"Senere under samme samtale har ansøgeren derimod forklaret, at han først kom til bevidsthed ved klinikken, og under nævnsmødet har han forklaret, at han ikke ved, hvem, der satte ham af ved klinikken. Derudover har nævnet lagt vægt på, at han under asylsamtalen har forklaret divergerende om omstændighederne ved sin tilbageholdelse og de 4 personers påklædning.",-1.0046875476837158,45
104,332,ugan202621_chunk001,Asylvurdering Ved Flygtningenævnet,"Ansøgeren har som asylmotiv henvist til, at han ved en tilbagevenden til Uganda frygter at blive udsat for diskrimination og overgreb, fordi han er homoseksuel.",-1.3533414602279663,46
104,151,syri202618_chunk010,Asylvurdering Ved Flygtningenævnet,"Ansøgeren har som asylmotiv endvidere henvist til, at han ved en tilbagevenden til Syrien frygter forholdene for kurdere samt forholdene i Syrien generelt.",-1.4670747518539429,47
104,4346,ukra20266_chunk001,Asylvurdering Ved Flygtningenævnet,"Ansøgeren har som asylmotiv henvist til, at han ved en tilbagevenden til Ukraine frygter de ukrainske myndigheder, fordi han risikerer at blive indkaldt til militærtjeneste og afsoning af fængselsstraf ved nægtelse af at udføre militærtjeneste.",-1.852789282798767,48
104,4762,paki20261_chunk001,Asylvurdering Ved Flygtningenævnet,"Ansøgeren har som asylmotiv henvist til, at hun ved en tilbagevenden til Pakistan frygter at blive slået ihjel af en mand ved navn [A].",-2.073838233947754,49
104,3270,alder20261_chunk003,Asylvurdering Ved Flygtningenævnet,Sandsynligheden for den ved vurderingen fundne alder må derfor tages i betragtning sammen med de i øvrigt foreliggende beviser ved den samlede bevisbedømmelse. Den mest sandsynlige alder vil i vurderingen ofte angives med et spænd på flere år.,-2.560598611831665,50
104,2465,afgh202610_chunk027,Asylvurdering Ved Flygtningenævnet,"en samlet vurdering, at klageren ikke har sandsynliggjort, at han ved en tilbagevenden til Afghanistan vil være i risiko for forfølgelse eller overgreb omfattet af udlændingelovens § 7.",-2.679231643676758,51
104,1988,tyrk20264_chunk003,Asylvurdering Ved Flygtningenævnet,"Ansøgerne har som asylmotiv henvist til, at de ved en tilbagevenden til Tyrkiet frygter at blive anholdt og fængslet som følge af, at de har været tilknyttet Gülen-bevægelsen. Ansøgerne har til støtte for deres asylmotiv henvist til, at de har været aktive inden for Gülen-bevægelsen blandt andet ved undervisning og frivilligt arbejde.",-2.8305788040161133,52
104,1314,stat202610_chunk003,Asylvurdering Ved Flygtningenævnet,"Klageren henviste i forbindelse med den oprindelige udsendelsessag som asylmotiv til, at han ved en tilbagevenden til Libanon frygter [oprindeligt asylmotiv].",-2.8349313735961914,53
104,5451,afgh202646_chunk007,Asylvurdering Ved Flygtningenævnet,"til Afghanistan.

Ved denne vurdering indgår en række forskellige faktorer, herunder ansøgerens udseende, sprogkundskaber, religiøse og kulturelle holdninger og handlinger, længden af ansøgerens ophold i Danmark, ansøgerens alder ved indrejsen i Danmark samt ansøgerens kendskab til afghansk kultur og levevis.",-2.987281560897827,54
104,2082,afgh20267_chunk002,Asylvurdering Ved Flygtningenævnet,"I forbindelse med den oprindelige asylsag i 2011/2012 henviste ansøgeren som asylmotiv til, at han ved en tilbagevenden til Afghanistan frygtede at blive dræbt af en magtfuld mand ved navn [A], som havde bevæbnede mænd under sin kommando, og som havde udsat ansøgeren for trusler, idet han ønskede at indgå ægteskab med ansøgerens døtre.",-2.991920232772827,55
104,2453,afgh202610_chunk015,Asylvurdering Ved Flygtningenævnet,"ig Talibans opmærksomhed ved en tilbagevenden til Afghanistan.

Ved denne vurdering indgår en række forskellige faktorer, herunder klagerens udseende, sprogkundskaber, religiøse og kulturelle holdninger og handlinger, længden af hans ophold i Danmark, klagerens alder ved indrejsen i Danmark samt hans kendskab til afghansk kultur og levevis.",-3.023059606552124,56
104,5353,arme20262_chunk001,Asylvurdering Ved Flygtningenævnet,"Ansøgeren har ikke været medlem af politiske eller religiøse foreninger eller organisationer eller i øvrigt været politisk aktiv. Ansøgeren har som asylmotiv henvist til, at han ved en tilbagevenden frygter at blive fængslet, fordi han er deserteret fra militæret. Han frygter endvidere en mand ved navn [A] på grund af hans fars konflikt med denne mand.",-3.162616491317749,57
104,1639,niga20266_chunk001,Asylvurdering Ved Flygtningenævnet,"Ansøgeren har som asylmotiv henvist til, at hun ved en tilbagevenden til Nigeria fryg¬ter at blive slået ihjel af ukendte grupper og ritualister. Hun har til støtte herfor oplyst, at hun i perioden fra 2014 til [foråret] 2017 ved i hvert fald fire hæn¬del¬¬ser i Nigeria var tæt på at blive udsat for voldtægt, overfald og tyve-ri/røveri.",-4.175587177276611,58
104,4106,paki20263_chunk002,Asylvurdering Ved Flygtningenævnet,"Ansøgeren har som asylmotiv henvist til, at han ved en tilbagevenden til Pakistan frygter at blive slået ihjel af religiøse lærde (maulwi), den generelle befolkning samt personer, der følger en ideologi inden for islam ved navn Panj Piri, fordi der er udstedt en fatwa mod ham.",-4.508701801300049,59
104,2401,irak20264_chunk002,Asylvurdering Ved Flygtningenævnet,"Udlændingestyrelsen har [i efteråret] 2024 truffet afgørelse om at nægte at forlænge klagerens opholdstilladelse i medfør af udlændingelovens § 11, stk. 2, 2. pkt., og § 19 a, stk. 1, idet styrelsen har vurderet, at klageren har opnået sin opholdstilladelse ved svig. Klageren har som asylmotiv fortsat henvist til, at han ved en tilbagevenden til Irak frygter at blive slået ihjel af sin far.",-4.634800434112549,60
104,369,ukra202620_chunk030,Asylvurdering Ved Flygtningenævnet,"På baggrund af oplysningerne om, at de ukrainske myndigheder på trods af krigen har udfoldet betydelige bestræbelser på at sikre passende forhold for frihedsberøvede personer, at de ukrainske myndigheder har fortsat indsatsen for at reducere antallet af frihedsberøvede personer, at der er en igangværende reform af fængselsvæsenet, og at der er oprettet et ekspertudvalg vedrørende fængselsvæsenet, ",-4.728193283081055,61
104,1652,soma202610_chunk003,Asylvurdering Ved Flygtningenævnet,"Under inddragelsessagen fastholdt klageren sit oprindelige asylmotiv, og henviste desuden til, at han ved en tilbagevenden til Somalia frygter en mand ved navn [person A], idet klageren har haft et seksuelt forhold til [person A´s] tidligere ægtefælle [person B].",-5.8016815185546875,62
104,2259,dub-malt20261_chunk005,Asylvurdering Ved Flygtningenævnet,"Klageren har til støtte for, at hendes sag skal behandles i Danmark, anført, at klageren ved overførsel til Malta vil blive presset til prostitution af en kvinde ved navn [A] eller personer i dennes netværk. Klageren har endvidere henvist til, at hun ved overførsel til Malta som asylansøger risikerer frihedsberøvelse under umenneskelige forhold og uden adgang til effektive retsmidler.",-5.851340293884277,63
104,158,syri202618_chunk017,Asylvurdering Ved Flygtningenævnet,"16/2026) formelt anerkendte kurdere som en oprindelig del af det syriske folk, sikrede kurderes kulturelle og sproglige rettigheder og ophævede tidligere diskriminerende foranstaltninger.",-5.88905143737793,64
104,5339,arme20261_chunk002,Asylvurdering Ved Flygtningenævnet,"Den mandlige ansøger har som asylmotiv henvist til, at han ved en tilbagevenden til Armenien frygter at blive fængslet, idet der er fabrikeret en straffesag mod ham. Han frygter endvidere en mand ved navn [A], og hans folk, fordi ansøgeren har afsløret [A’s] bedrageri. Han har til støtte herfor oplyst, at han var ansat i [enhed inden for militæret] fra 2010 til 2015.",-6.044934272766113,65
104,5598,niga20261_chunk005,Asylvurdering Ved Flygtningenævnet,"Han har forklaret, at han har søgt om asyl i Danmark for at muliggøre en overførsel til [europæisk land]. Ved oplysnings- og motivsamtale ved Udlændingestyrelsen [i efteråret] 2024 fremgår det, at han har forklaret, at han ikke frygter nogen forhold i Nigeria. Han udrejste som [16-18 årig] og har aldrig haft problemer med nogen.",-6.611011505126953,66
104,2446,afgh202610_chunk008,Asylvurdering Ved Flygtningenævnet,"Klageren har til støtte for sit asylmotiv herudover oplyst, at han [i foråret] 2010 rejste til Afghanistan med henblik på at blive gift. Ved denne lejlighed hjalp han sin tidligere ægtefælle med at undgå et tvangsægteskab med en ældre mand ved navn [A], som klagerens ægtefælle har oplyst, skulle være magtfuld.",-6.80625057220459,67
104,3430,ukra20269_chunk011,Asylvurdering Ved Flygtningenævnet,"Det fremgår imidlertid også af rapporterne, at de ukrainske myndigheder på trods af krigen har udfoldet betydelige bestræbelser på at sikre passende forhold for frihedsberøvede personer, at de ukrainske myndigheder har fortsat indsatsen for at reducere antallet af frihedsberøvede personer, at der er en igangværende reform af fængselsvæsenet, og at der er oprettet et ekspertudvalg vedrørende fængse",-6.95110559463501,68
104,363,ukra202620_chunk024,Asylvurdering Ved Flygtningenævnet,"Det fremgår imidlertid også af rapporterne, at de ukrainske myndigheder på trods af krigen har udfoldet betydelige bestræbelser på at sikre passende forhold for frihedsberøvede personer, at de ukrainske myndigheder har fortsat indsatsen for at reducere antallet af frihedsberøvede personer, at der er en igangværende reform af fængselsvæsenet, og at der er oprettet et ekspertudvalg vedrørende fængse",-7.070319652557373,69
104,5631,maro20261_chunk014,Asylvurdering Ved Flygtningenævnet,"Den omstændighed, at ansøgeren ved en tilbagevenden til Marokko, hvor hun har boet indtil [hun var 40-45 år], vil blive anset som en enlig, fraskilt kvinde, kan ikke i sig selv begrunde et krav på international beskyttelse. Tilsvarende gælder det af ansøgeren anførte om, at hun ved en tilbagevenden til Marokko står uden økonomisk netværk.",-7.274961948394775,70
104,5224,ugan202614_chunk006,Asylvurdering Ved Flygtningenævnet,"Ansøgeren har oplyst, at han blev tiltrukket af [A], efter at de begyndte at kommentere på hinandens kroppe i badet efter træningen. Da de ved en lejlighed [tilbragte noget tid sammen], rørte [A] desuden ved ansøgerens lår, og ansøgeren kunne se, at [A] var opstemt. Cirka to uger efter dette havde ansøgeren og [A] sex i badet efter træning, efter de øvrige [sportsudøvere] var gået.",-7.316129207611084,71
104,4220,etio20261_chunk016,Asylvurdering Ved Flygtningenævnet,"Det er ikke oplysninger om, at ansøgeren ved søgning via almindeligt anvendte søgetjenester er eksponeret som tilhænger af Fano, ligesom der ikke ved sådanne søgninger i øvrigt kan fremsøges oplysninger om, at han udtrykt sig positivt om Fano.",-7.3813886642456055,72
104,3746,syri20264_chunk040,Asylvurdering Ved Flygtningenævnet,"Heroverfor står, at den syriske præsident ved et dekret af 16. januar 2026 (dekret nr. 16/2026) formelt anerkendte kurdere som en oprindelig del af det syriske folk, sikrede kurderes kulturelle og sproglige rettigheder og ophævede tidligere diskriminerende foranstaltninger.",-7.615551471710205,73
104,628,syri202617_chunk026,Asylvurdering Ved Flygtningenævnet,"Dette gælder tillige militærunddragere og desertører, der ved indrejse kan henvende sig til myndighederne med henblik på at få fjernet en eventuel registrering ved deres navn.",-7.632928848266602,74
104,536,ukra202618_chunk015,Asylvurdering Ved Flygtningenævnet,"Koordinationsudvalgets flertal har i den forbindelse henvist til det anførte i Højesterets kendelser om, at de ukrainske myndigheder på trods af krigen har udfoldet betydelige bestræbelser på at sikre passende forhold for frihedsberøvede personer, at de ukrainske myndigheder har fortsat indsatsen for at reducere antallet af frihedsberøvede personer, at der er en igangværende reform af fængselsvæse",-8.38659954071045,75
104,892,ukra202617_chunk015,Asylvurdering Ved Flygtningenævnet,"Koordinationsudvalgets flertal har i den forbindelse henvist til det anførte i Højesterets kendelser om, at de ukrainske myndigheder på trods af krigen har udfoldet betydelige bestræbelser på at sikre passende forhold for frihedsberøvede personer, at de ukrainske myndigheder har fortsat indsatsen for at reducere antallet af frihedsberøvede personer, at der er en igangværende reform af fængselsvæse",-8.38659954071045,76
104,5216,rusl202627_chunk010,Asylvurdering Ved Flygtningenævnet,"e, at den mandlige ansøger ved en tilbagevenden til Tjetjenien vil være i risiko for forfølgelse med henblik på tvangsrekruttering af ham til krigen i Ukraine.",-8.465622901916504,77
104,4975,stat20264_chunk016,Asylvurdering Ved Flygtningenævnet,"1, 1. pkt., ved [i vinteren 2022/2023] at have besiddet en betydelig mængde [euforiserende stoffer] med henblik på overdragelse til et større antal personer mod betydeligt vederlag.",-8.483599662780762,78
104,1368,syri202611_chunk005,Asylvurdering Ved Flygtningenævnet,"Dertil lægges det til grund som ubestridt, at klageren er vejledt om konsekvenserne ved at repatriere til Syrien og udrejse med fleksibel udbetaling af repatrieringsstøtte, og at klageren var myndig og havde forstået konsekvenserne ved at repatriere til sit hjemland.",-8.490418434143066,79
104,677,syri202616_chunk003,Asylvurdering Ved Flygtningenævnet,"Ansøgeren har videre henvist til, at hun ved en tilbagevenden til Syrien frygter sin boligsituation henset til, at familiens hus er blevet ødelagt ved bombardementer i løbet af krigen.",-8.661321640014648,80
104,1439,keny20262_chunk004,Asylvurdering Ved Flygtningenævnet,"Da ansøgeren var 14 år gammel, mødte hun en jævnaldrende pige ved navn [B] på kostskole. Ansøgeren udviklede følelser for [B], efter de igennem et par måneder havde delt private ting, sovet sammen og holdt om hinanden, hvorefter de blev kærester. [B] og ansøgeren var herefter sammen i fire år, hvorefter ansøgeren på [uddannelsessted] mødte en kvinde ved navn [C], som hun var sammen med i tre år.",-8.690956115722656,81
104,3573,syri20261_chunk059,Asylvurdering Ved Flygtningenævnet,"Ansøgeren har derfor ikke sandsynliggjort, at hun ved en tilbagevenden til Syrien vil være i risiko for kønsspecifik forfølgelse som nævnt i udlændingelovens § 7, stk. 1.",-8.733845710754395,82
104,5642,hjem20261_chunk003,Asylvurdering Ved Flygtningenævnet,"Ansøgeren har om sin nationalitet senest ved Udlændingestyrelsen [i efteråret] 2024 oplyst, at han er født i [by B] ved [by A], [land A], at han er statsborger i [land A], og at hans forældre ligeledes også er det. Ansøgeren har endvidere oplyst, at han ikke er fra [land B], at han aldrig har været i [land B], og at han ikke har nogen relationer til eller konflikter i [land B].",-8.922046661376953,83
104,4497,dub-ital20261_chunk021,Asylvurdering Ved Flygtningenævnet,"Som videre anført i præmis 59 ændrer det ikke ved, at den ansvarlige medlemsstat forbliver fuldt ud ansvarlig i overførselsperioden.",-8.984238624572754,84
104,4976,stat20264_chunk017,Asylvurdering Ved Flygtningenævnet,Han blev endvidere fundet skyldig i en række andre overtrædelser af lovgivningen om euforiserende stoffer ved [sensommeren] 2023 at have besiddet betydelige mængder [euforiserende stoffer] med henblik på overdragelse til en større personkreds. Han blev ved dommen idømt 1 år og 3 måneders fængsel og udvist af Danmark med et indrejseforbud i 12 år.,-9.318502426147461,85
104,3308,rusl202616_chunk019,Asylvurdering Ved Flygtningenævnet,"Det må således bero på klagerens egen formodning, at han ved en tilbagevenden til Tjetjenien, Rusland risikerer at blive indkaldt til militærtjeneste til krigen i Ukraine.",-9.576020240783691,86
104,5604,niga20261_chunk011,Asylvurdering Ved Flygtningenævnet,"Billederne på hans telefon som han mistede ved demonstrationen i august [årstal] ligger skjult i en app, så andre ikke ville kunne se billederne. Efter han blev skudt ved demonstrationen i Nigeria i [årstal], var han der i 3-4 måneder, før han udrejste. Han oplevede ikke problemer i forbindelse med sin udrejse.",-9.635236740112305,87
104,2812,dub-rumae20263_chunk014,Asylvurdering Ved Flygtningenævnet,"Således som generaladvokaten har anført i punkt 54 i forslaget til afgørelse, forudsætter overholdelsen af denne forpligtelse imidlertid, at den nationale lovgivning er udformet på en sådan måde, at den kompetente administrative myndighed foretager den således krævede fornyede behandling uden unødig forsinkelse, og at den retslige myndighed, ved hvilken retsmidlet er iværksat, træffer afgørelse in",-9.852293968200684,88
104,2859,rusl202613_chunk004,Asylvurdering Ved Flygtningenævnet,"Hun vil ved en eventuel tilbagevenden til Rusland fortsætte med at være helt åben om sin seksualitet, sit samliv med en kvinde og [deres planlagte familieforøgelse], således som hun hidtil har været det i Danmark. Hun vil ved en eventuel tilbagevenden desuden aktivt arbejde for LGBT+-rettigheder.",-10.010469436645508,89
104,1472,keny20262_chunk037,Asylvurdering Ved Flygtningenævnet,"Det bemærkes, at der ikke er grundlag for at antage, at ansøgeren kan undgå forfølgelsen ved at tage ophold et andet sted i landet end på sin hjemegn.",-10.088095664978027,90
104,183,stat202615_chunk020,Asylvurdering Ved Flygtningenævnet,"Austria, hvorefter enhver person ikke længere automatisk befinder sig i en reel og umiddelbar risiko for drab, tortur eller umenneskelig behandling ved ophold i Syrien.",-10.205917358398438,91
104,3080,alge20261_chunk002,Asylvurdering Ved Flygtningenævnet,"Ansøgeren har til støtte herfor gjort gældende, at han allerede i mellemskolen blev opdaget sammen med en anden dreng, som han havde haft et forhold til, hvilket førte til, at hans far udøvede vold mod ham og frihedsberøvede ham i hjemmet.",-10.315678596496582,92
104,1763,dub-pole20261_chunk012,Asylvurdering Ved Flygtningenævnet,"Det kan således ikke udelukkes, at klagerens psykiske tilstand vil forværres ved en overførsel til Polen.",-10.530359268188477,93
104,3135,afgh202649_chunk004,Asylvurdering Ved Flygtningenævnet,"Ansøgerens advokat har ved sit indlæg af [foråret] 2026 gjort gældende, at ansøgeren efter sit ophold i Danmark ved en eventuel tilbagevenden til Afghanistan vil være påfaldende vestligt klædt og have en forkert frisure, ligesom han har tillagt sig musik og kultur, som er uforenelig med Talibans morallov.",-10.630678176879883,94
104,2083,afgh20267_chunk003,Asylvurdering Ved Flygtningenævnet,"Til støtte herfor oplyste ansøgeren, at hans ældste datter begik selvmord ved at sætte ild til sig selv, da [A] anmodede om at blive gift med hende, og at [A] derefter krævede at blive gift med [en af] ansøgerens [andre døtre]. Efterfølgende forsvandt ansøgerens ægtefælle og døtre, og efter seks-syv måneders ophold i [by], udrejste ansøgeren af Afghanistan for at lede efter sin familie.",-10.861490249633789,95
104,4495,dub-ital20261_chunk019,Asylvurdering Ved Flygtningenævnet,"I sagen fastslog EU-Domstolen, at en medlemsstat ikke kan fraskrive sig sit ansvar efter Dublin-forordningen ved en ensidig meddelelse, jf. præmis 38.",-10.87835693359375,96
104,4493,dub-ital20261_chunk017,Asylvurdering Ved Flygtningenævnet,"Der er imidlertid ikke oplysninger om, at klageren vil havne i en sådan situation ved en overførsel til Italien, ligesom der ikke foreligger oplysninger om samarbejdet mellem Italien og [klagerens hjemland], der giver grund til at antage, at klageren ved en tilbagevenden vil havne i en situation omfattet af chartres artikel 4.",-10.903464317321777,97
104,4443,stat20265_chunk021,Asylvurdering Ved Flygtningenævnet,"Be­handling af PTSD ved hjælp af kognitiv adfærdsterapi er tilgængelig på privat ho­spital i Beirut, og i UNRWA-faciliteter, hvor det er gratis, ligesom ambulant behand­ling ved en praktiserende læge i almen medicin er tilgængelig på UNRWA-faciliteter og er gratis.",-10.952418327331543,98
104,3275,alder20261_chunk008,Asylvurdering Ved Flygtningenævnet,"Klageren har hertil oplyst, at han fik passet udstedt i [hovedstaden i et mellemøstligt land], og at det var klagerens [forælder A], som stod for det. Klageren havde sit [nationalt ID-kort] med ved udstedelsen af passet, og han fik i den forbindelse optaget biometri ved optagelse af fingeraftryk og billede.",-11.343283653259277,99
108,3665,syri20262_chunk023,Damascus Versus Rural Communities,"Women in smaller towns and rural communities often live under stricter cultural norms and depend on family networks for protection; their main concern is harassment at checkpoints or by armed men, rather than actions by the regular police. In Damascus, on the other hand, many women go out alone and participate in daily life, but they take precautions.",-0.0031158016063272953,0
108,3782,syri20266_chunk023,Damascus Versus Rural Communities,"Women in smaller towns and rural communities often live under stricter cultural norms and depend on family networks for protection; their main concern is harassment at checkpoints or by armed men, rather than actions by the regular police. In Damascus, on the other hand, many women go out alone and participate in daily life, but they take precautions.",-0.0031158016063272953,1
108,3846,syri20267_chunk023,Damascus Versus Rural Communities,"Women in smaller towns and rural communities often live under stricter cultural norms and depend on family networks for protection; their main concern is harassment at checkpoints or by armed men, rather than actions by the regular police. In Damascus, on the other hand, many women go out alone and participate in daily life, but they take precautions.",-0.0031158016063272953,2
108,3529,syri20261_chunk015,Damascus Versus Rural Communities,"In Damascus, many women move around independently but take precautions, while in smaller towns and rural areas stricter cultural norms limit their mobility. In the coastal region, fears of kidnapping by armed groups have led some women to leave university and kept girls from attending school. In Aleppo, some women covered their hair to avoid harassment.",-0.004407335072755814,3
108,3590,syri20263_chunk013,Damascus Versus Rural Communities,"In Damascus, many women move around independently but take precautions, while in smaller towns and rural areas stricter cultural norms limit their mobility. In the coastal region, fears of kidnapping by armed groups have led some women to leave university and kept girls from attending school. In Aleppo, some women covered their hair to avoid harassment.",-0.004407335072755814,4
108,3660,syri20262_chunk018,Damascus Versus Rural Communities,"In Damascus, many women move around independently but take precautions, while in smaller towns and rural areas stricter cultural norms limit their mobility. In the coastal region, fears of kidnapping by armed groups have led some women to leave university and kept girls from attending school. In Aleppo, some women covered their hair to avoid harassment.",-0.004407335072755814,5
108,3534,syri20261_chunk020,Damascus Versus Rural Communities,"Women in smaller towns and rural communities often live under stricter cultural norms and depend on family networks for protection; their main concern is harassment at checkpoints or by armed men, rather than actions by the regular police. In Damascus, on the other hand, many women go out alone and participate in daily life, but they take precautions.",-0.004499549046158791,6
108,3595,syri20263_chunk018,Damascus Versus Rural Communities,"Women in smaller towns and rural communities often live under stricter cultural norms and depend on family networks for protection; their main concern is harassment at checkpoints or by armed men, rather than actions by the regular police. In Damascus, on the other hand, many women go out alone and participate in daily life, but they take precautions.",-0.004499549046158791,7
108,3777,syri20266_chunk018,Damascus Versus Rural Communities,"In Damascus, many women move around independently but take precautions, while in smaller towns and rural areas stricter cultural norms limit their mobility. In the coastal region, fears of kidnapping by armed groups have led some women to leave university and kept girls from attending school. In Aleppo, some women covered their hair to avoid harassment.",-0.007161897141486406,8
108,3841,syri20267_chunk018,Damascus Versus Rural Communities,"In Damascus, many women move around independently but take precautions, while in smaller towns and rural areas stricter cultural norms limit their mobility. In the coastal region, fears of kidnapping by armed groups have led some women to leave university and kept girls from attending school. In Aleppo, some women covered their hair to avoid harassment.",-0.007161897141486406,9
108,3546,syri20261_chunk032,Damascus Versus Rural Communities,"Administrative services have improved in some urban and government-controlled areas and public officials there act professionally. In contrast, women still experience discrimination and insecurity in regions dominated by armed groups or conservative factions. In some areas, such as a ‘one-stop window’ office in Damascus, administrative processes are efficient and staff treat women respectfully.",-0.12946005165576935,10
108,3607,syri20263_chunk030,Damascus Versus Rural Communities,"Administrative services have improved in some urban and government-controlled areas and public officials there act professionally. In contrast, women still experience discrimination and insecurity in regions dominated by armed groups or conservative factions. In some areas, such as a ‘one-stop window’ office in Damascus, administrative processes are efficient and staff treat women respectfully.",-0.12946005165576935,11
108,3677,syri20262_chunk035,Damascus Versus Rural Communities,"Administrative services have improved in some urban and government-controlled areas and public officials there act professionally. In contrast, women still experience discrimination and insecurity in regions dominated by armed groups or conservative factions. In some areas, such as a ‘one-stop window’ office in Damascus, administrative processes are efficient and staff treat women respectfully.",-0.12946005165576935,12
108,3794,syri20266_chunk035,Damascus Versus Rural Communities,"Administrative services have improved in some urban and government-controlled areas and public officials there act professionally. In contrast, women still experience discrimination and insecurity in regions dominated by armed groups or conservative factions. In some areas, such as a ‘one-stop window’ office in Damascus, administrative processes are efficient and staff treat women respectfully.",-0.12946005165576935,13
108,3858,syri20267_chunk035,Damascus Versus Rural Communities,"Administrative services have improved in some urban and government-controlled areas and public officials there act professionally. In contrast, women still experience discrimination and insecurity in regions dominated by armed groups or conservative factions. In some areas, such as a ‘one-stop window’ office in Damascus, administrative processes are efficient and staff treat women respectfully.",-0.1742880940437317,14
108,3732,syri20264_chunk026,Damascus Versus Rural Communities,"In Damascus, where an estimated one-third of the population is of Kurdish origin and where Kurdish communities have been established for centuries, Kurds are described as an integrated part of society.",-0.2806665599346161,15
108,3638,syri20263_chunk061,Damascus Versus Rural Communities,"In Damascus, where an estimated one-third of the population is of Kurdish origin and where Kurdish communities have been established for centuries, Kurds are described as an integrated part of society.",-0.28645244240760803,16
108,3639,syri20263_chunk062,Damascus Versus Rural Communities,"In long-established Kurdish-dominated Damascus neighbourhoods such as Rukn al-Din and Wadi al-Mashari, Kurds reportedly resemble other residents and are therefore difficult to identify ethnically; no changes or abuses affecting this particular group have been reported since the fall of the former government.",-1.215978741645813,17
108,3733,syri20264_chunk027,Damascus Versus Rural Communities,"In long-established Kurdish-dominated Damascus neighbourhoods such as Rukn al-Din and Wadi al-Mashari, Kurds reportedly resemble other residents and are therefore difficult to identify ethnically; no changes or abuses affecting this particular group have been reported since the fall of the former government.",-1.215978741645813,18
108,3868,syri20267_chunk045,Damascus Versus Rural Communities,"As a result, many choose to remain abroad or in refugee camps. Women at-tempting to return to Damascus encounter significant obstacles in securing both housing and employment. Some women who previously resided in refugee camps in Idlib and sought to resettle in Damascus following the fall of the former government ultimately had to return to the camps due to the prohibitively high rental costs.",-2.259615898132324,19
108,3556,syri20261_chunk042,Damascus Versus Rural Communities,"As a result, many choose to remain abroad or in refugee camps. Women attempting to return to Damascus encounter significant obstacles in securing both housing and employment. Some women who previously resided in refugee camps in Idlib and sought to resettle in Damascus following the fall of the former government ultimately had to return to the camps due to the prohibitively high rental costs.",-2.2773566246032715,20
108,3617,syri20263_chunk040,Damascus Versus Rural Communities,"As a result, many choose to remain abroad or in refugee camps. Women attempting to return to Damascus encounter significant obstacles in securing both housing and employment. Some women who previously resided in refugee camps in Idlib and sought to resettle in Damascus following the fall of the former government ultimately had to return to the camps due to the prohibitively high rental costs.",-2.2773566246032715,21
108,3687,syri20262_chunk045,Damascus Versus Rural Communities,"As a result, many choose to remain abroad or in refugee camps. Women attempting to return to Damascus encounter significant obstacles in securing both housing and employment. Some women who previously resided in refugee camps in Idlib and sought to resettle in Damascus following the fall of the former government ultimately had to return to the camps due to the prohibitively high rental costs.",-2.2773566246032715,22
108,3804,syri20266_chunk045,Damascus Versus Rural Communities,"As a result, many choose to remain abroad or in refugee camps. Women attempting to return to Damascus encounter significant obstacles in securing both housing and employment. Some women who previously resided in refugee camps in Idlib and sought to resettle in Damascus following the fall of the former government ultimately had to return to the camps due to the prohibitively high rental costs.",-2.2773566246032715,23
108,3736,syri20264_chunk030,Damascus Versus Rural Communities,"The current authorities demonstrate a greater degree of tolerance towards Kurdish flags and symbols compared with the previous government. For instance, during a recent Kurdish cultural festival in Damascus, participants openly displayed Kurdish flags without any intervention from the authorities.",-6.3972649574279785,24
108,3739,syri20264_chunk033,Damascus Versus Rural Communities,"One concern noted among Kurds in Damascus is a persistent sense of fear regarding potential repercussions if tensions between the authorities and the Syrian Democratic Forces (SDF) escalate, according to a Kurdish activist. Reported isolated incidents involving Kurds primarily relate to individuals originating from outside Damascus.",-7.078423023223877,25
108,3634,syri20263_chunk057,Damascus Versus Rural Communities,"The Kurdish population is concentrated in Northeast Syria — particularly in the regions of Afrin, Kobani, and Jazira, with smaller concentrations in districts of Raqqa city — as well as in neighbourhoods of Aleppo and Damascus.",-7.710971832275391,26
108,3728,syri20264_chunk022,Damascus Versus Rural Communities,"The Kurdish population is concentrated in Northeast Syria — particularly in the regions of Afrin, Kobani, and Jazira, with smaller concentrations in districts of Raqqa city — as well as in neighbourhoods of Aleppo and Damascus.",-7.710971832275391,27
108,3741,syri20264_chunk035,Damascus Versus Rural Communities,"In other instances, Kurds from Northeast Syria have been arrested in Damascus without a clear justification for their detention; they were, however, released following a negotiated agreement. Moreover, there were reports of Kurdish visitors from Qamishli and Aleppo being arrested in the Sha’lan area of Damascus for speaking Kurdish, and some were reportedly tortured in detention.",-8.120742797851562,28
108,3535,syri20261_chunk021,Damascus Versus Rural Communities,"Government protection for women against violence or harassment is generally insufficient — for example, in cases of abduction in the coastal areas, Suweida, and parts of Homs, and Damascus. Many women do not even report incidents to the police, presumably because they do not trust the authorities.",-10.05520248413086,29
108,3596,syri20263_chunk019,Damascus Versus Rural Communities,"Government protection for women against violence or harassment is generally insufficient — for example, in cases of abduction in the coastal areas, Suweida, and parts of Homs, and Damascus. Many women do not even report incidents to the police, presumably because they do not trust the authorities.",-10.173800468444824,30
108,3666,syri20262_chunk024,Damascus Versus Rural Communities,"Government protection for women against violence or harassment is generally insufficient — for example, in cases of abduction in the coastal areas, Suweida, and parts of Homs, and Damascus. Many women do not even report incidents to the police, presumably because they do not trust the authorities.",-10.173800468444824,31
108,3783,syri20266_chunk024,Damascus Versus Rural Communities,"Government protection for women against violence or harassment is generally insufficient — for example, in cases of abduction in the coastal areas, Suweida, and parts of Homs, and Damascus. Many women do not even report incidents to the police, presumably because they do not trust the authorities.",-10.173800468444824,32
108,3847,syri20267_chunk024,Damascus Versus Rural Communities,"Government protection for women against violence or harassment is generally insufficient — for example, in cases of abduction in the coastal areas, Suweida, and parts of Homs, and Damascus. Many women do not even report incidents to the police, presumably because they do not trust the authorities.",-10.173800468444824,33
108,3854,syri20267_chunk031,Damascus Versus Rural Communities,"On the coast in Tartous and Latakia, and in Suweida, as well as in parts of Homs and Damascus, local actors — some of whom are connected to the authorities — have reportedly imposed the hijab and carried out campaigns promoting stricter religious dress codes for women.",-11.356217384338379,34
108,3542,syri20261_chunk028,Damascus Versus Rural Communities,"On the coast in Tartous and Latakia, and in Suweida, as well as in parts of Homs and Damascus, local actors — some of whom are connected to the authorities — have reportedly imposed the hijab and carried out campaigns promoting stricter religious dress codes for women.",-11.581697463989258,35
108,3603,syri20263_chunk026,Damascus Versus Rural Communities,"On the coast in Tartous and Latakia, and in Suweida, as well as in parts of Homs and Damascus, local actors — some of whom are connected to the authorities — have reportedly imposed the hijab and carried out campaigns promoting stricter religious dress codes for women.",-11.581697463989258,36
108,3673,syri20262_chunk031,Damascus Versus Rural Communities,"On the coast in Tartous and Latakia, and in Suweida, as well as in parts of Homs and Damascus, local actors — some of whom are connected to the authorities — have reportedly imposed the hijab and carried out campaigns promoting stricter religious dress codes for women.",-11.581697463989258,37
108,3790,syri20266_chunk031,Damascus Versus Rural Communities,"On the coast in Tartous and Latakia, and in Suweida, as well as in parts of Homs and Damascus, local actors — some of whom are connected to the authorities — have reportedly imposed the hijab and carried out campaigns promoting stricter religious dress codes for women.",-11.581697463989258,38
11,5831,erit20261_chunk031,Perceived Past Behavior   Plausibility,"Most sources had heard of consequences of evasion and desertion for family members (parents, spouse or siblings) of evaders and deserters. However, some of these sources considered that this was worse in the past. In line with this, journalist Tom Gardner found that the Eritrean government was more ‘relaxed’ now compared to earlier.",-11.0735502243042,0
11,3637,syri20263_chunk060,Perceived Past Behavior   Plausibility,"According to a Syrian lawyer DIS consulted, individuals perceived as politically active or critical of the authorities may face reprisals comparable to those experienced by government critics of any background.",-12.280157089233398,1
11,3731,syri20264_chunk025,Perceived Past Behavior   Plausibility,"According to a Syrian lawyer DIS consulted, individuals perceived as politically active or critical of the authorities may face reprisals comparable to those experienced by government critics of any background.",-12.280157089233398,2
11,1149,bulg20263_chunk011,Perceived Past Behavior   Plausibility,"In the past, the SAR usually suspended asylum procedures when asylum seekers had left Bulgaria before their procedures were completed. After the amendments of the law in 2020, the SAR obtained the right to directly terminate (discontinue) the asylum procedure in such cases without passing through a stage of suspension.",-13.063637733459473,3
114,3568,syri20261_chunk054,Persecution Risk Assessment Cluster,"Af sidstnævnte rapport fremgår det mere overordnet: “In general, women in Syria are unlikely to face a real risk of persecution or serious harm from state or non-state actors.” Om behandlingen i Syrien af personer, der anses for at have overskredet grænserne for religiøse, moralske normer mv., kan der henvises til EUAA, County Guidance: Syria, december 2025, pkt. 4.8 (s. 39 f).",-8.484823226928711,0
114,3629,syri20263_chunk052,Persecution Risk Assessment Cluster,"Af sidstnævnte rapport fremgår det mere overordnet: “In general, women in Syria are unlikely to face a real risk of persecution or serious harm from state or non-state actors.” Selvom forholdene for kvinder i Syrien, herunder særligt enlige kvinder, efter baggrundsoplysningerne er vanskelige, finder Flygtningenævnet ikke, at forholdene uden videre kan anses for asylbegrundende, og at der således o",-10.461526870727539,1
114,3699,syri20262_chunk057,Persecution Risk Assessment Cluster,"Af sidstnævnte rapport fremgår det mere overordnet: “In general, women in Syria are unlikely to face a real risk of persecution or serious harm from state or non-state actors.” Selvom forholdene for kvinder i Syrien, herunder særligt enlige kvinder, efter baggrundsoplysningerne er vanskelige, finder Flygtningenævnet ikke, at forholdene uden videre kan anses for asylbegrundende, og at der således o",-10.461526870727539,2
114,3817,syri20266_chunk058,Persecution Risk Assessment Cluster,"Af sidstnævnte rapport fremgår det mere overordnet: “In general, women in Syria are unlikely to face a real risk of persecution or serious harm from state or non-state actors.” Som anført i Flygtningenævnets afgørelser af 3. og 4. marts 2026 om kvindelige ansøgere fra Syrien er forholdene for kvinder i Syrien, herunder særligt enlige kvinder, vanskelige, men de kan ikke uden videre anses for asylb",-11.688615798950195,3
114,3881,syri20267_chunk058,Persecution Risk Assessment Cluster,"Af sidstnævnte rapport fremgår det mere overordnet: “In general, women in Syria are unlikely to face a real risk of persecution or serious harm from state or non-state actors.” Som anført i Flygtningenævnets afgørelser af 3. og 4. marts 2026 om kvindelige ansøgere fra Syrien er forholdene for kvinder i Syrien, herunder særligt enlige kvinder, vanskelige, men de kan ikke uden videre anses for asylb",-11.688615798950195,4
114,5837,erit20261_chunk037,Persecution Risk Assessment Cluster,"According to HRW, there were some examples of the risk of reprisals for family members being greater if the evader or deserter was believed to still be in the country compared to when the person had fled.",-12.81515884399414,5
114,3151,afgh202649_chunk020,Persecution Risk Assessment Cluster,"In this context the Court reiterates that a real risk of being subjected to treatment contrary to Article 3 of the Convention may emanate from a general situation, a personal characteristic of the applicant or a combination of the two. …” Flygtningenævnets flertal lægger vægt på, at det som anført ovenfor kan lægges til grund, at ansøgeren forud for sin udrejse af Afghanistan havde en æresrelatere",-13.240799903869629,6
114,4844,rusl20266_chunk016,Persecution Risk Assessment Cluster,"Harold Chambers assessed that even being a member of the ‘wrong’ Telegram-channel could put a person at risk of being recruited, and he added that the Chechen authorities possess the necessary software to monitor social media platforms. HRW stated that activists and members of civil society organization could risk being recruited.",-13.316372871398926,7
114,1116,dub-bulg20261_chunk048,Persecution Risk Assessment Cluster,"Although the law provides that authorities should conduct an assessment whether an individual belongs to a vulnerable group before issuing detention orders, such as detention, such assessment is not carried out in practice.”
I DRC´s Landerapport-Bulgarien fra april 2026 hedder det i pkt.",-13.343135833740234,8
114,5735,ugan20262_chunk011,Persecution Risk Assessment Cluster,"Entrenches Discrimination, Enhances Risk of Anti-LGBT Violence, udgivet af Human Rights Watch den 4. April 2024. Det er fortsat ikke muligt at fastslå, hvorledes den i Uganda indførte lov vil blive håndhævet med hensyn til gennemførelse af straffesager mv.",-13.366816520690918,9
114,2736,ugan202610_chunk013,Persecution Risk Assessment Cluster,"Entrenches Discrimination, Enhances Risk of Anti-LGBT Violence, udgivet af Human Rights Watch den 4. april 2024. Det er fortsat ikke muligt at fastslå, hvorledes den i Uganda indførte lov vil blive håndhævet med hensyn til gennemførelse af straffesager mv.",-13.56926441192627,10
114,1169,bulg20263_chunk031,Persecution Risk Assessment Cluster,"SAR social workers conducted a total of 273 vulnerability assessments and identified 115 applicants with vulnerabilities or special needs. SAR acknowledged to have dealt with 1,127 applicants with vulnerabilities as defined by the law in 2025. These figures obtained through monitoring indicated that just 24% of all asylum applicants with vulnerabilities received proper assessments of their needs.",-13.617295265197754,11
114,1174,bulg20263_chunk036,Persecution Risk Assessment Cluster,"Therefore, in 2025 need assessments as well as planning and provision of support measures with respect to applicants with identified vulnerabilities were still carried out unsystematically. The situation of an applicant belonging to a vulnerable group has to be taken into account by the authorities when deciding on accommodation.",-13.679396629333496,12
114,1168,bulg20263_chunk030,Persecution Risk Assessment Cluster,"Monitoring in 2025
In 2025, both vulnerability assessments and identification - as well as all follow-ups on identified cases -, remained substandard, to the point this continued to represent the most significant violation of existing obligation in the context of the asylum procedure in the course of already several years.",-13.681169509887695,13
114,3670,syri20262_chunk028,Persecution Risk Assessment Cluster,"Yet the lack of a neutral investigation of subsequent abductions of several women in Suweida means that it is still not possible to determine which actors were behind the kidnappings or to hold anyone accountable. 8.1.3. Precautionary measures and dress code. In order to minimise the risk of harassment or abuse, some women reportedly adjust their behaviour.",-13.69692325592041,14
114,3787,syri20266_chunk028,Persecution Risk Assessment Cluster,"Yet the lack of a neutral investigation of subsequent abductions of several women in Suweida means that it is still not possible to determine which actors were behind the kidnappings or to hold anyone accountable. 8.1.3. Precautionary measures and dress code. In order to minimise the risk of harassment or abuse, some women reportedly adjust their behaviour.",-13.69692325592041,15
114,3539,syri20261_chunk025,Persecution Risk Assessment Cluster,"Yet the lack of a neutral investigation of subsequent abductions of several women in Suweida means that it is still not possible to determine which actors were behind the kidnappings or to hold anyone accountable. 8.1.3. Precautionary measures and dress code. In order to minimise the risk of harassment or abuse, some women reportedly adjust their behaviour.",-13.707693099975586,16
114,3600,syri20263_chunk023,Persecution Risk Assessment Cluster,"Yet the lack of a neutral investigation of subsequent abductions of several women in Suweida means that it is still not possible to determine which actors were behind the kidnappings or to hold anyone accountable. 8.1.3. Precautionary measures and dress code. In order to minimise the risk of harassment or abuse, some women reportedly adjust their behaviour.",-13.707693099975586,17
114,708,rusl202634_chunk017,Persecution Risk Assessment Cluster,Although certain groups can be identified as being more at risk than others it should be noted that there is a high degree of unpredictability and arbitrariness in the actions of Chechen authorities in regards to coercive recruitment. Sources have indicated that any contact with Chechen authorities can involve risks from a recruitment perspective.,-13.753117561340332,18
114,757,rusl202635_chunk018,Persecution Risk Assessment Cluster,Although certain groups can be identified as being more at risk than others it should be noted that there is a high degree of unpredictability and arbitrariness in the actions of Chechen authorities in regards to coercive recruitment. Sources have indicated that any contact with Chechen authorities can involve risks from a recruitment perspective.,-13.753117561340332,19
114,1240,rusl202629_chunk022,Persecution Risk Assessment Cluster,Although certain groups can be identified as being more at risk than others it should be noted that there is a high degree of unpredictability and arbitrariness in the actions of Chechen authorities in regards to coercive recruitment. Sources have indicated that any contact with Chechen authorities can involve risks from a recruitment perspective.,-13.753117561340332,20
114,4849,rusl20266_chunk021,Persecution Risk Assessment Cluster,Although certain groups can be identified as being more at risk than others it should be noted that there is a high degree of unpredictability and arbitrariness in the actions of Chechen authorities in regards to coercive recruitment. Sources have indicated that any contact with Chechen authorities can involve risks from a recruitment perspective.,-13.753117561340332,21
114,3851,syri20267_chunk028,Persecution Risk Assessment Cluster,"Yet the lack of a neutral investigation of subsequent abductions of several women in Suweida means that it is still not possible to determine which actors were be-hind the kidnappings or to hold anyone accountable. 8.1.3. Precautionary measures and dress code. In order to minimise the risk of harassment or abuse, some women reportedly adjust their behaviour.",-13.758378982543945,22
114,1170,bulg20263_chunk032,Persecution Risk Assessment Cluster,"Moreover, SAR affirms that the social experts who carry out the vulnerability assessment do file their assessments and support plans in the case management registry for the case worker to be able to review and collect them into the respective individual file, while copies of these documents remain with the social experts for subsequent work with the vulnerable person, according to the planned acti",-13.759011268615723,23
114,1235,rusl202629_chunk017,Persecution Risk Assessment Cluster,"Harold Chambers as­ses­sed that even being a member of the ‘wrong’ Telegram-channel could put a person at risk of being recruited, and he added that the Chechen authorities possess the neces­sa­ry software to monitor social media platforms. HRW stated that activists and mem­bers of civil society organization could risk being recruited.",-13.763096809387207,24
114,1166,bulg20263_chunk028,Persecution Risk Assessment Cluster,"If an applicant is identified as vulnerable, the new rules foresee that the vulnerability will be added to the registration form, including a detailed explanation and a follow-up assessment to be described in an appendix.",-13.772666931152344,25
114,4847,rusl20266_chunk019,Persecution Risk Assessment Cluster,These persons were given a choice: either they would to be outed so that their LGBT identity would be known in the public and by their families – which would entail the risk of them being killed – or they could sign a contract with the MoD. Users of illegal drugs and alcohol has also been forced to sign contracts with the MoD.,-13.779618263244629,26
114,1238,rusl202629_chunk020,Persecution Risk Assessment Cluster,These persons were given a choice: either they would to be outed so that their LGBT identity would be known in the public and by their fa­milies – which would entail the risk of them being killed – or they could sign a contract with the MoD. Users of illegal drugs and alcohol has also been forced to sign contracts with the MoD.,-13.78155517578125,27
114,755,rusl202635_chunk016,Persecution Risk Assessment Cluster,These persons were given a choice: either they would to be outed so that their LGBT identity would be known in the public and by their fa¬milies – which would entail the risk of them being killed – or they could sign a contract with the MoD. Users of illegal drugs and alcohol has also been forced to sign contracts with the MoD.,-13.81904125213623,28
114,752,rusl202635_chunk013,Persecution Risk Assessment Cluster,"Harold Chambers as¬ses¬sed that even being a member of the ‘wrong’ Telegram-channel could put a person at risk of being recruited, and he added that the Chechen authorities possess the neces¬sa¬ry software to monitor social media platforms. HRW stated that activists and mem¬bers of civil society organization could risk being recruited.",-13.831962585449219,29
114,2422,dub-pole20262_chunk015,Persecution Risk Assessment Cluster,"ttee is also concerned about reports of a deficit of affordable homes, that  a significant percentage of the population lives in substandard conditions as well as in overcrowded conditions, and that particularly refugees are at risk of exploitative practices by landlords, as well as at risk of homelessness”.",-13.837715148925781,30
114,1103,dub-bulg20261_chunk035,Persecution Risk Assessment Cluster,"Although both detention centers employed a psychologist, their task was to assist the case officers and administration with psychological testing and risk assessments, thus primarily supporting the detention staff, and offering some psychological support including crisis interventions to detained migrants, only if there was any spare time.",-13.900737762451172,31
114,1156,bulg20263_chunk018,Persecution Risk Assessment Cluster,"However, it does not secure their access to state provided food and accommodation in reception centres as these are guaranteed only to vulnerable applicants.”
Om forholdene for sårbare asylansøgere er i samme rapport anført følgende, side 66 ff.:
”Several initiatives on vulnerability were undertaken in previous years. …
In 2025, both vulnerability assessment and identification, but most of all ",-13.927986145019531,32
114,1329,stat202610_chunk018,Persecution Risk Assessment Cluster,"De generelle forhold i sundhedsvæsenet i Libanon er desuden beskrevet i ACAPS (Assessment Capacities Project), The effect on the socioeconomic crisis on health care, 19. oktober 2023, WHO, Public Health Situation Analysis, 9. oktober 2024 og om adgangen for statsløse palæstinensere til lægebehandling og medicin ved UNRWA i Libanon i lyset af den skærpede sikkerhedssituation i landet, jf. herved ”U",-13.936883926391602,33
114,3394,dub-fran20262_chunk041,Persecution Risk Assessment Cluster,The assessment to deny or withdraw reception conditions does not take into account the risk of destitution. Asylum seekers should pay a part of accommodation cost when they have sufficient resources (very rare in practice).,-13.940960884094238,34
114,3150,afgh202649_chunk019,Persecution Risk Assessment Cluster,"Still the Court does not find that the general human rights situation, while certainly serious, can be considered sufficient to conclude that any removal to Afghanistan would necessarily breach Article 3 of the Convention. However, it must be duly taken into account when assessing the risks an individual may face upon return.",-13.968230247497559,35
114,502,syri202613_chunk027,Persecution Risk Assessment Cluster,"3 – anføres, at ingen områder i Syrien har en ”exceptionally high level” (dvs. ”mere presence”) eller ”high level” af ”indiscriminate violence”, og at ”indiscriminate violence” alene forekommer ”not at a high level” i en række provinser, ligesom der i Damaskus er ”no real risk for a civilian to be personally affected by indiscriminate violence”.",-13.984807014465332,36
114,517,syri202614_chunk012,Persecution Risk Assessment Cluster,"3 – anføres, at ingen områder i Syrien har en ”exceptionally high level” (dvs. ”mere presence”) eller ”high level” af ”indiscriminate violence”, og at ”indiscriminate violence” alene forekommer ”not at a high level” i en række provinser, ligesom der i Damaskus er ”no real risk for a civilian to be personally affected by indiscriminate violence”.",-13.984807014465332,37
114,650,syri202614_chunk012_dup1,Persecution Risk Assessment Cluster,"3 – anføres, at ingen områder i Syrien har en ”exceptionally high level” (dvs. ”mere presence”) eller ”high level” af ”indiscriminate violence”, og at ”indiscriminate violence” alene forekommer ”not at a high level” i en række provinser, ligesom der i Damaskus er ”no real risk for a civilian to be personally affected by indiscriminate violence”.",-13.984807014465332,38
114,3753,syri20264_chunk047,Persecution Risk Assessment Cluster,"3 – anføres, at ingen områder i Syrien har en ”exceptionally high level” (dvs. ”mere presence”) eller ”high level” af ”indiscriminate violence”, og at ”indiscriminate violence” alene forekommer ”not at a high level” i en række provinser, ligesom der i Damaskus er ”no real risk for a civilian to be personally affected by indiscriminate violence”.",-13.984807014465332,39
114,3901,syri20265_chunk014,Persecution Risk Assessment Cluster,"3 – anføres, at ingen områder i Syrien har en ”exceptionally high level” (dvs. ”mere presence”) eller ”high level” af ”indiscriminate violence”, og at ”indiscriminate violence” alene forekommer ”not at a high level” i en række provinser, ligesom der i Damaskus er ”no real risk for a civilian to be personally affected by indiscriminate violence”.",-13.984807014465332,40
114,1236,rusl202629_chunk018,Persecution Risk Assessment Cluster,"They further elaborated that cases of recruitment of ad due to their activism is not limited to Chechnya and Chechens but has also been documented in the rest of Russia. Family members of vocal critics of the Chechen authorities also risk being recruited. The brother of a well-known Chechen dissident, Khassan Khalitov, had been forceful­ly sent to the frontline in Ukraine.",-13.998311996459961,41
114,4845,rusl20266_chunk017,Persecution Risk Assessment Cluster,"They further elaborated that cases of recruitment of ad due to their activism is not limited to Chechnya and Chechens but has also been documented in the rest of Russia. Family members of vocal critics of the Chechen authorities also risk being recruited. The brother of a well-known Chechen dissident, Khassan Khalitov, had been forcefully sent to the frontline in Ukraine.",-14.005097389221191,42
114,753,rusl202635_chunk014,Persecution Risk Assessment Cluster,"They further elaborated that cases of recruitment of ad due to their activism is not limited to Chechnya and Chechens but has also been documented in the rest of Russia. Family members of vocal critics of the Chechen authorities also risk being recruited. The brother of a well-known Chechen dissident, Khassan Khalitov, had been forceful¬ly sent to the frontline in Ukraine.",-14.0111665725708,43
114,2478,dub-belg20261_chunk010,Persecution Risk Assessment Cluster,"Recent case law of the CALL concerning Afghan applicants confirmed this. An appeal to the CALL against an inadmissibility decision should be made within 10 days, or 5 days when the applicant is in detention. The appeal has an automatic suspensive effect, except where: a. The CGRS deems that there is no risk of direct or indirect refoulement; and b.",-14.055667877197266,44
114,2535,dub-belg20262_chunk016,Persecution Risk Assessment Cluster,"Recent case law of the CALL concerning Afghan applicants confirmed this. An appeal to the CALL against an inadmissibility decision should be made within 10 days, or 5 days when the applicant is in detention. The appeal has an automatic suspensive effect, except where: a. The CGRS deems that there is no risk of direct or indirect refoulement; and b.",-14.055667877197266,45
114,1157,bulg20263_chunk019,Persecution Risk Assessment Cluster,"follow-ups on identified cases, remained substandard, to the point this continued to present the most significant violation of existing obligation in the context of the asylum procedure in the course of already several years. … Therefore, in 2025 needs assessment as well as planning and provision of support measures with respect to applicants with identified vulnerabilities were still carried out ",-14.072665214538574,46
114,1160,bulg20263_chunk022,Persecution Risk Assessment Cluster,"ute number of asylum seekers formally recognised to have special needs or vulnerabilities. …
NGOs continue to play key role in early identification and assessment of applicants´vulnerability and their referral and according treatment. …”
Om sårbare asylansøgere fremgår det videre på side 101 f.:
”The law provides a definition of vulnerability.",-14.142411231994629,47
114,703,rusl202634_chunk012,Persecution Risk Assessment Cluster,"Harold Chambers as¬ses¬sed that even being a member of the ‘wrong’ Telegram-channel could put a person at risk of being recruited, and he added that the Chechen authorities possess the neces¬sa¬ry software to monitor social media platforms. HRW stated that activists and mem¬bers of civil society organization could risk being recruited.",-14.143006324768066,48
114,1172,bulg20263_chunk034,Persecution Risk Assessment Cluster,"Thus, vulnerability assessments and support plans were still missing in 12% of the monitored cases of asylumeekers, who otherwise should have been assessed and supported as persons with specific needs or vulnerabilities.",-14.14516544342041,49
114,706,rusl202634_chunk015,Persecution Risk Assessment Cluster,These persons were given a choice: either they would to be outed so that their LGBT identity would be known in the public and by their fa¬milies – which would entail the risk of them being killed – or they could sign a contract with the MoD. Users of illegal drugs and alcohol has also been forced to sign contracts with the MoD.,-14.181413650512695,50
114,1171,bulg20263_chunk033,Persecution Risk Assessment Cluster,"vities.

In 2025, the monitoring of these processes established that in 88% of the cases, an initial assessment form was present in the file of asylum seekers who were falling within the vulnerability definition under national law.",-14.216134071350098,51
114,4843,rusl20266_chunk015,Persecution Risk Assessment Cluster,All sources consulted on the topic of coercive recruitment stated that coercive recruitment in Chechnya has been directed at certain groups of the local population. Critics of the authorities are at most risk of being coercively recruited.,-14.224733352661133,52
114,1234,rusl202629_chunk016,Persecution Risk Assessment Cluster,All sources consulted on the topic of coercive recruitment stated that coercive recruit­ment in Chechnya has been directed at certain groups of the local population. Critics of the authorities are at most risk of being coercively recruited.,-14.244490623474121,53
114,704,rusl202634_chunk013,Persecution Risk Assessment Cluster,"They further elaborated that cases of recruitment of ad due to their activism is not limited to Chechnya and Chechens but has also been documented in the rest of Russia. Family members of vocal critics of the Chechen authorities also risk being recruited. The brother of a well-known Chechen dissident, Khassan Khalitov, had been forceful¬ly sent to the frontline in Ukraine.",-14.25992488861084,54
114,751,rusl202635_chunk012,Persecution Risk Assessment Cluster,All sources consulted on the topic of coercive recruitment stated that coercive recruit¬ment in Chechnya has been directed at certain groups of the local population. Critics of the authorities are at most risk of being coercively recruited.,-14.269878387451172,55
114,702,rusl202634_chunk011,Persecution Risk Assessment Cluster,All sources consulted on the topic of coercive recruitment stated that coercive recruit¬ment in Chechnya has been directed at certain groups of the local population. Critics of the authorities are at most risk of being coercively recruited.,-14.286197662353516,56
122,4566,dub-rumae20262_chunk007,Swedish Dublin Forordningen Respons,"Af Dublin forordningens artikel 2, litra c, fremgår følgende: ”… I denne forordning forstås ved: …c)»ansøger«: en tredjelandsstatsborger eller statsløs, der har indgivet en ansøgning om international beskyttelse, som der endnu ikke er truffet endelig afgørelse om. …” Under disse omstændigheder, og da klagerens ansøgning om asyl er behandlet i Rumænien, der har accepteret at modtage klageren i medf",-0.020465753972530365,0
122,263,dub-sver202618_chunk010,Swedish Dublin Forordningen Respons,"” Dublinforordningens familiebegreb er nærmere fastlagt i forordningens artikel 2, litra g, hvorefter der i forordningen bl.a. forstås følgende ved: ”g) »familiemedlemmer«: for så vidt familien allerede eksisterede i hjemlandet, følgende medlemmer af ansøgerens familie, der opholder sig på medlemsstaternes område: - ansøgerens ægtefælle eller ugifte partner i et fast forhold, hvis ugifte par i den",-0.030031101778149605,1
122,1897,dub-nede20264_chunk025,Swedish Dublin Forordningen Respons,"Dublin-forordningens artikel 3, stk. 2, 2. led. Det forhold, at klageren har oplyst, at han har en herboende kæreste, som han har været i et forhold med i et par måneder, og som er bosat i Danmark, kan ikke føre til en ændret vurdering.",-0.043411944061517715,2
122,1924,dub-tysk20261_chunk006,Swedish Dublin Forordningen Respons,"Flygtningenævnet bemærker, at Dublinforordningens ansvarskriterier i forordningens kapitel III, herunder artikel 9, ikke finder anvendelse, da klagerens asylsag allerede er blevet behandlet i Tyskland. Flygtningenævnet finder på denne baggrund, at Tyskland er forpligtet til at modtage klageren, jf. forordningens artikel 18, stk. 1, litra d.",-0.06333734095096588,3
122,2816,dub-rumae20263_chunk018,Swedish Dublin Forordningen Respons,"nternational beskyttelse.

En sådan lovgivning kan nemlig underminere det i femte betragtning til Dublin III-forordningen nævnte formål om en hurtig behandling af ansøgninger om international beskyttelse, som sikrer en effektiv adgang til procedurerne for tildeling af internationalbeskyttelse.",-0.0652676448225975,4
122,2817,dub-rumae20263_chunk019,Swedish Dublin Forordningen Respons,"En sådan lovgivning vil i øvrigt ligeledes kunne bringe retsbeskyttelsens effektivitet – som sikret ved chartrets artikel 47 og Dublin III-forordningens artikel 27, sammenholdt med 19. betragtning til denne forordning – i fare. 57. I denne sammenhæng skal det endvidere bemærkes, at den frist for overførsel, der er fastsat i Dublin III-forordningens artikel 29, stk.",-0.06715577840805054,5
122,2554,dub-belg20262_chunk035,Swedish Dublin Forordningen Respons,"Applicants who are not considered subsequent applicants suffer the consequences of the ongoing reception crisis, in the context of which they are often deprived of shelter for several months before receiving access to the reception network … .” Modtagelsesforholdene for Dublin returnees i Belgien, herunder særligt for enlige mænd, er mangelfulde, men der har efter nævnets hidtidige praksis ikke væ",-0.06788238137960434,6
122,3909,29b-bul20261_chunk003,Swedish Dublin Forordningen Respons,"1, det vil sige et land omfattet af Dublin-forordningen. I den foreliggende sag har Flygtningenævnet lagt til grund, at klageren er meddelt opholdstilladelse som flygtning med subsidiær beskyttelse i Bulgarien. Det fremgår af forarbejderne til udlændingelovens § 29 b (lovforslag nr. L 72 af 14. november 2014, til § 1, nr.",-0.09667378664016724,7
122,1078,dub-bulg20261_chunk010,Swedish Dublin Forordningen Respons,"Flygtningenævnet henviste til baggrundsoplysninger om den generelle adgang til asylproceduren og indkvartering for Dublin-returnees, herunder sårbare ansøgere, om indkvarteringsforholdene i asylsystemet og om adgangen til sundhedsbehandling.",-0.10698326677083969,8
122,4586,dub-tysk20263_chunk011,Swedish Dublin Forordningen Respons,"Der henvises i den forbindelse til præmis 142 i EU-domstolens dom af 30. november 2023 i de forenede sager C-228/21, C-254/21, C-297/21, C-315/21 og C-328/21, hvoraf blandt andet fremgår: ”[…] Dublin III-forordningens artikel 3, stk. 1, og artikel 3, stk.",-0.11067318916320801,9
122,1909,dub-rumae20264_chunk008,Swedish Dublin Forordningen Respons,"Der henvises i den forbindelse til præmis 142 i EU-domstolens dom af 30. november 2023 i de forenede sager C-228/21, C-254/21, C-297/21, C-315/21 og C-328/21, hvoraf blandt andet fremgår: ” […] Dublin III-forordningens artikel 3, stk. 1, og artikel 3, stk.",-0.12126043438911438,10
122,2296,dub-tysk202614_chunk008,Swedish Dublin Forordningen Respons,"Der henvises i den forbindelse til præmis 142 i EU-domstolens dom af 30. november 2023 i de forenede sager C-228/21, C-254/21, C-297/21, C-315/21 og C-328/21, hvoraf blandt andet fremgår: ” […] Dublin III-forordningens artikel 3, stk. 1, og artikel 3, stk.",-0.1300462782382965,11
122,1744,dub-sver202615_chunk008,Swedish Dublin Forordningen Respons,"Der henvises i den forbindelse tillige til præmis 142 i EU-domstolens dom af 30. november 2023 i de forenede sager C-228/21, C-254/21, C-297/21, C-315/21 og C-328/21, hvoraf det blandt andet fremgår: ” […] Dublin III-forordningens artikel 3, stk. 1, og artikel 3, stk.",-0.13451801240444183,12
122,5385,dub-schw20261_chunk007,Swedish Dublin Forordningen Respons,"Da klagerens partners ophold i Danmark ikke beror på, at hun har opnået beskyttelse i Danmark, men derimod på en opholdstilladelse efter reglerne om familiesammenføring, har Dublin-forordningens artikel 9, jf. artikel 2, litra g, ikke betydning for så vidt angår ansvarsfastlæggelsen efter forordningen i klagerens sag.",-0.15287810564041138,13
122,5069,dub-span20262_chunk005,Swedish Dublin Forordningen Respons,"Flygtningenævnet finder ikke at de generelle forhold og levevilkår for asylansøgere, herunder Dublin-returnees i Spanien er af en sådan karakter, at Danmark er afskåret fra at overføre klageren til Spanien, jf. forordningens artikel 3, stk. 2, 2. led.",-0.15871916711330414,14
122,4495,dub-ital20261_chunk019,Swedish Dublin Forordningen Respons,"I sagen fastslog EU-Domstolen, at en medlemsstat ikke kan fraskrive sig sit ansvar efter Dublin-forordningen ved en ensidig meddelelse, jf. præmis 38.",-0.18856768310070038,15
122,1408,dub-nede20265_chunk021,Swedish Dublin Forordningen Respons,"Nederlandene i medfør af Dublinforordningen.

Flygtningenævnet finder således, at de generelle forhold, som klageren må forventes at blive mødt med i Nederlandene, ikke er af en sådan karakter, at Danmark er afskåret fra at overføre ham til Nederlandene, jf. Dublin-forordningens artikel 3, stk. 2, 2. led.",-0.22610299289226532,16
122,2825,dub-rumae20263_chunk027,Swedish Dublin Forordningen Respons,"Når dette er sagt, skal ansøgningen om international beskyttelse, såfremt den forelæggende ret måtte fastslå, at proceduren for tilbagetagelse ikke er blevet gennemført uden unødig forsinkelse, behandles af en anden medlemsstat end den, der er udpeget som værende ansvarlig i medfør af de kriterier, der er fastsat i Dublin III-forordningens kapitel III.” Efter modtagelsen af Rumæniens accept af 7. ",-0.3176288902759552,17
122,1122,dub-bulg20261_chunk054,Swedish Dublin Forordningen Respons,"Af Asyl in der Kirches rapport fremgår, at rådgivningscenteret Foundation for Access to Rights har oplyst, at Dublin returnees som frihedsberøves, fordi de har fået afslag på deres asylansøgning, kan forblive frihedsberøvet i op til 18 måneder.",-0.4114249348640442,18
122,4494,dub-ital20261_chunk018,Swedish Dublin Forordningen Respons,"Det er på den baggrund ikke relevant at indhente en garanti fra de italienske myndigheder. Med hensyn til betydningen af, at de italienske myndigheder fortsat har suspenderet overførsler i medfør af Dublin-forordningen til Italien med henvisning til et stort pres på landets grænser samt utilstrækkelige modtagefaciliteter, bemærkes, at EU-Domstolen i sag C-458/23 Daraa har udtalt sig herom.",-0.5065725445747375,19
122,2823,dub-rumae20263_chunk025,Swedish Dublin Forordningen Respons,"traf afgørelse om dette retsmiddel inden for kort tid, selv om retsmidlet blev iværksat ved retsinstansen knap otte måneder tidligere, og Rumænien allerede den 24. maj 2022 havde underrettet samtlige medlemsstater om ophævelsen af suspensionen af de indkomne overførsler i henhold til Dublin III-forordningen.",-0.5243341326713562,20
122,4261,dub-span20263_chunk022,Swedish Dublin Forordningen Respons,"Flygtningenævnet finder herefter, at der ikke med henvisning til, at klagerne er en familie med et mindreårigt barn, eller at de spanske myndigheder efter det oplyste ikke har berostillet behandlingen af asylsager vedrørende personer fra Iran, foreligger sådanne humanitære forhold, at der er grundlag for, at Danmark efter Dublin-forordningens artikel 17 skal overtage ansvaret for behandlingen af k",-0.542733371257782,21
122,4254,dub-span20263_chunk015,Swedish Dublin Forordningen Respons,"Der er herved også lagt vægt på, at de spanske myndigheder i 2019 i forlængelse af en række domstolsafgørelse udsendte en instruks om at sikre Dublin-returnees adgang til indkvartering, ligesom der er lagt vægt på, at de spanske myndigheder, som anført af Udlændingestyrelsen i deres udtalelse af 9. juli 2025, har afsat midler til opførelse af nye modtagefaciliteter, og at opførelsen heraf fortsatt",-0.6383455991744995,22
122,1124,dub-bulg20261_chunk056,Swedish Dublin Forordningen Respons,"I maj 2024 har SAR oplyst til EUAA, at Dublin returnees med en afsluttet asylsag i Bulgarien, ofte vil blive overført til detentionscentrene Busmantsi eller Lyubimets, selv hvis de indgiver en fornyet asylansøgning. Af Asyl in der Kirches rapport fremgår tilsvarende, at Dublin returnees, som indgiver en fornyet asylansøgning, frihedsberøves imens ansøgningen behandles.",-1.0110523700714111,23
122,4498,dub-ital20261_chunk022,Swedish Dublin Forordningen Respons,"Det er på den baggrund Flygtningenævnets opfattelse, at der heller ikke med henvisning til de italienske myndigheders suspension af Dublin-overførsler til Italien, er grundlag for, at Danmark overtager ansvaret for klagerens sag, der som nævnt ovenfor også må anses for endelig afgjort af de italienske myndigheder.",-1.0377401113510132,24
122,2952,dub-span20264_chunk013,Swedish Dublin Forordningen Respons,"Der er herved også lagt vægt på, at de spanske myndigheder i 2019 i forlængelse af en række domstolsafgørelse udsendte en instruks om at sikre Dublin-returnees adgang til indkvartering, ligesom der er lagt vægt på, at de spanske myndigheder har afsat midler til opførelse af nye modtagefaciliteter, og at opførelsen heraf fortsatte i 2024 og 2025.",-1.3062076568603516,25
122,1481,dub-norg20262_chunk006,Swedish Dublin Forordningen Respons,"I-forordningens artikel 3, stk.

1, og artikel 3, stk.",-1.3882941007614136,26
122,2530,dub-belg20262_chunk011,Swedish Dublin Forordningen Respons,"Under behandlingen af klagesagen har klageren endvidere tilkendegivet, at han nu ikke længere kan råde over den bolig, der blev stillet til hans rådighed af slægtninge i Belgien, ligesom han ikke længere har arbejde hos sine slægtninge. Forholdene for Dublin returnees og såkaldte ”subsequent applicants” er behandlet i nærmere i AIDA, Country Report Belgium, juni 2025, hvor det i pkt. E (s.",-1.7239099740982056,27
122,1131,dub-bulg20261_chunk063,Swedish Dublin Forordningen Respons,"Af AIDA rapporten fremgår, at Dublin returnees, som har fået afslag på deres asylsag i Bulgarien, ikke har adgang til arbejdsmarkedet, sundhedssystemet eller andre services, som kræver lovligt ophold og et identitetskort. I de få tilfælde, hvor de ikke frihedsberøves ved ankomsten til Bulgarien, fordi de betragtes som irregulære migranter, risikerer de hjemløshed.",-1.8122442960739136,28
122,4248,dub-span20263_chunk009,Swedish Dublin Forordningen Respons,"Endelig har klagerne henvist til deres ophold i Danmark, og at formålet med Dublin-systemet er at få en hurtig afklaring af, hvem der har ansvaret for behandling af en ansøgning om asyl. Der foreligger ikke oplysninger om, at klagerne på grund af helbredsmæssige forhold må anses for særligt sårbare.",-1.8212363719940186,29
122,2425,dub-pole20262_chunk018,Swedish Dublin Forordningen Respons,"Det fremgår af sagen i øvrigt, at klageren til DRC Dansk Flygtningehjælp har forklaret, at han – da han blev Dublinoverført til Polen fra [Dublin-medlemsstat] landede i lufthavnen, hvor han blev boende i 6 dage, da han ikke havde andre steder at tage ophold.",-1.9702669382095337,30
122,4242,dub-span20263_chunk003,Swedish Dublin Forordningen Respons,"Endelig har klagerne henvist til deres ophold i Danmark, og at formålet med Dublin-systemet er at få en hurtig afklaring af, hvem der har ansvaret for behandling af en ansøgning om asyl. Efter en gennemgang af sagen, udtalte Flygtningenævnet blandt andet: ” Det fremgår af udlændingelovens § 48 a, stk.",-2.0138323307037354,31
122,258,dub-sver202618_chunk005,Swedish Dublin Forordningen Respons,"1, jf. forordningens præambels punkt 14, idet klageren har henvist til, dels at hun har sin ægtefælle i Danmark, som hun er tæt knyttet til, dels at hendes psykiske tilstand er meget dårlig. Spørgsmålet er, om der i den foreliggende sag er grundlag for at fravige udgangspunktet efter forordningens artikel 3, stk. 1, om, at det er Sverige, der skal behandle klagerens ansøgning om asyl.",-2.168731212615967,32
122,4590,dub-tysk20263_chunk015,Swedish Dublin Forordningen Respons,"r at tilsidesætte Udlændingestyrelsens vurdering af, at der ikke foreligger sådanne særlige hensyn, herunder af humanitær karakter, at asylansøgningen bør behandles i Danmark, jf. forordningens artikel 17, stk.",-2.595820903778076,33
122,3361,dub-fran20262_chunk008,Swedish Dublin Forordningen Respons,"Om forholdene for Dublin returnees fremgår på side 75 bl.a.: “Applications of persons returned to France under the Dublin III Regulation are treated in the same way as any other asylum applications. If the asylum seeker comes from a safe country of origin, their application is examined under the accelerated procedure.",-2.7828209400177,34
122,1866,tysk2026167_chunk012,Swedish Dublin Forordningen Respons,"astlagt i forordningen.

Det fremgår af sagen, at klageren i [sommeren 2019] blev gift med sin ægtefælle i [land] på et tidspunkt, hvor ægtefællen havde opnået statsborgerskab i Danmark.",-2.894275426864624,35
122,1121,dub-bulg20261_chunk053,Swedish Dublin Forordningen Respons,"Af AIDA rapporten og af Asyl in der Kirches rapport fremgår, at Dublin returnees, som har fået afslag på deres asylansøgning før udrejsen af Bulgarien, eller som har fået afslag in absentia efter de udrejste af Bulgarien, som hovedregel frihedsberøves i Busmantsi eller Lyubimet.",-2.9801928997039795,36
122,272,dub-sver202618_chunk019,Swedish Dublin Forordningen Respons,"Henset til hovedprincippet i forordningen, hvorefter en ansøgning om asyl kun skal behandles af én medlemsstat, som identificeres ud fra de objektive kriterier indeholdt i forordningens kapitel III, er det Flygtningenævnets praksis, at der i det enkelte tilfælde bør foreligge ganske særlige grunde til at fravige det nævnte hovedprincip.",-3.1139976978302,37
122,2818,dub-rumae20263_chunk020,Swedish Dublin Forordningen Respons,"1, på afgørende vis bidrager til opfyldelsen af det i femte betragtning til forordningen omhandlede formål om en hurtig behandling af ansøgninger om internationalbeskyttelse ved at sikre, at disse procedurer for overtagelse eller tilbagetagelse iværksættes uden unødig forsinkelse. Denne ufravigelige frist og navnlig den regel, som er fastsat i nævnte forordnings artikel29, stk.",-3.406935691833496,38
122,1117,dub-bulg20261_chunk049,Swedish Dublin Forordningen Respons,"6.3, om ”Dublin returnees med afsluttede asylsager”, blandt andet:
”SAR har i maj 2024 oplyst til EUAA, at Dublin returnees, som tidligere har fået afslag på asyl i Bulgarien, efter ankomsten til Bulgarien betragtes som udlændinge med illegalt ophold i Bulgarien.",-3.483332395553589,39
122,1417,dub-tysk202620_chunk006,Swedish Dublin Forordningen Respons,"Flygtningenævnet bemærker, at formålet med forordningen er, at kun én medlemsstat skal behandle en asylsag.",-3.579832077026367,40
122,4557,dub-tysk20262_chunk011,Swedish Dublin Forordningen Respons,"Flygtningenævnet finder ikke grundlag for at tilsidesætte Udlændingestyrelsens vurdering af, at der ikke foreligger sådanne særlige hensyn, herunder af humanitær karakter, at asylansøgningen bør behandles i Danmark, jf. forordningens artikel 17.",-3.6164333820343018,41
122,5754,dub-pole20257_chunk010,Swedish Dublin Forordningen Respons,"2, 2. led. DRC Dansk Flygtningehjælps henvisning til, at der er problemer med registrering af asylansøgninger og adgang til indkvartering i Polen, særligt for Dublin-returnees, der ikke tidligere er registrerede som asylansøgere, og at Dublin-returnees risikerer at blive frihedsberøvet kan ikke føre til en ændret vurdering.",-3.624948501586914,42
122,1119,dub-bulg20261_chunk051,Swedish Dublin Forordningen Respons,"Af SAR’s oplysninger fra maj 2024, samt af AIDA rapporten og Asyl in der Kirches rapport, fremgår at Dublin returnees, som tidligere har fået afslag på asyl i Bulgarien, eventuelt in absentia, ikke har adgang til indkvartering, mad eller social støtte, medmindre de betragtes som sårbare. Dette gælder også, hvis de på baggrund af en fornyet asylansøgning får deres asylsag behandlet påny.",-4.092369556427002,43
122,2024,dub-fran20263_chunk011,Swedish Dublin Forordningen Respons,"Support and assistance to Dublin returnees remains complicated. The humanitarian emergency reception centre (Permanence d’accueil d’urgence humanitaire, PAUH) run by the Red Cross based next to Roissy – Charles de Gaulle airport aims to provide people released from the transit zone, after a court decision, with legal and social support.",-4.325294494628906,44
122,2057,fran20264_chunk007,Swedish Dublin Forordningen Respons,"Support and assistance to Dublin returnees remains complicated. The humanitarian emergency reception centre (Permanence d’accueil d’urgence humanitaire, PAUH) run by the Red Cross based next to Roissy – Charles de Gaulle airport aims to provide people released from the transit zone, after a court decision, with legal and social support.",-4.325294494628906,45
122,2044,dub-fran20263_chunk031,Swedish Dublin Forordningen Respons,"Flygtningenævnet finder, at der ikke foreligger sådanne særlige hensyn, herunder af humanitær karakter, at asylansøgningen bør behandles i Danmark, jf. forordningens artikel 17, stk.1.",-4.333818435668945,46
122,4199,dub-nede20263_chunk027,Swedish Dublin Forordningen Respons,"Flygtningenævnet finder, at der ikke foreligger sådanne særlige hensyn, herunder af humanitær karakter, at asylansøgningen bør behandles i Danmark, jf. forordningens artikel 17, stk. 1.",-4.819649696350098,47
122,1081,dub-bulg20261_chunk013,Swedish Dublin Forordningen Respons,"Forholdene for Dublin-returnees i Bulgarien er nærmere beskrevet i AIDA´s seneste rapport, ”Country Report Bulgaria, Update on 2025” fra maj 2026, under ”Asylum Procedure”, pkt. C.",-5.082570552825928,48
122,2022,dub-fran20263_chunk009,Swedish Dublin Forordningen Respons,"Forholdene for asylansøgere, herunder Dublin returnees i Frankrig er nærmere beskrevet i AIDA’s Country Report France Update on 2024 fra juni 2025. På side 75 fremgår blandt andet: “Applications of persons returned to France under the Dublin III Regulation are treated in the same way as any other asylum applications.",-5.404699802398682,49
122,2055,fran20264_chunk005,Swedish Dublin Forordningen Respons,"Forholdene for asylansøgere, herunder Dublin returnees i Frankrig er nærmere beskrevet i AIDA’s Country Report France Update on 2024 fra juni 2025. På side 75 fremgår blandt andet: “Applications of persons returned to France under the Dublin III Regulation are treated in the same way as any other asylum applications.",-5.404699802398682,50
122,1146,bulg20263_chunk008,Swedish Dublin Forordningen Respons,"Om de generelle forhold for Dublin-returnees i Bulgarien, herunder sårbare ansøgere, er i den nævnte rapport fra AIDA anført blandt andet følgende, side 57:
“Asylum seekers who are returned from other Member States in principle do not face any obstacles in accessing the territory of Bulgaria upon return.",-5.4198760986328125,51
122,2954,dub-span20264_chunk015,Swedish Dublin Forordningen Respons,"Flygtningenævnet finder herefter, at der ikke foreligger sådanne særlige hensyn, herunder af humanitær karakter, at asylansøgningen bør behandles i Danmark, jf. forordningens artikel 17, stk. 1.",-5.725975036621094,52
122,2795,dub-finl20265_chunk007,Swedish Dublin Forordningen Respons,"Flygtningenævnet finder herefter, at der ikke foreligger sådanne særlige hensyn, herunder af humanitær karakter, at asylansøgningen bør behandles i Danmark, jf. forordningens artikel 17, stk. 1.",-5.725977897644043,53
122,2025,dub-fran20263_chunk012,Swedish Dublin Forordningen Respons,"For many years, without any funding to implement this activity, the centre has welcomed Dublin returnees at their arrival at the airport. The returnees are directed towards the centre by the police or the airport services. Upon their arrival at the airport, the Border Police issues a safe conduct (sauf-conduit) which mentions the Prefecture where the asylum seekers have to submit their claim.",-6.004589557647705,54
122,1147,bulg20263_chunk009,Swedish Dublin Forordningen Respons,"Prior to the arrival of Dublin returnees, the SAR informs the Border Police of the expected arrival and indicates whether the returnee should be transferred to a reception centre or to immigration pre-removal detention facility.",-6.0474772453308105,55
122,329,dub-tysk202627_chunk011,Swedish Dublin Forordningen Respons,"På den anførte baggrund og efter sagens oplysninger i øvrigt finder Flygtningenævnet, at Tysklands ansvar for klagerens asylsag ikke kan anses for at være ophørt efter forordningens artikel 19, stk. 2. Flygtningenævnet finder fortsat ikke, at der foreligger sådanne særlige hensyn, at der er grundlag for at bestemme, at asylansøgningen skal behandles i Danmark, jf. forordningens artikel 17, stk. 1.",-6.453902244567871,56
122,1507,dub-tysk202622_chunk012,Swedish Dublin Forordningen Respons,"1, kan enhver medlemsstat beslutte at behandle en ansøgning om international beskyttelse, selvom behandlingen af ansøgningen ikke påhviler den efter forordningens kriterier. Hensynet til barnets tarv kan ikke medføre, at Danmark skal behandle klagerens asylansøgning i medfør af forordningens artikel 17, stk. 1.",-6.7166290283203125,57
122,2058,fran20264_chunk008,Swedish Dublin Forordningen Respons,"For many years, without any funding to implement this activity, the centre has welcomed Dublin returnees at their arrival at the airport. The returnees are directed towards the centre by the police or the airport services. Upon their arrival at the airport, the Border Police issues a safe conduct (sauf-conduit) which mentions the Prefecture where the asylum seekers have to submit their claim.",-6.763153553009033,58
122,3364,dub-fran20262_chunk011,Swedish Dublin Forordningen Respons,"For many years, without any funding to implement this activity, the centre has welcomed Dublin returnees at their arrival at the airport. The returnees are directed towards the centre by the police or the airport services. Upon their arrival at the airport, the Border Police issues a safe conduct (sauf-conduit) which mentions the Prefecture where the asylum seekers have to submit their claim.",-6.763153553009033,59
122,2265,dub-malt20261_chunk011,Swedish Dublin Forordningen Respons,"Det bemærkes videre, at selvom der som anført i et vist omfang opleves problemer med f.eks. frihedsberøvelse af asylansøgere, er der i baggrundsmaterialet ikke oplysninger, der giver grundlag for at antage, at der i Malta systematisk sker tilbageholdelse og frihedsberøvelse af Dublin-returnees, jf. rapportens side 61.",-6.863350868225098,60
122,2284,dub-malt20262_chunk010,Swedish Dublin Forordningen Respons,"Det bemærkes videre, at selvom der som anført i et vist omfang opleves problemer med f.eks. frihedsberøvelse af asylansøgere, er der i baggrundsmaterialet ikke oplysninger, der giver grundlag for at antage, at der i Malta systematisk sker tilbageholdelse og frihedsberøvelse af Dublin-returnees, jf. rapportens side 61.",-6.863350868225098,61
122,3377,dub-fran20262_chunk024,Swedish Dublin Forordningen Respons,"rder or national security; Their transfer to another Member State under the Dublin Regulation.

Meanwhile, they are entitled to material reception conditions, tailored if needed to their specific needs.",-7.044366836547852,62
122,1748,dub-sver202615_chunk012,Swedish Dublin Forordningen Respons,"kår for asylansøgere i Sverige ikke er af en sådan karakter, at Danmark er afskåret fra at overføre klageren til Sverige, jf. forordningens artikel 3, stk.",-7.125799655914307,63
122,269,dub-sver202618_chunk016,Swedish Dublin Forordningen Respons,"1, kan beslutte at behandle en ansøgning om international beskyttelse, der er indgivet af en tredjelandsstatsborger eller statsløs, selv om behandlingen af ansøgningen ikke påhviler medlemsstaten efter kriterierne i forordningen.",-7.134869575500488,64
122,1861,tysk2026167_chunk007,Swedish Dublin Forordningen Respons,"1, kan beslutte at behandle en ansøgning om international beskyttelse, der er indgivet af en tredjelandsstatsborger eller statsløs, selv om behandlingen af ansøgningen ikke påhviler medlemsstaten efter kriterierne i forordningen.",-7.134869575500488,65
122,2496,dub-belg20261_chunk028,Swedish Dublin Forordningen Respons,"128) om Dublin returnees: ”Depending on the situation of their procedure in Belgium at the moment they left Belgium, asylum applicants sent back to Belgium following a Dublin procedure in another country can be considered subsequent applicants …In such a case, they mostly only get shelter after their asylum application is taken into consideration by the CGRS … .",-7.152364253997803,66
122,2553,dub-belg20262_chunk034,Swedish Dublin Forordningen Respons,"128) om Dublin returnees: ”Depending on the situation of their procedure in Belgium at the moment they left Belgium, asylum applicants sent back to Belgium following a Dublin procedure in another country can be considered subsequent applicants …In such a case, they mostly only get shelter after their asylum application is taken into consideration by the CGRS … .",-7.152364253997803,67
122,2038,dub-fran20263_chunk025,Swedish Dublin Forordningen Respons,"ublic order or national security; [*]Their transfer to another Member State under the Dublin Regulation.

Meanwhile, they are entitled to material reception conditions, tailored if needed to their specific needs.",-7.498398780822754,68
122,3362,dub-fran20262_chunk009,Swedish Dublin Forordningen Respons,"If the asylum application had already received a final negative decision from the CNDA, the asylum seeker may apply to OFPRA for a re-examination only if they possess new evidence (see section on Subsequent Applications). Support and assistance to Dublin returnees remains complicated.",-7.508454322814941,69
122,4614,dub-tysk20264_chunk009,Swedish Dublin Forordningen Respons,"en er af en sådan karakter, at Danmark er afskåret fra at overføre klageren til polen, jf. forordningens artikel 3, stk.",-7.593594551086426,70
122,5753,dub-pole20257_chunk009,Swedish Dublin Forordningen Respons,"en er af en sådan karakter, at Danmark er afskåret fra at overføre klageren til polen, jf. forordningens artikel 3, stk.",-7.593594551086426,71
122,4609,dub-tysk20264_chunk004,Swedish Dublin Forordningen Respons,"Flygtningenævnet finder på denne baggrund, at Polen er forpligtet til at modtage klageren, jf. forordningens artikel 12, stk. 1, og at Polen dermed er ansvarlig for at behandle klagerens ansøgning om international beskyttelse.",-7.793228626251221,72
122,1090,dub-bulg20261_chunk022,Swedish Dublin Forordningen Respons,"In 2025, despite the overall decrease in the number of the new arrivals, SAR continued to refuse accommodation in its reception centres the Dublin returnees who were not identified as vulnerable, despite the decreasing number of new arrivals (-68% in 2025, -45% in 2024, +10% in 2023, +55% in 2022; +205% in 2021), on account of the continuously shrinking reception capacity due to multiannual lack o",-7.812222003936768,73
122,2071,fran20264_chunk021,Swedish Dublin Forordningen Respons,"blic order or national security; [*]Their transfer to another Member State under the Dublin Regulation.

Meanwhile, they are entitled to material reception conditions, tailored if needed to their specific needs.",-7.887754917144775,74
122,1088,dub-bulg20261_chunk020,Swedish Dublin Forordningen Respons,"However, it does not secure their access to state provided food and accommodation in reception centres as these are guaranteed only to vulnerable applicants. For any other Dublin returnees, who are not considered vulnerable, food and accommodation are contingent to the limited national reception capacity and availability.",-8.130353927612305,75
122,2034,dub-fran20263_chunk021,Swedish Dublin Forordningen Respons,This provision applies to all asylum seekers even if their claim is channelled under the accelerated or Dublin procedure. The only nuance is that asylum seekers under the Dublin procedure do not have access to reception centres for asylum seekers (CADA) but have access to the other forms of accommodation and accommodation support.,-8.323381423950195,76
122,2067,fran20264_chunk017,Swedish Dublin Forordningen Respons,This provision applies to all asylum seekers even if their claim is channelled under the accelerated or Dublin procedure. The only nuance is that asylum seekers under the Dublin procedure do not have access to reception centres for asylum seekers (CADA) but have access to the other forms of accommodation and accommodation support.,-8.323381423950195,77
122,3373,dub-fran20262_chunk020,Swedish Dublin Forordningen Respons,This provision applies to all asylum seekers even if their claim is channelled under the accelerated or Dublin procedure. The only nuance is that asylum seekers under the Dublin procedure do not have access to reception centres for asylum seekers (CADA) but have access to the other forms of accommodation and accommodation support.,-8.323387145996094,78
122,2031,dub-fran20263_chunk018,Swedish Dublin Forordningen Respons,"When the incoming transfer concerns an asylum seeker who has previously abandoned their application and left the country, a new claim is considered as subsequent application. Dublin returnees further face important obstacles in accessing reception centres that is the same difficulties as all asylum seekers in France in securing housing.",-8.65505313873291,79
122,2064,fran20264_chunk014,Swedish Dublin Forordningen Respons,"When the incoming transfer concerns an asylum seeker who has previously abandoned their application and left the country, a new claim is considered as subsequent application. Dublin returnees further face important obstacles in accessing reception centres that is the same difficulties as all asylum seekers in France in securing housing.",-8.65505313873291,80
122,3370,dub-fran20262_chunk017,Swedish Dublin Forordningen Respons,"When the incoming transfer concerns an asylum seeker who has previously abandoned their application and left the country, a new claim is considered as subsequent application. Dublin returnees further face important obstacles in accessing reception centres that is the same difficulties as all asylum seekers in France in securing housing.",-8.65505313873291,81
122,2002,dub-pole20263_chunk009,Swedish Dublin Forordningen Respons,"e i Polen er af en sådan karakter, at Danmark er afskåret fra at overføre klageren til Polen, jf. forordningens artikel 3, stk.",-8.733959197998047,82
122,1089,dub-bulg20261_chunk021,Swedish Dublin Forordningen Respons,"If there is no available place food and accommodation in reception centres of the asylum agency SAR, Dublin returnees will have to secure accommodation and nutrition at their own expenses.",-9.223530769348145,83
122,1091,dub-bulg20261_chunk023,Swedish Dublin Forordningen Respons,"f funding for repairs and refurbishment, which is why in practice only 3,125309 out of 5,160 official accommodation places were assessed as fit for living (3,225 in 2024; 3,592 in 2023; 3,932 in 2022). …
Although the access to the national health care system is automatically reinstated after the Dublin return, the national health care package is generally scarce and does not provide for any tailo",-9.435114860534668,84
122,1082,dub-bulg20261_chunk014,Swedish Dublin Forordningen Respons,"2.7, side 56 ff., om ”The situation of Dublin returnees”, hvoraf fremgår blandt andet:
“Asylum seekers who are returned from other Member States in principle do not face any obstacles in accessing the territory of Bulgaria upon return.",-9.604633331298828,85
122,3366,dub-fran20262_chunk013,Swedish Dublin Forordningen Respons,"When the relevant Prefectures are in the Paris surroundings, two situations may occur: On the one hand, some Prefectures do not register the asylum claims of Dublin returnees and redirect them to the SPADA.",-9.816828727722168,86
122,2060,fran20264_chunk010,Swedish Dublin Forordningen Respons,"When the relevant Prefectures are in the Paris surroundings, two situations may occur: [*]On the one hand, some Prefectures do not register the asylum claims of Dublin returnees and redirect them to the SPADA.",-9.932787895202637,87
122,2844,dub-tysk202611_chunk008,Swedish Dublin Forordningen Respons,"Hensynet til barnets tarv og hensynet til familielivet, som der er henvist til i forordningens præambel 13, 14 og 16 kan ikke medføre, at Danmark skal behandle klageren asylansøgning i medfør af forordningens artikel 17, stk. 1. Som anført oven for har klageren ansøgt om og er blevet meddelt afslag på en ansøgning om international beskyttelse i Tyskland.",-10.037403106689453,88
122,2027,dub-fran20263_chunk014,Swedish Dublin Forordningen Respons,"When the relevant Prefectures are in the Paris surroundings, two situations may occur: [*] On the one hand, some Prefectures do not register the asylum claims of Dublin returnees and redirect them to the SPADA.",-10.0640869140625,89
122,1083,dub-bulg20261_chunk015,Swedish Dublin Forordningen Respons,"Prior to the arrival of Dublin returnees, the SAR informs the Border Police of the expected arrival and indicates whether the returnee should be transferred to a reception centre or to immigration pre-removal detention facility. This decision depends on the phase of the Bulgarian asylum procedure of the Dublin returnee as outlined below:",-10.429192543029785,90
122,2029,dub-fran20263_chunk016,Swedish Dublin Forordningen Respons,"The PAUH is the only entity receiving and supporting Dublin returnees upon their arrival in France by Charles de Gaulle airport. Considering the systemic difficulties encountered by the orientation platforms in Paris and its surroundings, several Dublin returnees, after registering their claim, are eager to turn to it in order to complete their asylum claim form or to find an accommodation.",-10.457868576049805,91
122,2062,fran20264_chunk012,Swedish Dublin Forordningen Respons,"The PAUH is the only entity receiving and supporting Dublin returnees upon their arrival in France by Charles de Gaulle airport. Considering the systemic difficulties encountered by the orientation platforms in Paris and its surroundings, several Dublin returnees, after registering their claim, are eager to turn to it in order to complete their asylum claim form or to find an accommodation.",-10.50151252746582,92
122,3368,dub-fran20262_chunk015,Swedish Dublin Forordningen Respons,"The PAUH is the only entity receiving and supporting Dublin returnees upon their arrival in France by Charles de Gaulle airport. Considering the systemic difficulties encountered by the orientation platforms in Paris and its surroundings, several Dublin returnees, after registering their claim, are eager to turn to it in order to complete their asylum claim form or to find an accommodation.",-10.50151252746582,93
122,4639,rusl20267_chunk012,Swedish Dublin Forordningen Respons,"I Landinfo Respons, Russland: Rekruttering til krigen i Ukraina (8. august 2024) er uddybende anført følgende side 3ff: ”Ulike grupper som rekrutteres[:] Til tross for at mange verver seg på grunn av høye lønninger, må det russiske forsvaret ty til mer ukonvensjonelle metoder for å klare å fylle kvotene fra forsvarsdepartementet.",-10.79963207244873,94
122,1086,dub-bulg20261_chunk018,Swedish Dublin Forordningen Respons,"rocedure with respect to an applicant who is returned to Bulgaria under the Dublin Regulation, provided that s/he has not been issued a decision on merits while in absentia.",-10.847102165222168,95
122,4643,rusl20267_chunk016,Swedish Dublin Forordningen Respons,"Ifølge lederen av den russiske uavhengige NGO-en Citizen and Army, Sergei Krivenko, (som sitert i Respons Russland: Rekruttering til krigen i Ukraina Dolinina 2023) kan det virke som myndighetene kvitter seg med «den laveste delen av samfunnet».",-11.204277992248535,96
122,1093,dub-bulg20261_chunk025,Swedish Dublin Forordningen Respons,"If, however, the Dublin returnee is among those, whose asylum procedures ended prior their return to Bulgaria with a refusal in absentia on the merits (substance), they are treated as irregular migrants with no access to the labour market, health care system or any other services that require legal residence and an identity document.",-11.317933082580566,97
122,1154,bulg20263_chunk016,Swedish Dublin Forordningen Respons,"Since 2020, the LAR explicitly provides for the mandatory reopening of an asylum procedure with respect to an applicant who is returned to Bulgaria under the Dublin Regulation, provided that s/he has not been issued a decision on merits while in absentia.",-11.429314613342285,98
122,1148,bulg20263_chunk010,Swedish Dublin Forordningen Respons,"This decision depends on the phase of the Bulgarian asylum procedure of the Dublin returnee as outlined below:  
-If the returnee has a pending asylum application in Bulgaria, or the procedure was terminated because of the returnee’s absconding, he or she is transferred to a SAR reception centre.",-11.874184608459473,99
124,2039,dub-fran20263_chunk026,italian refugee rights and claims,"The GUDA has been set up in order to better articulate the registration of asylum claims by the Prefecture and provision of reception conditions by OFII.” Frankrig har tiltrådt Den Europæiske Menneskerettighedskonvention, Flygtningekonventionen og EU’s charter om grundlæggende rettigheder, og der er ikke grundlag for at antage, at Frankrig, herunder såvel de franske myndigheder som den franske lov",-9.657384872436523,0
124,2072,fran20264_chunk022,italian refugee rights and claims,"The GUDA has been set up in order to better articulate the registration of asylum claims by the Prefecture and provision of reception conditions by OFII.” Frankrig har tiltrådt Den Europæiske Menneskerettighedskonvention, Flygtningekonventionen og EU’s charter om grundlæggende rettigheder, og der er ikke grundlag for at antage, at Frankrig, herunder såvel de franske myndigheder som den franske lov",-9.657384872436523,1
124,3378,dub-fran20262_chunk025,italian refugee rights and claims,"The GUDA has been set up in order to better articulate the registration of asylum claims by the Prefecture and provision of reception conditions by OFII.” På side 117 i rapporten fremgår videre om tilbagekaldelse af indkvartering: “Apart from the withdrawal of reception conditions following the end of the right to remain, specific conditions are foreseen in law to allow for the reduction or withdr",-9.84227180480957,2
124,3391,dub-fran20262_chunk038,italian refugee rights and claims,The law describes the procedure to be followed by reception centres management and by the Prefect once a decision on the asylum claim which ends the right to remain has been adopted. OFII informs the reception centre management where the asylum seeker is accommodated that the right to reception conditions has ended and that the provision of accommodation will be terminated upon a specific date.,-10.318899154663086,3
124,2061,fran20264_chunk011,italian refugee rights and claims,"As it has already been mentioned in the Registration section, access to these platforms is very complicated and some returnees have to wait several weeks before getting an appointment with the organisations running them. [*]On the other hand, some Prefectures do immediately register the asylum claims of returnees and direct them to OFII in order to find them an accommodation place.",-11.128087043762207,4
124,2028,dub-fran20263_chunk015,italian refugee rights and claims,"As it has already been mentioned in the Registration section, access to these platforms is very complicated and some returnees have to wait several weeks before getting an appointment with the organisations running them. [*] On the other hand, some Prefectures do immediately register the asylum claims of returnees and direct them to OFII in order to find them an accommodation place.",-11.28653621673584,5
124,3367,dub-fran20262_chunk014,italian refugee rights and claims,"As it has already been mentioned in the Registration section, access to these platforms is very complicated and some returnees have to wait several weeks before getting an appointment with the organisations running them. On the other hand, some Prefectures do immediately register the asylum claims of returnees and direct them to OFII in order to find them an accommodation place.",-11.295580863952637,6
124,2486,dub-belg20261_chunk018,italian refugee rights and claims,"Between the moment of the subsequent application and the admissibility decision by the CGRS, asylum applicants who are refused reception nevertheless have the right to medical assistance from Fedasil and to free legal representation. Once the CGRS has deemed the application admissible, the right to access reception is reactivated.",-11.411561012268066,7
124,2543,dub-belg20262_chunk024,italian refugee rights and claims,"Between the moment of the subsequent application and the admissibility decision by the CGRS, asylum applicants who are refused reception nevertheless have the right to medical assistance from Fedasil and to free legal representation. Once the CGRS has deemed the application admissible, the right to access reception is reactivated.",-11.411561012268066,8
124,2482,dub-belg20261_chunk014,italian refugee rights and claims,"In principle, all applicants for international protection, including subsequent applicants, have the right to access reception conditions during the examination of their case. However, the Reception Act allows the possibility to refuse reception to subsequent applicants until their asylum application is deemed admissible by the CGRS.",-11.7074556350708,9
124,2539,dub-belg20262_chunk020,italian refugee rights and claims,"In principle, all applicants for international protection, including subsequent applicants, have the right to access reception conditions during the examination of their case. However, the Reception Act allows the possibility to refuse reception to subsequent applicants until their asylum application is deemed admissible by the CGRS.",-11.7074556350708,10
124,2739,ugan202610_chunk016,italian refugee rights and claims,"Af rapport fra HRAPF af 11. januar 2025 fremgår, at der har været et øget antal arrestationer for lovovertrædelser relateret til de pågældendes seksualitet siden foregående rapport. I henhold til rapport af 29. juli 2024 fra Immigration and Refugee Board of Canada pkt.",-11.869739532470703,11
124,2491,dub-belg20261_chunk023,italian refugee rights and claims,"Health care and a dignified standard of living should be always ensured. According to the Constitutional Court, the decision to refuse reception in such cases can only be taken in cases of abuse of the asylum procedure, e.g. when the person applies for asylum for the sole purpose of extending the right to reception.",-11.94101333618164,12
124,2548,dub-belg20262_chunk029,italian refugee rights and claims,"Health care and a dignified standard of living should be always ensured. According to the Constitutional Court, the decision to refuse reception in such cases can only be taken in cases of abuse of the asylum procedure, e.g. when the person applies for asylum for the sole purpose of extending the right to reception.",-11.94101333618164,13
124,5738,ugan20262_chunk014,italian refugee rights and claims,"Således beskrives i artikler et fortsat højt antal tilfælde af chikane, vold og trusler om vold, overfald og tilfælde af arrestationer, men ingen tilfælde af domfældelser efter den nye lov. I henhold til rapport af 29. juli 2024 fra Immigration and Refugee Board of Canada pkt.",-12.135125160217285,14
124,5235,ugan202614_chunk017,italian refugee rights and claims,"Der beskrives et fortsat højt antal tilfælde af chikane, vold og trusler om vold, overfald og arrestationer. Der er ikke beskrevet tilfælde af domfældelser efter den nye lov. I følge rapport af 29. juli 2024 fra Immigration and Refugee Board of Canada pkt. 2.1 og 2.2 er der endvidere en betydelig risiko for overgreb på LGBT+ personer såvel fra den civile befolkning som fra myndighederne.",-12.182622909545898,15
124,2037,dub-fran20263_chunk024,italian refugee rights and claims,"After having registered their claim at the Prefecture, asylum seekers receive the asylum claim certificate that allows them to remain legally on French territory until: [*] The end of the asylum procedure; [*] A negative first instance decision for inadmissible claims and certain categories of claims rejected in an accelerated procedure – safe country of origin, subsequent application, threat to p",-12.233406066894531,16
124,2070,fran20264_chunk020,italian refugee rights and claims,"After having registered their claim at the Prefecture, asylum seekers receive the asylum claim certificate that allows them to remain legally on French territory until: [*] The end of the asylum procedure; [*]A negative first instance decision for inadmissible claims and certain categories of claims rejected in an accelerated procedure – safe country of origin, subsequent application, threat to pu",-12.25257396697998,17
124,2484,dub-belg20261_chunk016,italian refugee rights and claims,e CGRS (see Right to reception: subsequent applications).,-12.312140464782715,18
124,2030,dub-fran20263_chunk017,italian refugee rights and claims,"In Lyon, the situation is similar upon arrival of returnees at Saint-Exupéry airport. The returnees are not received at their arrival and not supported. They are supposed to present themselves at the SPADA run by Forum réfugiés to be registered before submitting their claim. They encounter the same difficulties in terms of accommodation to the conditions in Paris.",-12.31290054321289,19
124,2063,fran20264_chunk013,italian refugee rights and claims,"In Lyon, the situation is similar upon arrival of returnees at Saint-Exupéry airport. The returnees are not received at their arrival and not supported. They are supposed to present themselves at the SPADA run by Forum réfugiés to be registered before submitting their claim. They encounter the same difficulties in terms of accommodation to the conditions in Paris.",-12.31290054321289,20
124,3369,dub-fran20262_chunk016,italian refugee rights and claims,"In Lyon, the situation is similar upon arrival of returnees at Saint-Exupéry airport. The returnees are not received at their arrival and not supported. They are supposed to present themselves at the SPADA run by Forum réfugiés to be registered before submitting their claim. They encounter the same difficulties in terms of accommodation to the conditions in Paris.",-12.31290054321289,21
124,2541,dub-belg20262_chunk022,italian refugee rights and claims,e CGRS (see Right to reception: subsequent applications).,-12.347980499267578,22
124,3376,dub-fran20262_chunk023,italian refugee rights and claims,"After having registered their claim at the Prefecture, asylum seekers receive the asylum claim certificate that allows them too remain legally on French territory until: The end of the asylum procedure; A negative first instance decision for inadmissible claims and certain categories of claims rejected in an accelerated procedure – safe country of origin, subsequent application, threat to public o",-12.393632888793945,23
124,2058,fran20264_chunk008,italian refugee rights and claims,"For many years, without any funding to implement this activity, the centre has welcomed Dublin returnees at their arrival at the airport. The returnees are directed towards the centre by the police or the airport services. Upon their arrival at the airport, the Border Police issues a safe conduct (sauf-conduit) which mentions the Prefecture where the asylum seekers have to submit their claim.",-12.421842575073242,24
124,3364,dub-fran20262_chunk011,italian refugee rights and claims,"For many years, without any funding to implement this activity, the centre has welcomed Dublin returnees at their arrival at the airport. The returnees are directed towards the centre by the police or the airport services. Upon their arrival at the airport, the Border Police issues a safe conduct (sauf-conduit) which mentions the Prefecture where the asylum seekers have to submit their claim.",-12.421842575073242,25
124,2025,dub-fran20263_chunk012,italian refugee rights and claims,"For many years, without any funding to implement this activity, the centre has welcomed Dublin returnees at their arrival at the airport. The returnees are directed towards the centre by the police or the airport services. Upon their arrival at the airport, the Border Police issues a safe conduct (sauf-conduit) which mentions the Prefecture where the asylum seekers have to submit their claim.",-12.424116134643555,26
124,2489,dub-belg20261_chunk021,italian refugee rights and claims,"If it decides to refuse reception, the previously pending or granted prolongation is withdrawn. The right to reception is thus linked to the most recent asylum procedure.",-12.431940078735352,27
124,2546,dub-belg20262_chunk027,italian refugee rights and claims,"If it decides to refuse reception, the previously pending or granted prolongation is withdrawn. The right to reception is thus linked to the most recent asylum procedure.",-12.431940078735352,28
124,3584,syri20263_chunk007,italian refugee rights and claims,"It guarantees their rights to education and employment, as well as the protection of their social, economic, and political rights. The article also commits to safeguarding women from all forms of oppression, injustice, and violence.",-12.59540843963623,29
124,3654,syri20262_chunk012,italian refugee rights and claims,"It guarantees their rights to education and employment, as well as the protection of their social, economic, and political rights. The article also commits to safeguarding women from all forms of oppression, injustice, and violence.",-12.59540843963623,30
124,4440,stat20265_chunk018,italian refugee rights and claims,"Det frem­går endvidere af rapporten ”Lebanon – Access to Health Care Services for Palestinian Refugees” (2023) udarbejdet af Udlændingestyrelsen, at UNRWA dækker omkring 30 % af omkostningerne ved medicin.",-12.603521347045898,31
124,2475,dub-belg20261_chunk007,italian refugee rights and claims,"After the application is transmitted, the CGRS first decides on the Admissibility of the claim by determining whether there are new elements which significantly add to the likelihood of the applicant qualifies as a beneficiary of international protection. The claim is deemed admissible because the previous application was terminated based on implicit withdrawal.",-12.618087768554688,32
124,2532,dub-belg20262_chunk013,italian refugee rights and claims,"After the application is transmitted, the CGRS first decides on the Admissibility of the claim by determining whether there are new elements which significantly add to the likelihood of the applicant qualifies as a beneficiary of international protection. The claim is deemed admissible because the previous application was terminated based on implicit withdrawal.",-12.618087768554688,33
124,2422,dub-pole20262_chunk015,italian refugee rights and claims,"ttee is also concerned about reports of a deficit of affordable homes, that  a significant percentage of the population lives in substandard conditions as well as in overcrowded conditions, and that particularly refugees are at risk of exploitative practices by landlords, as well as at risk of homelessness”.",-12.692896842956543,34
124,4435,stat20265_chunk013,italian refugee rights and claims,"Statsløse palæstinenseres adgang til sundhedsydelser i Libanon er mere generelt be­skre­vet i Udlændingestyrelsen rapport, Lebanon, Access to Health Care Services for Palastinian Refugees, februar 2023, DRC Dansk Flygtningehjælps Temarapport, Li­ba­non, Palæstinensiske flygtninge i Libanon og adgangen til UNRWA’s ydelser, marts 2022, navnlig pkt.",-12.80147933959961,35
124,2493,dub-belg20261_chunk025,italian refugee rights and claims,"In certain cases, subsequent applicants obtained reception after challenging such decisions before the courts. This means that the access to the right to reception in these cases often depends on whether the applicant is supported by an experienced lawyer.",-12.840484619140625,36
124,2550,dub-belg20262_chunk031,italian refugee rights and claims,"In certain cases, subsequent applicants obtained reception after challenging such decisions before the courts. This means that the access to the right to reception in these cases often depends on whether the applicant is supported by an experienced lawyer.",-12.840484619140625,37
124,3368,dub-fran20262_chunk015,italian refugee rights and claims,"The PAUH is the only entity receiving and supporting Dublin returnees upon their arrival in France by Charles de Gaulle airport. Considering the systemic difficulties encountered by the orientation platforms in Paris and its surroundings, several Dublin returnees, after registering their claim, are eager to turn to it in order to complete their asylum claim form or to find an accommodation.",-12.869414329528809,38
124,2480,dub-belg20261_chunk012,italian refugee rights and claims,"However, in practice, some asylum applicants or lawyers have experienced difficulties obtaining ‘Pro-Deo’ assignments because they are generally not accommodated in a reception centre, which makes the proof of their lack of income more burdensome … . An applicant does not have a right to remain on the territory even before the CGRS pronounces itself on admissibility in cases where: a.",-12.900918960571289,39
124,1149,bulg20263_chunk011,italian refugee rights and claims,"In the past, the SAR usually suspended asylum procedures when asylum seekers had left Bulgaria before their procedures were completed. After the amendments of the law in 2020, the SAR obtained the right to directly terminate (discontinue) the asylum procedure in such cases without passing through a stage of suspension.",-12.946066856384277,40
124,2064,fran20264_chunk014,italian refugee rights and claims,"When the incoming transfer concerns an asylum seeker who has previously abandoned their application and left the country, a new claim is considered as subsequent application. Dublin returnees further face important obstacles in accessing reception centres that is the same difficulties as all asylum seekers in France in securing housing.",-12.994906425476074,41
124,3370,dub-fran20262_chunk017,italian refugee rights and claims,"When the incoming transfer concerns an asylum seeker who has previously abandoned their application and left the country, a new claim is considered as subsequent application. Dublin returnees further face important obstacles in accessing reception centres that is the same difficulties as all asylum seekers in France in securing housing.",-12.994906425476074,42
124,2031,dub-fran20263_chunk018,italian refugee rights and claims,"When the incoming transfer concerns an asylum seeker who has previously abandoned their application and left the country, a new claim is considered as subsequent application. Dublin returnees further face important obstacles in accessing reception centres that is the same difficulties as all asylum seekers in France in securing housing.",-13.009737968444824,43
124,2034,dub-fran20263_chunk021,italian refugee rights and claims,This provision applies to all asylum seekers even if their claim is channelled under the accelerated or Dublin procedure. The only nuance is that asylum seekers under the Dublin procedure do not have access to reception centres for asylum seekers (CADA) but have access to the other forms of accommodation and accommodation support.,-13.095720291137695,44
124,2067,fran20264_chunk017,italian refugee rights and claims,This provision applies to all asylum seekers even if their claim is channelled under the accelerated or Dublin procedure. The only nuance is that asylum seekers under the Dublin procedure do not have access to reception centres for asylum seekers (CADA) but have access to the other forms of accommodation and accommodation support.,-13.09625244140625,45
124,3373,dub-fran20262_chunk020,italian refugee rights and claims,This provision applies to all asylum seekers even if their claim is channelled under the accelerated or Dublin procedure. The only nuance is that asylum seekers under the Dublin procedure do not have access to reception centres for asylum seekers (CADA) but have access to the other forms of accommodation and accommodation support.,-13.09625244140625,46
124,3374,dub-fran20262_chunk021,italian refugee rights and claims,"Reception conditions can be denied in the following cases: Whey they refuse to go to their attributed region; When they refuse their accommodation option, either at the GUDA or by not showing up within 5 days; Subsequent applications; Claim registered 90 days after entering France without a valid reason.",-13.110715866088867,47
124,2029,dub-fran20263_chunk016,italian refugee rights and claims,"The PAUH is the only entity receiving and supporting Dublin returnees upon their arrival in France by Charles de Gaulle airport. Considering the systemic difficulties encountered by the orientation platforms in Paris and its surroundings, several Dublin returnees, after registering their claim, are eager to turn to it in order to complete their asylum claim form or to find an accommodation.",-13.143281936645508,48
124,2062,fran20264_chunk012,italian refugee rights and claims,"The PAUH is the only entity receiving and supporting Dublin returnees upon their arrival in France by Charles de Gaulle airport. Considering the systemic difficulties encountered by the orientation platforms in Paris and its surroundings, several Dublin returnees, after registering their claim, are eager to turn to it in order to complete their asylum claim form or to find an accommodation.",-13.143281936645508,49
124,3366,dub-fran20262_chunk013,italian refugee rights and claims,"When the relevant Prefectures are in the Paris surroundings, two situations may occur: On the one hand, some Prefectures do not register the asylum claims of Dublin returnees and redirect them to the SPADA.",-13.153076171875,50
124,2035,dub-fran20263_chunk022,italian refugee rights and claims,"Reception conditions can be denied in the following cases: [*] Whey they refuse to go to their attributed region; [*] When they refuse their accommodation option, either at the GUDA or by not showing up within 5 days; [*] Subsequent applications; [*] Claim registered 90 days after entering France without a valid reason.",-13.1694974899292,51
124,2068,fran20264_chunk018,italian refugee rights and claims,"Reception conditions can be denied in the following cases: [*] Whey they refuse to go to their attributed region; [*] When they refuse their accommodation option, either at the GUDA or by not showing up within 5 days; [*] Subsequent applications; [*] Claim registered 90 days after entering France without a valid reason.",-13.1694974899292,52
124,2060,fran20264_chunk010,italian refugee rights and claims,"When the relevant Prefectures are in the Paris surroundings, two situations may occur: [*]On the one hand, some Prefectures do not register the asylum claims of Dublin returnees and redirect them to the SPADA.",-13.176900863647461,53
124,1457,keny20262_chunk022,italian refugee rights and claims,"Det fremgår således af ”The State of the Worlds Humans Rights 2025”, fra Amnesty International, (bilag 334), at kønsbaseret vold mod kvinder er på et kritisk niveau. Det udtales i ”Country Policy and Information Note.",-13.177387237548828,54
124,1152,bulg20263_chunk014,italian refugee rights and claims,"Such refusal and serving of the refusal’s decision in absentia is legally possible, if an interview has been conducted with the returnee prior their absconding from Bulgaria and if based on the information gathered from the interview the case worker could form an opinion about the credibility of the asylum claim.",-13.190835952758789,55
124,4451,stat20265_chunk029,italian refugee rights and claims,"Uanset at det efter baggrundsoplysningerne frem­står van­skeligt at arrangere en udrejse til Libanon, fremgår det af Udlændinge­styrelsens lan­derapport, ”Readmission of Palestinian Refugees from Lebanon”, bl.a., at et eu­ro­pæisk land er lykkedes med at returnere palæstinensiske asylansøgere til Li­ba­n­on.",-13.20170783996582,56
124,2537,dub-belg20262_chunk018,italian refugee rights and claims,"However, in practice, some asylum applicants or lawyers have experienced difficulties obtaining ‘Pro-Deo’ assignments because they are generally not accommodated in a reception centre, which makes the proof of their lack of income more burdensome … . An applicant does not have a right to remain on the territory even before the CGRS pronounces itself on admissibility in cases where: a.",-13.272688865661621,57
124,1161,bulg20263_chunk023,italian refugee rights and claims,According to the provision “applicant in need of special procedural guarantees” means an applicant from a vulnerable group who needs special guarantees to be able to benefit from the rights and comply with the obligations provided for in the law.,-13.275224685668945,58
124,2027,dub-fran20263_chunk014,italian refugee rights and claims,"When the relevant Prefectures are in the Paris surroundings, two situations may occur: [*] On the one hand, some Prefectures do not register the asylum claims of Dublin returnees and redirect them to the SPADA.",-13.285133361816406,59
124,4444,stat20265_chunk022,italian refugee rights and claims,"Det fremgår endeligt af rapporten ”Access and Barriers to Mental Health Care for Palestinian Refugees in Lebanon (PRL)” (2024) udarbejdet af Dansk Flygtningehjælp og VIA University College, at UNRWA har udviklet et program (MHPSS), der er in­te­greret ind i de primære sundhedsklinikker, som beskæftiger sig med forskellige ni­veauer af tiltag ved psykisk sygdom.",-13.296947479248047,60
124,1327,stat202610_chunk016,italian refugee rights and claims,"Statsløse palæstinenseres generelle adgang til sundhedsydelser i Libanon er beskrevet i Flygtningenævnets bagrundoplysninger, herunder i rapporten, ”Access to Health Care Services for Palastinian Refugees in Lebanon, (2024), DRC Dansk Flygtningehjælps Temarapport, Libanon, Palæstinensiske flygtninge i Libanon og adgangen til UNRWA’s ydelser, marts 2022, navnlig pkt.",-13.439939498901367,61
124,2531,dub-belg20262_chunk012,italian refugee rights and claims,"102 f) anføres: ”The Immigration Office is also competent for registering subsequent applications i.e. the asylum applicant’s declaration on new elements and the reasons why they could not invoke them earlier, and transmit the claim ‘without delay’ to the CGRS.",-13.449007987976074,62
124,2474,dub-belg20261_chunk006,italian refugee rights and claims,"102 f) i AIDA, Country Report Belgium, juni 2025: ”The Immigration Office is also competent for registering subsequent applications i.e. the asylum applicant’s declaration on new elements and the reasons why they could not invoke them earlier, and transmit the claim ‘without delay’ to the CGRS.",-13.459400177001953,63
124,1085,dub-bulg20261_chunk017,italian refugee rights and claims,"Such refusal and serving of the refusal’s decision in absentia is legally possible, if an interview has been conducted with the returnee prior their absconding from Bulgaria and if based on the information gathered from the interview the case worker could form an opinion about the credibility of the asylum claim. …
Since 2020, the LAR explicitly provides for the mandatory reopening of an asylum p",-13.570960998535156,64
124,3617,syri20263_chunk040,italian refugee rights and claims,"As a result, many choose to remain abroad or in refugee camps. Women attempting to return to Damascus encounter significant obstacles in securing both housing and employment. Some women who previously resided in refugee camps in Idlib and sought to resettle in Damascus following the fall of the former government ultimately had to return to the camps due to the prohibitively high rental costs.",-13.581239700317383,65
124,3687,syri20262_chunk045,italian refugee rights and claims,"As a result, many choose to remain abroad or in refugee camps. Women attempting to return to Damascus encounter significant obstacles in securing both housing and employment. Some women who previously resided in refugee camps in Idlib and sought to resettle in Damascus following the fall of the former government ultimately had to return to the camps due to the prohibitively high rental costs.",-13.581239700317383,66
124,3804,syri20266_chunk045,italian refugee rights and claims,"As a result, many choose to remain abroad or in refugee camps. Women attempting to return to Damascus encounter significant obstacles in securing both housing and employment. Some women who previously resided in refugee camps in Idlib and sought to resettle in Damascus following the fall of the former government ultimately had to return to the camps due to the prohibitively high rental costs.",-13.581239700317383,67
124,634,syri202617_chunk032,italian refugee rights and claims,"However, neither the agreement nor the decree provides for the constitutional recognition of Kurdish rights, a key demand of Kurdish political leaders.",-13.582582473754883,68
124,250,came20262_chunk012,italian refugee rights and claims,"ant Peril” - Discrimination, Lack of Economic Autonomy and Violence Against Women in Cameroon” udgivet af Human Rights Watch i juni 2026.",-13.599090576171875,69
124,2412,dub-pole20262_chunk005,italian refugee rights and claims,"Flygtningenævnet bemærker herom, at det fremgår af AIDA Country report update for 2024: Poland, udgivet i juli 2025, side 148: ”The right to healthcare is a constitutional right, applicable to third-country nationals as well as to citizens”.",-13.601216316223145,70
124,2525,dub-belg20262_chunk006,italian refugee rights and claims,"Det oplyses endvidere, at der fra den belgiske stats side gøres ”enormous efforts to guarantee the rights set out in the Reception Directive to the best of its ability”.",-13.60261058807373,71
124,4438,stat20265_chunk016,italian refugee rights and claims,"Det frem­­går endvidere af rapporten ”Access and Barriers to Mental Health Care for Pale­sti­nian Refugees in Lebanon (PRL)” fra 2024, at UNRWA sigter mod at have 7 typer af basale psykofarmaka til rådighed gratis i deres klinikker baseret på en liste fra WHO om den mest essentielle, nødvendige medicin. Nogle patienter har brug for mere avan­ceret medicin end disse 7.",-13.606829643249512,72
124,2693,ukra20263_chunk025,italian refugee rights and claims,"According to the KHPG, individuals who were temporarily exempt - and who left Ukraine - must take active steps upon return: they must urgently visit the TRC to confirm their right to deferment. If the competent authority confirms the deferment, they will not be mobilised.",-13.613426208496094,73
124,3784,syri20266_chunk025,italian refugee rights and claims,"A Syrian human rights organisation was aware of only one case, involving a woman from the coastal area who filed a rape complaint. In regions dominated by armed groups or conservative factions, individuals targeting women are not being held accountable.",-13.62448787689209,74
124,3848,syri20267_chunk025,italian refugee rights and claims,"A Syrian human rights organisation was aware of only one case, involving a woman from the coastal area who filed a rape complaint. In regions dominated by armed groups or conservative factions, individuals targeting women are not being held accountable.",-13.62448787689209,75
124,3523,syri20261_chunk009,italian refugee rights and claims,"Article 21 states that the Syrian state shall uphold women’s social status, protect their dignity, and support their role within both the family and society. It guarantees their rights to education and employment, as well as the protection of their social, economic, and political rights. The article also commits to safeguarding women from all forms of oppression, injustice, and violence.",-13.63504695892334,76
124,3771,syri20266_chunk012,italian refugee rights and claims,"Article 21 states that the Syrian state shall uphold women’s social status, protect their dignity, and support their role within both the family and society. It guarantees their rights to education and employment, as well as the protection of their social, economic, and political rights. The article also commits to safeguarding women from all forms of oppression, injustice, and violence.",-13.63504695892334,77
124,3835,syri20267_chunk012,italian refugee rights and claims,"Article 21 states that the Syrian state shall uphold women’s social status, protect their dignity, and support their role within both the family and society. It guarantees their rights to education and employment, as well as the protection of their social, economic, and political rights. The article also commits to safeguarding women from all forms of oppression, injustice, and violence.",-13.63504695892334,78
124,3536,syri20261_chunk022,italian refugee rights and claims,"A Syrian human rights organisation was aware of only one case, involving a woman from the coastal area who filed a rape complaint. In regions dominated by armed groups or conservative factions, individuals targeting women are not being held accountable.",-13.649438858032227,79
124,3597,syri20263_chunk020,italian refugee rights and claims,"A Syrian human rights organisation was aware of only one case, involving a woman from the coastal area who filed a rape complaint. In regions dominated by armed groups or conservative factions, individuals targeting women are not being held accountable.",-13.649438858032227,80
124,3667,syri20262_chunk025,italian refugee rights and claims,"A Syrian human rights organisation was aware of only one case, involving a woman from the coastal area who filed a rape complaint. In regions dominated by armed groups or conservative factions, individuals targeting women are not being held accountable.",-13.649438858032227,81
124,5733,ugan20262_chunk009,italian refugee rights and claims,"ational Convention on Civil and Political Rights: LGBTQ+Rights, udgivet den 26.

Maj 2023, fremgår, at forholdene for LGBT+ personer i Uganda er forværret betydeligt som følge af den nævnte lov.",-13.719636917114258,82
124,3793,syri20266_chunk034,italian refugee rights and claims,"According to SNHR, daily life, including access to public services, reportedly remains largely unchanged, with no notable improvement or deterioration in women’s rights or protection. However, according to the Syrian Women’s Political Movement, public services have improved in some areas, while in others they have deteriorated.",-13.749442100524902,83
124,3857,syri20267_chunk034,italian refugee rights and claims,"According to SNHR, daily life, including access to public services, reportedly remains largely unchanged, with no notable improvement or deterioration in women’s rights or protection. However, according to the Syrian Women’s Political Movement, public services have improved in some areas, while in others they have deteriorated.",-13.749442100524902,84
124,3150,afgh202649_chunk019,italian refugee rights and claims,"Still the Court does not find that the general human rights situation, while certainly serious, can be considered sufficient to conclude that any removal to Afghanistan would necessarily breach Article 3 of the Convention. However, it must be duly taken into account when assessing the risks an individual may face upon return.",-13.785440444946289,85
124,3556,syri20261_chunk042,italian refugee rights and claims,"As a result, many choose to remain abroad or in refugee camps. Women attempting to return to Damascus encounter significant obstacles in securing both housing and employment. Some women who previously resided in refugee camps in Idlib and sought to resettle in Damascus following the fall of the former government ultimately had to return to the camps due to the prohibitively high rental costs.",-13.800293922424316,86
124,3868,syri20267_chunk045,italian refugee rights and claims,"As a result, many choose to remain abroad or in refugee camps. Women at-tempting to return to Damascus encounter significant obstacles in securing both housing and employment. Some women who previously resided in refugee camps in Idlib and sought to resettle in Damascus following the fall of the former government ultimately had to return to the camps due to the prohibitively high rental costs.",-13.828152656555176,87
124,4810,kina20261_chunk036,italian refugee rights and claims,"Det fremgår af baggrundsoplysningerne, herunder rapporten ” China: Exit controls and security measures at airports, particularly Beijing airport, for Chinese citizens travelling overseas, including procedures at check points and the use of computerized identity verification and facial recognition technology (2017- August 2019)”, der er udgivet den 3. oktober 2019 af Immigration and Refugee Board o",-13.906558990478516,88
124,5374,rusl20262_chunk010,italian refugee rights and claims,"Flygtningenævnet henviser som Udlændingestyrelsen til de foreliggende baggrundoplysninger, herunder OHCHR ”Human rights situation during the Russian occupation of territory of Ukraine and its aftermath” fra marts 2024 og ”2024 Country Reports on Human Rights Practises: Russia”.",-13.971145629882812,89
124,3545,syri20261_chunk031,italian refugee rights and claims,"According to SNHR, daily life, including access to public services, reportedly remains largely unchanged, with no notable improvement or deterioration in women’s rights or protection. However, according to the Syrian Women’s Political Movement, public services have improved in some areas, while in others they have deteriorated.",-13.997557640075684,90
124,3606,syri20263_chunk029,italian refugee rights and claims,"According to SNHR, daily life, including access to public services, reportedly remains largely unchanged, with no notable improvement or deterioration in women’s rights or protection. However, according to the Syrian Women’s Political Movement, public services have improved in some areas, while in others they have deteriorated.",-13.997557640075684,91
124,3676,syri20262_chunk034,italian refugee rights and claims,"According to SNHR, daily life, including access to public services, reportedly remains largely unchanged, with no notable improvement or deterioration in women’s rights or protection. However, according to the Syrian Women’s Political Movement, public services have improved in some areas, while in others they have deteriorated.",-13.997557640075684,92
124,3738,syri20264_chunk032,italian refugee rights and claims,"However, the situation of the Maktoomeen remains unresolved. According to a Kurdish activist, members of this group continue to be denied basic rights, including the ability to complete secondary education. 5.2. Incidents involving Kurds in government-controlled areas.",-14.014911651611328,93
124,2734,ugan202610_chunk011,italian refugee rights and claims,"national Convention on Civil and Political Rights: LGBTQ+Rights, udgivet den 26. maj 2023, fremgår, at forholdene for LGBT+-personer i Uganda er forværret betydeligt som følge af den nævnte lov.",-14.04545783996582,94
124,5836,erit20261_chunk036,italian refugee rights and claims,"Human Rights Watch advised that when a person evaded or deserted national service, their spouses might be requested to replace them regardless of the fact that married women with children were often exempted from national service.",-14.087165832519531,95
124,771,rusl202635_chunk032,italian refugee rights and claims,"As noted by Memorial, while Ramzan Kadyrov claims that Chechnya deploys to Ukraine ‘volunteers’ and in numbers that ‘fulfilled the plan,’ Chechen security resort to such methods as pressure, threats, kidnapping, violence, fabrication of criminal cases, blackmailing, and extortion.",-14.260022163391113,96
124,722,rusl202634_chunk031,italian refugee rights and claims,"As noted by Memorial, while Ramzan Kadyrov claims that Chechnya deploys to Ukraine ‘volunteers’ and in numbers that ‘fulfilled the plan,’ Chechen security resort to such methods as pressure, threats, kidnapping, violence, fabrication of criminal cases, blackmailing, and extortion.",-14.269208908081055,97
124,2733,ugan202610_chunk010,italian refugee rights and claims,"Af baggrundsoplysningerne om forholdene for LGBT+-personer i Uganda, herunder Human Rights Watch, Ugandan Parliament Passes Extreme Anti-LGBT, udgivet den 22. marts 2023, Amnesty International, Uganda: Presidents´s approval of anti-LGBTI Bill is a grave assault on Civil and Political Rights: LGBTQ-Rights, udgivet den 26. maj 2023 og The Advocates for Human Rights, Ugandas Compliance with the Inter",-14.553110122680664,98
124,5732,ugan20262_chunk008,italian refugee rights and claims,"Af baggrundsoplysningerne om forholdene for LGBT+ personer i Uganda, herunder Human Rights Watch, Ugandan Parliament Passes Extreme Anti-LGBT, udgivet den 22. marts 2023, Amnesty International, Uganda: President´s approval of anti-LGBTI Bill is a grave assault on Civil and Political Rights: LGBTQ-Rights, udgivet den 26. maj 2023 og The Advocates for human Rights, Ugandas Compliance with the Intern",-14.55644702911377,99
129,704,rusl202634_chunk013,Ukrainian Asylum   Political Activism,"They further elaborated that cases of recruitment of ad due to their activism is not limited to Chechnya and Chechens but has also been documented in the rest of Russia. Family members of vocal critics of the Chechen authorities also risk being recruited. The brother of a well-known Chechen dissident, Khassan Khalitov, had been forceful¬ly sent to the frontline in Ukraine.",-0.010725235566496849,0
129,753,rusl202635_chunk014,Ukrainian Asylum   Political Activism,"They further elaborated that cases of recruitment of ad due to their activism is not limited to Chechnya and Chechens but has also been documented in the rest of Russia. Family members of vocal critics of the Chechen authorities also risk being recruited. The brother of a well-known Chechen dissident, Khassan Khalitov, had been forceful¬ly sent to the frontline in Ukraine.",-0.010725235566496849,1
129,1236,rusl202629_chunk018,Ukrainian Asylum   Political Activism,"They further elaborated that cases of recruitment of ad due to their activism is not limited to Chechnya and Chechens but has also been documented in the rest of Russia. Family members of vocal critics of the Chechen authorities also risk being recruited. The brother of a well-known Chechen dissident, Khassan Khalitov, had been forceful­ly sent to the frontline in Ukraine.",-0.010737147182226181,2
129,4845,rusl20266_chunk017,Ukrainian Asylum   Political Activism,"They further elaborated that cases of recruitment of ad due to their activism is not limited to Chechnya and Chechens but has also been documented in the rest of Russia. Family members of vocal critics of the Chechen authorities also risk being recruited. The brother of a well-known Chechen dissident, Khassan Khalitov, had been forcefully sent to the frontline in Ukraine.",-0.020249076187610626,3
129,2113,ukra202610_chunk008,Ukrainian Asylum   Political Activism,"with automatic arrest, criminal charges, or retrospective punishment solely because they left Ukraine; rather, consequences depend on whether a lawful mobilisation summons was ever issued.

A source interviewed in November 2023 had not heard of Ukrainian citizens residing abroad being presented with a summons for mobilisation, e.g. through an embassy.",-7.284294128417969,4
129,2112,ukra202610_chunk007,Ukrainian Asylum   Political Activism,"Af Udlændingestyrelsens rapport ”Ukraine - Return and mobilization (COI)” fra marts 2026 fremgår blandt andet følgende om ukrainere, der har forladt hjemlandet, jf. side 12: “Information from Ukrainian NGOs and humanitarian sources indicates that Ukrainians, who left Ukraine while being of mobilisation age, returning from abroad who were not formally summoned for mobilisation are generally not met",-9.709770202636719,5
129,2114,ukra202610_chunk009,Ukrainian Asylum   Political Activism,"Deserters returning from abroad would be presented with criminal liability upon return.…KHPG stated that Ukrainian men who resided in EU+ countries prior to 2022 and return to Ukraine afterwards are not, as such, considered to have breached border-crossing rules.",-11.211041450500488,6
129,635,syri202617_chunk033,Ukrainian Asylum   Political Activism,"Kurds residing in transitional government-controlled areas generally continue their daily lives without significant restrictions, harassment, mistreatment, discriminatory treatment, or ethnically motivated attacks, provided they do not engage in political activity…” Flygtningenævnet finder ikke, at der foreligger oplysninger om ansøgerens forhold, der kan begrunde, at ansøgeren må anses for særlig",-11.227355003356934,7
129,2036,dub-fran20263_chunk023,Ukrainian Asylum   Political Activism,"In practice, OFII deny asylum seekers the benefit of reception conditions whenever it has the possibility to do so.",-11.243666648864746,8
129,2069,fran20264_chunk019,Ukrainian Asylum   Political Activism,"In practice, OFII deny asylum seekers the benefit of reception conditions whenever it has the possibility to do so.",-11.243666648864746,9
129,3375,dub-fran20262_chunk022,Ukrainian Asylum   Political Activism,"In practice, OFII deny asylum seekers the benefit of reception conditions whenever it has the possibility to do so.",-11.243666648864746,10
129,713,rusl202634_chunk022,Ukrainian Asylum   Political Activism,"In contrast, Chechnya is also an outstanding case due to the level of political repression, with all forms of critique being harshly suppressed, with no changes regarding this in 2025. 4.4.1.",-11.282732963562012,11
129,762,rusl202635_chunk023,Ukrainian Asylum   Political Activism,"In contrast, Chechnya is also an outstanding case due to the level of political repression, with all forms of critique being harshly suppressed, with no changes regarding this in 2025. 4.4.1.",-11.282732963562012,12
129,3384,dub-fran20262_chunk031,Ukrainian Asylum   Political Activism,"The 2024 legislative reform established an unprecedented link between reception and the asylum procedure: a person who leaves their accommodation without legitimate reason, in addition to losing their reception conditions as foreseen before, will see their asylum application “closed” (clôturée) by OFPRA.",-11.689138412475586,13
129,3654,syri20262_chunk012,Ukrainian Asylum   Political Activism,"It guarantees their rights to education and employment, as well as the protection of their social, economic, and political rights. The article also commits to safeguarding women from all forms of oppression, injustice, and violence.",-11.905814170837402,14
129,3636,syri20263_chunk059,Ukrainian Asylum   Political Activism,"Treatment of Kurds Apart from isolated incidents, ordinary Kurds residing in government-controlled areas generally continue their daily lives without major restrictions, harassment, mistreatment, discriminatory treatment, or attacks based on their ethnicity, provided they do not engage in political activity.",-11.970622062683105,15
129,3584,syri20263_chunk007,Ukrainian Asylum   Political Activism,"It guarantees their rights to education and employment, as well as the protection of their social, economic, and political rights. The article also commits to safeguarding women from all forms of oppression, injustice, and violence.",-12.01364517211914,16
129,3538,syri20261_chunk024,Ukrainian Asylum   Political Activism,"The Syrian Women’s Political Movement interviewed by DIS noted, however, that — after an increase in kidnappings in the coastal areas — the authorities began to intervene more actively, following pressure from civil society and women’s groups.",-12.061766624450684,17
129,3599,syri20263_chunk022,Ukrainian Asylum   Political Activism,"The Syrian Women’s Political Movement interviewed by DIS noted, however, that — after an increase in kidnappings in the coastal areas — the authorities began to intervene more actively, following pressure from civil society and women’s groups.",-12.061766624450684,18
129,3669,syri20262_chunk027,Ukrainian Asylum   Political Activism,"The Syrian Women’s Political Movement interviewed by DIS noted, however, that — after an increase in kidnappings in the coastal areas — the authorities began to intervene more actively, following pressure from civil society and women’s groups.",-12.061766624450684,19
129,1155,bulg20263_chunk017,Ukrainian Asylum   Political Activism,"The SAR’s practice following this particular amendment has been so far in line with the law, and returnees whose asylum procedures had been only terminated (discontinued) after their absconding do not face obstacles in principle to have their determination procedures reopened.",-12.106828689575195,20
129,1087,dub-bulg20261_chunk019,Ukrainian Asylum   Political Activism,"The SAR’s practice following this particular amendment has been so far in line with the law, and returnees whose asylum procedures had been only terminated (discontinued) after their absconding do not face obstacles in principle to have their determination procedures reopened.",-12.145750045776367,21
129,3786,syri20266_chunk027,Ukrainian Asylum   Political Activism,"The Syrian Women’s Political Movement interviewed by DIS noted, however, that — after an increase in kidnappings in the coastal areas — the authorities began to intervene more actively, following pressure from civil society and women’s groups.",-12.252700805664062,22
129,3850,syri20267_chunk027,Ukrainian Asylum   Political Activism,"The Syrian Women’s Political Movement interviewed by DIS noted, however, that — after an increase in kidnappings in the coastal areas — the authorities began to intervene more actively, following pressure from civil society and women’s groups.",-12.252700805664062,23
129,1400,dub-nede20265_chunk013,Ukrainian Asylum   Political Activism,All other residents stayed in regular asylum centres and/or temporary reception locations managed by municipalities.,-12.297672271728516,24
129,3730,syri20264_chunk024,Ukrainian Asylum   Political Activism,"Apart from isolated incidents,151 ordinary Kurds residing in government-controlled areas generally continue their daily lives without major restrictions, harassment, mistreatment, discriminatory treatment, or attacks based on their ethnicity, provided they do not engage in political activity.",-12.345155715942383,25
129,1149,bulg20263_chunk011,Ukrainian Asylum   Political Activism,"In the past, the SAR usually suspended asylum procedures when asylum seekers had left Bulgaria before their procedures were completed. After the amendments of the law in 2020, the SAR obtained the right to directly terminate (discontinue) the asylum procedure in such cases without passing through a stage of suspension.",-12.444208145141602,26
129,2066,fran20264_chunk016,Ukrainian Asylum   Political Activism,"This scheme ensures the distribution of accommodation places for asylum seekers throughout the national territory, and their allocation thereto. In parallel and in compliance with the national reception scheme, regional schemes are defined and implemented by Prefects in each region. All asylum seekers are offered material reception conditions under Article L. 551-9 Ceseda.",-12.466617584228516,27
129,3372,dub-fran20262_chunk019,Ukrainian Asylum   Political Activism,"This scheme ensures the distribution of accommodation places for asylum seekers throughout the national territory, and their allocation thereto. In parallel and in compliance with the national reception scheme, regional schemes are defined and implemented by Prefects in each region. All asylum seekers are offered material reception conditions under Article L. 551-9 Ceseda.",-12.466617584228516,28
129,3392,dub-fran20262_chunk039,Ukrainian Asylum   Political Activism,Rejected asylum seekers can formulate a request to remain 1 month in order to have time to plan their exit of the centre. The number of asylum seekers without material reception conditions is an increasingly important and worrying issue.,-12.644883155822754,29
129,2491,dub-belg20261_chunk023,Ukrainian Asylum   Political Activism,"Health care and a dignified standard of living should be always ensured. According to the Constitutional Court, the decision to refuse reception in such cases can only be taken in cases of abuse of the asylum procedure, e.g. when the person applies for asylum for the sole purpose of extending the right to reception.",-12.665525436401367,30
129,2023,dub-fran20263_chunk010,Ukrainian Asylum   Political Activism,"If the asylum seeker comes from a safe country of origin, their application is examined under the accelerated procedure. If the asylum application had already received a final negative decision from the CNDA, the asylum seeker may apply to OFPRA for a re-examination only if they possess new evidence (see section on Subsequent Applications).",-12.74767780303955,31
129,2056,fran20264_chunk006,Ukrainian Asylum   Political Activism,"If the asylum seeker comes from a safe country of origin, their application is examined under the accelerated procedure. If the asylum application had already received a final negative decision from the CNDA, the asylum seeker may apply to OFPRA for a re-examination only if they possess new evidence (see section on Subsequent Applications).",-12.74767780303955,32
129,4362,ukra20266_chunk017,Ukrainian Asylum   Political Activism,"Af Udlændingestyrelsens rapport udgivet i marts 2026 (Country of origin information (COI) Thematic COI Report, Ukraine, Return and mobilization) fremgår blandt andet: “4.2.2 Nutrition and health care Sources quoted in the DIS reports consistently identified deficiencies in nutrition and health care within Ukrainian detention facilities.",-12.800552368164062,33
129,1884,dub-nede20264_chunk012,Ukrainian Asylum   Political Activism,"Det fremgår om indkvarteringsforholdene blandt andet af rapportens side 19f: “Less than half of the people entitled to reception conditions (i.e. asylum seekers) as well as beneficiaries of international protection who have not been offered housing yet, were staying in regular Central Agency for the Reception of Asylum Applicants (COA) reception centres over the course of 2024 (34,675 out of 72,61",-12.816580772399902,34
129,4186,dub-nede20263_chunk014,Ukrainian Asylum   Political Activism,"Det fremgår om indkvarteringsforholdene blandt andet af rapportens side 19f: “Less than half of the people entitled to reception conditions (i.e. asylum seekers) as well as beneficiaries of international protection who have not been offered housing yet, were staying in regular Central Agency for the Reception of Asylum Applicants (COA) reception centres over the course of 2024 (34,675 out of 72,61",-12.816580772399902,35
129,2548,dub-belg20262_chunk029,Ukrainian Asylum   Political Activism,"Health care and a dignified standard of living should be always ensured. According to the Constitutional Court, the decision to refuse reception in such cases can only be taken in cases of abuse of the asylum procedure, e.g. when the person applies for asylum for the sole purpose of extending the right to reception.",-12.859807968139648,36
129,2033,dub-fran20263_chunk020,Ukrainian Asylum   Political Activism,"This scheme ensures the distribution of accommodation places for asylum seekers throughout the national territory, and their allocation thereto. In parallel and in compliance with the national reception scheme, regional schemes are defined and implemented by Prefects in each region. All asylum seekers are offered material reception conditions under Article L. 551-9 Ceseda.",-12.969192504882812,37
129,1889,dub-nede20264_chunk017,Ukrainian Asylum   Political Activism,"Large differences between (crisis) shelters reveal that whether asylum seekers are able to experience decent reception in the Netherlands is subject to arbitrariness.” Det fremgår endvidere blandt andet af side 145: “Twice a year the COA predicts the capacity it will need in the upcoming period. In October 2024 COA was expecting, for July 2025, to need to house 115,000 asylum applicants.",-12.986722946166992,38
129,3394,dub-fran20262_chunk041,Ukrainian Asylum   Political Activism,The assessment to deny or withdraw reception conditions does not take into account the risk of destitution. Asylum seekers should pay a part of accommodation cost when they have sufficient resources (very rare in practice).,-13.00442886352539,39
129,2489,dub-belg20261_chunk021,Ukrainian Asylum   Political Activism,"If it decides to refuse reception, the previously pending or granted prolongation is withdrawn. The right to reception is thus linked to the most recent asylum procedure.",-13.04149341583252,40
129,2546,dub-belg20262_chunk027,Ukrainian Asylum   Political Activism,"If it decides to refuse reception, the previously pending or granted prolongation is withdrawn. The right to reception is thus linked to the most recent asylum procedure.",-13.04149341583252,41
129,5527,dub-nede20262_chunk014,Ukrainian Asylum   Political Activism,"Det fremgår om indkvarteringsforholdene blandt andet af rapportens side 19f:“Less than half of the people entitled to reception conditions (i.e. asylum seekers) as well as beneficiaries of international protection who have not been offered housing yet,were staying in regular Central Agency for the Reception of Asylum Applicants (COA) reception centres over the course of 2024 (34,675 out of 72,610 ",-13.061260223388672,42
129,1168,bulg20263_chunk030,Ukrainian Asylum   Political Activism,"Monitoring in 2025
In 2025, both vulnerability assessments and identification - as well as all follow-ups on identified cases -, remained substandard, to the point this continued to represent the most significant violation of existing obligation in the context of the asylum procedure in the course of already several years.",-13.083760261535645,43
129,5552,dub-nede20261_chunk011,Ukrainian Asylum   Political Activism,"Det fremgår om indkvarteringsforholdene blandt andet af rapportens side 19f: “Less than half of the people entitled to reception conditions (i.e. asylum seekers) as well as beneficiaries of international protection who have not been offered housing yet,were staying in regular Central Agency for the Reception of Asylum Applicants (COA) reception centres over the course of 2024 (34,675 out of 72,610",-13.093588829040527,44
129,3545,syri20261_chunk031,Ukrainian Asylum   Political Activism,"According to SNHR, daily life, including access to public services, reportedly remains largely unchanged, with no notable improvement or deterioration in women’s rights or protection. However, according to the Syrian Women’s Political Movement, public services have improved in some areas, while in others they have deteriorated.",-13.160914421081543,45
129,3606,syri20263_chunk029,Ukrainian Asylum   Political Activism,"According to SNHR, daily life, including access to public services, reportedly remains largely unchanged, with no notable improvement or deterioration in women’s rights or protection. However, according to the Syrian Women’s Political Movement, public services have improved in some areas, while in others they have deteriorated.",-13.160914421081543,46
129,3362,dub-fran20262_chunk009,Ukrainian Asylum   Political Activism,"If the asylum application had already received a final negative decision from the CNDA, the asylum seeker may apply to OFPRA for a re-examination only if they possess new evidence (see section on Subsequent Applications). Support and assistance to Dublin returnees remains complicated.",-13.190119743347168,47
129,634,syri202617_chunk032,Ukrainian Asylum   Political Activism,"However, neither the agreement nor the decree provides for the constitutional recognition of Kurdish rights, a key demand of Kurdish political leaders.",-13.257603645324707,48
129,5581,soma20262_chunk013,Ukrainian Asylum   Political Activism,"Flygtningenævnet lægger herved vægt på, at det fremgår af Udlændingestyrelsens baggrundsoplysninger, herunder ''PGN (Political Geography Now), Somalia Control Mop, 17 January 2023"", at Mogadishu er under myndighedernes kontrol.",-13.29945182800293,49
129,1171,bulg20263_chunk033,Ukrainian Asylum   Political Activism,"vities.

In 2025, the monitoring of these processes established that in 88% of the cases, an initial assessment form was present in the file of asylum seekers who were falling within the vulnerability definition under national law.",-13.353179931640625,50
129,5532,dub-nede20262_chunk019,Ukrainian Asylum   Political Activism,"Large differences between (crisis) shelters reveal that whether asylum seekers are able to experience decent reception in the Netherlands is subject to arbitrariness.” Det fremgår endvidere blandt andet af side 145:“Twice a year the COA predicts the capacity it will need in the upcoming period. In October 2024 COA was expecting, for July 2025, to need to house 115,000 asylum applicants.",-13.370817184448242,51
129,2479,dub-belg20261_chunk011,Ukrainian Asylum   Political Activism,The application is either (i) a second application within one year from the final decision on the previous application and made from detention or (ii) a third or further application. Legal assistance is arranged in exactly the same way as concerning first asylum applications.,-13.388175010681152,52
129,2536,dub-belg20262_chunk017,Ukrainian Asylum   Political Activism,The application is either (i) a second application within one year from the final decision on the previous application and made from detention or (ii) a third or further application. Legal assistance is arranged in exactly the same way as concerning first asylum applications.,-13.388175010681152,53
129,4191,dub-nede20263_chunk019,Ukrainian Asylum   Political Activism,"Large differences between (crisis) shelters reveal that whether asylum seekers are able to experience decent reception in the Netherlands is subject to arbitrariness.” Det fremgår endvidere blandt andet af side 145: “Twice a year the COA predicts the capacity it will need in the upcoming period. In October 2024 COA was expecting, for July 2025, to need to house 115,000 asylum applicants.",-13.419868469238281,54
129,5557,dub-nede20261_chunk016,Ukrainian Asylum   Political Activism,"Large differences between (crisis) shelters reveal that whether asylum seekers are able to experience decent reception in the Netherlands is subject to arbitrariness.” Det fremgår endvidere blandt andet af side 145: “Twice a year the COA predicts the capacity it will need in the upcoming period. In October 2024 COA was expecting, for July 2025, to need to house 115,000 asylum applicants.",-13.419868469238281,55
129,2034,dub-fran20263_chunk021,Ukrainian Asylum   Political Activism,This provision applies to all asylum seekers even if their claim is channelled under the accelerated or Dublin procedure. The only nuance is that asylum seekers under the Dublin procedure do not have access to reception centres for asylum seekers (CADA) but have access to the other forms of accommodation and accommodation support.,-13.427848815917969,56
129,2067,fran20264_chunk017,Ukrainian Asylum   Political Activism,This provision applies to all asylum seekers even if their claim is channelled under the accelerated or Dublin procedure. The only nuance is that asylum seekers under the Dublin procedure do not have access to reception centres for asylum seekers (CADA) but have access to the other forms of accommodation and accommodation support.,-13.427848815917969,57
129,2061,fran20264_chunk011,Ukrainian Asylum   Political Activism,"As it has already been mentioned in the Registration section, access to these platforms is very complicated and some returnees have to wait several weeks before getting an appointment with the organisations running them. [*]On the other hand, some Prefectures do immediately register the asylum claims of returnees and direct them to OFII in order to find them an accommodation place.",-13.460126876831055,58
129,2028,dub-fran20263_chunk015,Ukrainian Asylum   Political Activism,"As it has already been mentioned in the Registration section, access to these platforms is very complicated and some returnees have to wait several weeks before getting an appointment with the organisations running them. [*] On the other hand, some Prefectures do immediately register the asylum claims of returnees and direct them to OFII in order to find them an accommodation place.",-13.488214492797852,59
129,1152,bulg20263_chunk014,Ukrainian Asylum   Political Activism,"Such refusal and serving of the refusal’s decision in absentia is legally possible, if an interview has been conducted with the returnee prior their absconding from Bulgaria and if based on the information gathered from the interview the case worker could form an opinion about the credibility of the asylum claim.",-13.494691848754883,60
129,1203,dub-bulg20262_chunk012,Ukrainian Asylum   Political Activism,"In such cases, as well as in cases when an interpreter from the spoken language is available in another reception centre, the asylum administration organises videoconference interpretation. Communication interruptions and other technical problems are the most common obstacles during interpretation via videoconference.",-13.503451347351074,61
129,3676,syri20262_chunk034,Ukrainian Asylum   Political Activism,"According to SNHR, daily life, including access to public services, reportedly remains largely unchanged, with no notable improvement or deterioration in women’s rights or protection. However, according to the Syrian Women’s Political Movement, public services have improved in some areas, while in others they have deteriorated.",-13.525297164916992,62
129,3793,syri20266_chunk034,Ukrainian Asylum   Political Activism,"According to SNHR, daily life, including access to public services, reportedly remains largely unchanged, with no notable improvement or deterioration in women’s rights or protection. However, according to the Syrian Women’s Political Movement, public services have improved in some areas, while in others they have deteriorated.",-13.525297164916992,63
129,3857,syri20267_chunk034,Ukrainian Asylum   Political Activism,"According to SNHR, daily life, including access to public services, reportedly remains largely unchanged, with no notable improvement or deterioration in women’s rights or protection. However, according to the Syrian Women’s Political Movement, public services have improved in some areas, while in others they have deteriorated.",-13.525297164916992,64
129,3376,dub-fran20262_chunk023,Ukrainian Asylum   Political Activism,"After having registered their claim at the Prefecture, asylum seekers receive the asylum claim certificate that allows them too remain legally on French territory until: The end of the asylum procedure; A negative first instance decision for inadmissible claims and certain categories of claims rejected in an accelerated procedure – safe country of origin, subsequent application, threat to public o",-13.531208038330078,65
129,2485,dub-belg20261_chunk017,Ukrainian Asylum   Political Activism,"A total of 6,469 applicants lodged subsequent applications in 2024: …” Herudover anføres det i pkt. A.1.2. (s. 125 f) om Right to Reception: Subsequent Applications: “The Reception Act provides the possibility for Fedasil to refuse reception to asylum applicants who lodge a second or further subsequent asylum application, until their asylum application is deemed admissible by the CGRS.",-13.533259391784668,66
129,2542,dub-belg20262_chunk023,Ukrainian Asylum   Political Activism,"A total of 6,469 applicants lodged subsequent applications in 2024: …” Herudover anføres det i pkt. A.1.2. (s. 125 f) om Right to Reception: Subsequent Applications: “The Reception Act provides the possibility for Fedasil to refuse reception to asylum applicants who lodge a second or further subsequent asylum application, until their asylum application is deemed admissible by the CGRS.",-13.533259391784668,67
129,2031,dub-fran20263_chunk018,Ukrainian Asylum   Political Activism,"When the incoming transfer concerns an asylum seeker who has previously abandoned their application and left the country, a new claim is considered as subsequent application. Dublin returnees further face important obstacles in accessing reception centres that is the same difficulties as all asylum seekers in France in securing housing.",-13.594191551208496,68
129,2064,fran20264_chunk014,Ukrainian Asylum   Political Activism,"When the incoming transfer concerns an asylum seeker who has previously abandoned their application and left the country, a new claim is considered as subsequent application. Dublin returnees further face important obstacles in accessing reception centres that is the same difficulties as all asylum seekers in France in securing housing.",-13.594191551208496,69
129,3370,dub-fran20262_chunk017,Ukrainian Asylum   Political Activism,"When the incoming transfer concerns an asylum seeker who has previously abandoned their application and left the country, a new claim is considered as subsequent application. Dublin returnees further face important obstacles in accessing reception centres that is the same difficulties as all asylum seekers in France in securing housing.",-13.594191551208496,70
129,2070,fran20264_chunk020,Ukrainian Asylum   Political Activism,"After having registered their claim at the Prefecture, asylum seekers receive the asylum claim certificate that allows them to remain legally on French territory until: [*] The end of the asylum procedure; [*]A negative first instance decision for inadmissible claims and certain categories of claims rejected in an accelerated procedure – safe country of origin, subsequent application, threat to pu",-13.619071960449219,71
129,2487,dub-belg20261_chunk019,Ukrainian Asylum   Political Activism,"Asylum applicants must then present themselves to the Dispatching service at Fedasil’s arrival centre to be allocated a reception place. If the asylum applicant has not obtained reception from Fedasil during the first stage of the procedure and the CGRS declares the subsequent asylum application inadmissible, they will not be entitled to reception during the appeal with the CALL.",-13.648212432861328,72
129,2544,dub-belg20262_chunk025,Ukrainian Asylum   Political Activism,"Asylum applicants must then present themselves to the Dispatching service at Fedasil’s arrival centre to be allocated a reception place. If the asylum applicant has not obtained reception from Fedasil during the first stage of the procedure and the CGRS declares the subsequent asylum application inadmissible, they will not be entitled to reception during the appeal with the CALL.",-13.648212432861328,73
129,3771,syri20266_chunk012,Ukrainian Asylum   Political Activism,"Article 21 states that the Syrian state shall uphold women’s social status, protect their dignity, and support their role within both the family and society. It guarantees their rights to education and employment, as well as the protection of their social, economic, and political rights. The article also commits to safeguarding women from all forms of oppression, injustice, and violence.",-13.650760650634766,74
129,3835,syri20267_chunk012,Ukrainian Asylum   Political Activism,"Article 21 states that the Syrian state shall uphold women’s social status, protect their dignity, and support their role within both the family and society. It guarantees their rights to education and employment, as well as the protection of their social, economic, and political rights. The article also commits to safeguarding women from all forms of oppression, injustice, and violence.",-13.650760650634766,75
129,2531,dub-belg20262_chunk012,Ukrainian Asylum   Political Activism,"102 f) anføres: ”The Immigration Office is also competent for registering subsequent applications i.e. the asylum applicant’s declaration on new elements and the reasons why they could not invoke them earlier, and transmit the claim ‘without delay’ to the CGRS.",-13.651896476745605,76
129,3391,dub-fran20262_chunk038,Ukrainian Asylum   Political Activism,The law describes the procedure to be followed by reception centres management and by the Prefect once a decision on the asylum claim which ends the right to remain has been adopted. OFII informs the reception centre management where the asylum seeker is accommodated that the right to reception conditions has ended and that the provision of accommodation will be terminated upon a specific date.,-13.666860580444336,77
129,3361,dub-fran20262_chunk008,Ukrainian Asylum   Political Activism,"Om forholdene for Dublin returnees fremgår på side 75 bl.a.: “Applications of persons returned to France under the Dublin III Regulation are treated in the same way as any other asylum applications. If the asylum seeker comes from a safe country of origin, their application is examined under the accelerated procedure.",-13.670758247375488,78
129,2734,ugan202610_chunk011,Ukrainian Asylum   Political Activism,"national Convention on Civil and Political Rights: LGBTQ+Rights, udgivet den 26. maj 2023, fremgår, at forholdene for LGBT+-personer i Uganda er forværret betydeligt som følge af den nævnte lov.",-13.679533004760742,79
129,2496,dub-belg20261_chunk028,Ukrainian Asylum   Political Activism,"128) om Dublin returnees: ”Depending on the situation of their procedure in Belgium at the moment they left Belgium, asylum applicants sent back to Belgium following a Dublin procedure in another country can be considered subsequent applicants …In such a case, they mostly only get shelter after their asylum application is taken into consideration by the CGRS … .",-13.692876815795898,80
129,2553,dub-belg20262_chunk034,Ukrainian Asylum   Political Activism,"128) om Dublin returnees: ”Depending on the situation of their procedure in Belgium at the moment they left Belgium, asylum applicants sent back to Belgium following a Dublin procedure in another country can be considered subsequent applicants …In such a case, they mostly only get shelter after their asylum application is taken into consideration by the CGRS … .",-13.692876815795898,81
129,1148,bulg20263_chunk010,Ukrainian Asylum   Political Activism,"This decision depends on the phase of the Bulgarian asylum procedure of the Dublin returnee as outlined below:  
-If the returnee has a pending asylum application in Bulgaria, or the procedure was terminated because of the returnee’s absconding, he or she is transferred to a SAR reception centre.",-13.735146522521973,82
129,2488,dub-belg20261_chunk020,Ukrainian Asylum   Political Activism,"If, after a final negative decision in the asylum procedure, a request for a prolongation of reception … was pending or granted and the person lodges a second or further subsequent asylum application, the Dispatching service of Fedasil will take a new decision regarding access to reception conditions in the new procedure.",-13.785496711730957,83
129,2545,dub-belg20262_chunk026,Ukrainian Asylum   Political Activism,"If, after a final negative decision in the asylum procedure, a request for a prolongation of reception … was pending or granted and the person lodges a second or further subsequent asylum application, the Dispatching service of Fedasil will take a new decision regarding access to reception conditions in the new procedure.",-13.785496711730957,84
129,1085,dub-bulg20261_chunk017,Ukrainian Asylum   Political Activism,"Such refusal and serving of the refusal’s decision in absentia is legally possible, if an interview has been conducted with the returnee prior their absconding from Bulgaria and if based on the information gathered from the interview the case worker could form an opinion about the credibility of the asylum claim. …
Since 2020, the LAR explicitly provides for the mandatory reopening of an asylum p",-13.796822547912598,85
129,3393,dub-fran20262_chunk040,Ukrainian Asylum   Political Activism,"If we compare the number of asylum applications pending at the end of 2024 according to Eurostat (147,950) and the number of asylum seekers benefitting from reception conditions at this date (90,329 persons in total at the end of December 2024 according to OFII), this means more than 50,000 asylum seekers do not have reception conditions in France.",-13.817696571350098,86
129,5732,ugan20262_chunk008,Ukrainian Asylum   Political Activism,"Af baggrundsoplysningerne om forholdene for LGBT+ personer i Uganda, herunder Human Rights Watch, Ugandan Parliament Passes Extreme Anti-LGBT, udgivet den 22. marts 2023, Amnesty International, Uganda: President´s approval of anti-LGBTI Bill is a grave assault on Civil and Political Rights: LGBTQ-Rights, udgivet den 26. maj 2023 og The Advocates for human Rights, Ugandas Compliance with the Intern",-13.822264671325684,87
129,2037,dub-fran20263_chunk024,Ukrainian Asylum   Political Activism,"After having registered their claim at the Prefecture, asylum seekers receive the asylum claim certificate that allows them to remain legally on French territory until: [*] The end of the asylum procedure; [*] A negative first instance decision for inadmissible claims and certain categories of claims rejected in an accelerated procedure – safe country of origin, subsequent application, threat to p",-13.839459419250488,88
129,1081,dub-bulg20261_chunk013,Ukrainian Asylum   Political Activism,"Forholdene for Dublin-returnees i Bulgarien er nærmere beskrevet i AIDA´s seneste rapport, ”Country Report Bulgaria, Update on 2025” fra maj 2026, under ”Asylum Procedure”, pkt. C.",-13.84316635131836,89
129,2060,fran20264_chunk010,Ukrainian Asylum   Political Activism,"When the relevant Prefectures are in the Paris surroundings, two situations may occur: [*]On the one hand, some Prefectures do not register the asylum claims of Dublin returnees and redirect them to the SPADA.",-13.911849021911621,90
129,1089,dub-bulg20261_chunk021,Ukrainian Asylum   Political Activism,"If there is no available place food and accommodation in reception centres of the asylum agency SAR, Dublin returnees will have to secure accommodation and nutrition at their own expenses.",-13.913652420043945,91
129,2027,dub-fran20263_chunk014,Ukrainian Asylum   Political Activism,"When the relevant Prefectures are in the Paris surroundings, two situations may occur: [*] On the one hand, some Prefectures do not register the asylum claims of Dublin returnees and redirect them to the SPADA.",-13.936485290527344,92
129,3373,dub-fran20262_chunk020,Ukrainian Asylum   Political Activism,This provision applies to all asylum seekers even if their claim is channelled under the accelerated or Dublin procedure. The only nuance is that asylum seekers under the Dublin procedure do not have access to reception centres for asylum seekers (CADA) but have access to the other forms of accommodation and accommodation support.,-13.939682006835938,93
129,3366,dub-fran20262_chunk013,Ukrainian Asylum   Political Activism,"When the relevant Prefectures are in the Paris surroundings, two situations may occur: On the one hand, some Prefectures do not register the asylum claims of Dublin returnees and redirect them to the SPADA.",-13.964327812194824,94
129,1154,bulg20263_chunk016,Ukrainian Asylum   Political Activism,"Since 2020, the LAR explicitly provides for the mandatory reopening of an asylum procedure with respect to an applicant who is returned to Bulgaria under the Dublin Regulation, provided that s/he has not been issued a decision on merits while in absentia.",-14.010893821716309,95
129,2733,ugan202610_chunk010,Ukrainian Asylum   Political Activism,"Af baggrundsoplysningerne om forholdene for LGBT+-personer i Uganda, herunder Human Rights Watch, Ugandan Parliament Passes Extreme Anti-LGBT, udgivet den 22. marts 2023, Amnesty International, Uganda: Presidents´s approval of anti-LGBTI Bill is a grave assault on Civil and Political Rights: LGBTQ-Rights, udgivet den 26. maj 2023 og The Advocates for Human Rights, Ugandas Compliance with the Inter",-14.088102340698242,96
129,3523,syri20261_chunk009,Ukrainian Asylum   Political Activism,"Article 21 states that the Syrian state shall uphold women’s social status, protect their dignity, and support their role within both the family and society. It guarantees their rights to education and employment, as well as the protection of their social, economic, and political rights. The article also commits to safeguarding women from all forms of oppression, injustice, and violence.",-14.099193572998047,97
129,5733,ugan20262_chunk009,Ukrainian Asylum   Political Activism,"ational Convention on Civil and Political Rights: LGBTQ+Rights, udgivet den 26.

Maj 2023, fremgår, at forholdene for LGBT+ personer i Uganda er forværret betydeligt som følge af den nævnte lov.",-14.243874549865723,98
129,4999,paki20262_chunk011,Ukrainian Asylum   Political Activism,"Flygtningenævnet bemærker, at de generelle forhold for kvinder i Pakistan, herunder navnlig enlige kvinder, efter baggrundsoplysningerne er problematiske og prægede af risikoen for overgreb, men at forholdene ikke i sig selv er asylbegrundende, jf. således rapporten fra UK Home Office, Pakistan: Women fearing genderbased violence, fra november 2022 samt UN Committee on Civil and Political Rights, ",-14.399632453918457,99
131,2491,dub-belg20261_chunk023,High Court Extradition Denials,"Health care and a dignified standard of living should be always ensured. According to the Constitutional Court, the decision to refuse reception in such cases can only be taken in cases of abuse of the asylum procedure, e.g. when the person applies for asylum for the sole purpose of extending the right to reception.",-10.615033149719238,0
131,2548,dub-belg20262_chunk029,High Court Extradition Denials,"Health care and a dignified standard of living should be always ensured. According to the Constitutional Court, the decision to refuse reception in such cases can only be taken in cases of abuse of the asylum procedure, e.g. when the person applies for asylum for the sole purpose of extending the right to reception.",-10.615033149719238,1
131,3151,afgh202649_chunk020,High Court Extradition Denials,"In this context the Court reiterates that a real risk of being subjected to treatment contrary to Article 3 of the Convention may emanate from a general situation, a personal characteristic of the applicant or a combination of the two. …” Flygtningenævnets flertal lægger vægt på, at det som anført ovenfor kan lægges til grund, at ansøgeren forud for sin udrejse af Afghanistan havde en æresrelatere",-10.957311630249023,2
131,368,ukra202620_chunk029,High Court Extradition Denials,"1, litra b, om materielle afgørelser i sager vedrørende ”well-established case-law of the Court”. Den seneste rapport i de foreliggende baggrundsoplysninger, der i nærmere detaljer redegør for forholdene for varetægtsarrestanter og strafafsonere i Ukraine er Udlændingestyrelsens rapport fra december 2024 med titlen ”Ukraine Prisons conditions, 2024 update”.",-11.78962516784668,3
131,5734,ugan20262_chunk010,High Court Extradition Denials,"Ugandas forfatningsdomstol har ved en afgørelse af 3. april 2024 opretholdt hovedparten af lovens bestemmelser, herunder muligheden for at idømme dødsstraf, samt en forpligtelse til at anmelde homoseksuelle aktivister, såfremt man bliver bekendt med sådanne, jf. rapporten Uganda: Court Upholds Anti-Homosexuality Act.",-11.793736457824707,4
131,3435,ukra20269_chunk016,High Court Extradition Denials,"1, litra b, om materielle afgørelser i sager vedrørende ”well-established case-law of the Court”. Den seneste rapport i de foreliggende baggrundsoplysninger, der i nærmere detaljer redegør for forholdene for varetægtsarrestanter og strafafsonere i Ukraine, synes at være Udlændingestyrelsens rapport fra december 2024 med titlen ”Ukraine Prisons conditions, 2024 update”.",-11.83156967163086,5
131,3761,syri20266_chunk002,High Court Extradition Denials,"Der er retteligt tale om, at domstolen den 23. september 2025 traf en beslutning i den pågældende sag om ophævelse af en tidligere iværksat midlertidig foranstaltning i medfør af § 39 (”Rule 39”) i domstolens procesreglement (”Rules of Court”) om, at klageren ikke for indeværende skulle udsendes til Syrien. Domstolen offentliggjorde den 24. september 2025 en pressemeddelelse herom.",-11.864627838134766,6
131,3825,syri20267_chunk002,High Court Extradition Denials,"Der er retteligt tale om, at domstolen den 23. september 2025 traf en beslutning i den pågældende sag om ophævelse af en tidligere iværksat midlertidig foranstaltning i medfør af § 39 (”Rule 39”) i domstolens procesreglement (”Rules of Court”) om, at klageren ikke for indeværende skulle udsendes til Syrien. Domstolen offentliggjorde den 24. september 2025 en pressemeddelelse herom.",-11.864627838134766,7
131,3150,afgh202649_chunk019,High Court Extradition Denials,"Still the Court does not find that the general human rights situation, while certainly serious, can be considered sufficient to conclude that any removal to Afghanistan would necessarily breach Article 3 of the Convention. However, it must be duly taken into account when assessing the risks an individual may face upon return.",-12.070043563842773,8
131,2724,ugan202610_chunk001,High Court Extradition Denials,"Ansøgeren har som asylmotiv henvist til, at han frygter at blive slået ihjel eller fængslet, fordi han er homoseksuel. Ansøgeren har til støtte herfor oplyst, at da han gik i high school, blev han taget i at kysse med sin kæreste, [A], på skolens toilet. Ansøgeren og [A] blev udsat for vold foran de andre elever for at statuere et eksempel.",-12.448211669921875,9
131,3383,dub-fran20262_chunk030,High Court Extradition Denials,"In case of suspension, a letter stating the intention to suspend material reception conditions is sent to the asylum seeker, who then has 15 days to challenge this decision through an informal appeal (i.e., written observations). All decisions relating to the refusal or withdrawal of reception conditions can be appealed before the Administrative Court under the common rules of administrative law.",-12.565933227539062,10
131,2735,ugan202610_chunk012,High Court Extradition Denials,"Ugandas forfatningsdomstol har ved en afgørelse af 3. april 2024 opretholdt hovedparten af lovens bestemmelser, herunder muligheden for at idømme dødstraf, samt en forpligtelse til at anmelde homoseksuelle aktiviteter, såfremt man bliver bekendt med sådanne, jf. rapporten Uganda: Court Upholds Anti-Homosexuality Act.",-12.569135665893555,11
131,2493,dub-belg20261_chunk025,High Court Extradition Denials,"In certain cases, subsequent applicants obtained reception after challenging such decisions before the courts. This means that the access to the right to reception in these cases often depends on whether the applicant is supported by an experienced lawyer.",-12.85302448272705,12
131,2550,dub-belg20262_chunk031,High Court Extradition Denials,"In certain cases, subsequent applicants obtained reception after challenging such decisions before the courts. This means that the access to the right to reception in these cases often depends on whether the applicant is supported by an experienced lawyer.",-12.85302448272705,13
131,3389,dub-fran20262_chunk036,High Court Extradition Denials,"Many cases have since been submitted to the courts, making it possible to reinstate MRCs in the many situations where OFII had withdrawn them without properly taking individual situations into account. In cases of subsequent applications, some Prefectures systematically reduce reception conditions of asylum seekers.",-12.885568618774414,14
131,2656,ukra202611_chunk016,High Court Extradition Denials,"For manglende registrering av militære opplysninger eller for ikke å møte etter mottatt innkalling, kan man straffes etter den administrative loven om forseelser (Court 2024a; CMS Law Now 2024; Lov om adminstrative forseelser 1984, art.",-13.00890827178955,15
131,2750,ukra20264_chunk007,High Court Extradition Denials,"For manglende registrering av militære opplysninger eller for ikke å møte etter mottatt innkalling, kan man straffes etter den administrative loven om forseelser (Court 2024a; CMS Law Now 2024; Lov om adminstrative forseelser 1984, art.",-13.00890827178955,16
131,4363,ukra20266_chunk018,High Court Extradition Denials,"Food is provided according to rations set by the State Criminal Executive Service, but the quality and nutritional value are frequently described as insufficient. The reports state that the meals provided do not always meet the basic nutritional requirements, particularly in facilities experiencing high levels of overcrowding.",-13.123407363891602,17
131,3640,syri20263_chunk063,High Court Extradition Denials,"According to a Kurdish civil society activist, Kurds are not prevented from accessing housing or public services, nor have they faced ethnically motivated dismissals from public employment. The activist highlighted the presence of several high-ranking Kurdish officials within government institutions, including the Minister of Education.",-13.223886489868164,18
131,3734,syri20264_chunk028,High Court Extradition Denials,"According to a Kurdish civil society activist, Kurds are not prevented from accessing housing or public services, nor have they faced ethnically motivated dismissals from public employment. The activist highlighted the presence of several high-ranking Kurdish officials within government institutions, including the Minister of Education.",-13.223886489868164,19
131,3390,dub-fran20262_chunk037,High Court Extradition Denials,"In Lyon, Marseille, Paris and its surroundings, no subsequent claimants can benefit from reception conditions. In a few cases, subsequent claimants can benefit from these conditions after demonstrating their particular vulnerability and their specific needs in terms of accommodation. It is also possible after these 15 days to lodge an appeal before the administrative court.",-13.253656387329102,20
131,2024,dub-fran20263_chunk011,High Court Extradition Denials,"Support and assistance to Dublin returnees remains complicated. The humanitarian emergency reception centre (Permanence d’accueil d’urgence humanitaire, PAUH) run by the Red Cross based next to Roissy – Charles de Gaulle airport aims to provide people released from the transit zone, after a court decision, with legal and social support.",-13.46497631072998,21
131,2057,fran20264_chunk007,High Court Extradition Denials,"Support and assistance to Dublin returnees remains complicated. The humanitarian emergency reception centre (Permanence d’accueil d’urgence humanitaire, PAUH) run by the Red Cross based next to Roissy – Charles de Gaulle airport aims to provide people released from the transit zone, after a court decision, with legal and social support.",-13.467966079711914,22
131,3555,syri20261_chunk041,High Court Extradition Denials,"Women returning to Syria without a husband will generally not be able to support themselves in Syria due to the deteriorated economic situation with very high rental costs and very limited job opportunities. For many single women, the high cost of housing combined with prevailing social attitudes toward women living alone makes it difficult to secure accommodation.",-13.51684284210205,23
131,3616,syri20263_chunk039,High Court Extradition Denials,"Women returning to Syria without a husband will generally not be able to support themselves in Syria due to the deteriorated economic situation with very high rental costs and very limited job opportunities. For many single women, the high cost of housing combined with prevailing social attitudes toward women living alone makes it difficult to secure accommodation.",-13.51684284210205,24
131,3686,syri20262_chunk044,High Court Extradition Denials,"Women returning to Syria without a husband will generally not be able to support themselves in Syria due to the deteriorated economic situation with very high rental costs and very limited job opportunities. For many single women, the high cost of housing combined with prevailing social attitudes toward women living alone makes it difficult to secure accommodation.",-13.51684284210205,25
131,3803,syri20266_chunk044,High Court Extradition Denials,"Women returning to Syria without a husband will generally not be able to support themselves in Syria due to the deteriorated economic situation with very high rental costs and very limited job opportunities. For many single women, the high cost of housing combined with prevailing social attitudes toward women living alone makes it difficult to secure accommodation.",-13.51684284210205,26
131,3867,syri20267_chunk044,High Court Extradition Denials,"Women returning to Syria without a husband will generally not be able to support themselves in Syria due to the deteriorated economic situation with very high rental costs and very limited job opportunities. For many single women, the high cost of housing combined with prevailing social attitudes toward women living alone makes it difficult to secure accommodation.",-13.51684284210205,27
131,708,rusl202634_chunk017,High Court Extradition Denials,Although certain groups can be identified as being more at risk than others it should be noted that there is a high degree of unpredictability and arbitrariness in the actions of Chechen authorities in regards to coercive recruitment. Sources have indicated that any contact with Chechen authorities can involve risks from a recruitment perspective.,-13.57952880859375,28
131,757,rusl202635_chunk018,High Court Extradition Denials,Although certain groups can be identified as being more at risk than others it should be noted that there is a high degree of unpredictability and arbitrariness in the actions of Chechen authorities in regards to coercive recruitment. Sources have indicated that any contact with Chechen authorities can involve risks from a recruitment perspective.,-13.57952880859375,29
131,1240,rusl202629_chunk022,High Court Extradition Denials,Although certain groups can be identified as being more at risk than others it should be noted that there is a high degree of unpredictability and arbitrariness in the actions of Chechen authorities in regards to coercive recruitment. Sources have indicated that any contact with Chechen authorities can involve risks from a recruitment perspective.,-13.57952880859375,30
131,4849,rusl20266_chunk021,High Court Extradition Denials,Although certain groups can be identified as being more at risk than others it should be noted that there is a high degree of unpredictability and arbitrariness in the actions of Chechen authorities in regards to coercive recruitment. Sources have indicated that any contact with Chechen authorities can involve risks from a recruitment perspective.,-13.57952880859375,31
131,3868,syri20267_chunk045,High Court Extradition Denials,"As a result, many choose to remain abroad or in refugee camps. Women at-tempting to return to Damascus encounter significant obstacles in securing both housing and employment. Some women who previously resided in refugee camps in Idlib and sought to resettle in Damascus following the fall of the former government ultimately had to return to the camps due to the prohibitively high rental costs.",-13.701850891113281,32
131,3804,syri20266_chunk045,High Court Extradition Denials,"As a result, many choose to remain abroad or in refugee camps. Women attempting to return to Damascus encounter significant obstacles in securing both housing and employment. Some women who previously resided in refugee camps in Idlib and sought to resettle in Damascus following the fall of the former government ultimately had to return to the camps due to the prohibitively high rental costs.",-13.7164306640625,33
131,3363,dub-fran20262_chunk010,High Court Extradition Denials,"The humanitarian emergency reception centre (Permanence d’accueil d’urgence humanitaire, PAUH) run by the Red Cross based next to Roissy – Charles de Gaulle airport aims to provide people released from the transit zone, after a court decision, with legal and social support.",-13.722271919250488,34
131,502,syri202613_chunk027,High Court Extradition Denials,"3 – anføres, at ingen områder i Syrien har en ”exceptionally high level” (dvs. ”mere presence”) eller ”high level” af ”indiscriminate violence”, og at ”indiscriminate violence” alene forekommer ”not at a high level” i en række provinser, ligesom der i Damaskus er ”no real risk for a civilian to be personally affected by indiscriminate violence”.",-13.766806602478027,35
131,517,syri202614_chunk012,High Court Extradition Denials,"3 – anføres, at ingen områder i Syrien har en ”exceptionally high level” (dvs. ”mere presence”) eller ”high level” af ”indiscriminate violence”, og at ”indiscriminate violence” alene forekommer ”not at a high level” i en række provinser, ligesom der i Damaskus er ”no real risk for a civilian to be personally affected by indiscriminate violence”.",-13.766806602478027,36
131,650,syri202614_chunk012_dup1,High Court Extradition Denials,"3 – anføres, at ingen områder i Syrien har en ”exceptionally high level” (dvs. ”mere presence”) eller ”high level” af ”indiscriminate violence”, og at ”indiscriminate violence” alene forekommer ”not at a high level” i en række provinser, ligesom der i Damaskus er ”no real risk for a civilian to be personally affected by indiscriminate violence”.",-13.766806602478027,37
131,3753,syri20264_chunk047,High Court Extradition Denials,"3 – anføres, at ingen områder i Syrien har en ”exceptionally high level” (dvs. ”mere presence”) eller ”high level” af ”indiscriminate violence”, og at ”indiscriminate violence” alene forekommer ”not at a high level” i en række provinser, ligesom der i Damaskus er ”no real risk for a civilian to be personally affected by indiscriminate violence”.",-13.766806602478027,38
131,3901,syri20265_chunk014,High Court Extradition Denials,"3 – anføres, at ingen områder i Syrien har en ”exceptionally high level” (dvs. ”mere presence”) eller ”high level” af ”indiscriminate violence”, og at ”indiscriminate violence” alene forekommer ”not at a high level” i en række provinser, ligesom der i Damaskus er ”no real risk for a civilian to be personally affected by indiscriminate violence”.",-13.766806602478027,39
131,3556,syri20261_chunk042,High Court Extradition Denials,"As a result, many choose to remain abroad or in refugee camps. Women attempting to return to Damascus encounter significant obstacles in securing both housing and employment. Some women who previously resided in refugee camps in Idlib and sought to resettle in Damascus following the fall of the former government ultimately had to return to the camps due to the prohibitively high rental costs.",-13.82197380065918,40
131,3617,syri20263_chunk040,High Court Extradition Denials,"As a result, many choose to remain abroad or in refugee camps. Women attempting to return to Damascus encounter significant obstacles in securing both housing and employment. Some women who previously resided in refugee camps in Idlib and sought to resettle in Damascus following the fall of the former government ultimately had to return to the camps due to the prohibitively high rental costs.",-13.82197380065918,41
131,3687,syri20262_chunk045,High Court Extradition Denials,"As a result, many choose to remain abroad or in refugee camps. Women attempting to return to Damascus encounter significant obstacles in securing both housing and employment. Some women who previously resided in refugee camps in Idlib and sought to resettle in Damascus following the fall of the former government ultimately had to return to the camps due to the prohibitively high rental costs.",-13.82197380065918,42
132,1162,bulg20263_chunk024,Applicant Identity   Background,"Applicants who are children, unaccompanied children, disabled, elderly, pregnant, single parents taking care of underage children, victims of trafficking, persons with serious health issues, psychological disorders or persons who suffered torture, rape or other forms of psychological, physical or sexual violence are considered as individuals belonging to a vulnerable group.",-1.9119937419891357,0
132,1167,bulg20263_chunk029,Applicant Identity   Background,"Additionally, an early identification questionnaire was established for applicants who experienced traumatising experiences in order to determine their special needs and to facilitate the referral to adequate psychological or medical care.",-9.230293273925781,1
132,3381,dub-fran20262_chunk028,Applicant Identity   Background,"Has provided false statements concerning their identity or personal situation, in particular their financial situation; 3. Has made a subsequent application or, without legitimate reason, has not made an application within 90 days of entry into the French territory; 4. Exhibits violent behaviour or serious disrespect of the house rules of the centre.",-9.805924415588379,2
132,1166,bulg20263_chunk028,Applicant Identity   Background,"If an applicant is identified as vulnerable, the new rules foresee that the vulnerability will be added to the registration form, including a detailed explanation and a follow-up assessment to be described in an appendix.",-10.486326217651367,3
132,1174,bulg20263_chunk036,Applicant Identity   Background,"Therefore, in 2025 need assessments as well as planning and provision of support measures with respect to applicants with identified vulnerabilities were still carried out unsystematically. The situation of an applicant belonging to a vulnerable group has to be taken into account by the authorities when deciding on accommodation.",-11.681511878967285,4
132,1161,bulg20263_chunk023,Applicant Identity   Background,According to the provision “applicant in need of special procedural guarantees” means an applicant from a vulnerable group who needs special guarantees to be able to benefit from the rights and comply with the obligations provided for in the law.,-12.580584526062012,5
132,1165,bulg20263_chunk027,Applicant Identity   Background,"In 2018, the SAR adopted new internal rules of procedure whereby social experts provide assistance to its staff during the initial medical examination so as to enable the early identification of vulnerable applicants and their special needs.",-12.698479652404785,6
132,1169,bulg20263_chunk031,Applicant Identity   Background,"SAR social workers conducted a total of 273 vulnerability assessments and identified 115 applicants with vulnerabilities or special needs. SAR acknowledged to have dealt with 1,127 applicants with vulnerabilities as defined by the law in 2025. These figures obtained through monitoring indicated that just 24% of all asylum applicants with vulnerabilities received proper assessments of their needs.",-13.025248527526855,7
132,4847,rusl20266_chunk019,Applicant Identity   Background,These persons were given a choice: either they would to be outed so that their LGBT identity would be known in the public and by their families – which would entail the risk of them being killed – or they could sign a contract with the MoD. Users of illegal drugs and alcohol has also been forced to sign contracts with the MoD.,-13.161176681518555,8
132,3151,afgh202649_chunk020,Applicant Identity   Background,"In this context the Court reiterates that a real risk of being subjected to treatment contrary to Article 3 of the Convention may emanate from a general situation, a personal characteristic of the applicant or a combination of the two. …” Flygtningenævnets flertal lægger vægt på, at det som anført ovenfor kan lægges til grund, at ansøgeren forud for sin udrejse af Afghanistan havde en æresrelatere",-13.172163009643555,9
132,1157,bulg20263_chunk019,Applicant Identity   Background,"follow-ups on identified cases, remained substandard, to the point this continued to present the most significant violation of existing obligation in the context of the asylum procedure in the course of already several years. … Therefore, in 2025 needs assessment as well as planning and provision of support measures with respect to applicants with identified vulnerabilities were still carried out ",-13.235140800476074,10
132,2480,dub-belg20261_chunk012,Applicant Identity   Background,"However, in practice, some asylum applicants or lawyers have experienced difficulties obtaining ‘Pro-Deo’ assignments because they are generally not accommodated in a reception centre, which makes the proof of their lack of income more burdensome … . An applicant does not have a right to remain on the territory even before the CGRS pronounces itself on admissibility in cases where: a.",-13.24209213256836,11
132,2537,dub-belg20262_chunk018,Applicant Identity   Background,"However, in practice, some asylum applicants or lawyers have experienced difficulties obtaining ‘Pro-Deo’ assignments because they are generally not accommodated in a reception centre, which makes the proof of their lack of income more burdensome … . An applicant does not have a right to remain on the territory even before the CGRS pronounces itself on admissibility in cases where: a.",-13.24209213256836,12
132,2475,dub-belg20261_chunk007,Applicant Identity   Background,"After the application is transmitted, the CGRS first decides on the Admissibility of the claim by determining whether there are new elements which significantly add to the likelihood of the applicant qualifies as a beneficiary of international protection. The claim is deemed admissible because the previous application was terminated based on implicit withdrawal.",-13.293959617614746,13
132,2497,dub-belg20261_chunk029,Applicant Identity   Background,"Applicants who are not considered subsequent applicants suffer the consequences of the ongoing reception crisis, in the context of which they are often deprived of shelter for several months before receiving access to the reception network … .” Det må på baggrund heraf lægges til grund, at afviste asylansøgeres ret til indkvartering i Belgien i praksis er ophørt efter et afslag på asyl, men at ret",-13.32250690460205,14
132,2487,dub-belg20261_chunk019,Applicant Identity   Background,"Asylum applicants must then present themselves to the Dispatching service at Fedasil’s arrival centre to be allocated a reception place. If the asylum applicant has not obtained reception from Fedasil during the first stage of the procedure and the CGRS declares the subsequent asylum application inadmissible, they will not be entitled to reception during the appeal with the CALL.",-13.388104438781738,15
132,2544,dub-belg20262_chunk025,Applicant Identity   Background,"Asylum applicants must then present themselves to the Dispatching service at Fedasil’s arrival centre to be allocated a reception place. If the asylum applicant has not obtained reception from Fedasil during the first stage of the procedure and the CGRS declares the subsequent asylum application inadmissible, they will not be entitled to reception during the appeal with the CALL.",-13.388104438781738,16
132,2493,dub-belg20261_chunk025,Applicant Identity   Background,"In certain cases, subsequent applicants obtained reception after challenging such decisions before the courts. This means that the access to the right to reception in these cases often depends on whether the applicant is supported by an experienced lawyer.",-13.426459312438965,17
132,2550,dub-belg20262_chunk031,Applicant Identity   Background,"In certain cases, subsequent applicants obtained reception after challenging such decisions before the courts. This means that the access to the right to reception in these cases often depends on whether the applicant is supported by an experienced lawyer.",-13.426459312438965,18
132,2481,dub-belg20261_chunk013,Applicant Identity   Background,The application is a third application; and b. The applicant remains without interruption in detention since their second application; and c. The CGRS has decided in the previous procedure concerning the second application that removal would not amount to direct or indirect refoulement.,-13.443697929382324,19
132,2496,dub-belg20261_chunk028,Applicant Identity   Background,"128) om Dublin returnees: ”Depending on the situation of their procedure in Belgium at the moment they left Belgium, asylum applicants sent back to Belgium following a Dublin procedure in another country can be considered subsequent applicants …In such a case, they mostly only get shelter after their asylum application is taken into consideration by the CGRS … .",-13.53652286529541,20
132,2473,dub-belg20261_chunk005,Applicant Identity   Background,"Flygtningenævnet lægger til grund, at klageren ved en overførsel til Belgien vil blive anset for ”subsequent applicant”, hvorom anføres følgende i pkt. E (s.",-13.549784660339355,21
132,1884,dub-nede20264_chunk012,Applicant Identity   Background,"Det fremgår om indkvarteringsforholdene blandt andet af rapportens side 19f: “Less than half of the people entitled to reception conditions (i.e. asylum seekers) as well as beneficiaries of international protection who have not been offered housing yet, were staying in regular Central Agency for the Reception of Asylum Applicants (COA) reception centres over the course of 2024 (34,675 out of 72,61",-13.55782699584961,22
132,4186,dub-nede20263_chunk014,Applicant Identity   Background,"Det fremgår om indkvarteringsforholdene blandt andet af rapportens side 19f: “Less than half of the people entitled to reception conditions (i.e. asylum seekers) as well as beneficiaries of international protection who have not been offered housing yet, were staying in regular Central Agency for the Reception of Asylum Applicants (COA) reception centres over the course of 2024 (34,675 out of 72,61",-13.55782699584961,23
132,2553,dub-belg20262_chunk034,Applicant Identity   Background,"128) om Dublin returnees: ”Depending on the situation of their procedure in Belgium at the moment they left Belgium, asylum applicants sent back to Belgium following a Dublin procedure in another country can be considered subsequent applicants …In such a case, they mostly only get shelter after their asylum application is taken into consideration by the CGRS … .",-13.571969032287598,24
132,2538,dub-belg20262_chunk019,Applicant Identity   Background,The application is a third application; and b. The applicant remains without interruption in detention since their second application; and c. The CGRS has decided in the previous procedure concerning the second application that removal would not amount to direct or indirect refoulement.,-13.594919204711914,25
132,1160,bulg20263_chunk022,Applicant Identity   Background,"ute number of asylum seekers formally recognised to have special needs or vulnerabilities. …
NGOs continue to play key role in early identification and assessment of applicants´vulnerability and their referral and according treatment. …”
Om sårbare asylansøgere fremgår det videre på side 101 f.:
”The law provides a definition of vulnerability.",-13.620673179626465,26
132,5527,dub-nede20262_chunk014,Applicant Identity   Background,"Det fremgår om indkvarteringsforholdene blandt andet af rapportens side 19f:“Less than half of the people entitled to reception conditions (i.e. asylum seekers) as well as beneficiaries of international protection who have not been offered housing yet,were staying in regular Central Agency for the Reception of Asylum Applicants (COA) reception centres over the course of 2024 (34,675 out of 72,610 ",-13.626469612121582,27
132,5552,dub-nede20261_chunk011,Applicant Identity   Background,"Det fremgår om indkvarteringsforholdene blandt andet af rapportens side 19f: “Less than half of the people entitled to reception conditions (i.e. asylum seekers) as well as beneficiaries of international protection who have not been offered housing yet,were staying in regular Central Agency for the Reception of Asylum Applicants (COA) reception centres over the course of 2024 (34,675 out of 72,610",-13.659945487976074,28
132,2554,dub-belg20262_chunk035,Applicant Identity   Background,"Applicants who are not considered subsequent applicants suffer the consequences of the ongoing reception crisis, in the context of which they are often deprived of shelter for several months before receiving access to the reception network … .” Modtagelsesforholdene for Dublin returnees i Belgien, herunder særligt for enlige mænd, er mangelfulde, men der har efter nævnets hidtidige praksis ikke væ",-13.665924072265625,29
132,2477,dub-belg20261_chunk009,Applicant Identity   Background,"Generally, this delay is not respected. The CGRS indicates it cannot decide within this strict legal deadline but stresses that treating subsequent applications is a priority. If the subsequent application is dismissed as inadmissible, the CGRS should determine whether the applicant's removal would lead to direct or indirect refoulement.",-13.681788444519043,30
132,2534,dub-belg20262_chunk015,Applicant Identity   Background,"Generally, this delay is not respected. The CGRS indicates it cannot decide within this strict legal deadline but stresses that treating subsequent applications is a priority. If the subsequent application is dismissed as inadmissible, the CGRS should determine whether the applicant's removal would lead to direct or indirect refoulement.",-13.681788444519043,31
132,1204,dub-bulg20262_chunk013,Applicant Identity   Background,"It often creates an environment which does not allow the applicant to present properly his accounts in a detailed and systematic way, thus preventing the case worker from clarifying the relevant facts and circumstances for the decision-making process.”
Det fremgår af en anmeldelsesrapport af [vinteren 2024/2025] om klagerens henvendelse i [politikreds] samme dag, at klageren er døvstum og alene k",-13.694100379943848,32
132,1086,dub-bulg20261_chunk018,Applicant Identity   Background,"rocedure with respect to an applicant who is returned to Bulgaria under the Dublin Regulation, provided that s/he has not been issued a decision on merits while in absentia.",-13.69880485534668,33
132,4810,kina20261_chunk036,Applicant Identity   Background,"Det fremgår af baggrundsoplysningerne, herunder rapporten ” China: Exit controls and security measures at airports, particularly Beijing airport, for Chinese citizens travelling overseas, including procedures at check points and the use of computerized identity verification and facial recognition technology (2017- August 2019)”, der er udgivet den 3. oktober 2019 af Immigration and Refugee Board o",-13.71198558807373,34
132,1238,rusl202629_chunk020,Applicant Identity   Background,These persons were given a choice: either they would to be outed so that their LGBT identity would be known in the public and by their fa­milies – which would entail the risk of them being killed – or they could sign a contract with the MoD. Users of illegal drugs and alcohol has also been forced to sign contracts with the MoD.,-13.715798377990723,35
132,1154,bulg20263_chunk016,Applicant Identity   Background,"Since 2020, the LAR explicitly provides for the mandatory reopening of an asylum procedure with respect to an applicant who is returned to Bulgaria under the Dublin Regulation, provided that s/he has not been issued a decision on merits while in absentia.",-13.732450485229492,36
132,1093,dub-bulg20261_chunk025,Applicant Identity   Background,"If, however, the Dublin returnee is among those, whose asylum procedures ended prior their return to Bulgaria with a refusal in absentia on the merits (substance), they are treated as irregular migrants with no access to the labour market, health care system or any other services that require legal residence and an identity document.",-13.737083435058594,37
132,2532,dub-belg20262_chunk013,Applicant Identity   Background,"After the application is transmitted, the CGRS first decides on the Admissibility of the claim by determining whether there are new elements which significantly add to the likelihood of the applicant qualifies as a beneficiary of international protection. The claim is deemed admissible because the previous application was terminated based on implicit withdrawal.",-13.738886833190918,38
132,706,rusl202634_chunk015,Applicant Identity   Background,These persons were given a choice: either they would to be outed so that their LGBT identity would be known in the public and by their fa¬milies – which would entail the risk of them being killed – or they could sign a contract with the MoD. Users of illegal drugs and alcohol has also been forced to sign contracts with the MoD.,-13.754186630249023,39
132,755,rusl202635_chunk016,Applicant Identity   Background,These persons were given a choice: either they would to be outed so that their LGBT identity would be known in the public and by their fa¬milies – which would entail the risk of them being killed – or they could sign a contract with the MoD. Users of illegal drugs and alcohol has also been forced to sign contracts with the MoD.,-13.754186630249023,40
132,5532,dub-nede20262_chunk019,Applicant Identity   Background,"Large differences between (crisis) shelters reveal that whether asylum seekers are able to experience decent reception in the Netherlands is subject to arbitrariness.” Det fremgår endvidere blandt andet af side 145:“Twice a year the COA predicts the capacity it will need in the upcoming period. In October 2024 COA was expecting, for July 2025, to need to house 115,000 asylum applicants.",-13.75659465789795,41
132,1889,dub-nede20264_chunk017,Applicant Identity   Background,"Large differences between (crisis) shelters reveal that whether asylum seekers are able to experience decent reception in the Netherlands is subject to arbitrariness.” Det fremgår endvidere blandt andet af side 145: “Twice a year the COA predicts the capacity it will need in the upcoming period. In October 2024 COA was expecting, for July 2025, to need to house 115,000 asylum applicants.",-13.767956733703613,42
132,4191,dub-nede20263_chunk019,Applicant Identity   Background,"Large differences between (crisis) shelters reveal that whether asylum seekers are able to experience decent reception in the Netherlands is subject to arbitrariness.” Det fremgår endvidere blandt andet af side 145: “Twice a year the COA predicts the capacity it will need in the upcoming period. In October 2024 COA was expecting, for July 2025, to need to house 115,000 asylum applicants.",-13.767956733703613,43
132,5557,dub-nede20261_chunk016,Applicant Identity   Background,"Large differences between (crisis) shelters reveal that whether asylum seekers are able to experience decent reception in the Netherlands is subject to arbitrariness.” Det fremgår endvidere blandt andet af side 145: “Twice a year the COA predicts the capacity it will need in the upcoming period. In October 2024 COA was expecting, for July 2025, to need to house 115,000 asylum applicants.",-13.786787986755371,44
132,2552,dub-belg20262_chunk033,Applicant Identity   Background,"In several cases, Fedasil has reviewed its decision after intervention by the Federal Mediator and has granted the applicants reception.” Det hedder videre i samme publikation pkt. A.1.3. (s.",-13.807366371154785,45
132,2482,dub-belg20261_chunk014,Applicant Identity   Background,"In principle, all applicants for international protection, including subsequent applicants, have the right to access reception conditions during the examination of their case. However, the Reception Act allows the possibility to refuse reception to subsequent applicants until their asylum application is deemed admissible by the CGRS.",-13.810757637023926,46
132,2539,dub-belg20262_chunk020,Applicant Identity   Background,"In principle, all applicants for international protection, including subsequent applicants, have the right to access reception conditions during the examination of their case. However, the Reception Act allows the possibility to refuse reception to subsequent applicants until their asylum application is deemed admissible by the CGRS.",-13.810757637023926,47
132,2530,dub-belg20262_chunk011,Applicant Identity   Background,"Under behandlingen af klagesagen har klageren endvidere tilkendegivet, at han nu ikke længere kan råde over den bolig, der blev stillet til hans rådighed af slægtninge i Belgien, ligesom han ikke længere har arbejde hos sine slægtninge. Forholdene for Dublin returnees og såkaldte ”subsequent applicants” er behandlet i nærmere i AIDA, Country Report Belgium, juni 2025, hvor det i pkt. E (s.",-13.881195068359375,48
132,2495,dub-belg20261_chunk027,Applicant Identity   Background,"In several cases, Fedasil has reviewed its decision after intervention by the Federal Mediator and has granted the applicants reception.” Det hedder videre i samme publikation pkt. A.1.3. (s.",-13.88476848602295,49
132,2485,dub-belg20261_chunk017,Applicant Identity   Background,"A total of 6,469 applicants lodged subsequent applications in 2024: …” Herudover anføres det i pkt. A.1.2. (s. 125 f) om Right to Reception: Subsequent Applications: “The Reception Act provides the possibility for Fedasil to refuse reception to asylum applicants who lodge a second or further subsequent asylum application, until their asylum application is deemed admissible by the CGRS.",-13.904926300048828,50
132,2542,dub-belg20262_chunk023,Applicant Identity   Background,"A total of 6,469 applicants lodged subsequent applications in 2024: …” Herudover anføres det i pkt. A.1.2. (s. 125 f) om Right to Reception: Subsequent Applications: “The Reception Act provides the possibility for Fedasil to refuse reception to asylum applicants who lodge a second or further subsequent asylum application, until their asylum application is deemed admissible by the CGRS.",-13.904926300048828,51
132,2423,dub-pole20262_chunk016,Applicant Identity   Background,"Nævnet er videre opmærksom på, at det fremgår af side 21 i rapporten ”Asylum in Europe - the situation of applicants for international protection in 2024” udgivet af ECRE den 18. september 2025, at der på trods af en vis positiv udvikling i 2024 fortsat ses udfordringer i form af global boligmangel, besværlige administrative procedurer, restriktive politikker og utilstrækkelige støtteforanstaltnin",-13.944284439086914,52
132,3380,dub-fran20262_chunk027,Applicant Identity   Background,"According to Articles L. 551-15 (refusal) and L. 551-16 (withdrawal) Ceseda, as amended in 2018, material reception conditions can be refused or withdrawn where the applicant 1. Without legitimate reason, has not presented themselves to relevant authorities when required, has not responded to an information request or has not attended interviews related to the asylum application; 2.",-13.960713386535645,53
132,2486,dub-belg20261_chunk018,Applicant Identity   Background,"Between the moment of the subsequent application and the admissibility decision by the CGRS, asylum applicants who are refused reception nevertheless have the right to medical assistance from Fedasil and to free legal representation. Once the CGRS has deemed the application admissible, the right to access reception is reactivated.",-14.001482009887695,54
132,2543,dub-belg20262_chunk024,Applicant Identity   Background,"Between the moment of the subsequent application and the admissibility decision by the CGRS, asylum applicants who are refused reception nevertheless have the right to medical assistance from Fedasil and to free legal representation. Once the CGRS has deemed the application admissible, the right to access reception is reactivated.",-14.001482009887695,55
132,3779,syri20266_chunk020,Applicant Identity   Background,"The situation of women in Syria — including their safety and treatment — reportedly varies widely, largely depending on their sectarian background and the region in which they live.…A Syrian human rights organisation observed that Sunni women, especially if they are wearing the hijab (such as women from Idlib, Aleppo, and Homs), face fewer challenges than Alawite, Christian and Druze women.",-14.019803047180176,56
132,3533,syri20261_chunk019,Applicant Identity   Background,"In addition to a woman’s religious background and appearance, the way she is treated depends on her social class, income, and family background; wealthier or well-connected women are usually treated more fairly and respectfully than poorer women without influence. 8.1.2. Regional variations. The situation of women also varies significantly between regions.",-14.021186828613281,57
132,3843,syri20267_chunk020,Applicant Identity   Background,"The situation of women in Syria — including their safety and treatment — reportedly varies widely, largely depending on their sectarian background and the region in which they live.… A Syrian human rights organisation observed that Sunni women, especially if they are wearing the hijab (such as women from Idlib, Aleppo, and Homs), face fewer challenges than Alawite, Christian and Druze women.",-14.041213989257812,58
132,2549,dub-belg20262_chunk030,Applicant Identity   Background,"In practice, however, Fedasil almost systematically refuses to assign a reception place to subsequent applicants until their asylum application is declared admissible by the CGRS, mostly through standardised refusal decisions. On multiple occasions, labour tribunals have ordered Fedasil to motivate such decisions individually and consider all case elements.",-14.060001373291016,59
132,1156,bulg20263_chunk018,Applicant Identity   Background,"However, it does not secure their access to state provided food and accommodation in reception centres as these are guaranteed only to vulnerable applicants.”
Om forholdene for sårbare asylansøgere er i samme rapport anført følgende, side 66 ff.:
”Several initiatives on vulnerability were undertaken in previous years. …
In 2025, both vulnerability assessment and identification, but most of all ",-14.062889099121094,60
132,2492,dub-belg20261_chunk024,Applicant Identity   Background,"In practice, however, Fedasil almost systematically refuses to assign a reception place to subsequent applicants until their asylum application is declared admissible by the CGRS, mostly through standardised refusal decisions. On multiple occasions, labour tribunals have ordered Fedasil to motivate such decisions individually and consider all case elements.",-14.063252449035645,61
132,1088,dub-bulg20261_chunk020,Applicant Identity   Background,"However, it does not secure their access to state provided food and accommodation in reception centres as these are guaranteed only to vulnerable applicants. For any other Dublin returnees, who are not considered vulnerable, food and accommodation are contingent to the limited national reception capacity and availability.",-14.064456939697266,62
132,3637,syri20263_chunk060,Applicant Identity   Background,"According to a Syrian lawyer DIS consulted, individuals perceived as politically active or critical of the authorities may face reprisals comparable to those experienced by government critics of any background.",-14.078598976135254,63
132,3731,syri20264_chunk025,Applicant Identity   Background,"According to a Syrian lawyer DIS consulted, individuals perceived as politically active or critical of the authorities may face reprisals comparable to those experienced by government critics of any background.",-14.078598976135254,64
132,2483,dub-belg20261_chunk015,Applicant Identity   Background,"Although the Reception Act explicitly states that decisions which limit or withdraw the right to reception should be in line with the principle of proportionality, individually motivated and based on the particular situation of the person concerned, Fedasil almost systematically refuses to assign a reception place to subsequent applicants until their asylum application is declared admissible by th",-14.08166217803955,65
132,2540,dub-belg20262_chunk021,Applicant Identity   Background,"Although the Reception Act explicitly states that decisions which limit or withdraw the right to reception should be in line with the principle of proportionality, individually motivated and based on the particular situation of the person concerned, Fedasil almost systematically refuses to assign a reception place to subsequent applicants until their asylum application is declared admissible by th",-14.08166217803955,66
132,3548,syri20261_chunk034,Applicant Identity   Background,"In addition to their individual sectarian background and specific region, women face different challenges depending on their civil status. The situation of single, widowed, or divorced women has not changed or improved under the new government; they continue to face the same difficulties regarding employment, transport, housing, protection, and access to official documents.",-14.091559410095215,67
132,3609,syri20263_chunk032,Applicant Identity   Background,"In addition to their individual sectarian background and specific region, women face different challenges depending on their civil status. The situation of single, widowed, or divorced women has not changed or improved under the new government; they continue to face the same difficulties regarding employment, transport, housing, protection, and access to official documents.",-14.091559410095215,68
132,1175,bulg20263_chunk037,Applicant Identity   Background,"In practice, except the two safe-zones for unaccompanied children, other separate facilities for vulnerable applicants, families, single women or traumatised asylum seekers do not exist in the reception centres.”
Flygtningenævnet bemærker generelt, at Dublinforordningen er baseret på princippet om gensidig tillid mellem medlemsstaterne, og der gælder således en formodning om, at behandlingen af a",-14.105952262878418,69
132,3531,syri20261_chunk017,Applicant Identity   Background,"The situation of women in Syria — including their safety and treatment — reportedly varies widely, largely depending on their sectarian background and the region in which they live. … A Syrian human rights organisation observed that Sunni women, especially if they are wearing the hijab (such as women from Idlib, Aleppo, and Homs), face fewer challenges than Alawite, Christian and Druze women.",-14.13131046295166,70
132,2478,dub-belg20261_chunk010,Applicant Identity   Background,"Recent case law of the CALL concerning Afghan applicants confirmed this. An appeal to the CALL against an inadmissibility decision should be made within 10 days, or 5 days when the applicant is in detention. The appeal has an automatic suspensive effect, except where: a. The CGRS deems that there is no risk of direct or indirect refoulement; and b.",-14.157731056213379,71
132,2535,dub-belg20262_chunk016,Applicant Identity   Background,"Recent case law of the CALL concerning Afghan applicants confirmed this. An appeal to the CALL against an inadmissibility decision should be made within 10 days, or 5 days when the applicant is in detention. The appeal has an automatic suspensive effect, except where: a. The CGRS deems that there is no risk of direct or indirect refoulement; and b.",-14.157731056213379,72
132,2531,dub-belg20262_chunk012,Applicant Identity   Background,"102 f) anføres: ”The Immigration Office is also competent for registering subsequent applications i.e. the asylum applicant’s declaration on new elements and the reasons why they could not invoke them earlier, and transmit the claim ‘without delay’ to the CGRS.",-14.175660133361816,73
132,2474,dub-belg20261_chunk006,Applicant Identity   Background,"102 f) i AIDA, Country Report Belgium, juni 2025: ”The Immigration Office is also competent for registering subsequent applications i.e. the asylum applicant’s declaration on new elements and the reasons why they could not invoke them earlier, and transmit the claim ‘without delay’ to the CGRS.",-14.209894180297852,74
132,3532,syri20261_chunk018,Applicant Identity   Background,"Non-Sunni women appear more vulnerable, especially when their identity is visible through appearance or behaviour. Most cases of discrimination, harassment and abuse of women are reported from minority areas, while such cases are rarely reported from Hama, Aleppo, or Daraa.",-14.255352020263672,75
132,3593,syri20263_chunk016,Applicant Identity   Background,"Non-Sunni women appear more vulnerable, especially when their identity is visible through appearance or behaviour. Most cases of discrimination, harassment and abuse of women are reported from minority areas, while such cases are rarely reported from Hama, Aleppo, or Daraa.",-14.255352020263672,76
132,3663,syri20262_chunk021,Applicant Identity   Background,"Non-Sunni women appear more vulnerable, especially when their identity is visible through appearance or behaviour. Most cases of discrimination, harassment and abuse of women are reported from minority areas, while such cases are rarely reported from Hama, Aleppo, or Daraa.",-14.255352020263672,77
132,3780,syri20266_chunk021,Applicant Identity   Background,"Non-Sunni women appear more vulnerable, especially when their identity is visible through appearance or behaviour. Most cases of discrimination, harassment and abuse of women are reported from minority areas, while such cases are rarely reported from Hama, Aleppo, or Daraa.",-14.255352020263672,78
132,3844,syri20267_chunk021,Applicant Identity   Background,"Non-Sunni women appear more vulnerable, especially when their identity is visible through appearance or behaviour. Most cases of discrimination, harassment and abuse of women are reported from minority areas, while such cases are rarely reported from Hama, Aleppo, or Daraa.",-14.255352020263672,79
132,3594,syri20263_chunk017,Applicant Identity   Background,"In addition to a woman’s religious background and appearance, the way she is treated depends on her social class, income, and family background; wealthier or well-connected women are usually treated more fairly and respectfully than poorer women without influence. 8.1.2. Regional variations. The situation of women also varies significantly between regions.",-14.396867752075195,80
132,3664,syri20262_chunk022,Applicant Identity   Background,"In addition to a woman’s religious background and appearance, the way she is treated depends on her social class, income, and family background; wealthier or well-connected women are usually treated more fairly and respectfully than poorer women without influence. 8.1.2. Regional variations. The situation of women also varies significantly between regions.",-14.396867752075195,81
132,3781,syri20266_chunk022,Applicant Identity   Background,"In addition to a woman’s religious background and appearance, the way she is treated depends on her social class, income, and family background; wealthier or well-connected women are usually treated more fairly and respectfully than poorer women without influence. 8.1.2. Regional variations. The situation of women also varies significantly between regions.",-14.396867752075195,82
132,3845,syri20267_chunk022,Applicant Identity   Background,"In addition to a woman’s religious background and appearance, the way she is treated depends on her social class, income, and family background; wealthier or well-connected women are usually treated more fairly and respectfully than poorer women without influence. 8.1.2. Regional variations. The situation of women also varies significantly between regions.",-14.396867752075195,83
132,3679,syri20262_chunk037,Applicant Identity   Background,"In addition to their individual sectarian background and specific region, women face different challenges depending on their civil status. The situation of single, widowed, or divorced women has not changed or improved under the new government; they continue to face the same difficulties regarding employment, transport, housing, protection, and access to official documents.",-14.4347505569458,84
132,3796,syri20266_chunk037,Applicant Identity   Background,"In addition to their individual sectarian background and specific region, women face different challenges depending on their civil status. The situation of single, widowed, or divorced women has not changed or improved under the new government; they continue to face the same difficulties regarding employment, transport, housing, protection, and access to official documents.",-14.4347505569458,85
132,3860,syri20267_chunk037,Applicant Identity   Background,"In addition to their individual sectarian background and specific region, women face different challenges depending on their civil status. The situation of single, widowed, or divorced women has not changed or improved under the new government; they continue to face the same difficulties regarding employment, transport, housing, protection, and access to official documents.",-14.4347505569458,86
132,3592,syri20263_chunk015,Applicant Identity   Background,"The situation of women in Syria — including their safety and treatment — reportedly varies widely, largely depending on their sectarian background and the region in which they live. … A Syrian human rights organisation observed that Sunni women, especially if they are wearing the hijab (such as women from Idlib, Aleppo, and Homs), face fewer challenges than Alawite, Christian and Druze women.",-14.465032577514648,87
132,3662,syri20262_chunk020,Applicant Identity   Background,"The situation of women in Syria — including their safety and treatment — reportedly varies widely, largely depending on their sectarian background and the region in which they live. … A Syrian human rights organisation observed that Sunni women, especially if they are wearing the hijab (such as women from Idlib, Aleppo, and Homs), face fewer challenges than Alawite, Christian and Druze women.",-14.465032577514648,88
132,1095,dub-bulg20261_chunk027,Applicant Identity   Background,"In the few cases when the returnees are not detained after their arrival, usually – due to administrative or institutional entanglements, they may face homelessness and destitution because of their irregular status in Bulgaria and the lack of valid residence and/or identity documents.",-14.546113967895508,89
15,5831,erit20261_chunk031,Perceived Past Behaviour Plausibility,"Most sources had heard of consequences of evasion and desertion for family members (parents, spouse or siblings) of evaders and deserters. However, some of these sources considered that this was worse in the past. In line with this, journalist Tom Gardner found that the Eritrean government was more ‘relaxed’ now compared to earlier.",-9.436549186706543,0
15,3780,syri20266_chunk021,Perceived Past Behaviour Plausibility,"Non-Sunni women appear more vulnerable, especially when their identity is visible through appearance or behaviour. Most cases of discrimination, harassment and abuse of women are reported from minority areas, while such cases are rarely reported from Hama, Aleppo, or Daraa.",-11.614785194396973,1
15,3844,syri20267_chunk021,Perceived Past Behaviour Plausibility,"Non-Sunni women appear more vulnerable, especially when their identity is visible through appearance or behaviour. Most cases of discrimination, harassment and abuse of women are reported from minority areas, while such cases are rarely reported from Hama, Aleppo, or Daraa.",-11.614785194396973,2
15,3532,syri20261_chunk018,Perceived Past Behaviour Plausibility,"Non-Sunni women appear more vulnerable, especially when their identity is visible through appearance or behaviour. Most cases of discrimination, harassment and abuse of women are reported from minority areas, while such cases are rarely reported from Hama, Aleppo, or Daraa.",-11.626468658447266,3
15,3593,syri20263_chunk016,Perceived Past Behaviour Plausibility,"Non-Sunni women appear more vulnerable, especially when their identity is visible through appearance or behaviour. Most cases of discrimination, harassment and abuse of women are reported from minority areas, while such cases are rarely reported from Hama, Aleppo, or Daraa.",-11.626468658447266,4
15,3663,syri20262_chunk021,Perceived Past Behaviour Plausibility,"Non-Sunni women appear more vulnerable, especially when their identity is visible through appearance or behaviour. Most cases of discrimination, harassment and abuse of women are reported from minority areas, while such cases are rarely reported from Hama, Aleppo, or Daraa.",-11.626468658447266,5
15,3637,syri20263_chunk060,Perceived Past Behaviour Plausibility,"According to a Syrian lawyer DIS consulted, individuals perceived as politically active or critical of the authorities may face reprisals comparable to those experienced by government critics of any background.",-11.644119262695312,6
15,3731,syri20264_chunk025,Perceived Past Behaviour Plausibility,"According to a Syrian lawyer DIS consulted, individuals perceived as politically active or critical of the authorities may face reprisals comparable to those experienced by government critics of any background.",-11.644119262695312,7
15,3381,dub-fran20262_chunk028,Perceived Past Behaviour Plausibility,"Has provided false statements concerning their identity or personal situation, in particular their financial situation; 3. Has made a subsequent application or, without legitimate reason, has not made an application within 90 days of entry into the French territory; 4. Exhibits violent behaviour or serious disrespect of the house rules of the centre.",-11.717211723327637,8
15,1114,dub-bulg20261_chunk046,Perceived Past Behaviour Plausibility,"Verbal abuse and rude behaviour by staff is reported often by the detainees; such indicated as well in ECPT 2024 report. Inter-detainee violence is also acknowledged to occur sometimes with measures taken to prevent the reoccurrence of such conflicts, but mainly by separating adult men from Afghanistan and those from Arabic speaking countries.”
I samme publikation, pkt.",-11.81710147857666,9
15,3600,syri20263_chunk023,Perceived Past Behaviour Plausibility,"Yet the lack of a neutral investigation of subsequent abductions of several women in Suweida means that it is still not possible to determine which actors were behind the kidnappings or to hold anyone accountable. 8.1.3. Precautionary measures and dress code. In order to minimise the risk of harassment or abuse, some women reportedly adjust their behaviour.",-11.87702465057373,10
15,3670,syri20262_chunk028,Perceived Past Behaviour Plausibility,"Yet the lack of a neutral investigation of subsequent abductions of several women in Suweida means that it is still not possible to determine which actors were behind the kidnappings or to hold anyone accountable. 8.1.3. Precautionary measures and dress code. In order to minimise the risk of harassment or abuse, some women reportedly adjust their behaviour.",-11.87702465057373,11
15,3787,syri20266_chunk028,Perceived Past Behaviour Plausibility,"Yet the lack of a neutral investigation of subsequent abductions of several women in Suweida means that it is still not possible to determine which actors were behind the kidnappings or to hold anyone accountable. 8.1.3. Precautionary measures and dress code. In order to minimise the risk of harassment or abuse, some women reportedly adjust their behaviour.",-11.87702465057373,12
15,1149,bulg20263_chunk011,Perceived Past Behaviour Plausibility,"In the past, the SAR usually suspended asylum procedures when asylum seekers had left Bulgaria before their procedures were completed. After the amendments of the law in 2020, the SAR obtained the right to directly terminate (discontinue) the asylum procedure in such cases without passing through a stage of suspension.",-11.92685317993164,13
15,3851,syri20267_chunk028,Perceived Past Behaviour Plausibility,"Yet the lack of a neutral investigation of subsequent abductions of several women in Suweida means that it is still not possible to determine which actors were be-hind the kidnappings or to hold anyone accountable. 8.1.3. Precautionary measures and dress code. In order to minimise the risk of harassment or abuse, some women reportedly adjust their behaviour.",-12.033102035522461,14
15,3539,syri20261_chunk025,Perceived Past Behaviour Plausibility,"Yet the lack of a neutral investigation of subsequent abductions of several women in Suweida means that it is still not possible to determine which actors were behind the kidnappings or to hold anyone accountable. 8.1.3. Precautionary measures and dress code. In order to minimise the risk of harassment or abuse, some women reportedly adjust their behaviour.",-12.629215240478516,15
17,1162,bulg20263_chunk024,Applicant Sexual Orientation Explanation,"Applicants who are children, unaccompanied children, disabled, elderly, pregnant, single parents taking care of underage children, victims of trafficking, persons with serious health issues, psychological disorders or persons who suffered torture, rape or other forms of psychological, physical or sexual violence are considered as individuals belonging to a vulnerable group.",-5.2891764640808105,0
17,1458,keny20262_chunk023,Applicant Sexual Orientation Explanation,"Kenya: Sexual orientation” fra UK Home Office fra februar 2025 (bilag 308), at LGBTI-personer i Kenya udgør en særlig social gruppe, og at de kan opleve blandt andet diskrimination, vold, verbal og seksuel chikane samt korrigerende voldtægt fra samfundet og familie. Staten er i stand til, men uvillig til at yde beskyttelse. Internt flugtalternativ kan foreligge for nogle.",-7.940511226654053,1
17,1166,bulg20263_chunk028,Applicant Sexual Orientation Explanation,"If an applicant is identified as vulnerable, the new rules foresee that the vulnerability will be added to the registration form, including a detailed explanation and a follow-up assessment to be described in an appendix.",-11.026043891906738,2
17,3151,afgh202649_chunk020,Applicant Sexual Orientation Explanation,"In this context the Court reiterates that a real risk of being subjected to treatment contrary to Article 3 of the Convention may emanate from a general situation, a personal characteristic of the applicant or a combination of the two. …” Flygtningenævnets flertal lægger vægt på, at det som anført ovenfor kan lægges til grund, at ansøgeren forud for sin udrejse af Afghanistan havde en æresrelatere",-11.518094062805176,3
17,2473,dub-belg20261_chunk005,Applicant Sexual Orientation Explanation,"Flygtningenævnet lægger til grund, at klageren ved en overførsel til Belgien vil blive anset for ”subsequent applicant”, hvorom anføres følgende i pkt. E (s.",-11.80853271484375,4
17,1161,bulg20263_chunk023,Applicant Sexual Orientation Explanation,According to the provision “applicant in need of special procedural guarantees” means an applicant from a vulnerable group who needs special guarantees to be able to benefit from the rights and comply with the obligations provided for in the law.,-11.815194129943848,5
17,1174,bulg20263_chunk036,Applicant Sexual Orientation Explanation,"Therefore, in 2025 need assessments as well as planning and provision of support measures with respect to applicants with identified vulnerabilities were still carried out unsystematically. The situation of an applicant belonging to a vulnerable group has to be taken into account by the authorities when deciding on accommodation.",-11.861329078674316,6
17,1165,bulg20263_chunk027,Applicant Sexual Orientation Explanation,"In 2018, the SAR adopted new internal rules of procedure whereby social experts provide assistance to its staff during the initial medical examination so as to enable the early identification of vulnerable applicants and their special needs.",-12.323662757873535,7
17,2497,dub-belg20261_chunk029,Applicant Sexual Orientation Explanation,"Applicants who are not considered subsequent applicants suffer the consequences of the ongoing reception crisis, in the context of which they are often deprived of shelter for several months before receiving access to the reception network … .” Det må på baggrund heraf lægges til grund, at afviste asylansøgeres ret til indkvartering i Belgien i praksis er ophørt efter et afslag på asyl, men at ret",-12.4569091796875,8
17,1167,bulg20263_chunk029,Applicant Sexual Orientation Explanation,"Additionally, an early identification questionnaire was established for applicants who experienced traumatising experiences in order to determine their special needs and to facilitate the referral to adequate psychological or medical care.",-12.543899536132812,9
17,1732,irak20265_chunk019,Applicant Sexual Orientation Explanation,"In practice, however, they face major challenges, including verbal and sexual harassment, the unwillingness of the authorities to allow single women to live om their own, limited job availability and difficulties in obtaining documents. …”.",-12.553028106689453,10
17,2480,dub-belg20261_chunk012,Applicant Sexual Orientation Explanation,"However, in practice, some asylum applicants or lawyers have experienced difficulties obtaining ‘Pro-Deo’ assignments because they are generally not accommodated in a reception centre, which makes the proof of their lack of income more burdensome … . An applicant does not have a right to remain on the territory even before the CGRS pronounces itself on admissibility in cases where: a.",-12.635798454284668,11
17,2537,dub-belg20262_chunk018,Applicant Sexual Orientation Explanation,"However, in practice, some asylum applicants or lawyers have experienced difficulties obtaining ‘Pro-Deo’ assignments because they are generally not accommodated in a reception centre, which makes the proof of their lack of income more burdensome … . An applicant does not have a right to remain on the territory even before the CGRS pronounces itself on admissibility in cases where: a.",-12.635798454284668,12
17,2493,dub-belg20261_chunk025,Applicant Sexual Orientation Explanation,"In certain cases, subsequent applicants obtained reception after challenging such decisions before the courts. This means that the access to the right to reception in these cases often depends on whether the applicant is supported by an experienced lawyer.",-12.700263977050781,13
17,2550,dub-belg20262_chunk031,Applicant Sexual Orientation Explanation,"In certain cases, subsequent applicants obtained reception after challenging such decisions before the courts. This means that the access to the right to reception in these cases often depends on whether the applicant is supported by an experienced lawyer.",-12.700263977050781,14
17,4186,dub-nede20263_chunk014,Applicant Sexual Orientation Explanation,"Det fremgår om indkvarteringsforholdene blandt andet af rapportens side 19f: “Less than half of the people entitled to reception conditions (i.e. asylum seekers) as well as beneficiaries of international protection who have not been offered housing yet, were staying in regular Central Agency for the Reception of Asylum Applicants (COA) reception centres over the course of 2024 (34,675 out of 72,61",-12.846365928649902,15
17,1884,dub-nede20264_chunk012,Applicant Sexual Orientation Explanation,"Det fremgår om indkvarteringsforholdene blandt andet af rapportens side 19f: “Less than half of the people entitled to reception conditions (i.e. asylum seekers) as well as beneficiaries of international protection who have not been offered housing yet, were staying in regular Central Agency for the Reception of Asylum Applicants (COA) reception centres over the course of 2024 (34,675 out of 72,61",-12.847712516784668,16
17,1204,dub-bulg20262_chunk013,Applicant Sexual Orientation Explanation,"It often creates an environment which does not allow the applicant to present properly his accounts in a detailed and systematic way, thus preventing the case worker from clarifying the relevant facts and circumstances for the decision-making process.”
Det fremgår af en anmeldelsesrapport af [vinteren 2024/2025] om klagerens henvendelse i [politikreds] samme dag, at klageren er døvstum og alene k",-12.857562065124512,17
17,2423,dub-pole20262_chunk016,Applicant Sexual Orientation Explanation,"Nævnet er videre opmærksom på, at det fremgår af side 21 i rapporten ”Asylum in Europe - the situation of applicants for international protection in 2024” udgivet af ECRE den 18. september 2025, at der på trods af en vis positiv udvikling i 2024 fortsat ses udfordringer i form af global boligmangel, besværlige administrative procedurer, restriktive politikker og utilstrækkelige støtteforanstaltnin",-12.877973556518555,18
17,2554,dub-belg20262_chunk035,Applicant Sexual Orientation Explanation,"Applicants who are not considered subsequent applicants suffer the consequences of the ongoing reception crisis, in the context of which they are often deprived of shelter for several months before receiving access to the reception network … .” Modtagelsesforholdene for Dublin returnees i Belgien, herunder særligt for enlige mænd, er mangelfulde, men der har efter nævnets hidtidige praksis ikke væ",-12.881778717041016,19
17,5552,dub-nede20261_chunk011,Applicant Sexual Orientation Explanation,"Det fremgår om indkvarteringsforholdene blandt andet af rapportens side 19f: “Less than half of the people entitled to reception conditions (i.e. asylum seekers) as well as beneficiaries of international protection who have not been offered housing yet,were staying in regular Central Agency for the Reception of Asylum Applicants (COA) reception centres over the course of 2024 (34,675 out of 72,610",-12.945459365844727,20
17,5527,dub-nede20262_chunk014,Applicant Sexual Orientation Explanation,"Det fremgår om indkvarteringsforholdene blandt andet af rapportens side 19f:“Less than half of the people entitled to reception conditions (i.e. asylum seekers) as well as beneficiaries of international protection who have not been offered housing yet,were staying in regular Central Agency for the Reception of Asylum Applicants (COA) reception centres over the course of 2024 (34,675 out of 72,610 ",-13.023746490478516,21
17,2530,dub-belg20262_chunk011,Applicant Sexual Orientation Explanation,"Under behandlingen af klagesagen har klageren endvidere tilkendegivet, at han nu ikke længere kan råde over den bolig, der blev stillet til hans rådighed af slægtninge i Belgien, ligesom han ikke længere har arbejde hos sine slægtninge. Forholdene for Dublin returnees og såkaldte ”subsequent applicants” er behandlet i nærmere i AIDA, Country Report Belgium, juni 2025, hvor det i pkt. E (s.",-13.033485412597656,22
17,2477,dub-belg20261_chunk009,Applicant Sexual Orientation Explanation,"Generally, this delay is not respected. The CGRS indicates it cannot decide within this strict legal deadline but stresses that treating subsequent applications is a priority. If the subsequent application is dismissed as inadmissible, the CGRS should determine whether the applicant's removal would lead to direct or indirect refoulement.",-13.09314250946045,23
17,2534,dub-belg20262_chunk015,Applicant Sexual Orientation Explanation,"Generally, this delay is not respected. The CGRS indicates it cannot decide within this strict legal deadline but stresses that treating subsequent applications is a priority. If the subsequent application is dismissed as inadmissible, the CGRS should determine whether the applicant's removal would lead to direct or indirect refoulement.",-13.09314250946045,24
17,2495,dub-belg20261_chunk027,Applicant Sexual Orientation Explanation,"In several cases, Fedasil has reviewed its decision after intervention by the Federal Mediator and has granted the applicants reception.” Det hedder videre i samme publikation pkt. A.1.3. (s.",-13.192901611328125,25
17,2552,dub-belg20262_chunk033,Applicant Sexual Orientation Explanation,"In several cases, Fedasil has reviewed its decision after intervention by the Federal Mediator and has granted the applicants reception.” Det hedder videre i samme publikation pkt. A.1.3. (s.",-13.192901611328125,26
17,1157,bulg20263_chunk019,Applicant Sexual Orientation Explanation,"follow-ups on identified cases, remained substandard, to the point this continued to present the most significant violation of existing obligation in the context of the asylum procedure in the course of already several years. … Therefore, in 2025 needs assessment as well as planning and provision of support measures with respect to applicants with identified vulnerabilities were still carried out ",-13.196453094482422,27
17,2481,dub-belg20261_chunk013,Applicant Sexual Orientation Explanation,The application is a third application; and b. The applicant remains without interruption in detention since their second application; and c. The CGRS has decided in the previous procedure concerning the second application that removal would not amount to direct or indirect refoulement.,-13.213946342468262,28
17,2538,dub-belg20262_chunk019,Applicant Sexual Orientation Explanation,The application is a third application; and b. The applicant remains without interruption in detention since their second application; and c. The CGRS has decided in the previous procedure concerning the second application that removal would not amount to direct or indirect refoulement.,-13.213946342468262,29
17,1175,bulg20263_chunk037,Applicant Sexual Orientation Explanation,"In practice, except the two safe-zones for unaccompanied children, other separate facilities for vulnerable applicants, families, single women or traumatised asylum seekers do not exist in the reception centres.”
Flygtningenævnet bemærker generelt, at Dublinforordningen er baseret på princippet om gensidig tillid mellem medlemsstaterne, og der gælder således en formodning om, at behandlingen af a",-13.258872032165527,30
17,2496,dub-belg20261_chunk028,Applicant Sexual Orientation Explanation,"128) om Dublin returnees: ”Depending on the situation of their procedure in Belgium at the moment they left Belgium, asylum applicants sent back to Belgium following a Dublin procedure in another country can be considered subsequent applicants …In such a case, they mostly only get shelter after their asylum application is taken into consideration by the CGRS … .",-13.288928985595703,31
17,2553,dub-belg20262_chunk034,Applicant Sexual Orientation Explanation,"128) om Dublin returnees: ”Depending on the situation of their procedure in Belgium at the moment they left Belgium, asylum applicants sent back to Belgium following a Dublin procedure in another country can be considered subsequent applicants …In such a case, they mostly only get shelter after their asylum application is taken into consideration by the CGRS … .",-13.288928985595703,32
17,1156,bulg20263_chunk018,Applicant Sexual Orientation Explanation,"However, it does not secure their access to state provided food and accommodation in reception centres as these are guaranteed only to vulnerable applicants.”
Om forholdene for sårbare asylansøgere er i samme rapport anført følgende, side 66 ff.:
”Several initiatives on vulnerability were undertaken in previous years. …
In 2025, both vulnerability assessment and identification, but most of all ",-13.326513290405273,33
17,1169,bulg20263_chunk031,Applicant Sexual Orientation Explanation,"SAR social workers conducted a total of 273 vulnerability assessments and identified 115 applicants with vulnerabilities or special needs. SAR acknowledged to have dealt with 1,127 applicants with vulnerabilities as defined by the law in 2025. These figures obtained through monitoring indicated that just 24% of all asylum applicants with vulnerabilities received proper assessments of their needs.",-13.359993934631348,34
17,1086,dub-bulg20261_chunk018,Applicant Sexual Orientation Explanation,"rocedure with respect to an applicant who is returned to Bulgaria under the Dublin Regulation, provided that s/he has not been issued a decision on merits while in absentia.",-13.374632835388184,35
17,2487,dub-belg20261_chunk019,Applicant Sexual Orientation Explanation,"Asylum applicants must then present themselves to the Dispatching service at Fedasil’s arrival centre to be allocated a reception place. If the asylum applicant has not obtained reception from Fedasil during the first stage of the procedure and the CGRS declares the subsequent asylum application inadmissible, they will not be entitled to reception during the appeal with the CALL.",-13.414762496948242,36
17,2544,dub-belg20262_chunk025,Applicant Sexual Orientation Explanation,"Asylum applicants must then present themselves to the Dispatching service at Fedasil’s arrival centre to be allocated a reception place. If the asylum applicant has not obtained reception from Fedasil during the first stage of the procedure and the CGRS declares the subsequent asylum application inadmissible, they will not be entitled to reception during the appeal with the CALL.",-13.414762496948242,37
17,3526,syri20261_chunk012,Applicant Sexual Orientation Explanation,"In general, women’s rights and livelihood opportunities remain a critical concern, as women are frequently not economically independent. 8.1. Incidents involving women. Reports issued earlier in 2025 describe cases of sexual violence and harassment against women, especially at checkpoints and during return journeys through unsafe areas.",-13.440361022949219,38
17,3587,syri20263_chunk010,Applicant Sexual Orientation Explanation,"In general, women’s rights and livelihood opportunities remain a critical concern, as women are frequently not economically independent. 8.1. Incidents involving women. Reports issued earlier in 2025 describe cases of sexual violence and harassment against women, especially at checkpoints and during return journeys through unsafe areas.",-13.440361022949219,39
17,1154,bulg20263_chunk016,Applicant Sexual Orientation Explanation,"Since 2020, the LAR explicitly provides for the mandatory reopening of an asylum procedure with respect to an applicant who is returned to Bulgaria under the Dublin Regulation, provided that s/he has not been issued a decision on merits while in absentia.",-13.445368766784668,40
17,2478,dub-belg20261_chunk010,Applicant Sexual Orientation Explanation,"Recent case law of the CALL concerning Afghan applicants confirmed this. An appeal to the CALL against an inadmissibility decision should be made within 10 days, or 5 days when the applicant is in detention. The appeal has an automatic suspensive effect, except where: a. The CGRS deems that there is no risk of direct or indirect refoulement; and b.",-13.484268188476562,41
17,2535,dub-belg20262_chunk016,Applicant Sexual Orientation Explanation,"Recent case law of the CALL concerning Afghan applicants confirmed this. An appeal to the CALL against an inadmissibility decision should be made within 10 days, or 5 days when the applicant is in detention. The appeal has an automatic suspensive effect, except where: a. The CGRS deems that there is no risk of direct or indirect refoulement; and b.",-13.484268188476562,42
17,2482,dub-belg20261_chunk014,Applicant Sexual Orientation Explanation,"In principle, all applicants for international protection, including subsequent applicants, have the right to access reception conditions during the examination of their case. However, the Reception Act allows the possibility to refuse reception to subsequent applicants until their asylum application is deemed admissible by the CGRS.",-13.493379592895508,43
17,2539,dub-belg20262_chunk020,Applicant Sexual Orientation Explanation,"In principle, all applicants for international protection, including subsequent applicants, have the right to access reception conditions during the examination of their case. However, the Reception Act allows the possibility to refuse reception to subsequent applicants until their asylum application is deemed admissible by the CGRS.",-13.493379592895508,44
17,2475,dub-belg20261_chunk007,Applicant Sexual Orientation Explanation,"After the application is transmitted, the CGRS first decides on the Admissibility of the claim by determining whether there are new elements which significantly add to the likelihood of the applicant qualifies as a beneficiary of international protection. The claim is deemed admissible because the previous application was terminated based on implicit withdrawal.",-13.609151840209961,45
17,2532,dub-belg20262_chunk013,Applicant Sexual Orientation Explanation,"After the application is transmitted, the CGRS first decides on the Admissibility of the claim by determining whether there are new elements which significantly add to the likelihood of the applicant qualifies as a beneficiary of international protection. The claim is deemed admissible because the previous application was terminated based on implicit withdrawal.",-13.609151840209961,46
17,1160,bulg20263_chunk022,Applicant Sexual Orientation Explanation,"ute number of asylum seekers formally recognised to have special needs or vulnerabilities. …
NGOs continue to play key role in early identification and assessment of applicants´vulnerability and their referral and according treatment. …”
Om sårbare asylansøgere fremgår det videre på side 101 f.:
”The law provides a definition of vulnerability.",-13.68458080291748,47
17,2486,dub-belg20261_chunk018,Applicant Sexual Orientation Explanation,"Between the moment of the subsequent application and the admissibility decision by the CGRS, asylum applicants who are refused reception nevertheless have the right to medical assistance from Fedasil and to free legal representation. Once the CGRS has deemed the application admissible, the right to access reception is reactivated.",-13.705240249633789,48
17,2543,dub-belg20262_chunk024,Applicant Sexual Orientation Explanation,"Between the moment of the subsequent application and the admissibility decision by the CGRS, asylum applicants who are refused reception nevertheless have the right to medical assistance from Fedasil and to free legal representation. Once the CGRS has deemed the application admissible, the right to access reception is reactivated.",-13.705240249633789,49
17,2483,dub-belg20261_chunk015,Applicant Sexual Orientation Explanation,"Although the Reception Act explicitly states that decisions which limit or withdraw the right to reception should be in line with the principle of proportionality, individually motivated and based on the particular situation of the person concerned, Fedasil almost systematically refuses to assign a reception place to subsequent applicants until their asylum application is declared admissible by th",-13.709508895874023,50
17,2540,dub-belg20262_chunk021,Applicant Sexual Orientation Explanation,"Although the Reception Act explicitly states that decisions which limit or withdraw the right to reception should be in line with the principle of proportionality, individually motivated and based on the particular situation of the person concerned, Fedasil almost systematically refuses to assign a reception place to subsequent applicants until their asylum application is declared admissible by th",-13.709508895874023,51
17,2485,dub-belg20261_chunk017,Applicant Sexual Orientation Explanation,"A total of 6,469 applicants lodged subsequent applications in 2024: …” Herudover anføres det i pkt. A.1.2. (s. 125 f) om Right to Reception: Subsequent Applications: “The Reception Act provides the possibility for Fedasil to refuse reception to asylum applicants who lodge a second or further subsequent asylum application, until their asylum application is deemed admissible by the CGRS.",-13.714649200439453,52
17,2542,dub-belg20262_chunk023,Applicant Sexual Orientation Explanation,"A total of 6,469 applicants lodged subsequent applications in 2024: …” Herudover anføres det i pkt. A.1.2. (s. 125 f) om Right to Reception: Subsequent Applications: “The Reception Act provides the possibility for Fedasil to refuse reception to asylum applicants who lodge a second or further subsequent asylum application, until their asylum application is deemed admissible by the CGRS.",-13.714649200439453,53
17,5532,dub-nede20262_chunk019,Applicant Sexual Orientation Explanation,"Large differences between (crisis) shelters reveal that whether asylum seekers are able to experience decent reception in the Netherlands is subject to arbitrariness.” Det fremgår endvidere blandt andet af side 145:“Twice a year the COA predicts the capacity it will need in the upcoming period. In October 2024 COA was expecting, for July 2025, to need to house 115,000 asylum applicants.",-13.82359504699707,54
17,2474,dub-belg20261_chunk006,Applicant Sexual Orientation Explanation,"102 f) i AIDA, Country Report Belgium, juni 2025: ”The Immigration Office is also competent for registering subsequent applications i.e. the asylum applicant’s declaration on new elements and the reasons why they could not invoke them earlier, and transmit the claim ‘without delay’ to the CGRS.",-13.828780174255371,55
17,2492,dub-belg20261_chunk024,Applicant Sexual Orientation Explanation,"In practice, however, Fedasil almost systematically refuses to assign a reception place to subsequent applicants until their asylum application is declared admissible by the CGRS, mostly through standardised refusal decisions. On multiple occasions, labour tribunals have ordered Fedasil to motivate such decisions individually and consider all case elements.",-13.83493709564209,56
17,2549,dub-belg20262_chunk030,Applicant Sexual Orientation Explanation,"In practice, however, Fedasil almost systematically refuses to assign a reception place to subsequent applicants until their asylum application is declared admissible by the CGRS, mostly through standardised refusal decisions. On multiple occasions, labour tribunals have ordered Fedasil to motivate such decisions individually and consider all case elements.",-13.83493709564209,57
17,1088,dub-bulg20261_chunk020,Applicant Sexual Orientation Explanation,"However, it does not secure their access to state provided food and accommodation in reception centres as these are guaranteed only to vulnerable applicants. For any other Dublin returnees, who are not considered vulnerable, food and accommodation are contingent to the limited national reception capacity and availability.",-13.837788581848145,58
17,3657,syri20262_chunk015,Applicant Sexual Orientation Explanation,"In general, women’s rights and livelihood opportunities remain a critical concern, as women are frequently not economically independent. 8.1. Incidents involving women. Reports issued earlier in 2025 describe cases of sexual violence and harassment against women, especially at checkpoints and during return journeys through unsafe areas.",-13.850974082946777,59
17,3774,syri20266_chunk015,Applicant Sexual Orientation Explanation,"In general, women’s rights and livelihood opportunities remain a critical concern, as women are frequently not economically independent. 8.1. Incidents involving women. Reports issued earlier in 2025 describe cases of sexual violence and harassment against women, especially at checkpoints and during return journeys through unsafe areas.",-13.850974082946777,60
17,3838,syri20267_chunk015,Applicant Sexual Orientation Explanation,"In general, women’s rights and livelihood opportunities remain a critical concern, as women are frequently not economically independent. 8.1. Incidents involving women. Reports issued earlier in 2025 describe cases of sexual violence and harassment against women, especially at checkpoints and during return journeys through unsafe areas.",-13.850974082946777,61
17,1889,dub-nede20264_chunk017,Applicant Sexual Orientation Explanation,"Large differences between (crisis) shelters reveal that whether asylum seekers are able to experience decent reception in the Netherlands is subject to arbitrariness.” Det fremgår endvidere blandt andet af side 145: “Twice a year the COA predicts the capacity it will need in the upcoming period. In October 2024 COA was expecting, for July 2025, to need to house 115,000 asylum applicants.",-13.861598014831543,62
17,4191,dub-nede20263_chunk019,Applicant Sexual Orientation Explanation,"Large differences between (crisis) shelters reveal that whether asylum seekers are able to experience decent reception in the Netherlands is subject to arbitrariness.” Det fremgår endvidere blandt andet af side 145: “Twice a year the COA predicts the capacity it will need in the upcoming period. In October 2024 COA was expecting, for July 2025, to need to house 115,000 asylum applicants.",-13.861598014831543,63
17,5557,dub-nede20261_chunk016,Applicant Sexual Orientation Explanation,"Large differences between (crisis) shelters reveal that whether asylum seekers are able to experience decent reception in the Netherlands is subject to arbitrariness.” Det fremgår endvidere blandt andet af side 145: “Twice a year the COA predicts the capacity it will need in the upcoming period. In October 2024 COA was expecting, for July 2025, to need to house 115,000 asylum applicants.",-13.861598014831543,64
17,2029,dub-fran20263_chunk016,Applicant Sexual Orientation Explanation,"The PAUH is the only entity receiving and supporting Dublin returnees upon their arrival in France by Charles de Gaulle airport. Considering the systemic difficulties encountered by the orientation platforms in Paris and its surroundings, several Dublin returnees, after registering their claim, are eager to turn to it in order to complete their asylum claim form or to find an accommodation.",-13.956098556518555,65
17,2062,fran20264_chunk012,Applicant Sexual Orientation Explanation,"The PAUH is the only entity receiving and supporting Dublin returnees upon their arrival in France by Charles de Gaulle airport. Considering the systemic difficulties encountered by the orientation platforms in Paris and its surroundings, several Dublin returnees, after registering their claim, are eager to turn to it in order to complete their asylum claim form or to find an accommodation.",-13.956098556518555,66
17,3368,dub-fran20262_chunk015,Applicant Sexual Orientation Explanation,"The PAUH is the only entity receiving and supporting Dublin returnees upon their arrival in France by Charles de Gaulle airport. Considering the systemic difficulties encountered by the orientation platforms in Paris and its surroundings, several Dublin returnees, after registering their claim, are eager to turn to it in order to complete their asylum claim form or to find an accommodation.",-13.956098556518555,67
17,3380,dub-fran20262_chunk027,Applicant Sexual Orientation Explanation,"According to Articles L. 551-15 (refusal) and L. 551-16 (withdrawal) Ceseda, as amended in 2018, material reception conditions can be refused or withdrawn where the applicant 1. Without legitimate reason, has not presented themselves to relevant authorities when required, has not responded to an information request or has not attended interviews related to the asylum application; 2.",-14.045218467712402,68
17,2531,dub-belg20262_chunk012,Applicant Sexual Orientation Explanation,"102 f) anføres: ”The Immigration Office is also competent for registering subsequent applications i.e. the asylum applicant’s declaration on new elements and the reasons why they could not invoke them earlier, and transmit the claim ‘without delay’ to the CGRS.",-14.15957260131836,69
18,5831,erit20261_chunk031,Perceived Past Behavior   Plausibility,"Most sources had heard of consequences of evasion and desertion for family members (parents, spouse or siblings) of evaders and deserters. However, some of these sources considered that this was worse in the past. In line with this, journalist Tom Gardner found that the Eritrean government was more ‘relaxed’ now compared to earlier.",-11.246493339538574,0
18,3731,syri20264_chunk025,Perceived Past Behavior   Plausibility,"According to a Syrian lawyer DIS consulted, individuals perceived as politically active or critical of the authorities may face reprisals comparable to those experienced by government critics of any background.",-12.28015422821045,1
18,3637,syri20263_chunk060,Perceived Past Behavior   Plausibility,"According to a Syrian lawyer DIS consulted, individuals perceived as politically active or critical of the authorities may face reprisals comparable to those experienced by government critics of any background.",-12.28016185760498,2
18,1149,bulg20263_chunk011,Perceived Past Behavior   Plausibility,"In the past, the SAR usually suspended asylum procedures when asylum seekers had left Bulgaria before their procedures were completed. After the amendments of the law in 2020, the SAR obtained the right to directly terminate (discontinue) the asylum procedure in such cases without passing through a stage of suspension.",-13.056215286254883,3
25,2033,dub-fran20263_chunk020,Eritrean Asylum Seekers  Journeys,"This scheme ensures the distribution of accommodation places for asylum seekers throughout the national territory, and their allocation thereto. In parallel and in compliance with the national reception scheme, regional schemes are defined and implemented by Prefects in each region. All asylum seekers are offered material reception conditions under Article L. 551-9 Ceseda.",-9.648024559020996,0
25,2066,fran20264_chunk016,Eritrean Asylum Seekers  Journeys,"This scheme ensures the distribution of accommodation places for asylum seekers throughout the national territory, and their allocation thereto. In parallel and in compliance with the national reception scheme, regional schemes are defined and implemented by Prefects in each region. All asylum seekers are offered material reception conditions under Article L. 551-9 Ceseda.",-9.648024559020996,1
25,1113,dub-bulg20261_chunk045,Eritrean Asylum Seekers  Journeys,"In Busmantsi detention centre, unlike in Lyubimets, detained migrants had no guaranteed access to daily outdoor exercise; such only provided for 25 to 30 minutes at a time, with asylum seekers detained at SAR closed ward with no outdoor exercise on weekends and public holidays, due to the shortage of available SAR staff. ECPT indicated that latter as “a truly deplorable state of affairs.”",-9.711576461791992,2
25,3372,dub-fran20262_chunk019,Eritrean Asylum Seekers  Journeys,"This scheme ensures the distribution of accommodation places for asylum seekers throughout the national territory, and their allocation thereto. In parallel and in compliance with the national reception scheme, regional schemes are defined and implemented by Prefects in each region. All asylum seekers are offered material reception conditions under Article L. 551-9 Ceseda.",-9.871960639953613,3
25,1096,dub-bulg20261_chunk028,Eritrean Asylum Seekers  Journeys,"This means that even, if the returnees do have financial means, their access to the labour market and most of the basic public services (health care, social support, bank services, etc.) is nearly impossible.“
I samme publikation hedder det under ”Detention of Asylum Seekers”, pkt. C.",-10.747720718383789,4
25,5831,erit20261_chunk031,Eritrean Asylum Seekers  Journeys,"Most sources had heard of consequences of evasion and desertion for family members (parents, spouse or siblings) of evaders and deserters. However, some of these sources considered that this was worse in the past. In line with this, journalist Tom Gardner found that the Eritrean government was more ‘relaxed’ now compared to earlier.",-11.022257804870605,5
25,2061,fran20264_chunk011,Eritrean Asylum Seekers  Journeys,"As it has already been mentioned in the Registration section, access to these platforms is very complicated and some returnees have to wait several weeks before getting an appointment with the organisations running them. [*]On the other hand, some Prefectures do immediately register the asylum claims of returnees and direct them to OFII in order to find them an accommodation place.",-11.432247161865234,6
25,3367,dub-fran20262_chunk014,Eritrean Asylum Seekers  Journeys,"As it has already been mentioned in the Registration section, access to these platforms is very complicated and some returnees have to wait several weeks before getting an appointment with the organisations running them. On the other hand, some Prefectures do immediately register the asylum claims of returnees and direct them to OFII in order to find them an accommodation place.",-11.438835144042969,7
25,2028,dub-fran20263_chunk015,Eritrean Asylum Seekers  Journeys,"As it has already been mentioned in the Registration section, access to these platforms is very complicated and some returnees have to wait several weeks before getting an appointment with the organisations running them. [*] On the other hand, some Prefectures do immediately register the asylum claims of returnees and direct them to OFII in order to find them an accommodation place.",-11.454859733581543,8
25,1399,dub-nede20265_chunk012,Eritrean Asylum Seekers  Journeys,"Det fremgår om indkvarteringsforholdene blandt andet af rapportens side 19: “Less than half of the people entitled to reception conditions (i.e., asylum seekers), as well as beneficiaries of international protection who have not been offered housing yet, were staying in (crisis) emergency centers over the course of 2025 (32,842 out of 79,984 people).",-11.580183982849121,9
25,2487,dub-belg20261_chunk019,Eritrean Asylum Seekers  Journeys,"Asylum applicants must then present themselves to the Dispatching service at Fedasil’s arrival centre to be allocated a reception place. If the asylum applicant has not obtained reception from Fedasil during the first stage of the procedure and the CGRS declares the subsequent asylum application inadmissible, they will not be entitled to reception during the appeal with the CALL.",-11.718585968017578,10
25,2544,dub-belg20262_chunk025,Eritrean Asylum Seekers  Journeys,"Asylum applicants must then present themselves to the Dispatching service at Fedasil’s arrival centre to be allocated a reception place. If the asylum applicant has not obtained reception from Fedasil during the first stage of the procedure and the CGRS declares the subsequent asylum application inadmissible, they will not be entitled to reception during the appeal with the CALL.",-11.718585968017578,11
25,2486,dub-belg20261_chunk018,Eritrean Asylum Seekers  Journeys,"Between the moment of the subsequent application and the admissibility decision by the CGRS, asylum applicants who are refused reception nevertheless have the right to medical assistance from Fedasil and to free legal representation. Once the CGRS has deemed the application admissible, the right to access reception is reactivated.",-11.732450485229492,12
25,2543,dub-belg20262_chunk024,Eritrean Asylum Seekers  Journeys,"Between the moment of the subsequent application and the admissibility decision by the CGRS, asylum applicants who are refused reception nevertheless have the right to medical assistance from Fedasil and to free legal representation. Once the CGRS has deemed the application admissible, the right to access reception is reactivated.",-11.732450485229492,13
25,1160,bulg20263_chunk022,Eritrean Asylum Seekers  Journeys,"ute number of asylum seekers formally recognised to have special needs or vulnerabilities. …
NGOs continue to play key role in early identification and assessment of applicants´vulnerability and their referral and according treatment. …”
Om sårbare asylansøgere fremgår det videre på side 101 f.:
”The law provides a definition of vulnerability.",-11.773258209228516,14
25,4186,dub-nede20263_chunk014,Eritrean Asylum Seekers  Journeys,"Det fremgår om indkvarteringsforholdene blandt andet af rapportens side 19f: “Less than half of the people entitled to reception conditions (i.e. asylum seekers) as well as beneficiaries of international protection who have not been offered housing yet, were staying in regular Central Agency for the Reception of Asylum Applicants (COA) reception centres over the course of 2024 (34,675 out of 72,61",-11.869166374206543,15
25,3394,dub-fran20262_chunk041,Eritrean Asylum Seekers  Journeys,The assessment to deny or withdraw reception conditions does not take into account the risk of destitution. Asylum seekers should pay a part of accommodation cost when they have sufficient resources (very rare in practice).,-11.915070533752441,16
25,5527,dub-nede20262_chunk014,Eritrean Asylum Seekers  Journeys,"Det fremgår om indkvarteringsforholdene blandt andet af rapportens side 19f:“Less than half of the people entitled to reception conditions (i.e. asylum seekers) as well as beneficiaries of international protection who have not been offered housing yet,were staying in regular Central Agency for the Reception of Asylum Applicants (COA) reception centres over the course of 2024 (34,675 out of 72,610 ",-11.996089935302734,17
25,3392,dub-fran20262_chunk039,Eritrean Asylum Seekers  Journeys,Rejected asylum seekers can formulate a request to remain 1 month in order to have time to plan their exit of the centre. The number of asylum seekers without material reception conditions is an increasingly important and worrying issue.,-12.103315353393555,18
25,2492,dub-belg20261_chunk024,Eritrean Asylum Seekers  Journeys,"In practice, however, Fedasil almost systematically refuses to assign a reception place to subsequent applicants until their asylum application is declared admissible by the CGRS, mostly through standardised refusal decisions. On multiple occasions, labour tribunals have ordered Fedasil to motivate such decisions individually and consider all case elements.",-12.131185531616211,19
25,2549,dub-belg20262_chunk030,Eritrean Asylum Seekers  Journeys,"In practice, however, Fedasil almost systematically refuses to assign a reception place to subsequent applicants until their asylum application is declared admissible by the CGRS, mostly through standardised refusal decisions. On multiple occasions, labour tribunals have ordered Fedasil to motivate such decisions individually and consider all case elements.",-12.131185531616211,20
25,5552,dub-nede20261_chunk011,Eritrean Asylum Seekers  Journeys,"Det fremgår om indkvarteringsforholdene blandt andet af rapportens side 19f: “Less than half of the people entitled to reception conditions (i.e. asylum seekers) as well as beneficiaries of international protection who have not been offered housing yet,were staying in regular Central Agency for the Reception of Asylum Applicants (COA) reception centres over the course of 2024 (34,675 out of 72,610",-12.196219444274902,21
25,1400,dub-nede20265_chunk013,Eritrean Asylum Seekers  Journeys,All other residents stayed in regular asylum centres and/or temporary reception locations managed by municipalities.,-12.204018592834473,22
25,1087,dub-bulg20261_chunk019,Eritrean Asylum Seekers  Journeys,"The SAR’s practice following this particular amendment has been so far in line with the law, and returnees whose asylum procedures had been only terminated (discontinued) after their absconding do not face obstacles in principle to have their determination procedures reopened.",-12.208953857421875,23
25,1884,dub-nede20264_chunk012,Eritrean Asylum Seekers  Journeys,"Det fremgår om indkvarteringsforholdene blandt andet af rapportens side 19f: “Less than half of the people entitled to reception conditions (i.e. asylum seekers) as well as beneficiaries of international protection who have not been offered housing yet, were staying in regular Central Agency for the Reception of Asylum Applicants (COA) reception centres over the course of 2024 (34,675 out of 72,61",-12.217395782470703,24
25,2023,dub-fran20263_chunk010,Eritrean Asylum Seekers  Journeys,"If the asylum seeker comes from a safe country of origin, their application is examined under the accelerated procedure. If the asylum application had already received a final negative decision from the CNDA, the asylum seeker may apply to OFPRA for a re-examination only if they possess new evidence (see section on Subsequent Applications).",-12.243406295776367,25
25,2056,fran20264_chunk006,Eritrean Asylum Seekers  Journeys,"If the asylum seeker comes from a safe country of origin, their application is examined under the accelerated procedure. If the asylum application had already received a final negative decision from the CNDA, the asylum seeker may apply to OFPRA for a re-examination only if they possess new evidence (see section on Subsequent Applications).",-12.243406295776367,26
25,1155,bulg20263_chunk017,Eritrean Asylum Seekers  Journeys,"The SAR’s practice following this particular amendment has been so far in line with the law, and returnees whose asylum procedures had been only terminated (discontinued) after their absconding do not face obstacles in principle to have their determination procedures reopened.",-12.318063735961914,27
25,3389,dub-fran20262_chunk036,Eritrean Asylum Seekers  Journeys,"Many cases have since been submitted to the courts, making it possible to reinstate MRCs in the many situations where OFII had withdrawn them without properly taking individual situations into account. In cases of subsequent applications, some Prefectures systematically reduce reception conditions of asylum seekers.",-12.371552467346191,28
25,2036,dub-fran20263_chunk023,Eritrean Asylum Seekers  Journeys,"In practice, OFII deny asylum seekers the benefit of reception conditions whenever it has the possibility to do so.",-12.474966049194336,29
25,2025,dub-fran20263_chunk012,Eritrean Asylum Seekers  Journeys,"For many years, without any funding to implement this activity, the centre has welcomed Dublin returnees at their arrival at the airport. The returnees are directed towards the centre by the police or the airport services. Upon their arrival at the airport, the Border Police issues a safe conduct (sauf-conduit) which mentions the Prefecture where the asylum seekers have to submit their claim.",-12.482215881347656,30
25,2058,fran20264_chunk008,Eritrean Asylum Seekers  Journeys,"For many years, without any funding to implement this activity, the centre has welcomed Dublin returnees at their arrival at the airport. The returnees are directed towards the centre by the police or the airport services. Upon their arrival at the airport, the Border Police issues a safe conduct (sauf-conduit) which mentions the Prefecture where the asylum seekers have to submit their claim.",-12.482215881347656,31
25,3364,dub-fran20262_chunk011,Eritrean Asylum Seekers  Journeys,"For many years, without any funding to implement this activity, the centre has welcomed Dublin returnees at their arrival at the airport. The returnees are directed towards the centre by the police or the airport services. Upon their arrival at the airport, the Border Police issues a safe conduct (sauf-conduit) which mentions the Prefecture where the asylum seekers have to submit their claim.",-12.482215881347656,32
25,2069,fran20264_chunk019,Eritrean Asylum Seekers  Journeys,"In practice, OFII deny asylum seekers the benefit of reception conditions whenever it has the possibility to do so.",-12.496095657348633,33
25,3375,dub-fran20262_chunk022,Eritrean Asylum Seekers  Journeys,"In practice, OFII deny asylum seekers the benefit of reception conditions whenever it has the possibility to do so.",-12.496095657348633,34
25,3391,dub-fran20262_chunk038,Eritrean Asylum Seekers  Journeys,The law describes the procedure to be followed by reception centres management and by the Prefect once a decision on the asylum claim which ends the right to remain has been adopted. OFII informs the reception centre management where the asylum seeker is accommodated that the right to reception conditions has ended and that the provision of accommodation will be terminated upon a specific date.,-12.506473541259766,35
25,2034,dub-fran20263_chunk021,Eritrean Asylum Seekers  Journeys,This provision applies to all asylum seekers even if their claim is channelled under the accelerated or Dublin procedure. The only nuance is that asylum seekers under the Dublin procedure do not have access to reception centres for asylum seekers (CADA) but have access to the other forms of accommodation and accommodation support.,-12.70474624633789,36
25,2067,fran20264_chunk017,Eritrean Asylum Seekers  Journeys,This provision applies to all asylum seekers even if their claim is channelled under the accelerated or Dublin procedure. The only nuance is that asylum seekers under the Dublin procedure do not have access to reception centres for asylum seekers (CADA) but have access to the other forms of accommodation and accommodation support.,-12.70474624633789,37
25,3373,dub-fran20262_chunk020,Eritrean Asylum Seekers  Journeys,This provision applies to all asylum seekers even if their claim is channelled under the accelerated or Dublin procedure. The only nuance is that asylum seekers under the Dublin procedure do not have access to reception centres for asylum seekers (CADA) but have access to the other forms of accommodation and accommodation support.,-12.70474624633789,38
25,1171,bulg20263_chunk033,Eritrean Asylum Seekers  Journeys,"vities.

In 2025, the monitoring of these processes established that in 88% of the cases, an initial assessment form was present in the file of asylum seekers who were falling within the vulnerability definition under national law.",-12.743058204650879,39
25,1404,dub-nede20265_chunk017,Eritrean Asylum Seekers  Journeys,"Large differences between (crisis) shelters reveal that whether asylum seekers are able to experience decent reception in the Netherlands is subject to arbitrariness.” Det fremgår endvidere blandt andet af side 143: Twice a year the COA predicts the capacity and the amount of places it will need in the upcoming period. As of 1 July 2025, COA was expecting to need 131,700 places until 1 July 2026.",-12.8555326461792,40
25,1175,bulg20263_chunk037,Eritrean Asylum Seekers  Journeys,"In practice, except the two safe-zones for unaccompanied children, other separate facilities for vulnerable applicants, families, single women or traumatised asylum seekers do not exist in the reception centres.”
Flygtningenævnet bemærker generelt, at Dublinforordningen er baseret på princippet om gensidig tillid mellem medlemsstaterne, og der gælder således en formodning om, at behandlingen af a",-12.878722190856934,41
25,3383,dub-fran20262_chunk030,Eritrean Asylum Seekers  Journeys,"In case of suspension, a letter stating the intention to suspend material reception conditions is sent to the asylum seeker, who then has 15 days to challenge this decision through an informal appeal (i.e., written observations). All decisions relating to the refusal or withdrawal of reception conditions can be appealed before the Administrative Court under the common rules of administrative law.",-12.88247299194336,42
25,1203,dub-bulg20262_chunk012,Eritrean Asylum Seekers  Journeys,"In such cases, as well as in cases when an interpreter from the spoken language is available in another reception centre, the asylum administration organises videoconference interpretation. Communication interruptions and other technical problems are the most common obstacles during interpretation via videoconference.",-12.885457992553711,43
25,1149,bulg20263_chunk011,Eritrean Asylum Seekers  Journeys,"In the past, the SAR usually suspended asylum procedures when asylum seekers had left Bulgaria before their procedures were completed. After the amendments of the law in 2020, the SAR obtained the right to directly terminate (discontinue) the asylum procedure in such cases without passing through a stage of suspension.",-12.936240196228027,44
25,2479,dub-belg20261_chunk011,Eritrean Asylum Seekers  Journeys,The application is either (i) a second application within one year from the final decision on the previous application and made from detention or (ii) a third or further application. Legal assistance is arranged in exactly the same way as concerning first asylum applications.,-12.939454078674316,45
25,2536,dub-belg20262_chunk017,Eritrean Asylum Seekers  Journeys,The application is either (i) a second application within one year from the final decision on the previous application and made from detention or (ii) a third or further application. Legal assistance is arranged in exactly the same way as concerning first asylum applications.,-12.939454078674316,46
25,3362,dub-fran20262_chunk009,Eritrean Asylum Seekers  Journeys,"If the asylum application had already received a final negative decision from the CNDA, the asylum seeker may apply to OFPRA for a re-examination only if they possess new evidence (see section on Subsequent Applications). Support and assistance to Dublin returnees remains complicated.",-13.019906997680664,47
25,2070,fran20264_chunk020,Eritrean Asylum Seekers  Journeys,"After having registered their claim at the Prefecture, asylum seekers receive the asylum claim certificate that allows them to remain legally on French territory until: [*] The end of the asylum procedure; [*]A negative first instance decision for inadmissible claims and certain categories of claims rejected in an accelerated procedure – safe country of origin, subsequent application, threat to pu",-13.020450592041016,48
25,3376,dub-fran20262_chunk023,Eritrean Asylum Seekers  Journeys,"After having registered their claim at the Prefecture, asylum seekers receive the asylum claim certificate that allows them too remain legally on French territory until: The end of the asylum procedure; A negative first instance decision for inadmissible claims and certain categories of claims rejected in an accelerated procedure – safe country of origin, subsequent application, threat to public o",-13.028119087219238,49
25,3393,dub-fran20262_chunk040,Eritrean Asylum Seekers  Journeys,"If we compare the number of asylum applications pending at the end of 2024 according to Eurostat (147,950) and the number of asylum seekers benefitting from reception conditions at this date (90,329 persons in total at the end of December 2024 according to OFII), this means more than 50,000 asylum seekers do not have reception conditions in France.",-13.03054428100586,50
25,3740,syri20264_chunk034,Eritrean Asylum Seekers  Journeys,"For example, Kurdish travellers from Northeast Syria were reportedly stopped for questioning or were delayed for extended periods at checkpoints and subjected to harassment, although they were ultimately permitted to continue their journey.",-13.041899681091309,51
25,1157,bulg20263_chunk019,Eritrean Asylum Seekers  Journeys,"follow-ups on identified cases, remained substandard, to the point this continued to present the most significant violation of existing obligation in the context of the asylum procedure in the course of already several years. … Therefore, in 2025 needs assessment as well as planning and provision of support measures with respect to applicants with identified vulnerabilities were still carried out ",-13.062284469604492,52
25,2482,dub-belg20261_chunk014,Eritrean Asylum Seekers  Journeys,"In principle, all applicants for international protection, including subsequent applicants, have the right to access reception conditions during the examination of their case. However, the Reception Act allows the possibility to refuse reception to subsequent applicants until their asylum application is deemed admissible by the CGRS.",-13.106681823730469,53
25,2539,dub-belg20262_chunk020,Eritrean Asylum Seekers  Journeys,"In principle, all applicants for international protection, including subsequent applicants, have the right to access reception conditions during the examination of their case. However, the Reception Act allows the possibility to refuse reception to subsequent applicants until their asylum application is deemed admissible by the CGRS.",-13.106681823730469,54
25,1082,dub-bulg20261_chunk014,Eritrean Asylum Seekers  Journeys,"2.7, side 56 ff., om ”The situation of Dublin returnees”, hvoraf fremgår blandt andet:
“Asylum seekers who are returned from other Member States in principle do not face any obstacles in accessing the territory of Bulgaria upon return.",-13.10830020904541,55
25,2496,dub-belg20261_chunk028,Eritrean Asylum Seekers  Journeys,"128) om Dublin returnees: ”Depending on the situation of their procedure in Belgium at the moment they left Belgium, asylum applicants sent back to Belgium following a Dublin procedure in another country can be considered subsequent applicants …In such a case, they mostly only get shelter after their asylum application is taken into consideration by the CGRS … .",-13.112503051757812,56
25,2553,dub-belg20262_chunk034,Eritrean Asylum Seekers  Journeys,"128) om Dublin returnees: ”Depending on the situation of their procedure in Belgium at the moment they left Belgium, asylum applicants sent back to Belgium following a Dublin procedure in another country can be considered subsequent applicants …In such a case, they mostly only get shelter after their asylum application is taken into consideration by the CGRS … .",-13.112503051757812,57
25,1168,bulg20263_chunk030,Eritrean Asylum Seekers  Journeys,"Monitoring in 2025
In 2025, both vulnerability assessments and identification - as well as all follow-ups on identified cases -, remained substandard, to the point this continued to represent the most significant violation of existing obligation in the context of the asylum procedure in the course of already several years.",-13.15217399597168,58
25,5532,dub-nede20262_chunk019,Eritrean Asylum Seekers  Journeys,"Large differences between (crisis) shelters reveal that whether asylum seekers are able to experience decent reception in the Netherlands is subject to arbitrariness.” Det fremgår endvidere blandt andet af side 145:“Twice a year the COA predicts the capacity it will need in the upcoming period. In October 2024 COA was expecting, for July 2025, to need to house 115,000 asylum applicants.",-13.194448471069336,59
25,2480,dub-belg20261_chunk012,Eritrean Asylum Seekers  Journeys,"However, in practice, some asylum applicants or lawyers have experienced difficulties obtaining ‘Pro-Deo’ assignments because they are generally not accommodated in a reception centre, which makes the proof of their lack of income more burdensome … . An applicant does not have a right to remain on the territory even before the CGRS pronounces itself on admissibility in cases where: a.",-13.209120750427246,60
25,2537,dub-belg20262_chunk018,Eritrean Asylum Seekers  Journeys,"However, in practice, some asylum applicants or lawyers have experienced difficulties obtaining ‘Pro-Deo’ assignments because they are generally not accommodated in a reception centre, which makes the proof of their lack of income more burdensome … . An applicant does not have a right to remain on the territory even before the CGRS pronounces itself on admissibility in cases where: a.",-13.209120750427246,61
25,1889,dub-nede20264_chunk017,Eritrean Asylum Seekers  Journeys,"Large differences between (crisis) shelters reveal that whether asylum seekers are able to experience decent reception in the Netherlands is subject to arbitrariness.” Det fremgår endvidere blandt andet af side 145: “Twice a year the COA predicts the capacity it will need in the upcoming period. In October 2024 COA was expecting, for July 2025, to need to house 115,000 asylum applicants.",-13.262360572814941,62
25,4191,dub-nede20263_chunk019,Eritrean Asylum Seekers  Journeys,"Large differences between (crisis) shelters reveal that whether asylum seekers are able to experience decent reception in the Netherlands is subject to arbitrariness.” Det fremgår endvidere blandt andet af side 145: “Twice a year the COA predicts the capacity it will need in the upcoming period. In October 2024 COA was expecting, for July 2025, to need to house 115,000 asylum applicants.",-13.262360572814941,63
25,5557,dub-nede20261_chunk016,Eritrean Asylum Seekers  Journeys,"Large differences between (crisis) shelters reveal that whether asylum seekers are able to experience decent reception in the Netherlands is subject to arbitrariness.” Det fremgår endvidere blandt andet af side 145: “Twice a year the COA predicts the capacity it will need in the upcoming period. In October 2024 COA was expecting, for July 2025, to need to house 115,000 asylum applicants.",-13.262360572814941,64
25,3384,dub-fran20262_chunk031,Eritrean Asylum Seekers  Journeys,"The 2024 legislative reform established an unprecedented link between reception and the asylum procedure: a person who leaves their accommodation without legitimate reason, in addition to losing their reception conditions as foreseen before, will see their asylum application “closed” (clôturée) by OFPRA.",-13.297094345092773,65
25,2491,dub-belg20261_chunk023,Eritrean Asylum Seekers  Journeys,"Health care and a dignified standard of living should be always ensured. According to the Constitutional Court, the decision to refuse reception in such cases can only be taken in cases of abuse of the asylum procedure, e.g. when the person applies for asylum for the sole purpose of extending the right to reception.",-13.326716423034668,66
25,2548,dub-belg20262_chunk029,Eritrean Asylum Seekers  Journeys,"Health care and a dignified standard of living should be always ensured. According to the Constitutional Court, the decision to refuse reception in such cases can only be taken in cases of abuse of the asylum procedure, e.g. when the person applies for asylum for the sole purpose of extending the right to reception.",-13.326716423034668,67
25,2485,dub-belg20261_chunk017,Eritrean Asylum Seekers  Journeys,"A total of 6,469 applicants lodged subsequent applications in 2024: …” Herudover anføres det i pkt. A.1.2. (s. 125 f) om Right to Reception: Subsequent Applications: “The Reception Act provides the possibility for Fedasil to refuse reception to asylum applicants who lodge a second or further subsequent asylum application, until their asylum application is deemed admissible by the CGRS.",-13.397125244140625,68
25,2542,dub-belg20262_chunk023,Eritrean Asylum Seekers  Journeys,"A total of 6,469 applicants lodged subsequent applications in 2024: …” Herudover anføres det i pkt. A.1.2. (s. 125 f) om Right to Reception: Subsequent Applications: “The Reception Act provides the possibility for Fedasil to refuse reception to asylum applicants who lodge a second or further subsequent asylum application, until their asylum application is deemed admissible by the CGRS.",-13.397125244140625,69
25,2031,dub-fran20263_chunk018,Eritrean Asylum Seekers  Journeys,"When the incoming transfer concerns an asylum seeker who has previously abandoned their application and left the country, a new claim is considered as subsequent application. Dublin returnees further face important obstacles in accessing reception centres that is the same difficulties as all asylum seekers in France in securing housing.",-13.41323184967041,70
25,2064,fran20264_chunk014,Eritrean Asylum Seekers  Journeys,"When the incoming transfer concerns an asylum seeker who has previously abandoned their application and left the country, a new claim is considered as subsequent application. Dublin returnees further face important obstacles in accessing reception centres that is the same difficulties as all asylum seekers in France in securing housing.",-13.41323184967041,71
25,3370,dub-fran20262_chunk017,Eritrean Asylum Seekers  Journeys,"When the incoming transfer concerns an asylum seeker who has previously abandoned their application and left the country, a new claim is considered as subsequent application. Dublin returnees further face important obstacles in accessing reception centres that is the same difficulties as all asylum seekers in France in securing housing.",-13.41323184967041,72
25,2531,dub-belg20262_chunk012,Eritrean Asylum Seekers  Journeys,"102 f) anføres: ”The Immigration Office is also competent for registering subsequent applications i.e. the asylum applicant’s declaration on new elements and the reasons why they could not invoke them earlier, and transmit the claim ‘without delay’ to the CGRS.",-13.506790161132812,73
25,2474,dub-belg20261_chunk006,Eritrean Asylum Seekers  Journeys,"102 f) i AIDA, Country Report Belgium, juni 2025: ”The Immigration Office is also competent for registering subsequent applications i.e. the asylum applicant’s declaration on new elements and the reasons why they could not invoke them earlier, and transmit the claim ‘without delay’ to the CGRS.",-13.554490089416504,74
25,1084,dub-bulg20261_chunk016,Eritrean Asylum Seekers  Journeys,"- If, however, the returnee’s asylum application was rejected with a final decision on the merits before, or after, leaving Bulgaria, and the decision was served in absentia and therefore became final, the returnee is transferred to one of the immigration pre-removal facilities, usually to the Busmantsi detention centre in Sofia, but also to the Lyubimets detention centre near the Turkish border.",-13.564264297485352,75
25,2037,dub-fran20263_chunk024,Eritrean Asylum Seekers  Journeys,"After having registered their claim at the Prefecture, asylum seekers receive the asylum claim certificate that allows them to remain legally on French territory until: [*] The end of the asylum procedure; [*] A negative first instance decision for inadmissible claims and certain categories of claims rejected in an accelerated procedure – safe country of origin, subsequent application, threat to p",-13.57996654510498,76
25,1093,dub-bulg20261_chunk025,Eritrean Asylum Seekers  Journeys,"If, however, the Dublin returnee is among those, whose asylum procedures ended prior their return to Bulgaria with a refusal in absentia on the merits (substance), they are treated as irregular migrants with no access to the labour market, health care system or any other services that require legal residence and an identity document.",-13.602599143981934,77
25,1146,bulg20263_chunk008,Eritrean Asylum Seekers  Journeys,"Om de generelle forhold for Dublin-returnees i Bulgarien, herunder sårbare ansøgere, er i den nævnte rapport fra AIDA anført blandt andet følgende, side 57:
“Asylum seekers who are returned from other Member States in principle do not face any obstacles in accessing the territory of Bulgaria upon return.",-13.618058204650879,78
25,1089,dub-bulg20261_chunk021,Eritrean Asylum Seekers  Journeys,"If there is no available place food and accommodation in reception centres of the asylum agency SAR, Dublin returnees will have to secure accommodation and nutrition at their own expenses.",-13.637770652770996,79
25,2060,fran20264_chunk010,Eritrean Asylum Seekers  Journeys,"When the relevant Prefectures are in the Paris surroundings, two situations may occur: [*]On the one hand, some Prefectures do not register the asylum claims of Dublin returnees and redirect them to the SPADA.",-13.778447151184082,80
25,2489,dub-belg20261_chunk021,Eritrean Asylum Seekers  Journeys,"If it decides to refuse reception, the previously pending or granted prolongation is withdrawn. The right to reception is thus linked to the most recent asylum procedure.",-13.78771686553955,81
25,2546,dub-belg20262_chunk027,Eritrean Asylum Seekers  Journeys,"If it decides to refuse reception, the previously pending or granted prolongation is withdrawn. The right to reception is thus linked to the most recent asylum procedure.",-13.78771686553955,82
25,3366,dub-fran20262_chunk013,Eritrean Asylum Seekers  Journeys,"When the relevant Prefectures are in the Paris surroundings, two situations may occur: On the one hand, some Prefectures do not register the asylum claims of Dublin returnees and redirect them to the SPADA.",-13.796323776245117,83
25,2488,dub-belg20261_chunk020,Eritrean Asylum Seekers  Journeys,"If, after a final negative decision in the asylum procedure, a request for a prolongation of reception … was pending or granted and the person lodges a second or further subsequent asylum application, the Dispatching service of Fedasil will take a new decision regarding access to reception conditions in the new procedure.",-13.855199813842773,84
25,1154,bulg20263_chunk016,Eritrean Asylum Seekers  Journeys,"Since 2020, the LAR explicitly provides for the mandatory reopening of an asylum procedure with respect to an applicant who is returned to Bulgaria under the Dublin Regulation, provided that s/he has not been issued a decision on merits while in absentia.",-13.897527694702148,85
25,1148,bulg20263_chunk010,Eritrean Asylum Seekers  Journeys,"This decision depends on the phase of the Bulgarian asylum procedure of the Dublin returnee as outlined below:  
-If the returnee has a pending asylum application in Bulgaria, or the procedure was terminated because of the returnee’s absconding, he or she is transferred to a SAR reception centre.",-13.974148750305176,86
25,1152,bulg20263_chunk014,Eritrean Asylum Seekers  Journeys,"Such refusal and serving of the refusal’s decision in absentia is legally possible, if an interview has been conducted with the returnee prior their absconding from Bulgaria and if based on the information gathered from the interview the case worker could form an opinion about the credibility of the asylum claim.",-14.02829360961914,87
25,3361,dub-fran20262_chunk008,Eritrean Asylum Seekers  Journeys,"Om forholdene for Dublin returnees fremgår på side 75 bl.a.: “Applications of persons returned to France under the Dublin III Regulation are treated in the same way as any other asylum applications. If the asylum seeker comes from a safe country of origin, their application is examined under the accelerated procedure.",-14.077476501464844,88
25,2545,dub-belg20262_chunk026,Eritrean Asylum Seekers  Journeys,"If, after a final negative decision in the asylum procedure, a request for a prolongation of reception … was pending or granted and the person lodges a second or further subsequent asylum application, the Dispatching service of Fedasil will take a new decision regarding access to reception conditions in the new procedure.",-14.09035587310791,89
25,2027,dub-fran20263_chunk014,Eritrean Asylum Seekers  Journeys,"When the relevant Prefectures are in the Paris surroundings, two situations may occur: [*] On the one hand, some Prefectures do not register the asylum claims of Dublin returnees and redirect them to the SPADA.",-14.170162200927734,90
25,1083,dub-bulg20261_chunk015,Eritrean Asylum Seekers  Journeys,"Prior to the arrival of Dublin returnees, the SAR informs the Border Police of the expected arrival and indicates whether the returnee should be transferred to a reception centre or to immigration pre-removal detention facility. This decision depends on the phase of the Bulgarian asylum procedure of the Dublin returnee as outlined below:",-14.174673080444336,91
25,1081,dub-bulg20261_chunk013,Eritrean Asylum Seekers  Journeys,"Forholdene for Dublin-returnees i Bulgarien er nærmere beskrevet i AIDA´s seneste rapport, ”Country Report Bulgaria, Update on 2025” fra maj 2026, under ”Asylum Procedure”, pkt. C.",-14.258011817932129,92
25,1085,dub-bulg20261_chunk017,Eritrean Asylum Seekers  Journeys,"Such refusal and serving of the refusal’s decision in absentia is legally possible, if an interview has been conducted with the returnee prior their absconding from Bulgaria and if based on the information gathered from the interview the case worker could form an opinion about the credibility of the asylum claim. …
Since 2020, the LAR explicitly provides for the mandatory reopening of an asylum p",-14.352622985839844,93
25,1150,bulg20263_chunk012,Eritrean Asylum Seekers  Journeys,"In both cases, no decision on the merits is issued, therefore the procedure can be reopened.
-If, however, the returnee’s asylum application was rejected with a final decision on the merits before, or after, leaving Bulgaria, and the decision was served in absentia and therefore became final, the returnee is transferred to one of the immigration pre-removal facilities, usually to the Busmantsi de",-14.3604154586792,94
25,3774,syri20266_chunk015,Eritrean Asylum Seekers  Journeys,"In general, women’s rights and livelihood opportunities remain a critical concern, as women are frequently not economically independent. 8.1. Incidents involving women. Reports issued earlier in 2025 describe cases of sexual violence and harassment against women, especially at checkpoints and during return journeys through unsafe areas.",-14.433810234069824,95
25,3838,syri20267_chunk015,Eritrean Asylum Seekers  Journeys,"In general, women’s rights and livelihood opportunities remain a critical concern, as women are frequently not economically independent. 8.1. Incidents involving women. Reports issued earlier in 2025 describe cases of sexual violence and harassment against women, especially at checkpoints and during return journeys through unsafe areas.",-14.433810234069824,96
25,3526,syri20261_chunk012,Eritrean Asylum Seekers  Journeys,"In general, women’s rights and livelihood opportunities remain a critical concern, as women are frequently not economically independent. 8.1. Incidents involving women. Reports issued earlier in 2025 describe cases of sexual violence and harassment against women, especially at checkpoints and during return journeys through unsafe areas.",-14.440973281860352,97
25,3587,syri20263_chunk010,Eritrean Asylum Seekers  Journeys,"In general, women’s rights and livelihood opportunities remain a critical concern, as women are frequently not economically independent. 8.1. Incidents involving women. Reports issued earlier in 2025 describe cases of sexual violence and harassment against women, especially at checkpoints and during return journeys through unsafe areas.",-14.440973281860352,98
25,3657,syri20262_chunk015,Eritrean Asylum Seekers  Journeys,"In general, women’s rights and livelihood opportunities remain a critical concern, as women are frequently not economically independent. 8.1. Incidents involving women. Reports issued earlier in 2025 describe cases of sexual violence and harassment against women, especially at checkpoints and during return journeys through unsafe areas.",-14.440973281860352,99
26,160,syri202618_chunk019,Asylansøgeres Grundlæggende Behov,"Flygtningenævnet tiltræder Udlændingestyrelsens vurdering af, at ansøgerens søns behov for behandling er et socioøkonomisk forhold, der ikke giver grundlag for asyl.",-0.00521549116820097,0
26,3882,syri20267_chunk059,Asylansøgeres Grundlæggende Behov,"egrundende, og der skal således også foreligge andre relevante individuelle risikofaktorer, der sandsynliggør et behov for international beskyttelse i Danmark.

Helbredsmæssige forhold kan i særlige tilfælde tillægges betydning ved vurdering af, hvorvidt en asylansøger ved en tilbagevenden til hjemlandet risikerer forfølgelse eller overgreb i medfør af udlændingelovens § 7.",-0.005516662262380123,1
26,2120,ukra202610_chunk015,Asylansøgeres Grundlæggende Behov,"Allerede af disse grunde har ansøgeren ikke sandsynliggjort, at han har behov for international beskyttelse i Danmark efter udlændingelovens § 7, stk. 1 eller 2. Det, som ansøgerens advokat i øvrigt har gjort gældende, kan heller ikke føre til asyl.",-0.00617809034883976,2
26,737,rusl202634_chunk046,Asylansøgeres Grundlæggende Behov,"Der er ikke grundlag for at antage, at personer, der vender tilbage til Rusland/Tjetjenien efter længere tids lovligt ophold i udlandet generelt er i asylbegrundende risiko for overgreb fra myndighe¬dernes side. Ansøgeren har herefter ikke sandsynliggjort, at han har behov for international beskyttelse i Danmark efter udlændingelovens § 7, stk. 1 eller stk. 2.",-0.007451241835951805,3
26,788,rusl202635_chunk049,Asylansøgeres Grundlæggende Behov,"Der er ikke grundlag for at antage, at personer, der vender tilbage til Rusland/Tjetjenien efter længere tids lovligt ophold i udlandet generelt er i asylbegrundende risiko for overgreb fra myndighe¬dernes side. Ansøgeren har herefter ikke sandsynliggjort, at han har behov for international beskyttelse i Danmark efter udlændingelovens § 7, stk. 1 eller stk. 2.",-0.007451241835951805,4
26,1944,dub-schw20264_chunk010,Asylansøgeres Grundlæggende Behov,"Flygtningenævnet har herved lagt væk på, at klageren kan rette henvendelse til de schweiziske sundhedsmyndigheder, såfremt han mener, at han har behov for sundhedsbehandling. Nævnet henviser til, at det fremgår af de for nævnet foreliggende baggrundsoplysninger, herunder AIDA’s Country Report fra maj 2026, at også afviste asylansøgere er garanteret adgang til det schweiziske sundhedssystem.",-0.007676624692976475,5
26,3988,ukra20262_chunk013,Asylansøgeres Grundlæggende Behov,"grundlag har behov for international beskyttelse i Danmark mod overgreb i medfør af udlændingelovens artikel 7, stk.

2. Endelig finder Flygtningenævnet, at de generelle forhold i ansøgerens hjemområde, [by], ikke er af en sådan karakter, at der er grundlag for at meddele ansøgeren opholdstilladelse i medfør af udlændingelovens § 7, stk. 3.",-0.01633520983159542,6
26,4455,stat20265_chunk033,Asylansøgeres Grundlæggende Behov,"Ansøgeren har på ovennævnte baggrund ikke sand­syn­liggjort, at han har behov for in­ternational beskyt­telse i Danmark mod forføl­gelse som nævnt i udlændin­ge­lovens § 7, stk. 1, eller mod overgreb mv. som nævnt i udlændingelovens § 7, stk. 2.",-0.01773124933242798,7
26,2665,ukra202611_chunk025,Asylansøgeres Grundlæggende Behov,"Som følge heraf har ansøgeren ikke sandsynliggjort, at han har behov for international beskyttelse i Danmark efter udlændingelovens § 7, stk. 2. I forhold til de generelle forhold i ansøgerens hjemområde, Lviv oblast, finder Flygtningenævnet, at forholdene ikke er af en sådan karakter, at der er grundlag for at meddele ansøgeren opholdstilladelse i medfør af udlændingelovens § 7, stk. 3.",-0.024933189153671265,8
26,535,ukra202618_chunk014,Asylansøgeres Grundlæggende Behov,"n militærnægter, ikke alene på dette grundlag har sandsynliggjort et behov for international beskyttelse i Danmark.",-0.027199815958738327,9
26,891,ukra202617_chunk014,Asylansøgeres Grundlæggende Behov,"n militærnægter, ikke alene på dette grundlag har sandsynliggjort et behov for international beskyttelse i Danmark.",-0.027199815958738327,10
26,542,ukra202618_chunk021,Asylansøgeres Grundlæggende Behov,"Efter de foreliggende oplysninger har ansøgeren ikke sådanne individuelle forhold, herunder helbredsmæssige problemer, som kan begrunde, at han vil være i en særlig sårbar situation i forbindelse med en afsoning i et ukrainsk fængsel. Som følge heraf har ansøgeren ikke sandsynliggjort, at han har behov for international beskyttelse i Danmark efter udlændingelovens § 7.",-0.02987133152782917,11
26,3569,syri20261_chunk055,Asylansøgeres Grundlæggende Behov,"Selvom forholdene for kvinder i Syrien, herunder særligt enlige kvinder, efter baggrundsoplysningerne er vanskelige, finder Flygtningenævnet ikke, at forholdene uden videre kan anses for asylbegrundende, og at der således også skal foreligge andre relevante individuelle risikofaktorer, der sandsynliggør et behov for international beskyttelse i Danmark.",-0.030600791797041893,12
26,1852,niga20264_chunk026,Asylansøgeres Grundlæggende Behov,"Ansøgeren har herefter ikke sandsynliggjort, at han har behov for international beskyttelse i Danmark mod forfølgelse eller overgreb som nævnt i udlændingelovens § 7, stk. 1 eller stk. 2. Flygtningenævnet fastholder herefter nævnets afgørelse af [foråret 2024]. Det følger af det ovenfor anførte, at Flygtningenævnet ikke har fundet grundlag for at hjemvise sagen til Udlændingestyrelsen.",-0.034550998359918594,13
26,4704,dub-sver20262_chunk009,Asylansøgeres Grundlæggende Behov,"Flygtningenævnet kan hertil henvise klageren til at rette henvendelse til de rette sundhedsmyndigheder i Sverige, såfremt hun har behov for yderligere sundhedsbehandling i Sverige. Flygtningenævnet finder ikke, at de generelle forhold og levevilkår for asylansøgere i Sverige er af en sådan karakter, at Danmark er afskåret fra at overføre klageren til Sverige, jf. forordningens artikel 3, stk.",-0.03742140531539917,14
26,3974,tyrk20261_chunk018,Asylansøgeres Grundlæggende Behov,"På denne baggrund har ansøgeren ikke sandsynliggjort, at han ved en tilbagevenden til Tyrkiet vil have behov for beskyttelse mod forfølgelse efter udlændingelovens § 7, stk. 1, eller at han vil befinde sig i en reel risiko for at blive udsat for overgreb omfattet af udlændingelovens § 7, stk. 2. Flygtningenævnet stadfæster derfor Udlændingestyrelsens afgørelse.”
Løbenummer: Tyrk/2026/1/MPC",-0.04104085639119148,15
26,3954,bela20261_chunk017,Asylansøgeres Grundlæggende Behov,"Herefter, og af de grunde der i øvrigt er anført af Udlændingestyrelsen, har ansøgeren ikke sandsynliggjort, at han har behov for international beskyttelse i Danmark mod forfølgelse som nævnt i udlændingelovens § 7, stk. 1, eller overgreb mv. som nævnt i udlændingelovens § 7, stk. 2.",-0.043806467205286026,16
26,194,syri202621_chunk006,Asylansøgeres Grundlæggende Behov,"Flygtningenævnet bemærker, at selvom forholdene for kvinder i Syrien, herunder særligt enlige kvinder, efter baggrundsoplysningerne er vanskelige, finder Flygtningenævnet ikke, at forholdene uden videre kan anses for asylbegrundende, og at der således skal foreligge andre relevante individuelle risikofaktorer, der sandsynliggør et behov for international beskyttelse i Danmark.",-0.04826023429632187,17
26,3571,syri20261_chunk057,Asylansøgeres Grundlæggende Behov,"Der er efter oplysningerne i sagen og ansøgerens fremtræden for nævnet ikke holdepunkter for at antage, at ansøgeren, der er araber og sunni muslim, har tillagt sig vestlige livsnormer i et sådant omfang, at hun i et asylrelevant omfang vil påkalde sig myndighedernes eller andres opmærksomhed ved en tilbagevenden til Syrien, og at hun derfor på dette grundlag har behov for international beskyttels",-0.05354534834623337,18
26,3818,syri20266_chunk059,Asylansøgeres Grundlæggende Behov,"egrundende, og der skal således også foreligge andre relevante individuelle risikofaktorer, der sandsynliggør et behov for international beskyttelse i Danmark.",-0.05522044003009796,19
26,231,soma202612_chunk010,Asylansøgeres Grundlæggende Behov,"Den omstændighed, at ansøgeren ikke kender til Somalia, og ikke har netværk eller familie der, kan ikke begrunde opholdstilladelse efter udlændingelovens § 7, stk. 1 eller stk. 2. Flygtningenævnet finder heller ikke grundlag for at antage, at ansøgeren har behov for international beskyttelse i Danmark med henvisning til, at han er frafalden muslim.",-0.06015036627650261,20
26,494,syri202613_chunk019,Asylansøgeres Grundlæggende Behov,"I forhold til at være en kvinde bemærker nævnet, at selvom forholdene for kvinder i Syrien, herunder særligt enlige kvinder, efter baggrundsoplysningerne og praksis fra Flygtningenævnet er vanskelige, finder Flygtningenævnet ikke, at forholdene uden videre kan anses for asylbegrundende, og at der således også skal foreligge andre relevante individuelle risikofaktorer, der sandsynliggør et behov fo",-0.06933702528476715,21
26,1659,soma202610_chunk010,Asylansøgeres Grundlæggende Behov,"Der er også behov for at få afdækket de nærmere omstændigheder vedrørende klagerens liv sammen med sin ægtefælle og børn for at afgøre, om klageren vil kunne meddeles konsekvensstatus som følge af sin ældste datters asylmotiv og betydningen af klagerens [opholdstilladelse i EU-land A]. Flygtningenævnet hjemviser derfor Udlændingestyrelsens afgørelse. Soma/2026/10/lafal",-0.07216089963912964,22
26,236,soma202612_chunk015,Asylansøgeres Grundlæggende Behov,"De generelle forhold i Somalia, herunder i ansøgerens oprindelige hjemområde i Mogadishu, kan ikke i sig selv føre til opholdstilladelse efter asylreglerne. Ansøgeren har herefter ikke – heller ikke efter en kumulativ vurdering af de påberåbte forhold – sandsynliggjort, at han har behov for international beskyttelse i Danmark efter udlændingelovens § 7, stk. 1 eller stk. 2.",-0.07282014936208725,23
26,4864,rusl20266_chunk036,Asylansøgeres Grundlæggende Behov,"Efter de foreliggende baggrundsoplysninger har den straf, som ansøgeren kan forvente for udeblivelse eller vægring fra værnepligt eller videre militærtjeneste, ikke en sådan uforholdsmæssig karakter, at det i sig selv kan danne grundlag for et behov for international beskyttelse.",-0.0792040005326271,24
26,1466,keny20262_chunk031,Asylansøgeres Grundlæggende Behov,"Flygtningenævnets flertal lægger derfor til grund, at ansøgeren i en årrække har været biseksuel og nu definerer sig som homoseksuel. Ansøgeren har endvidere forklaret, at hun har behov for at kunne leve åbent med sin seksualitet. Ansøgeren må således anses for at tilhøre en særlig social gruppe i Kenya, jf. Flygtningekonventionens artikel 1 A.",-0.08227822184562683,25
26,5104,rusl202610_chunk013,Asylansøgeres Grundlæggende Behov,"Ansøgeren har herefter ikke sandsynliggjort, at han har et behov for beskyttelse efter udlændingelovens § 7. Flygtningenævnet stadfæster derfor Udlændingestyrelsens afgørelse.” rusl/2026/10/anfi",-0.08974424749612808,26
26,5629,maro20261_chunk012,Asylansøgeres Grundlæggende Behov,"I det omfang ansøgeren har behov for beskyttelse mod sin psykisk syge bror [A], må hun henvises til at søge bistand hos de marokkanske myndigheder, der efter sagens oplysninger er bekendt med broderens tilstand.",-0.09563970565795898,27
26,4359,ukra20266_chunk014,Asylansøgeres Grundlæggende Behov,"ine måtte risikere fængselsstraf, er i reel risiko for at blive udsat for forhold i strid med EMRK artikel 3, og at en ansøger, der har nægtet eller måtte påtænke at nægte at udføre militær tjeneste, alene på dette grundlag har sandsynliggjort et behov for international beskyttelse i Danmark.",-0.10272412747144699,28
26,3134,afgh202649_chunk003,Asylansøgeres Grundlæggende Behov,"Ansøgeren har videre oplyst, at han blev truet på livet af [A’s] far. Ansøgeren har om sin frygt for tvangsrekruttering oplyst, at hver husstand i Afghanistan skal stille en person til rådighed for Taliban, og at der på nuværende tidspunkt er behov for endnu flere folk på grund af grænsekonflikten mellem Afghanistan og Pakistan.",-0.10915543884038925,29
26,2796,dub-finl20265_chunk008,Asylansøgeres Grundlæggende Behov,"Nævnet bemærker i den forbindelse, at klageren har oplyst, at hun lider af [hjerte-kar-sygdom] men at nævnet ikke finder grundlag for at tilsidesætte Udlændingestyrelsens vurdering af, at klageren ved behov kan modtage den nødvendige behandling herfor i Finland.",-0.11975529789924622,30
26,2125,ukra202610_chunk020,Asylansøgeres Grundlæggende Behov,"Der henvises i den forbindelse til de baggrundsoplysninger, der er refereret i Udlændingestyrelsens afgørelse, samt det aktuelle konfliktkort udarbejdet af ACLED pr. [dato] maj 2026. Konklusion Ansøgeren har ikke sandsynliggjort, at han har behov for international beskyttelse i Danmark efter udlændingelovens § 7. Flygtningenævnet stadfæster derfor Udlændingestyrelsens afgørelse.” Ukra/2026/10/Sael",-0.12647108733654022,31
26,2048,dub-fran20263_chunk035,Asylansøgeres Grundlæggende Behov,"De franske myndigheder er herefter forpligtede til at sikre, at der tages tilstrækkelige hensyn til disse særlige behov. På den anførte baggrund skal Flygtningenævnet herefter meddele, at nævnet efter en gennemgang af sagen ikke finder grundlag for at omgøre Udlændingestyrelsens afgørelse, jf. udlændingelovens § 48 a, stk. 1, 1. pkt., jf. § 29 a, stk. 1, jf.",-0.13368569314479828,32
26,2193,dub-sver202611_chunk015,Asylansøgeres Grundlæggende Behov,"Som anført af EU-Domstolen tilsidesættes artikel 4, når ligegyldighed fra en medlemsstats side har til følge, at en person, der er fuldstændig afhængig af offentlig hjælp, af grunde, som er uafhængige af den pågældendes vilje og personlige valg, lider alvorlige materielle afsavn, der ikke gør det muligt for den pågældende at dække sine mest basale behov, såsom behovet for at brødføde sig, vaske si",-0.13767139613628387,33
26,2507,dub-belg20261_chunk039,Asylansøgeres Grundlæggende Behov,"Som anført af EU-Domstolen tilsidesættes artikel 4, når ligegyldighed fra en medlemsstats side har til følge, at en person, der er fuldstændig afhængig af offentlig hjælp, af grunde, som er uafhængige af den pågældendes vilje og personlige valg, lider alvorlige materielle afsavn, der ikke gør det muligt for den pågældende at dække sine mest basale behov, såsom behovet for at brødføde sig, vaske si",-0.13767139613628387,34
26,2932,dub-sver202610_chunk016,Asylansøgeres Grundlæggende Behov,"Som anført af EU-Domstolen tilsidesættes artikel 4, når ligegyldighed fra en medlemsstats side har til følge, at en person, der er fuldstændig afhængig af offentlig hjælp, af grunde, som er uafhængige af den pågældendes vilje og personlige valg, lider alvorlige materielle afsavn, der ikke gør det muligt for den pågældende at dække sine mest basale behov, såsom behovet for at brødføde sig, vaske si",-0.13767139613628387,35
26,3404,dub-fran20262_chunk051,Asylansøgeres Grundlæggende Behov,"Som anført af EU-Domstolen tilsidesættes artikel 4, når ligegyldighed fra en medlemsstats side har til følge, at en person, der er fuldstændig afhængig af offentlig hjælp, af grunde, som er uafhængige af den pågældendes vilje og personlige valg, lider alvorlige materielle afsavn, der ikke gør det muligt for den pågældende at dække sine mest basale behov, såsom behovet for at brødføde sig, vaske si",-0.13767139613628387,36
26,4015,dub-sver20266_chunk016,Asylansøgeres Grundlæggende Behov,"Som anført af EU-Domstolen tilsidesættes artikel 4, når ligegyldighed fra en medlemsstats side har til følge, at en person, der er fuldstændig afhængig af offentlig hjælp, af grunde, som er uafhængige af den pågældendes vilje og personlige valg, lider alvorlige materielle afsavn, der ikke gør det muligt for den pågældende at dække sine mest basale behov, såsom behovet for at brødføde sig, vaske si",-0.13767139613628387,37
26,4097,dub-sver20268_chunk016,Asylansøgeres Grundlæggende Behov,"Som anført af EU-Domstolen tilsidesættes artikel 4, når ligegyldighed fra en medlemsstats side har til følge, at en person, der er fuldstændig afhængig af offentlig hjælp, af grunde, som er uafhængige af den pågældendes vilje og personlige valg, lider alvorlige materielle afsavn, der ikke gør det muligt for den pågældende at dække sine mest basale behov, såsom behovet for at brødføde sig, vaske si",-0.13767139613628387,38
26,4491,dub-ital20261_chunk015,Asylansøgeres Grundlæggende Behov,"Som anført af EU-Domstolen tilsidesættes artikel 4, når ligegyldighed fra en medlemsstats side har til følge, at en person, der er fuldstændig afhængig af offentlig hjælp, af grunde, som er uafhængige af den pågældendes vilje og personlige valg, lider alvorlige materielle afsavn, der ikke gør det muligt for den pågældende at dække sine mest basale behov, såsom behovet for at brødføde sig, vaske si",-0.13767139613628387,39
26,2905,dub-sver20269_chunk014,Asylansøgeres Grundlæggende Behov,"Som anført af EU-Domstolen tilsidesættes artikel 4, når ligegyldighed fra en medlemsstats side har til følge, at en person, der er fuldstændig afhængig af offentlig hjælp, af grunde, som er uafhæn­gige af den pågældendes vilje og personlige valg, lider alvorlige materielle afsavn, der ikke gør det muligt for den pågældende at dække sine mest basale behov, såsom behovet for at brødføde sig, vaske s",-0.1437230110168457,40
26,1796,ukra202613_chunk017,Asylansøgeres Grundlæggende Behov,"På denne baggrund finder Flygtningenævnet, at [den mindreårige søn] ikke må anses for at have unddraget sig militærtjeneste, og at han ved en tilbagevenden til Ukraine vil blive straffet med fængsel herfor. Allerede derfor har ansøgeren ikke sandsynliggjort, at [den mindreårige søn] har behov for international beskyttelse i Danmark efter udlændingelovens § 7, stk. 1, eller stk. 2.",-0.15544983744621277,41
26,4760,rusl20265_chunk024,Asylansøgeres Grundlæggende Behov,"Den kvindelige ansøger har således heller ikke sandsynliggjort, at hun har behov for international beskyttelse i Danmark mod forfølgelse omfattet af udlændingelovens § 7, stk. 1, eller overgreb omfattet af udlændingelovens § 7, stk. 2. Flygtningenævnet stadfæster derfor Udlændingestyrelsens afgørelser.” rusl/2026/5/flfr",-0.18022170662879944,42
26,252,came20262_chunk014,Asylansøgeres Grundlæggende Behov,"Ansøgeren har herefter ikke sandsynliggjort, at hun – heller ikke efter en kumulativ vurdering af de ovennævnte forhold – har behov for international beskyttelse i Danmark efter udlændingelovens § 7, stk. 1 eller stk. 2. Flygtningenævnet stadfæster derfor Udlændingestyrelsens afgørelse. Came/206/2/Yars",-0.198527991771698,43
26,3883,syri20267_chunk060,Asylansøgeres Grundlæggende Behov,"Flygtningenævnet finder imidlertid, at ansøgeren ikke i tilstrækkelig grad har sandsynliggjort, at hendes helbredsmæssige situation udgør sådanne relevante individuelle risikofaktorer som anført ovenfor, der sandsynliggør et behov for international beskyttelse i Danmark. Flygtningenævnet kan i den forbindelse henvise til, at det fremgår af forarbejderne til udlændingelovens § 7, stk.",-0.22702452540397644,44
26,3020,ukra20265_chunk031,Asylansøgeres Grundlæggende Behov,"Flygtningenævnet finder herefter, at ansøgeren ikke under henvisning til sit ønske om ikke at udføre militærtjeneste har behov for international beskyt¬telse i Danmark mod overgreb som nævnt i EMRK artikel 3, jf. udlændingelovens § 7, stk. 2.",-0.2298794984817505,45
26,5676,soma20261_chunk024,Asylansøgeres Grundlæggende Behov,"Det er imidlertid Flygtningenævnets praksis at tage stilling til behovet for sådanne undersøgelser på konkret grundlag og ikke ud fra en generel standard. Det fremgår af udlændingelovens § 54, stk. 1, at Flygtningenævnet drager omsorg for sagens oplysning og træffer bestemmelse om afhøring af udlændingen og vidner og om tilvejebringelse af andre bevismidler.",-0.23074114322662354,46
26,1273,rusl202631_chunk015,Asylansøgeres Grundlæggende Behov,"Det er imidlertid Flygtningenævnets praksis at tage stilling til behovet for sådanne undersøgelser på konkret grundlag og ikke ud fra en generel standard. Det fremgår af udlændingelovens § 54, stk. 1, at Flygtningenævnet drager omsorg for sagens oplysning og træffer bestemmelse om afhøring af udlændingen og vidner og om tilvejebringelse af andre bevismidler.",-0.23291318118572235,47
26,1291,rusl202632_chunk015,Asylansøgeres Grundlæggende Behov,"Det er imidlertid Flygtningenævnets praksis at tage stilling til behovet for sådanne undersøgelser på konkret grundlag og ikke ud fra en generel standard. Det fremgår af udlændingelovens § 54, stk. 1, at Flygtningenævnet drager omsorg for sagens oplysning og træffer bestemmelse om afhøring af udlændingen og vidner og om tilvejebringelse af andre bevismidler.",-0.23770858347415924,48
26,5246,syri20269_chunk005,Asylansøgeres Grundlæggende Behov,"Klageren henvendte sig herefter ikke til danske myndigheder før han [i efteråret] 2024 henvendte sig til Udlændingestyrelsen og oplyste, at han havde behov for hjælp til at vende tilbage til Danmark. Flygtningenævnet kan ikke lægge til grund, at klageren på et tidligere tidspunkt har henvendt sig til den danske ambassade i [by i andet mellemøstligt land].",-0.24326512217521667,49
26,4337,dub-sver20265_chunk016,Asylansøgeres Grundlæggende Behov,"EU-Domstolen har anført, at charterets artikel 4 tilsidesættes, når ligegyldighed fra en medlemsstats side har til følge, at en person, der er fuldstændig afhængig af offentlig hjælp, af grunde, som er uafhængige af den pågældendes vilje og personlige valg, lider alvorlige materielle afsavn, der ikke gør det muligt for den pågældende at dække sine mest basale behov, såsom behovet for at brødføde s",-0.2868139445781708,50
26,1496,dub-tysk202622_chunk001,Asylansøgeres Grundlæggende Behov,"DRC Dansk Flygtningehjælp henviste som begrundelse for, at klagerens sag skulle behandles i Danmark, blandt andet til indkvarteringsforholdene i Tyskland samt til, at klageren ikke modtog tilstrækkelig sundhedsbehandling i forbindelse med hendes fødsel, at klageren og hendes ægtefælles relation er konfliktfyldt og at deres børn har særlige behov for støtte.",-0.2997625470161438,51
26,3411,dub-fran20262_chunk058,Asylansøgeres Grundlæggende Behov,"Hertil kommer endvidere, at det efter baggrundsoplysningerne ikke er alle de såkaldte ”Prefectures”, der giver afslag på indkvartering til udlændinge, ligesom det efter baggrundsoplysningerne er muligt at blive indkvarteret, hvis en ansøger, der har indgivet en fornyet ansøgning, påviser at være særlig sårbar med særlige behov for indkvartering.",-0.5000097751617432,52
26,1315,stat202610_chunk004,Asylansøgeres Grundlæggende Behov,"I forbindelse med den seneste genoptagelsessag henviste klageren fortsat til de tidligere påberåbte asylmotiver og henviste supplerende til, at der var sket en forværrende udvikling i hans helbredsmæssige tilstand, både fysisk og psykisk, samt at klageren havde behov for sundhedsbehandling.",-0.5500456690788269,53
26,539,ukra202618_chunk018,Asylansøgeres Grundlæggende Behov,"nhver, der ved en tilbagevenden til Ukraine måtte risikere fængselsstraf, er i reel risiko for at blive udsat for forhold i strid med EMRK artikel 3, og at en ansøger, der har nægtet eller måtte påtænke at nægte at udføre militær tjeneste, alene på dette grundlag har sandsynliggjort et behov for international beskyttelse i Danmark.",-0.5571409463882446,54
26,895,ukra202617_chunk018,Asylansøgeres Grundlæggende Behov,"nhver, der ved en tilbagevenden til Ukraine måtte risikere fængselsstraf, er i reel risiko for at blive udsat for forhold i strid med EMRK artikel 3, og at en ansøger, der har nægtet eller måtte påtænke at nægte at udføre militær tjeneste, alene på dette grundlag har sandsynliggjort et behov for international beskyttelse i Danmark.",-0.5571409463882446,55
26,5423,rusl20261_chunk020,Asylansøgeres Grundlæggende Behov,"Det bemærkes endvidere, at den kvindelige ansøger ikke var til stede under proceduren i nævnet, da hun passede ansøgernes ældste barn, men at hun havde adgang til at udtale sig for nævnet afslutningsvis. Efter det, som er anført ovenfor, har ansøgerne ikke sandsynliggjort, at de har behov for international beskyttelse i Danmark mod forfølgelse omfattet af udlændingelovens § 7, stk.",-0.6339049339294434,56
26,3015,ukra20265_chunk026,Asylansøgeres Grundlæggende Behov,"v er af en sådan karakter, at enhver, der ved en tilbagevenden til Ukraine måtte risikere fængselsstraf, er i reel risiko for at blive udsat for forhold i strid med EMRK artikel 3, og at en ansøger, der har nægtet eller måtte påtænke at nægte at udføre militær tjeneste, alene på dette grundlag har sandsynliggjort et behov for international beskyttelse i Danmark.",-0.6391477584838867,57
26,1734,irak20265_chunk021,Asylansøgeres Grundlæggende Behov,"lovens § 7, stk.

1. Flygtningenævnet finder, at det heller ikke er sandsynliggjort, at de irakiske myndigheder ikke har evne eller vilje til at yde den fornødne beskyttelse, hvis klageren for behov for dette som følge af manglende overholdelse af muslimske traditioner.",-0.8605250716209412,58
26,2757,ukra20264_chunk014,Asylansøgeres Grundlæggende Behov,"Flygtningenævnet finder herefter, at ansøgeren ikke har sandsynliggjort, at han af de ukrainske myndigheder kan anses for at have unddraget sig militærtjeneste, og at han ved en tilbagevenden til Ukraine vil blive straffet med fængsel herfor. Allerede derfor har ansøgeren ikke sandsynliggjort, at han har behov for international beskyttelse i Danmark efter udlændingelovens § 7, stk. 1 eller stk. 2.",-1.1371806859970093,59
26,3951,bela20261_chunk014,Asylansøgeres Grundlæggende Behov,"n videresendt meddelelse om militærforhold.

Den omstændighed, at ansøgeren gennem flere år har opholdt sig uden for Belarus, og at han af den årsag eventuelt vil kunne påkalde sig de belarussiske myndigheders opmærksomhed ved en tilbagevenden, kan ikke føre til en anden vurdering af behovet for international beskyttelse.",-1.1759278774261475,60
26,370,ukra202620_chunk031,Asylansøgeres Grundlæggende Behov,"finder Flygtningenævnet efter det oplyste om ansøgerens individuelle forhold ikke, at en afsoning i de ukrainske fængsler vil være i strid med EMRK artikel 3.

Flygtningenævnet bemærker i den forbindelse, at ansøgeren er sund og rask. Ansøgeren har derfor ikke sandsynliggjort, at han har behov for international beskyttelse i Danmark efter udlændingelovens § 7, stk. 1 eller stk.",-1.2145060300827026,61
26,2696,ukra20263_chunk028,Asylansøgeres Grundlæggende Behov,"Flygtningenævnet finder således ikke, at ansøgeren, af de ukrainske myndigheder er mobiliseret til at udføre militærtjeneste, og at han ved en tilbagevenden til Ukraine vil blive straffet med fængsel. Allerede som følge heraf har ansøgeren ikke sandsynliggjort, at han har behov for international beskyttelse i Danmark efter udlændingelovens § 7, stk. 1 eller stk. 2.",-1.2913087606430054,62
26,4366,ukra20266_chunk021,Asylansøgeres Grundlæggende Behov,"External monitoring bodies have repeatedly raised concerns regarding the insufficiency of mental health support.” Ansøgeren har under nævnsmødet fremlagt et omfattende lægeligt journalmateriale til belysning af sine helbredsmæssige forhold, herunder sit behov for psykiatrisk og/eller psykologisk behandling.",-1.3472802639007568,63
26,2047,dub-fran20263_chunk034,Asylansøgeres Grundlæggende Behov,"Nævnet bemærker i den forbindelse, at Hjemrejsestyrelsen forinden en udsendelse af klageren og dennes mindreårige børn, kan underrette de franske myndigheder om klagerens og dennes børns særlige behov, herunder relevante oplysninger vedrørende deres psykiske og fysiske sundhedstilstand, såfremt klageren samtykker til dette, jf. Dublinforordningens artikel 32.",-1.9118107557296753,64
26,3630,syri20263_chunk053,Asylansøgeres Grundlæggende Behov,"gså skal foreligge andre relevante individuelle risikofaktorer, der sandsynliggør et behov for international beskyttelse i Danmark.",-2.008622646331787,65
26,3700,syri20262_chunk058,Asylansøgeres Grundlæggende Behov,"gså skal foreligge andre relevante individuelle risikofaktorer, der sandsynliggør et behov for international beskyttelse i Danmark.",-2.008622646331787,66
26,1658,soma202610_chunk009,Asylansøgeres Grundlæggende Behov,"Flygtningenævnet finder, at der er fremkommet nye oplysninger, som gør det nødvendigt at hjemvise sagen til Udlændingestyrelsen. Der er således behov for at gennemføre en egentlig samtale med klageren om hans ophold i Somalia, hans ophold i [EU-land A] og hans [opholdstilladelse i EU-land A].",-2.3466501235961914,67
26,1511,dub-tysk202622_chunk016,Asylansøgeres Grundlæggende Behov,"Flygtningenævnet bemærker i den forbindelse, at Hjemrejsestyrelsen forud for udsendelsen af klageren og hendes medfølgende børn underretter de tyske myndigheder om deres særlige behov, såfremt klageren samtykker hertil, jf. Dublinforordningens artikel 32.",-2.4159319400787354,68
26,4552,dub-tysk20262_chunk006,Asylansøgeres Grundlæggende Behov,"al behandles i Danmark.

Flygtningenævnet har herved lagt vægt på, at klageren, såfremt han har behov herfor, må henvises til at rette henvendelse og eventuelt klage til de relevante tyske myndigheder, idet de tyske myndigheder må antages at have evnen og viljen til at yde klageren den fornødne beskyttelse.",-2.510075092315674,69
26,2011,dub-pole20263_chunk018,Asylansøgeres Grundlæggende Behov,"Flygtningenævnet bemærker imidlertid, at nævnet forudsætter, at Hjemrejsestyrelsen forud for udsendelse af klageren underretter de polske myndigheder om klagerens særlige behov, herunder de relevante helbredsmæssige oplysninger, såfremt klageren samtykker hertil, jf. Dublinfor-ordningens artikel 32.",-3.114055633544922,70
26,2233,dub-sver202612_chunk009,Asylansøgeres Grundlæggende Behov,"Flygtningenævnet har herved lagt vægt på, at klageren, såfremt han har behov herfor, må henvises til at rette henvendelse og eventuelt klage til de relevante svenske myndigheder, idet de svenske myndigheder må antages at have evnen og viljen til at yde klageren den fornødne beskyttelse.",-3.2714030742645264,71
26,5781,iran202564_chunk024,Asylansøgeres Grundlæggende Behov,"Det beskrives herunder, at han søger personalet, når han har behov for medicin eller en snak. Han har ikke begået ny kriminalitet siden [den kriminalitet, han blev dømt for i 1996].",-3.384868860244751,72
26,687,syri202616_chunk013,Asylansøgeres Grundlæggende Behov,"Flygtningenævnet tiltræder, som det er anført af Udlændingestyrelsen, at disse forhold er af socioøkonomisk karakter, der ikke sandsynliggør et behov for international beskyttelse i Danmark. Nævnet henviser herved navnlig til, at det fremgår af forarbejderne til udlændingelovens § 7, stk. 2, således som den blev affattet ved lov nr.",-3.488959550857544,73
26,5247,syri20269_chunk006,Asylansøgeres Grundlæggende Behov,"Nævnet lægger herved navnlig vægt på, at klageren ved henvendelse til Udlændingestyrelsen [i efteråret] 2024 oplyste, at han ikke tog kontakt til de danske myndigheder inden fortrydelsesfristens udløb, fordi han ikke havde behov herfor i denne periode, og at han i denne periode havde nok penge til at forsørge sig selv i Syrien.",-3.9973556995391846,74
26,3819,syri20266_chunk060,Asylansøgeres Grundlæggende Behov,"Flygtningenævnet finder, at den omstændighed, at hendes mindreårige søn har [et handicap], og at hendes mindreårige datter ikke kan skrive arabisk, men alene taler og forstår arabisk, ikke udgør sådanne relevante individuelle risikofaktorer, der sandsynliggør et behov for international beskyttelse i Danmark.",-5.00294303894043,75
26,1753,dub-pole20261_chunk002,Asylansøgeres Grundlæggende Behov,"Dansk Flygtningehjælp henviste endvidere til klagerens personlige forhold, herunder at hun er gravid og venter barn med sin herboende kæreste, samt til, at hun er særligt sårbar og har behov for stabilitet. Efter en gennemgang af sagen, udtalte Flygtningenævnet blandt andet: ”Det fremgår af udlændingelovens § 48 a, stk.",-5.794158935546875,76
26,3929,29b-bul20261_chunk023,Asylansøgeres Grundlæggende Behov,"Flygtningenævnet bemærker endvidere, at klageren ikke har anmeldt disse forhold til det bulgarske politi eller i øvrigt henvendt sig til myndighederne for at få hjælp. Flygtningenævnet bemærker derudover, at klageren har oplyst, at han er sund og rask og uden behov for sundhedsbehandling, men at han dog har problemer med oppustethed ligesom han har ondt i tænderne.",-6.646172523498535,77
26,1532,dub-tysk202626_chunk006,Asylansøgeres Grundlæggende Behov,"Flygtningenævnet bemærker hertil, at klageren tidligere har modtaget sundhedsbehandling i Tyskland, og at Hjemrejsestyrelsen forinden en overførsel af klageren til Tyskland kan underrette de tyske myndigheder om klagerens helbredsmæssige forhold og særlige behov, såfremt klageren samtykker hertil, jf. Dublinforordningens artikel 32.",-7.274458885192871,78
3,3391,dub-fran20262_chunk038,flygtningenævnet asylum decisions,The law describes the procedure to be followed by reception centres management and by the Prefect once a decision on the asylum claim which ends the right to remain has been adopted. OFII informs the reception centre management where the asylum seeker is accommodated that the right to reception conditions has ended and that the provision of accommodation will be terminated upon a specific date.,-3.4987266063690186,0
3,2548,dub-belg20262_chunk029,flygtningenævnet asylum decisions,"Health care and a dignified standard of living should be always ensured. According to the Constitutional Court, the decision to refuse reception in such cases can only be taken in cases of abuse of the asylum procedure, e.g. when the person applies for asylum for the sole purpose of extending the right to reception.",-5.713778972625732,1
3,2491,dub-belg20261_chunk023,flygtningenævnet asylum decisions,"Health care and a dignified standard of living should be always ensured. According to the Constitutional Court, the decision to refuse reception in such cases can only be taken in cases of abuse of the asylum procedure, e.g. when the person applies for asylum for the sole purpose of extending the right to reception.",-5.993419170379639,2
3,2486,dub-belg20261_chunk018,flygtningenævnet asylum decisions,"Between the moment of the subsequent application and the admissibility decision by the CGRS, asylum applicants who are refused reception nevertheless have the right to medical assistance from Fedasil and to free legal representation. Once the CGRS has deemed the application admissible, the right to access reception is reactivated.",-6.274521827697754,3
3,2543,dub-belg20262_chunk024,flygtningenævnet asylum decisions,"Between the moment of the subsequent application and the admissibility decision by the CGRS, asylum applicants who are refused reception nevertheless have the right to medical assistance from Fedasil and to free legal representation. Once the CGRS has deemed the application admissible, the right to access reception is reactivated.",-6.274521827697754,4
3,2540,dub-belg20262_chunk021,flygtningenævnet asylum decisions,"Although the Reception Act explicitly states that decisions which limit or withdraw the right to reception should be in line with the principle of proportionality, individually motivated and based on the particular situation of the person concerned, Fedasil almost systematically refuses to assign a reception place to subsequent applicants until their asylum application is declared admissible by th",-6.304141044616699,5
3,5532,dub-nede20262_chunk019,flygtningenævnet asylum decisions,"Large differences between (crisis) shelters reveal that whether asylum seekers are able to experience decent reception in the Netherlands is subject to arbitrariness.” Det fremgår endvidere blandt andet af side 145:“Twice a year the COA predicts the capacity it will need in the upcoming period. In October 2024 COA was expecting, for July 2025, to need to house 115,000 asylum applicants.",-6.40781307220459,6
3,2483,dub-belg20261_chunk015,flygtningenævnet asylum decisions,"Although the Reception Act explicitly states that decisions which limit or withdraw the right to reception should be in line with the principle of proportionality, individually motivated and based on the particular situation of the person concerned, Fedasil almost systematically refuses to assign a reception place to subsequent applicants until their asylum application is declared admissible by th",-6.447382926940918,7
3,2492,dub-belg20261_chunk024,flygtningenævnet asylum decisions,"In practice, however, Fedasil almost systematically refuses to assign a reception place to subsequent applicants until their asylum application is declared admissible by the CGRS, mostly through standardised refusal decisions. On multiple occasions, labour tribunals have ordered Fedasil to motivate such decisions individually and consider all case elements.",-6.464811325073242,8
3,2549,dub-belg20262_chunk030,flygtningenævnet asylum decisions,"In practice, however, Fedasil almost systematically refuses to assign a reception place to subsequent applicants until their asylum application is declared admissible by the CGRS, mostly through standardised refusal decisions. On multiple occasions, labour tribunals have ordered Fedasil to motivate such decisions individually and consider all case elements.",-6.464811325073242,9
3,1889,dub-nede20264_chunk017,flygtningenævnet asylum decisions,"Large differences between (crisis) shelters reveal that whether asylum seekers are able to experience decent reception in the Netherlands is subject to arbitrariness.” Det fremgår endvidere blandt andet af side 145: “Twice a year the COA predicts the capacity it will need in the upcoming period. In October 2024 COA was expecting, for July 2025, to need to house 115,000 asylum applicants.",-6.514361381530762,10
3,4191,dub-nede20263_chunk019,flygtningenævnet asylum decisions,"Large differences between (crisis) shelters reveal that whether asylum seekers are able to experience decent reception in the Netherlands is subject to arbitrariness.” Det fremgår endvidere blandt andet af side 145: “Twice a year the COA predicts the capacity it will need in the upcoming period. In October 2024 COA was expecting, for July 2025, to need to house 115,000 asylum applicants.",-6.514361381530762,11
3,5557,dub-nede20261_chunk016,flygtningenævnet asylum decisions,"Large differences between (crisis) shelters reveal that whether asylum seekers are able to experience decent reception in the Netherlands is subject to arbitrariness.” Det fremgår endvidere blandt andet af side 145: “Twice a year the COA predicts the capacity it will need in the upcoming period. In October 2024 COA was expecting, for July 2025, to need to house 115,000 asylum applicants.",-6.514361381530762,12
3,3383,dub-fran20262_chunk030,flygtningenævnet asylum decisions,"In case of suspension, a letter stating the intention to suspend material reception conditions is sent to the asylum seeker, who then has 15 days to challenge this decision through an informal appeal (i.e., written observations). All decisions relating to the refusal or withdrawal of reception conditions can be appealed before the Administrative Court under the common rules of administrative law.",-6.866591453552246,13
3,5552,dub-nede20261_chunk011,flygtningenævnet asylum decisions,"Det fremgår om indkvarteringsforholdene blandt andet af rapportens side 19f: “Less than half of the people entitled to reception conditions (i.e. asylum seekers) as well as beneficiaries of international protection who have not been offered housing yet,were staying in regular Central Agency for the Reception of Asylum Applicants (COA) reception centres over the course of 2024 (34,675 out of 72,610",-7.070693016052246,14
3,5527,dub-nede20262_chunk014,flygtningenævnet asylum decisions,"Det fremgår om indkvarteringsforholdene blandt andet af rapportens side 19f:“Less than half of the people entitled to reception conditions (i.e. asylum seekers) as well as beneficiaries of international protection who have not been offered housing yet,were staying in regular Central Agency for the Reception of Asylum Applicants (COA) reception centres over the course of 2024 (34,675 out of 72,610 ",-7.071743488311768,15
3,1884,dub-nede20264_chunk012,flygtningenævnet asylum decisions,"Det fremgår om indkvarteringsforholdene blandt andet af rapportens side 19f: “Less than half of the people entitled to reception conditions (i.e. asylum seekers) as well as beneficiaries of international protection who have not been offered housing yet, were staying in regular Central Agency for the Reception of Asylum Applicants (COA) reception centres over the course of 2024 (34,675 out of 72,61",-7.293761253356934,16
3,4186,dub-nede20263_chunk014,flygtningenævnet asylum decisions,"Det fremgår om indkvarteringsforholdene blandt andet af rapportens side 19f: “Less than half of the people entitled to reception conditions (i.e. asylum seekers) as well as beneficiaries of international protection who have not been offered housing yet, were staying in regular Central Agency for the Reception of Asylum Applicants (COA) reception centres over the course of 2024 (34,675 out of 72,61",-7.293761253356934,17
3,2488,dub-belg20261_chunk020,flygtningenævnet asylum decisions,"If, after a final negative decision in the asylum procedure, a request for a prolongation of reception … was pending or granted and the person lodges a second or further subsequent asylum application, the Dispatching service of Fedasil will take a new decision regarding access to reception conditions in the new procedure.",-8.063718795776367,18
3,2545,dub-belg20262_chunk026,flygtningenævnet asylum decisions,"If, after a final negative decision in the asylum procedure, a request for a prolongation of reception … was pending or granted and the person lodges a second or further subsequent asylum application, the Dispatching service of Fedasil will take a new decision regarding access to reception conditions in the new procedure.",-8.063718795776367,19
3,2070,fran20264_chunk020,flygtningenævnet asylum decisions,"After having registered their claim at the Prefecture, asylum seekers receive the asylum claim certificate that allows them to remain legally on French territory until: [*] The end of the asylum procedure; [*]A negative first instance decision for inadmissible claims and certain categories of claims rejected in an accelerated procedure – safe country of origin, subsequent application, threat to pu",-8.091765403747559,20
3,1150,bulg20263_chunk012,flygtningenævnet asylum decisions,"In both cases, no decision on the merits is issued, therefore the procedure can be reopened.
-If, however, the returnee’s asylum application was rejected with a final decision on the merits before, or after, leaving Bulgaria, and the decision was served in absentia and therefore became final, the returnee is transferred to one of the immigration pre-removal facilities, usually to the Busmantsi de",-9.016199111938477,21
3,3384,dub-fran20262_chunk031,flygtningenævnet asylum decisions,"The 2024 legislative reform established an unprecedented link between reception and the asylum procedure: a person who leaves their accommodation without legitimate reason, in addition to losing their reception conditions as foreseen before, will see their asylum application “closed” (clôturée) by OFPRA.",-9.091625213623047,22
3,3394,dub-fran20262_chunk041,flygtningenævnet asylum decisions,The assessment to deny or withdraw reception conditions does not take into account the risk of destitution. Asylum seekers should pay a part of accommodation cost when they have sufficient resources (very rare in practice).,-9.288766860961914,23
3,3376,dub-fran20262_chunk023,flygtningenævnet asylum decisions,"After having registered their claim at the Prefecture, asylum seekers receive the asylum claim certificate that allows them too remain legally on French territory until: The end of the asylum procedure; A negative first instance decision for inadmissible claims and certain categories of claims rejected in an accelerated procedure – safe country of origin, subsequent application, threat to public o",-9.296555519104004,24
3,2037,dub-fran20263_chunk024,flygtningenævnet asylum decisions,"After having registered their claim at the Prefecture, asylum seekers receive the asylum claim certificate that allows them to remain legally on French territory until: [*] The end of the asylum procedure; [*] A negative first instance decision for inadmissible claims and certain categories of claims rejected in an accelerated procedure – safe country of origin, subsequent application, threat to p",-9.318459510803223,25
3,1084,dub-bulg20261_chunk016,flygtningenævnet asylum decisions,"- If, however, the returnee’s asylum application was rejected with a final decision on the merits before, or after, leaving Bulgaria, and the decision was served in absentia and therefore became final, the returnee is transferred to one of the immigration pre-removal facilities, usually to the Busmantsi detention centre in Sofia, but also to the Lyubimets detention centre near the Turkish border.",-9.350964546203613,26
3,1149,bulg20263_chunk011,flygtningenævnet asylum decisions,"In the past, the SAR usually suspended asylum procedures when asylum seekers had left Bulgaria before their procedures were completed. After the amendments of the law in 2020, the SAR obtained the right to directly terminate (discontinue) the asylum procedure in such cases without passing through a stage of suspension.",-9.536428451538086,27
3,1096,dub-bulg20261_chunk028,flygtningenævnet asylum decisions,"This means that even, if the returnees do have financial means, their access to the labour market and most of the basic public services (health care, social support, bank services, etc.) is nearly impossible.“
I samme publikation hedder det under ”Detention of Asylum Seekers”, pkt. C.",-9.542153358459473,28
3,2023,dub-fran20263_chunk010,flygtningenævnet asylum decisions,"If the asylum seeker comes from a safe country of origin, their application is examined under the accelerated procedure. If the asylum application had already received a final negative decision from the CNDA, the asylum seeker may apply to OFPRA for a re-examination only if they possess new evidence (see section on Subsequent Applications).",-9.606582641601562,29
3,2056,fran20264_chunk006,flygtningenævnet asylum decisions,"If the asylum seeker comes from a safe country of origin, their application is examined under the accelerated procedure. If the asylum application had already received a final negative decision from the CNDA, the asylum seeker may apply to OFPRA for a re-examination only if they possess new evidence (see section on Subsequent Applications).",-9.606582641601562,30
3,2479,dub-belg20261_chunk011,flygtningenævnet asylum decisions,The application is either (i) a second application within one year from the final decision on the previous application and made from detention or (ii) a third or further application. Legal assistance is arranged in exactly the same way as concerning first asylum applications.,-9.669806480407715,31
3,2536,dub-belg20262_chunk017,flygtningenævnet asylum decisions,The application is either (i) a second application within one year from the final decision on the previous application and made from detention or (ii) a third or further application. Legal assistance is arranged in exactly the same way as concerning first asylum applications.,-9.669806480407715,32
3,2036,dub-fran20263_chunk023,flygtningenævnet asylum decisions,"In practice, OFII deny asylum seekers the benefit of reception conditions whenever it has the possibility to do so.",-9.73241138458252,33
3,2069,fran20264_chunk019,flygtningenævnet asylum decisions,"In practice, OFII deny asylum seekers the benefit of reception conditions whenever it has the possibility to do so.",-9.73241138458252,34
3,1087,dub-bulg20261_chunk019,flygtningenævnet asylum decisions,"The SAR’s practice following this particular amendment has been so far in line with the law, and returnees whose asylum procedures had been only terminated (discontinued) after their absconding do not face obstacles in principle to have their determination procedures reopened.",-9.739124298095703,35
3,1155,bulg20263_chunk017,flygtningenævnet asylum decisions,"The SAR’s practice following this particular amendment has been so far in line with the law, and returnees whose asylum procedures had been only terminated (discontinued) after their absconding do not face obstacles in principle to have their determination procedures reopened.",-9.739124298095703,36
3,3375,dub-fran20262_chunk022,flygtningenævnet asylum decisions,"In practice, OFII deny asylum seekers the benefit of reception conditions whenever it has the possibility to do so.",-9.746740341186523,37
3,1081,dub-bulg20261_chunk013,flygtningenævnet asylum decisions,"Forholdene for Dublin-returnees i Bulgarien er nærmere beskrevet i AIDA´s seneste rapport, ”Country Report Bulgaria, Update on 2025” fra maj 2026, under ”Asylum Procedure”, pkt. C.",-9.871861457824707,38
3,2474,dub-belg20261_chunk006,flygtningenævnet asylum decisions,"102 f) i AIDA, Country Report Belgium, juni 2025: ”The Immigration Office is also competent for registering subsequent applications i.e. the asylum applicant’s declaration on new elements and the reasons why they could not invoke them earlier, and transmit the claim ‘without delay’ to the CGRS.",-10.05339527130127,39
3,1082,dub-bulg20261_chunk014,flygtningenævnet asylum decisions,"2.7, side 56 ff., om ”The situation of Dublin returnees”, hvoraf fremgår blandt andet:
“Asylum seekers who are returned from other Member States in principle do not face any obstacles in accessing the territory of Bulgaria upon return.",-10.069350242614746,40
3,3392,dub-fran20262_chunk039,flygtningenævnet asylum decisions,Rejected asylum seekers can formulate a request to remain 1 month in order to have time to plan their exit of the centre. The number of asylum seekers without material reception conditions is an increasingly important and worrying issue.,-10.138999938964844,41
3,3361,dub-fran20262_chunk008,flygtningenævnet asylum decisions,"Om forholdene for Dublin returnees fremgår på side 75 bl.a.: “Applications of persons returned to France under the Dublin III Regulation are treated in the same way as any other asylum applications. If the asylum seeker comes from a safe country of origin, their application is examined under the accelerated procedure.",-10.14018726348877,42
3,2489,dub-belg20261_chunk021,flygtningenævnet asylum decisions,"If it decides to refuse reception, the previously pending or granted prolongation is withdrawn. The right to reception is thus linked to the most recent asylum procedure.",-10.187461853027344,43
3,2546,dub-belg20262_chunk027,flygtningenævnet asylum decisions,"If it decides to refuse reception, the previously pending or granted prolongation is withdrawn. The right to reception is thus linked to the most recent asylum procedure.",-10.187461853027344,44
3,1148,bulg20263_chunk010,flygtningenævnet asylum decisions,"This decision depends on the phase of the Bulgarian asylum procedure of the Dublin returnee as outlined below:  
-If the returnee has a pending asylum application in Bulgaria, or the procedure was terminated because of the returnee’s absconding, he or she is transferred to a SAR reception centre.",-10.209819793701172,45
3,3363,dub-fran20262_chunk010,flygtningenævnet asylum decisions,"The humanitarian emergency reception centre (Permanence d’accueil d’urgence humanitaire, PAUH) run by the Red Cross based next to Roissy – Charles de Gaulle airport aims to provide people released from the transit zone, after a court decision, with legal and social support.",-10.244013786315918,46
3,2033,dub-fran20263_chunk020,flygtningenævnet asylum decisions,"This scheme ensures the distribution of accommodation places for asylum seekers throughout the national territory, and their allocation thereto. In parallel and in compliance with the national reception scheme, regional schemes are defined and implemented by Prefects in each region. All asylum seekers are offered material reception conditions under Article L. 551-9 Ceseda.",-10.25261402130127,47
3,2066,fran20264_chunk016,flygtningenævnet asylum decisions,"This scheme ensures the distribution of accommodation places for asylum seekers throughout the national territory, and their allocation thereto. In parallel and in compliance with the national reception scheme, regional schemes are defined and implemented by Prefects in each region. All asylum seekers are offered material reception conditions under Article L. 551-9 Ceseda.",-10.25261402130127,48
3,3372,dub-fran20262_chunk019,flygtningenævnet asylum decisions,"This scheme ensures the distribution of accommodation places for asylum seekers throughout the national territory, and their allocation thereto. In parallel and in compliance with the national reception scheme, regional schemes are defined and implemented by Prefects in each region. All asylum seekers are offered material reception conditions under Article L. 551-9 Ceseda.",-10.25261402130127,49
3,2496,dub-belg20261_chunk028,flygtningenævnet asylum decisions,"128) om Dublin returnees: ”Depending on the situation of their procedure in Belgium at the moment they left Belgium, asylum applicants sent back to Belgium following a Dublin procedure in another country can be considered subsequent applicants …In such a case, they mostly only get shelter after their asylum application is taken into consideration by the CGRS … .",-10.272923469543457,50
3,2553,dub-belg20262_chunk034,flygtningenævnet asylum decisions,"128) om Dublin returnees: ”Depending on the situation of their procedure in Belgium at the moment they left Belgium, asylum applicants sent back to Belgium following a Dublin procedure in another country can be considered subsequent applicants …In such a case, they mostly only get shelter after their asylum application is taken into consideration by the CGRS … .",-10.272923469543457,51
3,1152,bulg20263_chunk014,flygtningenævnet asylum decisions,"Such refusal and serving of the refusal’s decision in absentia is legally possible, if an interview has been conducted with the returnee prior their absconding from Bulgaria and if based on the information gathered from the interview the case worker could form an opinion about the credibility of the asylum claim.",-10.3641939163208,52
3,1171,bulg20263_chunk033,flygtningenævnet asylum decisions,"vities.

In 2025, the monitoring of these processes established that in 88% of the cases, an initial assessment form was present in the file of asylum seekers who were falling within the vulnerability definition under national law.",-10.452812194824219,53
3,1154,bulg20263_chunk016,flygtningenævnet asylum decisions,"Since 2020, the LAR explicitly provides for the mandatory reopening of an asylum procedure with respect to an applicant who is returned to Bulgaria under the Dublin Regulation, provided that s/he has not been issued a decision on merits while in absentia.",-10.537895202636719,54
3,2480,dub-belg20261_chunk012,flygtningenævnet asylum decisions,"However, in practice, some asylum applicants or lawyers have experienced difficulties obtaining ‘Pro-Deo’ assignments because they are generally not accommodated in a reception centre, which makes the proof of their lack of income more burdensome … . An applicant does not have a right to remain on the territory even before the CGRS pronounces itself on admissibility in cases where: a.",-10.560412406921387,55
3,2537,dub-belg20262_chunk018,flygtningenævnet asylum decisions,"However, in practice, some asylum applicants or lawyers have experienced difficulties obtaining ‘Pro-Deo’ assignments because they are generally not accommodated in a reception centre, which makes the proof of their lack of income more burdensome … . An applicant does not have a right to remain on the territory even before the CGRS pronounces itself on admissibility in cases where: a.",-10.560412406921387,56
3,2487,dub-belg20261_chunk019,flygtningenævnet asylum decisions,"Asylum applicants must then present themselves to the Dispatching service at Fedasil’s arrival centre to be allocated a reception place. If the asylum applicant has not obtained reception from Fedasil during the first stage of the procedure and the CGRS declares the subsequent asylum application inadmissible, they will not be entitled to reception during the appeal with the CALL.",-10.622279167175293,57
3,2544,dub-belg20262_chunk025,flygtningenævnet asylum decisions,"Asylum applicants must then present themselves to the Dispatching service at Fedasil’s arrival centre to be allocated a reception place. If the asylum applicant has not obtained reception from Fedasil during the first stage of the procedure and the CGRS declares the subsequent asylum application inadmissible, they will not be entitled to reception during the appeal with the CALL.",-10.622279167175293,58
3,2482,dub-belg20261_chunk014,flygtningenævnet asylum decisions,"In principle, all applicants for international protection, including subsequent applicants, have the right to access reception conditions during the examination of their case. However, the Reception Act allows the possibility to refuse reception to subsequent applicants until their asylum application is deemed admissible by the CGRS.",-10.655601501464844,59
3,1400,dub-nede20265_chunk013,flygtningenævnet asylum decisions,All other residents stayed in regular asylum centres and/or temporary reception locations managed by municipalities.,-10.662092208862305,60
3,3362,dub-fran20262_chunk009,flygtningenævnet asylum decisions,"If the asylum application had already received a final negative decision from the CNDA, the asylum seeker may apply to OFPRA for a re-examination only if they possess new evidence (see section on Subsequent Applications). Support and assistance to Dublin returnees remains complicated.",-10.685491561889648,61
3,1168,bulg20263_chunk030,flygtningenævnet asylum decisions,"Monitoring in 2025
In 2025, both vulnerability assessments and identification - as well as all follow-ups on identified cases -, remained substandard, to the point this continued to represent the most significant violation of existing obligation in the context of the asylum procedure in the course of already several years.",-10.689398765563965,62
3,2476,dub-belg20261_chunk008,flygtningenævnet asylum decisions,"The CGRS should take this decision within 10 working days after receiving the application from the Immigration Office. If the person is in detention, this decision should be taken within 2 working days. If the CGRS declares the application admissible, it examines the merits under the Accelerated Procedure. The final decision should be made within 15 working days.",-10.877935409545898,63
3,2533,dub-belg20262_chunk014,flygtningenævnet asylum decisions,"The CGRS should take this decision within 10 working days after receiving the application from the Immigration Office. If the person is in detention, this decision should be taken within 2 working days. If the CGRS declares the application admissible, it examines the merits under the Accelerated Procedure. The final decision should be made within 15 working days.",-10.877935409545898,64
3,2034,dub-fran20263_chunk021,flygtningenævnet asylum decisions,This provision applies to all asylum seekers even if their claim is channelled under the accelerated or Dublin procedure. The only nuance is that asylum seekers under the Dublin procedure do not have access to reception centres for asylum seekers (CADA) but have access to the other forms of accommodation and accommodation support.,-10.927689552307129,65
3,2067,fran20264_chunk017,flygtningenævnet asylum decisions,This provision applies to all asylum seekers even if their claim is channelled under the accelerated or Dublin procedure. The only nuance is that asylum seekers under the Dublin procedure do not have access to reception centres for asylum seekers (CADA) but have access to the other forms of accommodation and accommodation support.,-10.927689552307129,66
3,3373,dub-fran20262_chunk020,flygtningenævnet asylum decisions,This provision applies to all asylum seekers even if their claim is channelled under the accelerated or Dublin procedure. The only nuance is that asylum seekers under the Dublin procedure do not have access to reception centres for asylum seekers (CADA) but have access to the other forms of accommodation and accommodation support.,-10.927689552307129,67
3,1085,dub-bulg20261_chunk017,flygtningenævnet asylum decisions,"Such refusal and serving of the refusal’s decision in absentia is legally possible, if an interview has been conducted with the returnee prior their absconding from Bulgaria and if based on the information gathered from the interview the case worker could form an opinion about the credibility of the asylum claim. …
Since 2020, the LAR explicitly provides for the mandatory reopening of an asylum p",-10.951545715332031,68
3,2531,dub-belg20262_chunk012,flygtningenævnet asylum decisions,"102 f) anføres: ”The Immigration Office is also competent for registering subsequent applications i.e. the asylum applicant’s declaration on new elements and the reasons why they could not invoke them earlier, and transmit the claim ‘without delay’ to the CGRS.",-11.036454200744629,69
3,1203,dub-bulg20262_chunk012,flygtningenævnet asylum decisions,"In such cases, as well as in cases when an interpreter from the spoken language is available in another reception centre, the asylum administration organises videoconference interpretation. Communication interruptions and other technical problems are the most common obstacles during interpretation via videoconference.",-11.046539306640625,70
3,1083,dub-bulg20261_chunk015,flygtningenævnet asylum decisions,"Prior to the arrival of Dublin returnees, the SAR informs the Border Police of the expected arrival and indicates whether the returnee should be transferred to a reception centre or to immigration pre-removal detention facility. This decision depends on the phase of the Bulgarian asylum procedure of the Dublin returnee as outlined below:",-11.133633613586426,71
3,2495,dub-belg20261_chunk027,flygtningenævnet asylum decisions,"In several cases, Fedasil has reviewed its decision after intervention by the Federal Mediator and has granted the applicants reception.” Det hedder videre i samme publikation pkt. A.1.3. (s.",-11.234915733337402,72
3,3389,dub-fran20262_chunk036,flygtningenævnet asylum decisions,"Many cases have since been submitted to the courts, making it possible to reinstate MRCs in the many situations where OFII had withdrawn them without properly taking individual situations into account. In cases of subsequent applications, some Prefectures systematically reduce reception conditions of asylum seekers.",-11.23888874053955,73
3,2485,dub-belg20261_chunk017,flygtningenævnet asylum decisions,"A total of 6,469 applicants lodged subsequent applications in 2024: …” Herudover anføres det i pkt. A.1.2. (s. 125 f) om Right to Reception: Subsequent Applications: “The Reception Act provides the possibility for Fedasil to refuse reception to asylum applicants who lodge a second or further subsequent asylum application, until their asylum application is deemed admissible by the CGRS.",-11.319053649902344,74
3,2542,dub-belg20262_chunk023,flygtningenævnet asylum decisions,"A total of 6,469 applicants lodged subsequent applications in 2024: …” Herudover anføres det i pkt. A.1.2. (s. 125 f) om Right to Reception: Subsequent Applications: “The Reception Act provides the possibility for Fedasil to refuse reception to asylum applicants who lodge a second or further subsequent asylum application, until their asylum application is deemed admissible by the CGRS.",-11.319053649902344,75
3,2552,dub-belg20262_chunk033,flygtningenævnet asylum decisions,"In several cases, Fedasil has reviewed its decision after intervention by the Federal Mediator and has granted the applicants reception.” Det hedder videre i samme publikation pkt. A.1.3. (s.",-11.319560050964355,76
3,2061,fran20264_chunk011,flygtningenævnet asylum decisions,"As it has already been mentioned in the Registration section, access to these platforms is very complicated and some returnees have to wait several weeks before getting an appointment with the organisations running them. [*]On the other hand, some Prefectures do immediately register the asylum claims of returnees and direct them to OFII in order to find them an accommodation place.",-11.447011947631836,77
3,2031,dub-fran20263_chunk018,flygtningenævnet asylum decisions,"When the incoming transfer concerns an asylum seeker who has previously abandoned their application and left the country, a new claim is considered as subsequent application. Dublin returnees further face important obstacles in accessing reception centres that is the same difficulties as all asylum seekers in France in securing housing.",-11.486648559570312,78
3,2064,fran20264_chunk014,flygtningenævnet asylum decisions,"When the incoming transfer concerns an asylum seeker who has previously abandoned their application and left the country, a new claim is considered as subsequent application. Dublin returnees further face important obstacles in accessing reception centres that is the same difficulties as all asylum seekers in France in securing housing.",-11.486648559570312,79
3,3370,dub-fran20262_chunk017,flygtningenævnet asylum decisions,"When the incoming transfer concerns an asylum seeker who has previously abandoned their application and left the country, a new claim is considered as subsequent application. Dublin returnees further face important obstacles in accessing reception centres that is the same difficulties as all asylum seekers in France in securing housing.",-11.486648559570312,80
3,2028,dub-fran20263_chunk015,flygtningenævnet asylum decisions,"As it has already been mentioned in the Registration section, access to these platforms is very complicated and some returnees have to wait several weeks before getting an appointment with the organisations running them. [*] On the other hand, some Prefectures do immediately register the asylum claims of returnees and direct them to OFII in order to find them an accommodation place.",-11.517839431762695,81
3,1089,dub-bulg20261_chunk021,flygtningenævnet asylum decisions,"If there is no available place food and accommodation in reception centres of the asylum agency SAR, Dublin returnees will have to secure accommodation and nutrition at their own expenses.",-11.533227920532227,82
3,3367,dub-fran20262_chunk014,flygtningenævnet asylum decisions,"As it has already been mentioned in the Registration section, access to these platforms is very complicated and some returnees have to wait several weeks before getting an appointment with the organisations running them. On the other hand, some Prefectures do immediately register the asylum claims of returnees and direct them to OFII in order to find them an accommodation place.",-11.567460060119629,83
3,3393,dub-fran20262_chunk040,flygtningenævnet asylum decisions,"If we compare the number of asylum applications pending at the end of 2024 according to Eurostat (147,950) and the number of asylum seekers benefitting from reception conditions at this date (90,329 persons in total at the end of December 2024 according to OFII), this means more than 50,000 asylum seekers do not have reception conditions in France.",-11.660842895507812,84
3,2024,dub-fran20263_chunk011,flygtningenævnet asylum decisions,"Support and assistance to Dublin returnees remains complicated. The humanitarian emergency reception centre (Permanence d’accueil d’urgence humanitaire, PAUH) run by the Red Cross based next to Roissy – Charles de Gaulle airport aims to provide people released from the transit zone, after a court decision, with legal and social support.",-11.921126365661621,85
3,2057,fran20264_chunk007,flygtningenævnet asylum decisions,"Support and assistance to Dublin returnees remains complicated. The humanitarian emergency reception centre (Permanence d’accueil d’urgence humanitaire, PAUH) run by the Red Cross based next to Roissy – Charles de Gaulle airport aims to provide people released from the transit zone, after a court decision, with legal and social support.",-11.921126365661621,86
3,3382,dub-fran20262_chunk029,flygtningenævnet asylum decisions,"OFII is competent to decide on the suspension, withdrawal or refusal of material reception conditions. As required by European law, recalled by the Council of State in 2019, decisions on refusal or withdrawal of material reception conditions must be written and motivated.",-11.930129051208496,87
3,1204,dub-bulg20262_chunk013,flygtningenævnet asylum decisions,"It often creates an environment which does not allow the applicant to present properly his accounts in a detailed and systematic way, thus preventing the case worker from clarifying the relevant facts and circumstances for the decision-making process.”
Det fremgår af en anmeldelsesrapport af [vinteren 2024/2025] om klagerens henvendelse i [politikreds] samme dag, at klageren er døvstum og alene k",-12.021732330322266,88
3,2478,dub-belg20261_chunk010,flygtningenævnet asylum decisions,"Recent case law of the CALL concerning Afghan applicants confirmed this. An appeal to the CALL against an inadmissibility decision should be made within 10 days, or 5 days when the applicant is in detention. The appeal has an automatic suspensive effect, except where: a. The CGRS deems that there is no risk of direct or indirect refoulement; and b.",-12.200517654418945,89
3,2535,dub-belg20262_chunk016,flygtningenævnet asylum decisions,"Recent case law of the CALL concerning Afghan applicants confirmed this. An appeal to the CALL against an inadmissibility decision should be made within 10 days, or 5 days when the applicant is in detention. The appeal has an automatic suspensive effect, except where: a. The CGRS deems that there is no risk of direct or indirect refoulement; and b.",-12.200517654418945,90
3,2550,dub-belg20262_chunk031,flygtningenævnet asylum decisions,"In certain cases, subsequent applicants obtained reception after challenging such decisions before the courts. This means that the access to the right to reception in these cases often depends on whether the applicant is supported by an experienced lawyer.",-12.20451545715332,91
3,2493,dub-belg20261_chunk025,flygtningenævnet asylum decisions,"In certain cases, subsequent applicants obtained reception after challenging such decisions before the courts. This means that the access to the right to reception in these cases often depends on whether the applicant is supported by an experienced lawyer.",-12.295849800109863,92
3,2490,dub-belg20261_chunk022,flygtningenævnet asylum decisions,"Article 4 of the Reception Act is aligned with the recast Reception Conditions Directive and explicitly states that decisions which limit or withdraw the right to reception should be in line with the principle of proportionality, individually motivated and based on the individual situation of the person concerned, especially in the case vulnerable persons.",-12.395482063293457,93
3,3366,dub-fran20262_chunk013,flygtningenævnet asylum decisions,"When the relevant Prefectures are in the Paris surroundings, two situations may occur: On the one hand, some Prefectures do not register the asylum claims of Dublin returnees and redirect them to the SPADA.",-12.426040649414062,94
3,2547,dub-belg20262_chunk028,flygtningenævnet asylum decisions,"Article 4 of the Reception Act is aligned with the recast Reception Conditions Directive and explicitly states that decisions which limit or withdraw the right to reception should be in line with the principle of proportionality, individually motivated and based on the individual situation of the person concerned, especially in the case vulnerable persons.",-12.501832008361816,95
3,2060,fran20264_chunk010,flygtningenævnet asylum decisions,"When the relevant Prefectures are in the Paris surroundings, two situations may occur: [*]On the one hand, some Prefectures do not register the asylum claims of Dublin returnees and redirect them to the SPADA.",-12.550429344177246,96
3,2027,dub-fran20263_chunk014,flygtningenævnet asylum decisions,"When the relevant Prefectures are in the Paris surroundings, two situations may occur: [*] On the one hand, some Prefectures do not register the asylum claims of Dublin returnees and redirect them to the SPADA.",-12.575060844421387,97
3,1086,dub-bulg20261_chunk018,flygtningenævnet asylum decisions,"rocedure with respect to an applicant who is returned to Bulgaria under the Dublin Regulation, provided that s/he has not been issued a decision on merits while in absentia.",-12.621910095214844,98
3,3388,dub-fran20262_chunk035,flygtningenævnet asylum decisions,"However, as part of an overhaul of administrative litigation procedures foreseen elsewhere in the law, a specific procedural framework for litigation relating to decisions to refuse or withdraw MRCs was created.",-12.838011741638184,99
30,5831,erit20261_chunk031,Perceived Past Behavior   Plausibility,"Most sources had heard of consequences of evasion and desertion for family members (parents, spouse or siblings) of evaders and deserters. However, some of these sources considered that this was worse in the past. In line with this, journalist Tom Gardner found that the Eritrean government was more ‘relaxed’ now compared to earlier.",-11.0735502243042,0
30,3637,syri20263_chunk060,Perceived Past Behavior   Plausibility,"According to a Syrian lawyer DIS consulted, individuals perceived as politically active or critical of the authorities may face reprisals comparable to those experienced by government critics of any background.",-12.150674819946289,1
30,3731,syri20264_chunk025,Perceived Past Behavior   Plausibility,"According to a Syrian lawyer DIS consulted, individuals perceived as politically active or critical of the authorities may face reprisals comparable to those experienced by government critics of any background.",-12.150674819946289,2
30,1149,bulg20263_chunk011,Perceived Past Behavior   Plausibility,"In the past, the SAR usually suspended asylum procedures when asylum seekers had left Bulgaria before their procedures were completed. After the amendments of the law in 2020, the SAR obtained the right to directly terminate (discontinue) the asylum procedure in such cases without passing through a stage of suspension.",-12.930404663085938,3
35,2478,dub-belg20261_chunk010,Appeals And Revisions Of Decisions,"Recent case law of the CALL concerning Afghan applicants confirmed this. An appeal to the CALL against an inadmissibility decision should be made within 10 days, or 5 days when the applicant is in detention. The appeal has an automatic suspensive effect, except where: a. The CGRS deems that there is no risk of direct or indirect refoulement; and b.",-8.768034934997559,0
35,2535,dub-belg20262_chunk016,Appeals And Revisions Of Decisions,"Recent case law of the CALL concerning Afghan applicants confirmed this. An appeal to the CALL against an inadmissibility decision should be made within 10 days, or 5 days when the applicant is in detention. The appeal has an automatic suspensive effect, except where: a. The CGRS deems that there is no risk of direct or indirect refoulement; and b.",-8.768034934997559,1
35,3383,dub-fran20262_chunk030,Appeals And Revisions Of Decisions,"In case of suspension, a letter stating the intention to suspend material reception conditions is sent to the asylum seeker, who then has 15 days to challenge this decision through an informal appeal (i.e., written observations). All decisions relating to the refusal or withdrawal of reception conditions can be appealed before the Administrative Court under the common rules of administrative law.",-9.035309791564941,2
35,3388,dub-fran20262_chunk035,Appeals And Revisions Of Decisions,"However, as part of an overhaul of administrative litigation procedures foreseen elsewhere in the law, a specific procedural framework for litigation relating to decisions to refuse or withdraw MRCs was created.",-12.365328788757324,3
35,2488,dub-belg20261_chunk020,Appeals And Revisions Of Decisions,"If, after a final negative decision in the asylum procedure, a request for a prolongation of reception … was pending or granted and the person lodges a second or further subsequent asylum application, the Dispatching service of Fedasil will take a new decision regarding access to reception conditions in the new procedure.",-12.538463592529297,4
35,2545,dub-belg20262_chunk026,Appeals And Revisions Of Decisions,"If, after a final negative decision in the asylum procedure, a request for a prolongation of reception … was pending or granted and the person lodges a second or further subsequent asylum application, the Dispatching service of Fedasil will take a new decision regarding access to reception conditions in the new procedure.",-12.538463592529297,5
35,2550,dub-belg20262_chunk031,Appeals And Revisions Of Decisions,"In certain cases, subsequent applicants obtained reception after challenging such decisions before the courts. This means that the access to the right to reception in these cases often depends on whether the applicant is supported by an experienced lawyer.",-12.620519638061523,6
35,2493,dub-belg20261_chunk025,Appeals And Revisions Of Decisions,"In certain cases, subsequent applicants obtained reception after challenging such decisions before the courts. This means that the access to the right to reception in these cases often depends on whether the applicant is supported by an experienced lawyer.",-12.637478828430176,7
35,3362,dub-fran20262_chunk009,Appeals And Revisions Of Decisions,"If the asylum application had already received a final negative decision from the CNDA, the asylum seeker may apply to OFPRA for a re-examination only if they possess new evidence (see section on Subsequent Applications). Support and assistance to Dublin returnees remains complicated.",-12.909994125366211,8
35,3390,dub-fran20262_chunk037,Appeals And Revisions Of Decisions,"In Lyon, Marseille, Paris and its surroundings, no subsequent claimants can benefit from reception conditions. In a few cases, subsequent claimants can benefit from these conditions after demonstrating their particular vulnerability and their specific needs in terms of accommodation. It is also possible after these 15 days to lodge an appeal before the administrative court.",-13.145052909851074,9
35,2487,dub-belg20261_chunk019,Appeals And Revisions Of Decisions,"Asylum applicants must then present themselves to the Dispatching service at Fedasil’s arrival centre to be allocated a reception place. If the asylum applicant has not obtained reception from Fedasil during the first stage of the procedure and the CGRS declares the subsequent asylum application inadmissible, they will not be entitled to reception during the appeal with the CALL.",-13.283857345581055,10
35,2544,dub-belg20262_chunk025,Appeals And Revisions Of Decisions,"Asylum applicants must then present themselves to the Dispatching service at Fedasil’s arrival centre to be allocated a reception place. If the asylum applicant has not obtained reception from Fedasil during the first stage of the procedure and the CGRS declares the subsequent asylum application inadmissible, they will not be entitled to reception during the appeal with the CALL.",-13.283857345581055,11
35,2491,dub-belg20261_chunk023,Appeals And Revisions Of Decisions,"Health care and a dignified standard of living should be always ensured. According to the Constitutional Court, the decision to refuse reception in such cases can only be taken in cases of abuse of the asylum procedure, e.g. when the person applies for asylum for the sole purpose of extending the right to reception.",-13.30788516998291,12
35,3391,dub-fran20262_chunk038,Appeals And Revisions Of Decisions,The law describes the procedure to be followed by reception centres management and by the Prefect once a decision on the asylum claim which ends the right to remain has been adopted. OFII informs the reception centre management where the asylum seeker is accommodated that the right to reception conditions has ended and that the provision of accommodation will be terminated upon a specific date.,-13.30944538116455,13
35,2483,dub-belg20261_chunk015,Appeals And Revisions Of Decisions,"Although the Reception Act explicitly states that decisions which limit or withdraw the right to reception should be in line with the principle of proportionality, individually motivated and based on the particular situation of the person concerned, Fedasil almost systematically refuses to assign a reception place to subsequent applicants until their asylum application is declared admissible by th",-13.312758445739746,14
35,2540,dub-belg20262_chunk021,Appeals And Revisions Of Decisions,"Although the Reception Act explicitly states that decisions which limit or withdraw the right to reception should be in line with the principle of proportionality, individually motivated and based on the particular situation of the person concerned, Fedasil almost systematically refuses to assign a reception place to subsequent applicants until their asylum application is declared admissible by th",-13.336036682128906,15
35,3382,dub-fran20262_chunk029,Appeals And Revisions Of Decisions,"OFII is competent to decide on the suspension, withdrawal or refusal of material reception conditions. As required by European law, recalled by the Council of State in 2019, decisions on refusal or withdrawal of material reception conditions must be written and motivated.",-13.336116790771484,16
35,2037,dub-fran20263_chunk024,Appeals And Revisions Of Decisions,"After having registered their claim at the Prefecture, asylum seekers receive the asylum claim certificate that allows them to remain legally on French territory until: [*] The end of the asylum procedure; [*] A negative first instance decision for inadmissible claims and certain categories of claims rejected in an accelerated procedure – safe country of origin, subsequent application, threat to p",-13.402173042297363,17
35,2548,dub-belg20262_chunk029,Appeals And Revisions Of Decisions,"Health care and a dignified standard of living should be always ensured. According to the Constitutional Court, the decision to refuse reception in such cases can only be taken in cases of abuse of the asylum procedure, e.g. when the person applies for asylum for the sole purpose of extending the right to reception.",-13.504975318908691,18
35,2070,fran20264_chunk020,Appeals And Revisions Of Decisions,"After having registered their claim at the Prefecture, asylum seekers receive the asylum claim certificate that allows them to remain legally on French territory until: [*] The end of the asylum procedure; [*]A negative first instance decision for inadmissible claims and certain categories of claims rejected in an accelerated procedure – safe country of origin, subsequent application, threat to pu",-13.520538330078125,19
35,2543,dub-belg20262_chunk024,Appeals And Revisions Of Decisions,"Between the moment of the subsequent application and the admissibility decision by the CGRS, asylum applicants who are refused reception nevertheless have the right to medical assistance from Fedasil and to free legal representation. Once the CGRS has deemed the application admissible, the right to access reception is reactivated.",-13.561532020568848,20
35,2486,dub-belg20261_chunk018,Appeals And Revisions Of Decisions,"Between the moment of the subsequent application and the admissibility decision by the CGRS, asylum applicants who are refused reception nevertheless have the right to medical assistance from Fedasil and to free legal representation. Once the CGRS has deemed the application admissible, the right to access reception is reactivated.",-13.566329956054688,21
35,2547,dub-belg20262_chunk028,Appeals And Revisions Of Decisions,"Article 4 of the Reception Act is aligned with the recast Reception Conditions Directive and explicitly states that decisions which limit or withdraw the right to reception should be in line with the principle of proportionality, individually motivated and based on the individual situation of the person concerned, especially in the case vulnerable persons.",-13.585222244262695,22
35,3376,dub-fran20262_chunk023,Appeals And Revisions Of Decisions,"After having registered their claim at the Prefecture, asylum seekers receive the asylum claim certificate that allows them too remain legally on French territory until: The end of the asylum procedure; A negative first instance decision for inadmissible claims and certain categories of claims rejected in an accelerated procedure – safe country of origin, subsequent application, threat to public o",-13.640326499938965,23
35,2490,dub-belg20261_chunk022,Appeals And Revisions Of Decisions,"Article 4 of the Reception Act is aligned with the recast Reception Conditions Directive and explicitly states that decisions which limit or withdraw the right to reception should be in line with the principle of proportionality, individually motivated and based on the individual situation of the person concerned, especially in the case vulnerable persons.",-13.648799896240234,24
35,2492,dub-belg20261_chunk024,Appeals And Revisions Of Decisions,"In practice, however, Fedasil almost systematically refuses to assign a reception place to subsequent applicants until their asylum application is declared admissible by the CGRS, mostly through standardised refusal decisions. On multiple occasions, labour tribunals have ordered Fedasil to motivate such decisions individually and consider all case elements.",-13.688787460327148,25
35,2549,dub-belg20262_chunk030,Appeals And Revisions Of Decisions,"In practice, however, Fedasil almost systematically refuses to assign a reception place to subsequent applicants until their asylum application is declared admissible by the CGRS, mostly through standardised refusal decisions. On multiple occasions, labour tribunals have ordered Fedasil to motivate such decisions individually and consider all case elements.",-13.688787460327148,26
35,2023,dub-fran20263_chunk010,Appeals And Revisions Of Decisions,"If the asylum seeker comes from a safe country of origin, their application is examined under the accelerated procedure. If the asylum application had already received a final negative decision from the CNDA, the asylum seeker may apply to OFPRA for a re-examination only if they possess new evidence (see section on Subsequent Applications).",-13.701519012451172,27
35,2056,fran20264_chunk006,Appeals And Revisions Of Decisions,"If the asylum seeker comes from a safe country of origin, their application is examined under the accelerated procedure. If the asylum application had already received a final negative decision from the CNDA, the asylum seeker may apply to OFPRA for a re-examination only if they possess new evidence (see section on Subsequent Applications).",-13.701519012451172,28
35,3363,dub-fran20262_chunk010,Appeals And Revisions Of Decisions,"The humanitarian emergency reception centre (Permanence d’accueil d’urgence humanitaire, PAUH) run by the Red Cross based next to Roissy – Charles de Gaulle airport aims to provide people released from the transit zone, after a court decision, with legal and social support.",-13.710010528564453,29
35,1086,dub-bulg20261_chunk018,Appeals And Revisions Of Decisions,"rocedure with respect to an applicant who is returned to Bulgaria under the Dublin Regulation, provided that s/he has not been issued a decision on merits while in absentia.",-13.73320484161377,30
35,1152,bulg20263_chunk014,Appeals And Revisions Of Decisions,"Such refusal and serving of the refusal’s decision in absentia is legally possible, if an interview has been conducted with the returnee prior their absconding from Bulgaria and if based on the information gathered from the interview the case worker could form an opinion about the credibility of the asylum claim.",-13.76028060913086,31
35,2476,dub-belg20261_chunk008,Appeals And Revisions Of Decisions,"The CGRS should take this decision within 10 working days after receiving the application from the Immigration Office. If the person is in detention, this decision should be taken within 2 working days. If the CGRS declares the application admissible, it examines the merits under the Accelerated Procedure. The final decision should be made within 15 working days.",-13.794116973876953,32
35,2533,dub-belg20262_chunk014,Appeals And Revisions Of Decisions,"The CGRS should take this decision within 10 working days after receiving the application from the Immigration Office. If the person is in detention, this decision should be taken within 2 working days. If the CGRS declares the application admissible, it examines the merits under the Accelerated Procedure. The final decision should be made within 15 working days.",-13.794116973876953,33
35,2495,dub-belg20261_chunk027,Appeals And Revisions Of Decisions,"In several cases, Fedasil has reviewed its decision after intervention by the Federal Mediator and has granted the applicants reception.” Det hedder videre i samme publikation pkt. A.1.3. (s.",-13.803756713867188,34
35,1204,dub-bulg20262_chunk013,Appeals And Revisions Of Decisions,"It often creates an environment which does not allow the applicant to present properly his accounts in a detailed and systematic way, thus preventing the case worker from clarifying the relevant facts and circumstances for the decision-making process.”
Det fremgår af en anmeldelsesrapport af [vinteren 2024/2025] om klagerens henvendelse i [politikreds] samme dag, at klageren er døvstum og alene k",-13.82579517364502,35
35,2057,fran20264_chunk007,Appeals And Revisions Of Decisions,"Support and assistance to Dublin returnees remains complicated. The humanitarian emergency reception centre (Permanence d’accueil d’urgence humanitaire, PAUH) run by the Red Cross based next to Roissy – Charles de Gaulle airport aims to provide people released from the transit zone, after a court decision, with legal and social support.",-13.902729034423828,36
35,1084,dub-bulg20261_chunk016,Appeals And Revisions Of Decisions,"- If, however, the returnee’s asylum application was rejected with a final decision on the merits before, or after, leaving Bulgaria, and the decision was served in absentia and therefore became final, the returnee is transferred to one of the immigration pre-removal facilities, usually to the Busmantsi detention centre in Sofia, but also to the Lyubimets detention centre near the Turkish border.",-14.14567756652832,37
35,3816,syri20266_chunk057,Appeals And Revisions Of Decisions,"Women whose husbands are missing face complex reintegration, including reconnecting with relatives to clarify inheritance while coping with decisions about declaring the husband dead or continuing the search for him.” Der kan endvidere henvises til EUAA, Country Guidance: Syria, December 2025, pkt. 4.10 (s. 49ff) og UK Home Office, Country Policy and Information Note Syria: Women, december 2025.",-14.184844970703125,38
35,3880,syri20267_chunk057,Appeals And Revisions Of Decisions,"Women whose husbands are missing face complex reintegration, including reconnecting with relatives to clarify inheritance while coping with decisions about declaring the husband dead or continuing the search for him.” Der kan endvidere henvises til EUAA, Country Guidance: Syria, December 2025, pkt. 4.10 (s. 49ff) og UK Home Office, Country Policy and Information Note Syria: Women, december 2025.",-14.184844970703125,39
35,2024,dub-fran20263_chunk011,Appeals And Revisions Of Decisions,"Support and assistance to Dublin returnees remains complicated. The humanitarian emergency reception centre (Permanence d’accueil d’urgence humanitaire, PAUH) run by the Red Cross based next to Roissy – Charles de Gaulle airport aims to provide people released from the transit zone, after a court decision, with legal and social support.",-14.24895191192627,40
35,1150,bulg20263_chunk012,Appeals And Revisions Of Decisions,"In both cases, no decision on the merits is issued, therefore the procedure can be reopened.
-If, however, the returnee’s asylum application was rejected with a final decision on the merits before, or after, leaving Bulgaria, and the decision was served in absentia and therefore became final, the returnee is transferred to one of the immigration pre-removal facilities, usually to the Busmantsi de",-14.366642951965332,41
35,2479,dub-belg20261_chunk011,Appeals And Revisions Of Decisions,The application is either (i) a second application within one year from the final decision on the previous application and made from detention or (ii) a third or further application. Legal assistance is arranged in exactly the same way as concerning first asylum applications.,-14.3934907913208,42
35,2536,dub-belg20262_chunk017,Appeals And Revisions Of Decisions,The application is either (i) a second application within one year from the final decision on the previous application and made from detention or (ii) a third or further application. Legal assistance is arranged in exactly the same way as concerning first asylum applications.,-14.3934907913208,43
35,2552,dub-belg20262_chunk033,Appeals And Revisions Of Decisions,"In several cases, Fedasil has reviewed its decision after intervention by the Federal Mediator and has granted the applicants reception.” Det hedder videre i samme publikation pkt. A.1.3. (s.",-14.406709671020508,44
35,1148,bulg20263_chunk010,Appeals And Revisions Of Decisions,"This decision depends on the phase of the Bulgarian asylum procedure of the Dublin returnee as outlined below:  
-If the returnee has a pending asylum application in Bulgaria, or the procedure was terminated because of the returnee’s absconding, he or she is transferred to a SAR reception centre.",-14.449629783630371,45
35,1154,bulg20263_chunk016,Appeals And Revisions Of Decisions,"Since 2020, the LAR explicitly provides for the mandatory reopening of an asylum procedure with respect to an applicant who is returned to Bulgaria under the Dublin Regulation, provided that s/he has not been issued a decision on merits while in absentia.",-14.478717803955078,46
35,1083,dub-bulg20261_chunk015,Appeals And Revisions Of Decisions,"Prior to the arrival of Dublin returnees, the SAR informs the Border Police of the expected arrival and indicates whether the returnee should be transferred to a reception centre or to immigration pre-removal detention facility. This decision depends on the phase of the Bulgarian asylum procedure of the Dublin returnee as outlined below:",-14.522017478942871,47
35,3567,syri20261_chunk053,Appeals And Revisions Of Decisions,"Women whose husbands are missing face complex reintegration, including reconnecting with relatives to clarify inheritance while coping with decisions about declaring the husband dead or continuing the search for him.” Der kan endvidere henvises til EUAA, County Guidance: Syria, december 2025, pkt. 4.10 (s. 49 ff.), og UK Home Office, Country Policy and Information Note Syria: Women, december 2025.",-14.5336275100708,48
35,3628,syri20263_chunk051,Appeals And Revisions Of Decisions,"Women whose husbands are missing face complex reintegration, including reconnecting with relatives to clarify inheritance while coping with decisions about declaring the husband dead or continuing the search for him.” Der kan endvidere henvises til EUAA, County Guidance: Syria, december 2025, pkt. 4.10 (s. 49 ff.), og UK Home Office, Country Policy and Information Note Syria: Women, december 2025.",-14.5336275100708,49
35,3698,syri20262_chunk056,Appeals And Revisions Of Decisions,"Women whose husbands are missing face complex reintegration, including reconnecting with relatives to clarify inheritance while coping with decisions about declaring the husband dead or continuing the search for him.” Der kan endvidere henvises til EUAA, County Guidance: Syria, December 2025, pkt. 4.10 (s. 49 ff.) og UK Home Office, Country Policy and Information Note Syria: Women, december 2025.",-14.564955711364746,50
35,1085,dub-bulg20261_chunk017,Appeals And Revisions Of Decisions,"Such refusal and serving of the refusal’s decision in absentia is legally possible, if an interview has been conducted with the returnee prior their absconding from Bulgaria and if based on the information gathered from the interview the case worker could form an opinion about the credibility of the asylum claim. …
Since 2020, the LAR explicitly provides for the mandatory reopening of an asylum p",-14.606407165527344,51
41,3381,dub-fran20262_chunk028,False asylum claims and statements,"Has provided false statements concerning their identity or personal situation, in particular their financial situation; 3. Has made a subsequent application or, without legitimate reason, has not made an application within 90 days of entry into the French territory; 4. Exhibits violent behaviour or serious disrespect of the house rules of the centre.",-0.7365749478340149,0
41,1152,bulg20263_chunk014,False asylum claims and statements,"Such refusal and serving of the refusal’s decision in absentia is legally possible, if an interview has been conducted with the returnee prior their absconding from Bulgaria and if based on the information gathered from the interview the case worker could form an opinion about the credibility of the asylum claim.",-6.564441680908203,1
41,1085,dub-bulg20261_chunk017,False asylum claims and statements,"Such refusal and serving of the refusal’s decision in absentia is legally possible, if an interview has been conducted with the returnee prior their absconding from Bulgaria and if based on the information gathered from the interview the case worker could form an opinion about the credibility of the asylum claim. …
Since 2020, the LAR explicitly provides for the mandatory reopening of an asylum p",-7.916848659515381,2
41,3366,dub-fran20262_chunk013,False asylum claims and statements,"When the relevant Prefectures are in the Paris surroundings, two situations may occur: On the one hand, some Prefectures do not register the asylum claims of Dublin returnees and redirect them to the SPADA.",-8.427525520324707,3
41,2027,dub-fran20263_chunk014,False asylum claims and statements,"When the relevant Prefectures are in the Paris surroundings, two situations may occur: [*] On the one hand, some Prefectures do not register the asylum claims of Dublin returnees and redirect them to the SPADA.",-8.571478843688965,4
41,2060,fran20264_chunk010,False asylum claims and statements,"When the relevant Prefectures are in the Paris surroundings, two situations may occur: [*]On the one hand, some Prefectures do not register the asylum claims of Dublin returnees and redirect them to the SPADA.",-8.668868064880371,5
41,2036,dub-fran20263_chunk023,False asylum claims and statements,"In practice, OFII deny asylum seekers the benefit of reception conditions whenever it has the possibility to do so.",-9.067888259887695,6
41,2069,fran20264_chunk019,False asylum claims and statements,"In practice, OFII deny asylum seekers the benefit of reception conditions whenever it has the possibility to do so.",-9.067888259887695,7
41,3375,dub-fran20262_chunk022,False asylum claims and statements,"In practice, OFII deny asylum seekers the benefit of reception conditions whenever it has the possibility to do so.",-9.067888259887695,8
41,2025,dub-fran20263_chunk012,False asylum claims and statements,"For many years, without any funding to implement this activity, the centre has welcomed Dublin returnees at their arrival at the airport. The returnees are directed towards the centre by the police or the airport services. Upon their arrival at the airport, the Border Police issues a safe conduct (sauf-conduit) which mentions the Prefecture where the asylum seekers have to submit their claim.",-9.898388862609863,9
41,2058,fran20264_chunk008,False asylum claims and statements,"For many years, without any funding to implement this activity, the centre has welcomed Dublin returnees at their arrival at the airport. The returnees are directed towards the centre by the police or the airport services. Upon their arrival at the airport, the Border Police issues a safe conduct (sauf-conduit) which mentions the Prefecture where the asylum seekers have to submit their claim.",-9.898388862609863,10
41,3364,dub-fran20262_chunk011,False asylum claims and statements,"For many years, without any funding to implement this activity, the centre has welcomed Dublin returnees at their arrival at the airport. The returnees are directed towards the centre by the police or the airport services. Upon their arrival at the airport, the Border Police issues a safe conduct (sauf-conduit) which mentions the Prefecture where the asylum seekers have to submit their claim.",-9.898388862609863,11
41,1168,bulg20263_chunk030,False asylum claims and statements,"Monitoring in 2025
In 2025, both vulnerability assessments and identification - as well as all follow-ups on identified cases -, remained substandard, to the point this continued to represent the most significant violation of existing obligation in the context of the asylum procedure in the course of already several years.",-10.411798477172852,12
41,1400,dub-nede20265_chunk013,False asylum claims and statements,All other residents stayed in regular asylum centres and/or temporary reception locations managed by municipalities.,-10.505013465881348,13
41,2531,dub-belg20262_chunk012,False asylum claims and statements,"102 f) anføres: ”The Immigration Office is also competent for registering subsequent applications i.e. the asylum applicant’s declaration on new elements and the reasons why they could not invoke them earlier, and transmit the claim ‘without delay’ to the CGRS.",-10.529842376708984,14
41,5527,dub-nede20262_chunk014,False asylum claims and statements,"Det fremgår om indkvarteringsforholdene blandt andet af rapportens side 19f:“Less than half of the people entitled to reception conditions (i.e. asylum seekers) as well as beneficiaries of international protection who have not been offered housing yet,were staying in regular Central Agency for the Reception of Asylum Applicants (COA) reception centres over the course of 2024 (34,675 out of 72,610 ",-10.593652725219727,15
41,1171,bulg20263_chunk033,False asylum claims and statements,"vities.

In 2025, the monitoring of these processes established that in 88% of the cases, an initial assessment form was present in the file of asylum seekers who were falling within the vulnerability definition under national law.",-10.639078140258789,16
41,3367,dub-fran20262_chunk014,False asylum claims and statements,"As it has already been mentioned in the Registration section, access to these platforms is very complicated and some returnees have to wait several weeks before getting an appointment with the organisations running them. On the other hand, some Prefectures do immediately register the asylum claims of returnees and direct them to OFII in order to find them an accommodation place.",-10.70751667022705,17
41,3394,dub-fran20262_chunk041,False asylum claims and statements,The assessment to deny or withdraw reception conditions does not take into account the risk of destitution. Asylum seekers should pay a part of accommodation cost when they have sufficient resources (very rare in practice).,-10.715398788452148,18
41,2491,dub-belg20261_chunk023,False asylum claims and statements,"Health care and a dignified standard of living should be always ensured. According to the Constitutional Court, the decision to refuse reception in such cases can only be taken in cases of abuse of the asylum procedure, e.g. when the person applies for asylum for the sole purpose of extending the right to reception.",-10.755664825439453,19
41,5552,dub-nede20261_chunk011,False asylum claims and statements,"Det fremgår om indkvarteringsforholdene blandt andet af rapportens side 19f: “Less than half of the people entitled to reception conditions (i.e. asylum seekers) as well as beneficiaries of international protection who have not been offered housing yet,were staying in regular Central Agency for the Reception of Asylum Applicants (COA) reception centres over the course of 2024 (34,675 out of 72,610",-10.76935863494873,20
41,1096,dub-bulg20261_chunk028,False asylum claims and statements,"This means that even, if the returnees do have financial means, their access to the labour market and most of the basic public services (health care, social support, bank services, etc.) is nearly impossible.“
I samme publikation hedder det under ”Detention of Asylum Seekers”, pkt. C.",-10.774358749389648,21
41,1149,bulg20263_chunk011,False asylum claims and statements,"In the past, the SAR usually suspended asylum procedures when asylum seekers had left Bulgaria before their procedures were completed. After the amendments of the law in 2020, the SAR obtained the right to directly terminate (discontinue) the asylum procedure in such cases without passing through a stage of suspension.",-10.81163501739502,22
41,1884,dub-nede20264_chunk012,False asylum claims and statements,"Det fremgår om indkvarteringsforholdene blandt andet af rapportens side 19f: “Less than half of the people entitled to reception conditions (i.e. asylum seekers) as well as beneficiaries of international protection who have not been offered housing yet, were staying in regular Central Agency for the Reception of Asylum Applicants (COA) reception centres over the course of 2024 (34,675 out of 72,61",-10.827280044555664,23
41,4186,dub-nede20263_chunk014,False asylum claims and statements,"Det fremgår om indkvarteringsforholdene blandt andet af rapportens side 19f: “Less than half of the people entitled to reception conditions (i.e. asylum seekers) as well as beneficiaries of international protection who have not been offered housing yet, were staying in regular Central Agency for the Reception of Asylum Applicants (COA) reception centres over the course of 2024 (34,675 out of 72,61",-10.827280044555664,24
41,2548,dub-belg20262_chunk029,False asylum claims and statements,"Health care and a dignified standard of living should be always ensured. According to the Constitutional Court, the decision to refuse reception in such cases can only be taken in cases of abuse of the asylum procedure, e.g. when the person applies for asylum for the sole purpose of extending the right to reception.",-10.85219955444336,25
41,1203,dub-bulg20262_chunk012,False asylum claims and statements,"In such cases, as well as in cases when an interpreter from the spoken language is available in another reception centre, the asylum administration organises videoconference interpretation. Communication interruptions and other technical problems are the most common obstacles during interpretation via videoconference.",-10.923011779785156,26
41,1093,dub-bulg20261_chunk025,False asylum claims and statements,"If, however, the Dublin returnee is among those, whose asylum procedures ended prior their return to Bulgaria with a refusal in absentia on the merits (substance), they are treated as irregular migrants with no access to the labour market, health care system or any other services that require legal residence and an identity document.",-10.996581077575684,27
41,3362,dub-fran20262_chunk009,False asylum claims and statements,"If the asylum application had already received a final negative decision from the CNDA, the asylum seeker may apply to OFPRA for a re-examination only if they possess new evidence (see section on Subsequent Applications). Support and assistance to Dublin returnees remains complicated.",-10.997188568115234,28
41,2474,dub-belg20261_chunk006,False asylum claims and statements,"102 f) i AIDA, Country Report Belgium, juni 2025: ”The Immigration Office is also competent for registering subsequent applications i.e. the asylum applicant’s declaration on new elements and the reasons why they could not invoke them earlier, and transmit the claim ‘without delay’ to the CGRS.",-11.043669700622559,29
41,2023,dub-fran20263_chunk010,False asylum claims and statements,"If the asylum seeker comes from a safe country of origin, their application is examined under the accelerated procedure. If the asylum application had already received a final negative decision from the CNDA, the asylum seeker may apply to OFPRA for a re-examination only if they possess new evidence (see section on Subsequent Applications).",-11.076193809509277,30
41,2056,fran20264_chunk006,False asylum claims and statements,"If the asylum seeker comes from a safe country of origin, their application is examined under the accelerated procedure. If the asylum application had already received a final negative decision from the CNDA, the asylum seeker may apply to OFPRA for a re-examination only if they possess new evidence (see section on Subsequent Applications).",-11.130952835083008,31
41,3376,dub-fran20262_chunk023,False asylum claims and statements,"After having registered their claim at the Prefecture, asylum seekers receive the asylum claim certificate that allows them too remain legally on French territory until: The end of the asylum procedure; A negative first instance decision for inadmissible claims and certain categories of claims rejected in an accelerated procedure – safe country of origin, subsequent application, threat to public o",-11.174214363098145,32
41,3392,dub-fran20262_chunk039,False asylum claims and statements,Rejected asylum seekers can formulate a request to remain 1 month in order to have time to plan their exit of the centre. The number of asylum seekers without material reception conditions is an increasingly important and worrying issue.,-11.206120491027832,33
41,1155,bulg20263_chunk017,False asylum claims and statements,"The SAR’s practice following this particular amendment has been so far in line with the law, and returnees whose asylum procedures had been only terminated (discontinued) after their absconding do not face obstacles in principle to have their determination procedures reopened.",-11.407824516296387,34
41,2070,fran20264_chunk020,False asylum claims and statements,"After having registered their claim at the Prefecture, asylum seekers receive the asylum claim certificate that allows them to remain legally on French territory until: [*] The end of the asylum procedure; [*]A negative first instance decision for inadmissible claims and certain categories of claims rejected in an accelerated procedure – safe country of origin, subsequent application, threat to pu",-11.450706481933594,35
41,2028,dub-fran20263_chunk015,False asylum claims and statements,"As it has already been mentioned in the Registration section, access to these platforms is very complicated and some returnees have to wait several weeks before getting an appointment with the organisations running them. [*] On the other hand, some Prefectures do immediately register the asylum claims of returnees and direct them to OFII in order to find them an accommodation place.",-11.475729942321777,36
41,2039,dub-fran20263_chunk026,False asylum claims and statements,"The GUDA has been set up in order to better articulate the registration of asylum claims by the Prefecture and provision of reception conditions by OFII.” Frankrig har tiltrådt Den Europæiske Menneskerettighedskonvention, Flygtningekonventionen og EU’s charter om grundlæggende rettigheder, og der er ikke grundlag for at antage, at Frankrig, herunder såvel de franske myndigheder som den franske lov",-11.484586715698242,37
41,2072,fran20264_chunk022,False asylum claims and statements,"The GUDA has been set up in order to better articulate the registration of asylum claims by the Prefecture and provision of reception conditions by OFII.” Frankrig har tiltrådt Den Europæiske Menneskerettighedskonvention, Flygtningekonventionen og EU’s charter om grundlæggende rettigheder, og der er ikke grundlag for at antage, at Frankrig, herunder såvel de franske myndigheder som den franske lov",-11.484586715698242,38
41,2061,fran20264_chunk011,False asylum claims and statements,"As it has already been mentioned in the Registration section, access to these platforms is very complicated and some returnees have to wait several weeks before getting an appointment with the organisations running them. [*]On the other hand, some Prefectures do immediately register the asylum claims of returnees and direct them to OFII in order to find them an accommodation place.",-11.495782852172852,39
41,3384,dub-fran20262_chunk031,False asylum claims and statements,"The 2024 legislative reform established an unprecedented link between reception and the asylum procedure: a person who leaves their accommodation without legitimate reason, in addition to losing their reception conditions as foreseen before, will see their asylum application “closed” (clôturée) by OFPRA.",-11.499267578125,40
41,3370,dub-fran20262_chunk017,False asylum claims and statements,"When the incoming transfer concerns an asylum seeker who has previously abandoned their application and left the country, a new claim is considered as subsequent application. Dublin returnees further face important obstacles in accessing reception centres that is the same difficulties as all asylum seekers in France in securing housing.",-11.651742935180664,41
41,2029,dub-fran20263_chunk016,False asylum claims and statements,"The PAUH is the only entity receiving and supporting Dublin returnees upon their arrival in France by Charles de Gaulle airport. Considering the systemic difficulties encountered by the orientation platforms in Paris and its surroundings, several Dublin returnees, after registering their claim, are eager to turn to it in order to complete their asylum claim form or to find an accommodation.",-11.680442810058594,42
41,2031,dub-fran20263_chunk018,False asylum claims and statements,"When the incoming transfer concerns an asylum seeker who has previously abandoned their application and left the country, a new claim is considered as subsequent application. Dublin returnees further face important obstacles in accessing reception centres that is the same difficulties as all asylum seekers in France in securing housing.",-11.731253623962402,43
41,2064,fran20264_chunk014,False asylum claims and statements,"When the incoming transfer concerns an asylum seeker who has previously abandoned their application and left the country, a new claim is considered as subsequent application. Dublin returnees further face important obstacles in accessing reception centres that is the same difficulties as all asylum seekers in France in securing housing.",-11.731253623962402,44
41,2479,dub-belg20261_chunk011,False asylum claims and statements,The application is either (i) a second application within one year from the final decision on the previous application and made from detention or (ii) a third or further application. Legal assistance is arranged in exactly the same way as concerning first asylum applications.,-11.7352876663208,45
41,2536,dub-belg20262_chunk017,False asylum claims and statements,The application is either (i) a second application within one year from the final decision on the previous application and made from detention or (ii) a third or further application. Legal assistance is arranged in exactly the same way as concerning first asylum applications.,-11.7352876663208,46
41,2066,fran20264_chunk016,False asylum claims and statements,"This scheme ensures the distribution of accommodation places for asylum seekers throughout the national territory, and their allocation thereto. In parallel and in compliance with the national reception scheme, regional schemes are defined and implemented by Prefects in each region. All asylum seekers are offered material reception conditions under Article L. 551-9 Ceseda.",-11.759570121765137,47
41,3372,dub-fran20262_chunk019,False asylum claims and statements,"This scheme ensures the distribution of accommodation places for asylum seekers throughout the national territory, and their allocation thereto. In parallel and in compliance with the national reception scheme, regional schemes are defined and implemented by Prefects in each region. All asylum seekers are offered material reception conditions under Article L. 551-9 Ceseda.",-11.759570121765137,48
41,1082,dub-bulg20261_chunk014,False asylum claims and statements,"2.7, side 56 ff., om ”The situation of Dublin returnees”, hvoraf fremgår blandt andet:
“Asylum seekers who are returned from other Member States in principle do not face any obstacles in accessing the territory of Bulgaria upon return.",-11.773938179016113,49
41,3389,dub-fran20262_chunk036,False asylum claims and statements,"Many cases have since been submitted to the courts, making it possible to reinstate MRCs in the many situations where OFII had withdrawn them without properly taking individual situations into account. In cases of subsequent applications, some Prefectures systematically reduce reception conditions of asylum seekers.",-11.792349815368652,50
41,2496,dub-belg20261_chunk028,False asylum claims and statements,"128) om Dublin returnees: ”Depending on the situation of their procedure in Belgium at the moment they left Belgium, asylum applicants sent back to Belgium following a Dublin procedure in another country can be considered subsequent applicants …In such a case, they mostly only get shelter after their asylum application is taken into consideration by the CGRS … .",-11.81865119934082,51
41,1089,dub-bulg20261_chunk021,False asylum claims and statements,"If there is no available place food and accommodation in reception centres of the asylum agency SAR, Dublin returnees will have to secure accommodation and nutrition at their own expenses.",-11.854545593261719,52
41,1084,dub-bulg20261_chunk016,False asylum claims and statements,"- If, however, the returnee’s asylum application was rejected with a final decision on the merits before, or after, leaving Bulgaria, and the decision was served in absentia and therefore became final, the returnee is transferred to one of the immigration pre-removal facilities, usually to the Busmantsi detention centre in Sofia, but also to the Lyubimets detention centre near the Turkish border.",-11.873647689819336,53
41,3378,dub-fran20262_chunk025,False asylum claims and statements,"The GUDA has been set up in order to better articulate the registration of asylum claims by the Prefecture and provision of reception conditions by OFII.” På side 117 i rapporten fremgår videre om tilbagekaldelse af indkvartering: “Apart from the withdrawal of reception conditions following the end of the right to remain, specific conditions are foreseen in law to allow for the reduction or withdr",-11.87572193145752,54
41,2480,dub-belg20261_chunk012,False asylum claims and statements,"However, in practice, some asylum applicants or lawyers have experienced difficulties obtaining ‘Pro-Deo’ assignments because they are generally not accommodated in a reception centre, which makes the proof of their lack of income more burdensome … . An applicant does not have a right to remain on the territory even before the CGRS pronounces itself on admissibility in cases where: a.",-11.89000129699707,55
41,2537,dub-belg20262_chunk018,False asylum claims and statements,"However, in practice, some asylum applicants or lawyers have experienced difficulties obtaining ‘Pro-Deo’ assignments because they are generally not accommodated in a reception centre, which makes the proof of their lack of income more burdensome … . An applicant does not have a right to remain on the territory even before the CGRS pronounces itself on admissibility in cases where: a.",-11.89000129699707,56
41,3391,dub-fran20262_chunk038,False asylum claims and statements,The law describes the procedure to be followed by reception centres management and by the Prefect once a decision on the asylum claim which ends the right to remain has been adopted. OFII informs the reception centre management where the asylum seeker is accommodated that the right to reception conditions has ended and that the provision of accommodation will be terminated upon a specific date.,-11.906076431274414,57
41,3393,dub-fran20262_chunk040,False asylum claims and statements,"If we compare the number of asylum applications pending at the end of 2024 according to Eurostat (147,950) and the number of asylum seekers benefitting from reception conditions at this date (90,329 persons in total at the end of December 2024 according to OFII), this means more than 50,000 asylum seekers do not have reception conditions in France.",-11.978524208068848,58
41,2486,dub-belg20261_chunk018,False asylum claims and statements,"Between the moment of the subsequent application and the admissibility decision by the CGRS, asylum applicants who are refused reception nevertheless have the right to medical assistance from Fedasil and to free legal representation. Once the CGRS has deemed the application admissible, the right to access reception is reactivated.",-11.981955528259277,59
41,1087,dub-bulg20261_chunk019,False asylum claims and statements,"The SAR’s practice following this particular amendment has been so far in line with the law, and returnees whose asylum procedures had been only terminated (discontinued) after their absconding do not face obstacles in principle to have their determination procedures reopened.",-12.044514656066895,60
41,2543,dub-belg20262_chunk024,False asylum claims and statements,"Between the moment of the subsequent application and the admissibility decision by the CGRS, asylum applicants who are refused reception nevertheless have the right to medical assistance from Fedasil and to free legal representation. Once the CGRS has deemed the application admissible, the right to access reception is reactivated.",-12.064108848571777,61
41,2488,dub-belg20261_chunk020,False asylum claims and statements,"If, after a final negative decision in the asylum procedure, a request for a prolongation of reception … was pending or granted and the person lodges a second or further subsequent asylum application, the Dispatching service of Fedasil will take a new decision regarding access to reception conditions in the new procedure.",-12.073835372924805,62
41,2545,dub-belg20262_chunk026,False asylum claims and statements,"If, after a final negative decision in the asylum procedure, a request for a prolongation of reception … was pending or granted and the person lodges a second or further subsequent asylum application, the Dispatching service of Fedasil will take a new decision regarding access to reception conditions in the new procedure.",-12.073835372924805,63
41,1154,bulg20263_chunk016,False asylum claims and statements,"Since 2020, the LAR explicitly provides for the mandatory reopening of an asylum procedure with respect to an applicant who is returned to Bulgaria under the Dublin Regulation, provided that s/he has not been issued a decision on merits while in absentia.",-12.07988166809082,64
41,2482,dub-belg20261_chunk014,False asylum claims and statements,"In principle, all applicants for international protection, including subsequent applicants, have the right to access reception conditions during the examination of their case. However, the Reception Act allows the possibility to refuse reception to subsequent applicants until their asylum application is deemed admissible by the CGRS.",-12.12989330291748,65
41,2539,dub-belg20262_chunk020,False asylum claims and statements,"In principle, all applicants for international protection, including subsequent applicants, have the right to access reception conditions during the examination of their case. However, the Reception Act allows the possibility to refuse reception to subsequent applicants until their asylum application is deemed admissible by the CGRS.",-12.12989330291748,66
41,2037,dub-fran20263_chunk024,False asylum claims and statements,"After having registered their claim at the Prefecture, asylum seekers receive the asylum claim certificate that allows them to remain legally on French territory until: [*] The end of the asylum procedure; [*] A negative first instance decision for inadmissible claims and certain categories of claims rejected in an accelerated procedure – safe country of origin, subsequent application, threat to p",-12.21845531463623,67
41,2033,dub-fran20263_chunk020,False asylum claims and statements,"This scheme ensures the distribution of accommodation places for asylum seekers throughout the national territory, and their allocation thereto. In parallel and in compliance with the national reception scheme, regional schemes are defined and implemented by Prefects in each region. All asylum seekers are offered material reception conditions under Article L. 551-9 Ceseda.",-12.226848602294922,68
41,2553,dub-belg20262_chunk034,False asylum claims and statements,"128) om Dublin returnees: ”Depending on the situation of their procedure in Belgium at the moment they left Belgium, asylum applicants sent back to Belgium following a Dublin procedure in another country can be considered subsequent applicants …In such a case, they mostly only get shelter after their asylum application is taken into consideration by the CGRS … .",-12.237215042114258,69
41,2062,fran20264_chunk012,False asylum claims and statements,"The PAUH is the only entity receiving and supporting Dublin returnees upon their arrival in France by Charles de Gaulle airport. Considering the systemic difficulties encountered by the orientation platforms in Paris and its surroundings, several Dublin returnees, after registering their claim, are eager to turn to it in order to complete their asylum claim form or to find an accommodation.",-12.310863494873047,70
41,3368,dub-fran20262_chunk015,False asylum claims and statements,"The PAUH is the only entity receiving and supporting Dublin returnees upon their arrival in France by Charles de Gaulle airport. Considering the systemic difficulties encountered by the orientation platforms in Paris and its surroundings, several Dublin returnees, after registering their claim, are eager to turn to it in order to complete their asylum claim form or to find an accommodation.",-12.310863494873047,71
41,2034,dub-fran20263_chunk021,False asylum claims and statements,This provision applies to all asylum seekers even if their claim is channelled under the accelerated or Dublin procedure. The only nuance is that asylum seekers under the Dublin procedure do not have access to reception centres for asylum seekers (CADA) but have access to the other forms of accommodation and accommodation support.,-12.314542770385742,72
41,2067,fran20264_chunk017,False asylum claims and statements,This provision applies to all asylum seekers even if their claim is channelled under the accelerated or Dublin procedure. The only nuance is that asylum seekers under the Dublin procedure do not have access to reception centres for asylum seekers (CADA) but have access to the other forms of accommodation and accommodation support.,-12.314542770385742,73
41,3373,dub-fran20262_chunk020,False asylum claims and statements,This provision applies to all asylum seekers even if their claim is channelled under the accelerated or Dublin procedure. The only nuance is that asylum seekers under the Dublin procedure do not have access to reception centres for asylum seekers (CADA) but have access to the other forms of accommodation and accommodation support.,-12.314542770385742,74
41,5532,dub-nede20262_chunk019,False asylum claims and statements,"Large differences between (crisis) shelters reveal that whether asylum seekers are able to experience decent reception in the Netherlands is subject to arbitrariness.” Det fremgår endvidere blandt andet af side 145:“Twice a year the COA predicts the capacity it will need in the upcoming period. In October 2024 COA was expecting, for July 2025, to need to house 115,000 asylum applicants.",-12.394939422607422,75
41,1889,dub-nede20264_chunk017,False asylum claims and statements,"Large differences between (crisis) shelters reveal that whether asylum seekers are able to experience decent reception in the Netherlands is subject to arbitrariness.” Det fremgår endvidere blandt andet af side 145: “Twice a year the COA predicts the capacity it will need in the upcoming period. In October 2024 COA was expecting, for July 2025, to need to house 115,000 asylum applicants.",-12.493369102478027,76
41,4191,dub-nede20263_chunk019,False asylum claims and statements,"Large differences between (crisis) shelters reveal that whether asylum seekers are able to experience decent reception in the Netherlands is subject to arbitrariness.” Det fremgår endvidere blandt andet af side 145: “Twice a year the COA predicts the capacity it will need in the upcoming period. In October 2024 COA was expecting, for July 2025, to need to house 115,000 asylum applicants.",-12.493369102478027,77
41,5557,dub-nede20261_chunk016,False asylum claims and statements,"Large differences between (crisis) shelters reveal that whether asylum seekers are able to experience decent reception in the Netherlands is subject to arbitrariness.” Det fremgår endvidere blandt andet af side 145: “Twice a year the COA predicts the capacity it will need in the upcoming period. In October 2024 COA was expecting, for July 2025, to need to house 115,000 asylum applicants.",-12.493369102478027,78
41,2489,dub-belg20261_chunk021,False asylum claims and statements,"If it decides to refuse reception, the previously pending or granted prolongation is withdrawn. The right to reception is thus linked to the most recent asylum procedure.",-12.498196601867676,79
41,2546,dub-belg20262_chunk027,False asylum claims and statements,"If it decides to refuse reception, the previously pending or granted prolongation is withdrawn. The right to reception is thus linked to the most recent asylum procedure.",-12.498196601867676,80
41,1148,bulg20263_chunk010,False asylum claims and statements,"This decision depends on the phase of the Bulgarian asylum procedure of the Dublin returnee as outlined below:  
-If the returnee has a pending asylum application in Bulgaria, or the procedure was terminated because of the returnee’s absconding, he or she is transferred to a SAR reception centre.",-12.68431282043457,81
41,2487,dub-belg20261_chunk019,False asylum claims and statements,"Asylum applicants must then present themselves to the Dispatching service at Fedasil’s arrival centre to be allocated a reception place. If the asylum applicant has not obtained reception from Fedasil during the first stage of the procedure and the CGRS declares the subsequent asylum application inadmissible, they will not be entitled to reception during the appeal with the CALL.",-12.687569618225098,82
41,2544,dub-belg20262_chunk025,False asylum claims and statements,"Asylum applicants must then present themselves to the Dispatching service at Fedasil’s arrival centre to be allocated a reception place. If the asylum applicant has not obtained reception from Fedasil during the first stage of the procedure and the CGRS declares the subsequent asylum application inadmissible, they will not be entitled to reception during the appeal with the CALL.",-12.687569618225098,83
41,1081,dub-bulg20261_chunk013,False asylum claims and statements,"Forholdene for Dublin-returnees i Bulgarien er nærmere beskrevet i AIDA´s seneste rapport, ”Country Report Bulgaria, Update on 2025” fra maj 2026, under ”Asylum Procedure”, pkt. C.",-12.751775741577148,84
41,3374,dub-fran20262_chunk021,False asylum claims and statements,"Reception conditions can be denied in the following cases: Whey they refuse to go to their attributed region; When they refuse their accommodation option, either at the GUDA or by not showing up within 5 days; Subsequent applications; Claim registered 90 days after entering France without a valid reason.",-12.906460762023926,85
41,2035,dub-fran20263_chunk022,False asylum claims and statements,"Reception conditions can be denied in the following cases: [*] Whey they refuse to go to their attributed region; [*] When they refuse their accommodation option, either at the GUDA or by not showing up within 5 days; [*] Subsequent applications; [*] Claim registered 90 days after entering France without a valid reason.",-12.96895694732666,86
41,2068,fran20264_chunk018,False asylum claims and statements,"Reception conditions can be denied in the following cases: [*] Whey they refuse to go to their attributed region; [*] When they refuse their accommodation option, either at the GUDA or by not showing up within 5 days; [*] Subsequent applications; [*] Claim registered 90 days after entering France without a valid reason.",-12.96895694732666,87
41,3361,dub-fran20262_chunk008,False asylum claims and statements,"Om forholdene for Dublin returnees fremgår på side 75 bl.a.: “Applications of persons returned to France under the Dublin III Regulation are treated in the same way as any other asylum applications. If the asylum seeker comes from a safe country of origin, their application is examined under the accelerated procedure.",-12.996353149414062,88
41,1150,bulg20263_chunk012,False asylum claims and statements,"In both cases, no decision on the merits is issued, therefore the procedure can be reopened.
-If, however, the returnee’s asylum application was rejected with a final decision on the merits before, or after, leaving Bulgaria, and the decision was served in absentia and therefore became final, the returnee is transferred to one of the immigration pre-removal facilities, usually to the Busmantsi de",-13.257011413574219,89
41,3369,dub-fran20262_chunk016,False asylum claims and statements,"In Lyon, the situation is similar upon arrival of returnees at Saint-Exupéry airport. The returnees are not received at their arrival and not supported. They are supposed to present themselves at the SPADA run by Forum réfugiés to be registered before submitting their claim. They encounter the same difficulties in terms of accommodation to the conditions in Paris.",-13.396843910217285,90
41,1083,dub-bulg20261_chunk015,False asylum claims and statements,"Prior to the arrival of Dublin returnees, the SAR informs the Border Police of the expected arrival and indicates whether the returnee should be transferred to a reception centre or to immigration pre-removal detention facility. This decision depends on the phase of the Bulgarian asylum procedure of the Dublin returnee as outlined below:",-13.479781150817871,91
41,2475,dub-belg20261_chunk007,False asylum claims and statements,"After the application is transmitted, the CGRS first decides on the Admissibility of the claim by determining whether there are new elements which significantly add to the likelihood of the applicant qualifies as a beneficiary of international protection. The claim is deemed admissible because the previous application was terminated based on implicit withdrawal.",-13.496135711669922,92
41,2532,dub-belg20262_chunk013,False asylum claims and statements,"After the application is transmitted, the CGRS first decides on the Admissibility of the claim by determining whether there are new elements which significantly add to the likelihood of the applicant qualifies as a beneficiary of international protection. The claim is deemed admissible because the previous application was terminated based on implicit withdrawal.",-13.496135711669922,93
41,722,rusl202634_chunk031,False asylum claims and statements,"As noted by Memorial, while Ramzan Kadyrov claims that Chechnya deploys to Ukraine ‘volunteers’ and in numbers that ‘fulfilled the plan,’ Chechen security resort to such methods as pressure, threats, kidnapping, violence, fabrication of criminal cases, blackmailing, and extortion.",-13.608272552490234,94
41,771,rusl202635_chunk032,False asylum claims and statements,"As noted by Memorial, while Ramzan Kadyrov claims that Chechnya deploys to Ukraine ‘volunteers’ and in numbers that ‘fulfilled the plan,’ Chechen security resort to such methods as pressure, threats, kidnapping, violence, fabrication of criminal cases, blackmailing, and extortion.",-13.608272552490234,95
41,2485,dub-belg20261_chunk017,False asylum claims and statements,"A total of 6,469 applicants lodged subsequent applications in 2024: …” Herudover anføres det i pkt. A.1.2. (s. 125 f) om Right to Reception: Subsequent Applications: “The Reception Act provides the possibility for Fedasil to refuse reception to asylum applicants who lodge a second or further subsequent asylum application, until their asylum application is deemed admissible by the CGRS.",-13.729905128479004,96
41,2542,dub-belg20262_chunk023,False asylum claims and statements,"A total of 6,469 applicants lodged subsequent applications in 2024: …” Herudover anføres det i pkt. A.1.2. (s. 125 f) om Right to Reception: Subsequent Applications: “The Reception Act provides the possibility for Fedasil to refuse reception to asylum applicants who lodge a second or further subsequent asylum application, until their asylum application is deemed admissible by the CGRS.",-13.729905128479004,97
41,2030,dub-fran20263_chunk017,False asylum claims and statements,"In Lyon, the situation is similar upon arrival of returnees at Saint-Exupéry airport. The returnees are not received at their arrival and not supported. They are supposed to present themselves at the SPADA run by Forum réfugiés to be registered before submitting their claim. They encounter the same difficulties in terms of accommodation to the conditions in Paris.",-13.947663307189941,98
41,2063,fran20264_chunk013,False asylum claims and statements,"In Lyon, the situation is similar upon arrival of returnees at Saint-Exupéry airport. The returnees are not received at their arrival and not supported. They are supposed to present themselves at the SPADA run by Forum réfugiés to be registered before submitting their claim. They encounter the same difficulties in terms of accommodation to the conditions in Paris.",-13.947663307189941,99
44,2184,dub-sver202611_chunk006,Sweden s Human Rights Compliance,"AIDA’s Country Report Sweden (2024, Update May 2025), heller ikke er væsentlige grunde til at tro, at der er systemfejl i asylproceduren og i modtagelsesforholdene, som medfører en risiko for umenneskelig eller nedværdigende behandling som defineret i artikel 4 i EU’s charter om grundlæggende rettigheder.",-7.301303386688232,0
44,4089,dub-sver20268_chunk008,Sweden s Human Rights Compliance,"Efter baggrundsoplysningerne om Sverige må det lægges til grund, at asylansøgere, der har fået afslag på asyl, ikke tilbydes indkvartering, men at de altid har ret til akut lægehjælp, ligesom indkvartering fortsat vil være tilgængelig, hvis det vil være åbenbart urimeligt at nægte fortsat indkvartering. Der kan i den forbindelse henvises til AIDA’s Country Report Sweden (2024, Update May 2025).",-7.542787551879883,1
44,4006,dub-sver20266_chunk007,Sweden s Human Rights Compliance,"AIDA’s Country Report Sweden (2024 Update May 2025), heller ikke er væsentlige grunde til at tro, at der er systemfejl i asylproceduren og i modtagelsesforholdene, som medfører en risiko for umenneskelig eller nedværdigende behandling som defineret i artikel 4 i EU's charter om grundlæggende rettigheder.",-7.580634117126465,2
44,2897,dub-sver20269_chunk006,Sweden s Human Rights Compliance,"AIDA’s Country Report Sweden (2024 Update May 2025), ikke er grundlag for at antage, at de svenske myndighe­der ikke har behandlet klagerens asylsag i overensstemmelse med svensk lovgivning og landets in­ternatio­nale forpligtelser, ligesom der efter baggrundsoplysningerne heller ikke er væsentlige grun­de til at tro, at der er systemfejl i asylproceduren og i modtagelsesforholdene, som medfører e",-7.695196628570557,3
44,1379,sver202617_chunk007,Sweden s Human Rights Compliance,"AIDA’s Country Report Sweden (2024 Update May 2025), heller ikke er væsentlige grunde til at tro, at der er systemfejl i asylproceduren og i modtagelsesforholdene, som medfører en risiko for umenneskelig eller nedværdigende behandling som defineret i artikel 3 i Den Europæiske Menneskerettighedskonvention og artikel 4 i EU's charter om grundlæggende rettigheder.",-8.017475128173828,4
44,4087,dub-sver20268_chunk006,Sweden s Human Rights Compliance,"AIDA’s Country Report Sweden (2024 Update May 2025) ikke er grundlag for at antage, at de svenske myndigheder ikke har behandlet klagerens asylsag i overensstemmelse med svensk lovgivning og landets internationale forpligtelser, ligesom der efter baggrundsoplysningerne heller ikke er væsentlige grunde til at tro, at der er systemfejl i asylproceduren og i modtagelsesforholdene, som medfører en ris",-8.036298751831055,5
44,2923,dub-sver202610_chunk007,Sweden s Human Rights Compliance,"AIDA’s Country Report Sweden (2024 Update May 2025), heller ikke er grundlag for at antage, at der er systemfejl i asylproceduren og i modtagelsesforholdene, som medfører en risiko for umenneskelig eller nedværdigende behandling som defineret i artikel 4 i EU’s charter om grundlæggende rettigheder.",-8.241945266723633,6
44,4008,dub-sver20266_chunk009,Sweden s Human Rights Compliance,"Der kan i den forbindelse henvises til AIDA’s Country Report Sweden (2024 Update May 2025), side 90f. Sverige har som anført accepteret at tilbagetage klageren efter Dublinforordningens artikel 18, stk. l, litra d, og har således også ansvaret for klagerens udrejse eller tvangsmæssige udsendelse.",-8.287782669067383,7
44,2236,dub-sver202612_chunk012,Sweden s Human Rights Compliance,"Det kan i den forbindelse henvises til AIDA’s Country Report Sweden (2024, Update May 2025), s. 90f.",-8.444328308105469,8
44,2185,dub-sver202611_chunk007,Sweden s Human Rights Compliance,"Efter baggrundsoplysningerne om Sverige må det lægges til grund, at asylansøgere, der har fået afslag på asyl, ikke tilbydes indkvartering, men at de altid har ret til akut lægehjælp, ligesom indkvartering fortsat vil være tilgængelig, hvis det vil være åbenbart urimeligt at nægte fortsat indkvartering. Det kan i den forbindelse henvises til AIDA’s Country Report Sweden (2024, Update May 2025), s.",-8.529775619506836,9
44,2900,dub-sver20269_chunk009,Sweden s Human Rights Compliance,"Der kan i den forbindelse henvises til AIDA’s Country Report Sweden (2024, Update May 2025). Sverige har som anført accepteret at tilbagetage klageren efter Dublinforordningens artikel 18, stk. 1, litra d, og har således også ansvaret for klagerens udrejse eller tvangsmæssige udsendelse.",-8.566340446472168,10
44,2578,dub-sver202614_chunk014,Sweden s Human Rights Compliance,"AIDA’s Country Report Sweden (2024 Update May 2025) ikke er grundlag for at antage, at de svenske myndigheder ikke vil behandle klagerens asylsag i overensstemmelse med svensk lovgivning og landets internationale forpligtelser, ligesom der efter baggrundsoplysningerne heller ikke er væsentlige grunde til at tro, at der er systemfejl i asylproceduren og i modtagelsesforholdene, som medfører en risi",-8.689966201782227,11
44,1381,sver202617_chunk009,Sweden s Human Rights Compliance,"Der kan i den forbindelse henvises til AIDA’s Country Report Sweden (2024 Update May 2025), side 90 f. Sverige har som anført accepteret at tilbagetage klageren efter Dublinforordningens artikel 18, stk. l, litra d, og har således også ansvaret for klagerens udrejse eller tvangsmæssige udsendelse.",-9.283256530761719,12
44,2925,dub-sver202610_chunk009,Sweden s Human Rights Compliance,"Der kan i den forbindelse henvises til AIDA’s Country Report Sweden (2024 Update May 2025), side 90 f. Sverige har som anført accepteret at tilbagetage klageren efter Dublinforordningens artikel 18, stk. l, litra d, og har således også ansvaret for klagerens udrejse eller tvangsmæssige udsendelse.",-9.283256530761719,13
44,1457,keny20262_chunk022,Sweden s Human Rights Compliance,"Det fremgår således af ”The State of the Worlds Humans Rights 2025”, fra Amnesty International, (bilag 334), at kønsbaseret vold mod kvinder er på et kritisk niveau. Det udtales i ”Country Policy and Information Note.",-9.313007354736328,14
44,3654,syri20262_chunk012,Sweden s Human Rights Compliance,"It guarantees their rights to education and employment, as well as the protection of their social, economic, and political rights. The article also commits to safeguarding women from all forms of oppression, injustice, and violence.",-9.670676231384277,15
44,3584,syri20263_chunk007,Sweden s Human Rights Compliance,"It guarantees their rights to education and employment, as well as the protection of their social, economic, and political rights. The article also commits to safeguarding women from all forms of oppression, injustice, and violence.",-9.673388481140137,16
44,2738,ugan202610_chunk015,Sweden s Human Rights Compliance,"Endvidere fremgår det af nyere artikler, herunder fra Human Rights Awareness and Promotion Forum (HRAPF), at situationen for homoseksuelle i Uganda er mærkbart forværret siden lovens vedtagelse. Således beskrives i artikler et fortsat højt antal tilfælde af chikane, vold og trusler om vold, overfald og tilfælde af arrestationer, men ingen tilfælde af domfældelser efter den nye lov.",-10.601576805114746,17
44,5737,ugan20262_chunk013,Sweden s Human Rights Compliance,"Endvidere fremgår det af nyere artikler, herunder fra Human Rights Awareness and Promotion Forum, senest den 10. oktober 2024, at situationen for homoseksuelle i Uganda er mærkbart forværret siden lovens vedtagelse.",-10.866752624511719,18
44,5732,ugan20262_chunk008,Sweden s Human Rights Compliance,"Af baggrundsoplysningerne om forholdene for LGBT+ personer i Uganda, herunder Human Rights Watch, Ugandan Parliament Passes Extreme Anti-LGBT, udgivet den 22. marts 2023, Amnesty International, Uganda: President´s approval of anti-LGBTI Bill is a grave assault on Civil and Political Rights: LGBTQ-Rights, udgivet den 26. maj 2023 og The Advocates for human Rights, Ugandas Compliance with the Intern",-11.003963470458984,19
44,2733,ugan202610_chunk010,Sweden s Human Rights Compliance,"Af baggrundsoplysningerne om forholdene for LGBT+-personer i Uganda, herunder Human Rights Watch, Ugandan Parliament Passes Extreme Anti-LGBT, udgivet den 22. marts 2023, Amnesty International, Uganda: Presidents´s approval of anti-LGBTI Bill is a grave assault on Civil and Political Rights: LGBTQ-Rights, udgivet den 26. maj 2023 og The Advocates for Human Rights, Ugandas Compliance with the Inter",-11.480223655700684,20
44,2736,ugan202610_chunk013,Sweden s Human Rights Compliance,"Entrenches Discrimination, Enhances Risk of Anti-LGBT Violence, udgivet af Human Rights Watch den 4. april 2024. Det er fortsat ikke muligt at fastslå, hvorledes den i Uganda indførte lov vil blive håndhævet med hensyn til gennemførelse af straffesager mv.",-11.760762214660645,21
44,5735,ugan20262_chunk011,Sweden s Human Rights Compliance,"Entrenches Discrimination, Enhances Risk of Anti-LGBT Violence, udgivet af Human Rights Watch den 4. April 2024. Det er fortsat ikke muligt at fastslå, hvorledes den i Uganda indførte lov vil blive håndhævet med hensyn til gennemførelse af straffesager mv.",-11.851702690124512,22
44,3915,29b-bul20261_chunk009,Sweden s Human Rights Compliance,"Det er dog et krav i henhold til Excom Conclusion No. 58, 13. oktober 1989, at flygtningen i første asyllandet bliver ”treated in accordance with recognized basic human standards”. Efter Flygtningenævnets praksis er der i den forbindelse blevet lagt vægt på blandt andet, om udlændingen har adgang til bolig, lægehjælp, mulighed for ansættelse i den private eller offentlige sektor mv.",-11.862664222717285,23
44,5374,rusl20262_chunk010,Sweden s Human Rights Compliance,"Flygtningenævnet henviser som Udlændingestyrelsen til de foreliggende baggrundoplysninger, herunder OHCHR ”Human rights situation during the Russian occupation of territory of Ukraine and its aftermath” fra marts 2024 og ”2024 Country Reports on Human Rights Practises: Russia”.",-11.90432357788086,24
44,5733,ugan20262_chunk009,Sweden s Human Rights Compliance,"ational Convention on Civil and Political Rights: LGBTQ+Rights, udgivet den 26.

Maj 2023, fremgår, at forholdene for LGBT+ personer i Uganda er forværret betydeligt som følge af den nævnte lov.",-12.094481468200684,25
44,2734,ugan202610_chunk011,Sweden s Human Rights Compliance,"national Convention on Civil and Political Rights: LGBTQ+Rights, udgivet den 26. maj 2023, fremgår, at forholdene for LGBT+-personer i Uganda er forværret betydeligt som følge af den nævnte lov.",-12.239123344421387,26
44,2525,dub-belg20262_chunk006,Sweden s Human Rights Compliance,"Det oplyses endvidere, at der fra den belgiske stats side gøres ”enormous efforts to guarantee the rights set out in the Reception Directive to the best of its ability”.",-12.27871322631836,27
44,2412,dub-pole20262_chunk005,Sweden s Human Rights Compliance,"Flygtningenævnet bemærker herom, at det fremgår af AIDA Country report update for 2024: Poland, udgivet i juli 2025, side 148: ”The right to healthcare is a constitutional right, applicable to third-country nationals as well as to citizens”.",-12.419755935668945,28
44,3667,syri20262_chunk025,Sweden s Human Rights Compliance,"A Syrian human rights organisation was aware of only one case, involving a woman from the coastal area who filed a rape complaint. In regions dominated by armed groups or conservative factions, individuals targeting women are not being held accountable.",-12.500962257385254,29
44,3784,syri20266_chunk025,Sweden s Human Rights Compliance,"A Syrian human rights organisation was aware of only one case, involving a woman from the coastal area who filed a rape complaint. In regions dominated by armed groups or conservative factions, individuals targeting women are not being held accountable.",-12.500962257385254,30
44,3848,syri20267_chunk025,Sweden s Human Rights Compliance,"A Syrian human rights organisation was aware of only one case, involving a woman from the coastal area who filed a rape complaint. In regions dominated by armed groups or conservative factions, individuals targeting women are not being held accountable.",-12.500962257385254,31
44,3526,syri20261_chunk012,Sweden s Human Rights Compliance,"In general, women’s rights and livelihood opportunities remain a critical concern, as women are frequently not economically independent. 8.1. Incidents involving women. Reports issued earlier in 2025 describe cases of sexual violence and harassment against women, especially at checkpoints and during return journeys through unsafe areas.",-12.551077842712402,32
44,3587,syri20263_chunk010,Sweden s Human Rights Compliance,"In general, women’s rights and livelihood opportunities remain a critical concern, as women are frequently not economically independent. 8.1. Incidents involving women. Reports issued earlier in 2025 describe cases of sexual violence and harassment against women, especially at checkpoints and during return journeys through unsafe areas.",-12.551077842712402,33
44,3657,syri20262_chunk015,Sweden s Human Rights Compliance,"In general, women’s rights and livelihood opportunities remain a critical concern, as women are frequently not economically independent. 8.1. Incidents involving women. Reports issued earlier in 2025 describe cases of sexual violence and harassment against women, especially at checkpoints and during return journeys through unsafe areas.",-12.57569694519043,34
44,3774,syri20266_chunk015,Sweden s Human Rights Compliance,"In general, women’s rights and livelihood opportunities remain a critical concern, as women are frequently not economically independent. 8.1. Incidents involving women. Reports issued earlier in 2025 describe cases of sexual violence and harassment against women, especially at checkpoints and during return journeys through unsafe areas.",-12.57569694519043,35
44,3838,syri20267_chunk015,Sweden s Human Rights Compliance,"In general, women’s rights and livelihood opportunities remain a critical concern, as women are frequently not economically independent. 8.1. Incidents involving women. Reports issued earlier in 2025 describe cases of sexual violence and harassment against women, especially at checkpoints and during return journeys through unsafe areas.",-12.57569694519043,36
44,2484,dub-belg20261_chunk016,Sweden s Human Rights Compliance,e CGRS (see Right to reception: subsequent applications).,-12.59945011138916,37
44,2541,dub-belg20262_chunk022,Sweden s Human Rights Compliance,e CGRS (see Right to reception: subsequent applications).,-12.59945011138916,38
44,2482,dub-belg20261_chunk014,Sweden s Human Rights Compliance,"In principle, all applicants for international protection, including subsequent applicants, have the right to access reception conditions during the examination of their case. However, the Reception Act allows the possibility to refuse reception to subsequent applicants until their asylum application is deemed admissible by the CGRS.",-12.61531925201416,39
44,2539,dub-belg20262_chunk020,Sweden s Human Rights Compliance,"In principle, all applicants for international protection, including subsequent applicants, have the right to access reception conditions during the examination of their case. However, the Reception Act allows the possibility to refuse reception to subsequent applicants until their asylum application is deemed admissible by the CGRS.",-12.61531925201416,40
44,3536,syri20261_chunk022,Sweden s Human Rights Compliance,"A Syrian human rights organisation was aware of only one case, involving a woman from the coastal area who filed a rape complaint. In regions dominated by armed groups or conservative factions, individuals targeting women are not being held accountable.",-12.62189769744873,41
44,3597,syri20263_chunk020,Sweden s Human Rights Compliance,"A Syrian human rights organisation was aware of only one case, involving a woman from the coastal area who filed a rape complaint. In regions dominated by armed groups or conservative factions, individuals targeting women are not being held accountable.",-12.62189769744873,42
44,2490,dub-belg20261_chunk022,Sweden s Human Rights Compliance,"Article 4 of the Reception Act is aligned with the recast Reception Conditions Directive and explicitly states that decisions which limit or withdraw the right to reception should be in line with the principle of proportionality, individually motivated and based on the individual situation of the person concerned, especially in the case vulnerable persons.",-12.661380767822266,43
44,2547,dub-belg20262_chunk028,Sweden s Human Rights Compliance,"Article 4 of the Reception Act is aligned with the recast Reception Conditions Directive and explicitly states that decisions which limit or withdraw the right to reception should be in line with the principle of proportionality, individually motivated and based on the individual situation of the person concerned, especially in the case vulnerable persons.",-12.661380767822266,44
44,2483,dub-belg20261_chunk015,Sweden s Human Rights Compliance,"Although the Reception Act explicitly states that decisions which limit or withdraw the right to reception should be in line with the principle of proportionality, individually motivated and based on the particular situation of the person concerned, Fedasil almost systematically refuses to assign a reception place to subsequent applicants until their asylum application is declared admissible by th",-12.66591739654541,45
44,2540,dub-belg20262_chunk021,Sweden s Human Rights Compliance,"Although the Reception Act explicitly states that decisions which limit or withdraw the right to reception should be in line with the principle of proportionality, individually motivated and based on the particular situation of the person concerned, Fedasil almost systematically refuses to assign a reception place to subsequent applicants until their asylum application is declared admissible by th",-12.66591739654541,46
44,5836,erit20261_chunk036,Sweden s Human Rights Compliance,"Human Rights Watch advised that when a person evaded or deserted national service, their spouses might be requested to replace them regardless of the fact that married women with children were often exempted from national service.",-12.669449806213379,47
44,3668,syri20262_chunk026,Sweden s Human Rights Compliance,"In cases of kidnapping and rape of Alawite or Druze women, the authorities failed to protect them and only reacted superficially after the cases received widespread publicity, according to a Syrian human rights organisation. In a recent case in Hama, the identities of the men who raped an Alawite woman were widely known; however, the perpetrators had not been arrested.",-12.76330852508545,48
44,3785,syri20266_chunk026,Sweden s Human Rights Compliance,"In cases of kidnapping and rape of Alawite or Druze women, the authorities failed to protect them and only reacted superficially after the cases received widespread publicity, according to a Syrian human rights organisation. In a recent case in Hama, the identities of the men who raped an Alawite woman were widely known; however, the perpetrators had not been arrested.",-12.76330852508545,49
44,3849,syri20267_chunk026,Sweden s Human Rights Compliance,"In cases of kidnapping and rape of Alawite or Druze women, the authorities failed to protect them and only reacted superficially after the cases received widespread publicity, according to a Syrian human rights organisation. In a recent case in Hama, the identities of the men who raped an Alawite woman were widely known; however, the perpetrators had not been arrested.",-12.76330852508545,50
44,250,came20262_chunk012,Sweden s Human Rights Compliance,"ant Peril” - Discrimination, Lack of Economic Autonomy and Violence Against Women in Cameroon” udgivet af Human Rights Watch i juni 2026.",-12.768716812133789,51
44,1122,dub-bulg20261_chunk054,Sweden s Human Rights Compliance,"Af Asyl in der Kirches rapport fremgår, at rådgivningscenteret Foundation for Access to Rights har oplyst, at Dublin returnees som frihedsberøves, fordi de har fået afslag på deres asylansøgning, kan forblive frihedsberøvet i op til 18 måneder.",-12.777602195739746,52
44,2548,dub-belg20262_chunk029,Sweden s Human Rights Compliance,"Health care and a dignified standard of living should be always ensured. According to the Constitutional Court, the decision to refuse reception in such cases can only be taken in cases of abuse of the asylum procedure, e.g. when the person applies for asylum for the sole purpose of extending the right to reception.",-12.780517578125,53
44,3537,syri20261_chunk023,Sweden s Human Rights Compliance,"In cases of kidnapping and rape of Alawite or Druze women, the authorities failed to protect them and only reacted superficially after the cases received widespread publicity, according to a Syrian human rights organisation. In a recent case in Hama, the identities of the men who raped an Alawite woman were widely known; however, the perpetrators had not been arrested.",-12.814080238342285,54
44,3598,syri20263_chunk021,Sweden s Human Rights Compliance,"In cases of kidnapping and rape of Alawite or Druze women, the authorities failed to protect them and only reacted superficially after the cases received widespread publicity, according to a Syrian human rights organisation. In a recent case in Hama, the identities of the men who raped an Alawite woman were widely known; however, the perpetrators had not been arrested.",-12.814080238342285,55
44,3523,syri20261_chunk009,Sweden s Human Rights Compliance,"Article 21 states that the Syrian state shall uphold women’s social status, protect their dignity, and support their role within both the family and society. It guarantees their rights to education and employment, as well as the protection of their social, economic, and political rights. The article also commits to safeguarding women from all forms of oppression, injustice, and violence.",-12.91148853302002,56
44,3771,syri20266_chunk012,Sweden s Human Rights Compliance,"Article 21 states that the Syrian state shall uphold women’s social status, protect their dignity, and support their role within both the family and society. It guarantees their rights to education and employment, as well as the protection of their social, economic, and political rights. The article also commits to safeguarding women from all forms of oppression, injustice, and violence.",-12.91148853302002,57
44,3835,syri20267_chunk012,Sweden s Human Rights Compliance,"Article 21 states that the Syrian state shall uphold women’s social status, protect their dignity, and support their role within both the family and society. It guarantees their rights to education and employment, as well as the protection of their social, economic, and political rights. The article also commits to safeguarding women from all forms of oppression, injustice, and violence.",-12.91148853302002,58
44,2491,dub-belg20261_chunk023,Sweden s Human Rights Compliance,"Health care and a dignified standard of living should be always ensured. According to the Constitutional Court, the decision to refuse reception in such cases can only be taken in cases of abuse of the asylum procedure, e.g. when the person applies for asylum for the sole purpose of extending the right to reception.",-12.959052085876465,59
44,3583,syri20263_chunk006,Sweden s Human Rights Compliance,"Women[:] In March 2025, President Ahmed al-Sharaa signed a constitutional declaration that includes Article 21 on women’s rights. Article 21 states that the Syrian state shall uphold women’s social status, protect their dignity, and support their role within both the family and society.",-13.0095853805542,60
44,3653,syri20262_chunk011,Sweden s Human Rights Compliance,"Women[:] In March 2025, President Ahmed al-Sharaa signed a constitutional declaration that includes Article 21 on women’s rights. Article 21 states that the Syrian state shall uphold women’s social status, protect their dignity, and support their role within both the family and society.",-13.0095853805542,61
44,1161,bulg20263_chunk023,Sweden s Human Rights Compliance,According to the provision “applicant in need of special procedural guarantees” means an applicant from a vulnerable group who needs special guarantees to be able to benefit from the rights and comply with the obligations provided for in the law.,-13.015992164611816,62
44,3150,afgh202649_chunk019,Sweden s Human Rights Compliance,"Still the Court does not find that the general human rights situation, while certainly serious, can be considered sufficient to conclude that any removal to Afghanistan would necessarily breach Article 3 of the Convention. However, it must be duly taken into account when assessing the risks an individual may face upon return.",-13.041709899902344,63
44,2693,ukra20263_chunk025,Sweden s Human Rights Compliance,"According to the KHPG, individuals who were temporarily exempt - and who left Ukraine - must take active steps upon return: they must urgently visit the TRC to confirm their right to deferment. If the competent authority confirms the deferment, they will not be mobilised.",-13.084053039550781,64
44,2033,dub-fran20263_chunk020,Sweden s Human Rights Compliance,"This scheme ensures the distribution of accommodation places for asylum seekers throughout the national territory, and their allocation thereto. In parallel and in compliance with the national reception scheme, regional schemes are defined and implemented by Prefects in each region. All asylum seekers are offered material reception conditions under Article L. 551-9 Ceseda.",-13.095441818237305,65
44,2066,fran20264_chunk016,Sweden s Human Rights Compliance,"This scheme ensures the distribution of accommodation places for asylum seekers throughout the national territory, and their allocation thereto. In parallel and in compliance with the national reception scheme, regional schemes are defined and implemented by Prefects in each region. All asylum seekers are offered material reception conditions under Article L. 551-9 Ceseda.",-13.095441818237305,66
44,3372,dub-fran20262_chunk019,Sweden s Human Rights Compliance,"This scheme ensures the distribution of accommodation places for asylum seekers throughout the national territory, and their allocation thereto. In parallel and in compliance with the national reception scheme, regional schemes are defined and implemented by Prefects in each region. All asylum seekers are offered material reception conditions under Article L. 551-9 Ceseda.",-13.095441818237305,67
44,3738,syri20264_chunk032,Sweden s Human Rights Compliance,"However, the situation of the Maktoomeen remains unresolved. According to a Kurdish activist, members of this group continue to be denied basic rights, including the ability to complete secondary education. 5.2. Incidents involving Kurds in government-controlled areas.",-13.139455795288086,68
44,3545,syri20261_chunk031,Sweden s Human Rights Compliance,"According to SNHR, daily life, including access to public services, reportedly remains largely unchanged, with no notable improvement or deterioration in women’s rights or protection. However, according to the Syrian Women’s Political Movement, public services have improved in some areas, while in others they have deteriorated.",-13.176244735717773,69
44,3606,syri20263_chunk029,Sweden s Human Rights Compliance,"According to SNHR, daily life, including access to public services, reportedly remains largely unchanged, with no notable improvement or deterioration in women’s rights or protection. However, according to the Syrian Women’s Political Movement, public services have improved in some areas, while in others they have deteriorated.",-13.176244735717773,70
44,3676,syri20262_chunk034,Sweden s Human Rights Compliance,"According to SNHR, daily life, including access to public services, reportedly remains largely unchanged, with no notable improvement or deterioration in women’s rights or protection. However, according to the Syrian Women’s Political Movement, public services have improved in some areas, while in others they have deteriorated.",-13.176244735717773,71
44,3793,syri20266_chunk034,Sweden s Human Rights Compliance,"According to SNHR, daily life, including access to public services, reportedly remains largely unchanged, with no notable improvement or deterioration in women’s rights or protection. However, according to the Syrian Women’s Political Movement, public services have improved in some areas, while in others they have deteriorated.",-13.176244735717773,72
44,3857,syri20267_chunk034,Sweden s Human Rights Compliance,"According to SNHR, daily life, including access to public services, reportedly remains largely unchanged, with no notable improvement or deterioration in women’s rights or protection. However, according to the Syrian Women’s Political Movement, public services have improved in some areas, while in others they have deteriorated.",-13.176244735717773,73
44,3779,syri20266_chunk020,Sweden s Human Rights Compliance,"The situation of women in Syria — including their safety and treatment — reportedly varies widely, largely depending on their sectarian background and the region in which they live.…A Syrian human rights organisation observed that Sunni women, especially if they are wearing the hijab (such as women from Idlib, Aleppo, and Homs), face fewer challenges than Alawite, Christian and Druze women.",-13.182470321655273,74
44,3524,syri20261_chunk010,Sweden s Human Rights Compliance,"Despite these legal guarantees by the interim government, Syrian women continue to face major barriers to equality due to discriminatory laws, conservative social norms, and limited protection. A Syrian human rights organisation expressed concern that the new authorities hold restrictive views on women’s role in society.",-13.184569358825684,75
44,3585,syri20263_chunk008,Sweden s Human Rights Compliance,"Despite these legal guarantees by the interim government, Syrian women continue to face major barriers to equality due to discriminatory laws, conservative social norms, and limited protection. A Syrian human rights organisation expressed concern that the new authorities hold restrictive views on women’s role in society.",-13.184569358825684,76
44,3655,syri20262_chunk013,Sweden s Human Rights Compliance,"Despite these legal guarantees by the interim government, Syrian women continue to face major barriers to equality due to discriminatory laws, conservative social norms, and limited protection. A Syrian human rights organisation expressed concern that the new authorities hold restrictive views on women’s role in society.",-13.184569358825684,77
44,3843,syri20267_chunk020,Sweden s Human Rights Compliance,"The situation of women in Syria — including their safety and treatment — reportedly varies widely, largely depending on their sectarian background and the region in which they live.… A Syrian human rights organisation observed that Sunni women, especially if they are wearing the hijab (such as women from Idlib, Aleppo, and Homs), face fewer challenges than Alawite, Christian and Druze women.",-13.19197940826416,78
44,634,syri202617_chunk032,Sweden s Human Rights Compliance,"However, neither the agreement nor the decree provides for the constitutional recognition of Kurdish rights, a key demand of Kurdish political leaders.",-13.196968078613281,79
44,3772,syri20266_chunk013,Sweden s Human Rights Compliance,"Despite these legal guarantees by the interim government, Syrian women continue to face major barriers to equality due to discriminatory laws, conservative social norms, and limited protection. A Syrian human rights organisation expressed concern that the new authorities hold restrictive views on women’s role in society.",-13.201988220214844,80
44,3836,syri20267_chunk013,Sweden s Human Rights Compliance,"Despite these legal guarantees by the interim government, Syrian women continue to face major barriers to equality due to discriminatory laws, conservative social norms, and limited protection. A Syrian human rights organisation expressed concern that the new authorities hold restrictive views on women’s role in society.",-13.201988220214844,81
44,3531,syri20261_chunk017,Sweden s Human Rights Compliance,"The situation of women in Syria — including their safety and treatment — reportedly varies widely, largely depending on their sectarian background and the region in which they live. … A Syrian human rights organisation observed that Sunni women, especially if they are wearing the hijab (such as women from Idlib, Aleppo, and Homs), face fewer challenges than Alawite, Christian and Druze women.",-13.202149391174316,82
44,3592,syri20263_chunk015,Sweden s Human Rights Compliance,"The situation of women in Syria — including their safety and treatment — reportedly varies widely, largely depending on their sectarian background and the region in which they live. … A Syrian human rights organisation observed that Sunni women, especially if they are wearing the hijab (such as women from Idlib, Aleppo, and Homs), face fewer challenges than Alawite, Christian and Druze women.",-13.202149391174316,83
44,3662,syri20262_chunk020,Sweden s Human Rights Compliance,"The situation of women in Syria — including their safety and treatment — reportedly varies widely, largely depending on their sectarian background and the region in which they live. … A Syrian human rights organisation observed that Sunni women, especially if they are wearing the hijab (such as women from Idlib, Aleppo, and Homs), face fewer challenges than Alawite, Christian and Druze women.",-13.202149391174316,84
44,2489,dub-belg20261_chunk021,Sweden s Human Rights Compliance,"If it decides to refuse reception, the previously pending or granted prolongation is withdrawn. The right to reception is thus linked to the most recent asylum procedure.",-13.261954307556152,85
44,2546,dub-belg20262_chunk027,Sweden s Human Rights Compliance,"If it decides to refuse reception, the previously pending or granted prolongation is withdrawn. The right to reception is thus linked to the most recent asylum procedure.",-13.261954307556152,86
44,1149,bulg20263_chunk011,Sweden s Human Rights Compliance,"In the past, the SAR usually suspended asylum procedures when asylum seekers had left Bulgaria before their procedures were completed. After the amendments of the law in 2020, the SAR obtained the right to directly terminate (discontinue) the asylum procedure in such cases without passing through a stage of suspension.",-13.264483451843262,87
44,2480,dub-belg20261_chunk012,Sweden s Human Rights Compliance,"However, in practice, some asylum applicants or lawyers have experienced difficulties obtaining ‘Pro-Deo’ assignments because they are generally not accommodated in a reception centre, which makes the proof of their lack of income more burdensome … . An applicant does not have a right to remain on the territory even before the CGRS pronounces itself on admissibility in cases where: a.",-13.336636543273926,88
44,2537,dub-belg20262_chunk018,Sweden s Human Rights Compliance,"However, in practice, some asylum applicants or lawyers have experienced difficulties obtaining ‘Pro-Deo’ assignments because they are generally not accommodated in a reception centre, which makes the proof of their lack of income more burdensome … . An applicant does not have a right to remain on the territory even before the CGRS pronounces itself on admissibility in cases where: a.",-13.336636543273926,89
44,2543,dub-belg20262_chunk024,Sweden s Human Rights Compliance,"Between the moment of the subsequent application and the admissibility decision by the CGRS, asylum applicants who are refused reception nevertheless have the right to medical assistance from Fedasil and to free legal representation. Once the CGRS has deemed the application admissible, the right to access reception is reactivated.",-13.360662460327148,90
44,3391,dub-fran20262_chunk038,Sweden s Human Rights Compliance,The law describes the procedure to be followed by reception centres management and by the Prefect once a decision on the asylum claim which ends the right to remain has been adopted. OFII informs the reception centre management where the asylum seeker is accommodated that the right to reception conditions has ended and that the provision of accommodation will be terminated upon a specific date.,-13.374410629272461,91
44,2486,dub-belg20261_chunk018,Sweden s Human Rights Compliance,"Between the moment of the subsequent application and the admissibility decision by the CGRS, asylum applicants who are refused reception nevertheless have the right to medical assistance from Fedasil and to free legal representation. Once the CGRS has deemed the application admissible, the right to access reception is reactivated.",-13.54947566986084,92
44,3872,syri20267_chunk049,Sweden s Human Rights Compliance,"This includes reconnecting with relatives to clarify potential inheritance rights while coping with the emotional challenge of deciding whether to declare their husband deceased or continue searching for him. There are also cases of female-headed households returning to Syria while the husband remains abroad, for instance in Lebanon or Türkiye, to secure an income for the family.",-13.615021705627441,93
44,2493,dub-belg20261_chunk025,Sweden s Human Rights Compliance,"In certain cases, subsequent applicants obtained reception after challenging such decisions before the courts. This means that the access to the right to reception in these cases often depends on whether the applicant is supported by an experienced lawyer.",-13.618849754333496,94
44,2550,dub-belg20262_chunk031,Sweden s Human Rights Compliance,"In certain cases, subsequent applicants obtained reception after challenging such decisions before the courts. This means that the access to the right to reception in these cases often depends on whether the applicant is supported by an experienced lawyer.",-13.618849754333496,95
44,3560,syri20261_chunk046,Sweden s Human Rights Compliance,"This includes reconnecting with relatives to clarify potential inheritance rights while coping with the emotional challenge of deciding whether to declare their husband deceased or continue searching for him. There are also cases of female-headed households returning to Syria while the husband remains abroad, for instance in Lebanon or Türkiye, to secure an income for the family.",-13.781044006347656,96
44,3621,syri20263_chunk044,Sweden s Human Rights Compliance,"This includes reconnecting with relatives to clarify potential inheritance rights while coping with the emotional challenge of deciding whether to declare their husband deceased or continue searching for him. There are also cases of female-headed households returning to Syria while the husband remains abroad, for instance in Lebanon or Türkiye, to secure an income for the family.",-13.781044006347656,97
44,3691,syri20262_chunk049,Sweden s Human Rights Compliance,"This includes reconnecting with relatives to clarify potential inheritance rights while coping with the emotional challenge of deciding whether to declare their husband deceased or continue searching for him. There are also cases of female-headed households returning to Syria while the husband remains abroad, for instance in Lebanon or Türkiye, to secure an income for the family.",-13.781044006347656,98
44,3808,syri20266_chunk049,Sweden s Human Rights Compliance,"This includes reconnecting with relatives to clarify potential inheritance rights while coping with the emotional challenge of deciding whether to declare their husband deceased or continue searching for him. There are also cases of female-headed households returning to Syria while the husband remains abroad, for instance in Lebanon or Türkiye, to secure an income for the family.",-13.781044006347656,99
55,1146,bulg20263_chunk008,Bulgarian Returnee Asylum Challenges,"Om de generelle forhold for Dublin-returnees i Bulgarien, herunder sårbare ansøgere, er i den nævnte rapport fra AIDA anført blandt andet følgende, side 57:
“Asylum seekers who are returned from other Member States in principle do not face any obstacles in accessing the territory of Bulgaria upon return.",-0.008647849783301353,0
55,1093,dub-bulg20261_chunk025,Bulgarian Returnee Asylum Challenges,"If, however, the Dublin returnee is among those, whose asylum procedures ended prior their return to Bulgaria with a refusal in absentia on the merits (substance), they are treated as irregular migrants with no access to the labour market, health care system or any other services that require legal residence and an identity document.",-0.010260453447699547,1
55,1148,bulg20263_chunk010,Bulgarian Returnee Asylum Challenges,"This decision depends on the phase of the Bulgarian asylum procedure of the Dublin returnee as outlined below:  
-If the returnee has a pending asylum application in Bulgaria, or the procedure was terminated because of the returnee’s absconding, he or she is transferred to a SAR reception centre.",-0.011762901209294796,2
55,1082,dub-bulg20261_chunk014,Bulgarian Returnee Asylum Challenges,"2.7, side 56 ff., om ”The situation of Dublin returnees”, hvoraf fremgår blandt andet:
“Asylum seekers who are returned from other Member States in principle do not face any obstacles in accessing the territory of Bulgaria upon return.",-0.01259586215019226,3
55,1084,dub-bulg20261_chunk016,Bulgarian Returnee Asylum Challenges,"- If, however, the returnee’s asylum application was rejected with a final decision on the merits before, or after, leaving Bulgaria, and the decision was served in absentia and therefore became final, the returnee is transferred to one of the immigration pre-removal facilities, usually to the Busmantsi detention centre in Sofia, but also to the Lyubimets detention centre near the Turkish border.",-0.017519600689411163,4
55,1095,dub-bulg20261_chunk027,Bulgarian Returnee Asylum Challenges,"In the few cases when the returnees are not detained after their arrival, usually – due to administrative or institutional entanglements, they may face homelessness and destitution because of their irregular status in Bulgaria and the lack of valid residence and/or identity documents.",-0.02743227407336235,5
55,1150,bulg20263_chunk012,Bulgarian Returnee Asylum Challenges,"In both cases, no decision on the merits is issued, therefore the procedure can be reopened.
-If, however, the returnee’s asylum application was rejected with a final decision on the merits before, or after, leaving Bulgaria, and the decision was served in absentia and therefore became final, the returnee is transferred to one of the immigration pre-removal facilities, usually to the Busmantsi de",-0.029987720772624016,6
55,1081,dub-bulg20261_chunk013,Bulgarian Returnee Asylum Challenges,"Forholdene for Dublin-returnees i Bulgarien er nærmere beskrevet i AIDA´s seneste rapport, ”Country Report Bulgaria, Update on 2025” fra maj 2026, under ”Asylum Procedure”, pkt. C.",-0.035734497010707855,7
55,1124,dub-bulg20261_chunk056,Bulgarian Returnee Asylum Challenges,"I maj 2024 har SAR oplyst til EUAA, at Dublin returnees med en afsluttet asylsag i Bulgarien, ofte vil blive overført til detentionscentrene Busmantsi eller Lyubimets, selv hvis de indgiver en fornyet asylansøgning. Af Asyl in der Kirches rapport fremgår tilsvarende, at Dublin returnees, som indgiver en fornyet asylansøgning, frihedsberøves imens ansøgningen behandles.",-0.03866218402981758,8
55,1083,dub-bulg20261_chunk015,Bulgarian Returnee Asylum Challenges,"Prior to the arrival of Dublin returnees, the SAR informs the Border Police of the expected arrival and indicates whether the returnee should be transferred to a reception centre or to immigration pre-removal detention facility. This decision depends on the phase of the Bulgarian asylum procedure of the Dublin returnee as outlined below:",-0.052941665053367615,9
55,1085,dub-bulg20261_chunk017,Bulgarian Returnee Asylum Challenges,"Such refusal and serving of the refusal’s decision in absentia is legally possible, if an interview has been conducted with the returnee prior their absconding from Bulgaria and if based on the information gathered from the interview the case worker could form an opinion about the credibility of the asylum claim. …
Since 2020, the LAR explicitly provides for the mandatory reopening of an asylum p",-0.060338590294122696,10
55,1152,bulg20263_chunk014,Bulgarian Returnee Asylum Challenges,"Such refusal and serving of the refusal’s decision in absentia is legally possible, if an interview has been conducted with the returnee prior their absconding from Bulgaria and if based on the information gathered from the interview the case worker could form an opinion about the credibility of the asylum claim.",-0.0862371101975441,11
55,1117,dub-bulg20261_chunk049,Bulgarian Returnee Asylum Challenges,"6.3, om ”Dublin returnees med afsluttede asylsager”, blandt andet:
”SAR har i maj 2024 oplyst til EUAA, at Dublin returnees, som tidligere har fået afslag på asyl i Bulgarien, efter ankomsten til Bulgarien betragtes som udlændinge med illegalt ophold i Bulgarien.",-0.12580424547195435,12
55,1149,bulg20263_chunk011,Bulgarian Returnee Asylum Challenges,"In the past, the SAR usually suspended asylum procedures when asylum seekers had left Bulgaria before their procedures were completed. After the amendments of the law in 2020, the SAR obtained the right to directly terminate (discontinue) the asylum procedure in such cases without passing through a stage of suspension.",-0.12707336246967316,13
55,2061,fran20264_chunk011,Bulgarian Returnee Asylum Challenges,"As it has already been mentioned in the Registration section, access to these platforms is very complicated and some returnees have to wait several weeks before getting an appointment with the organisations running them. [*]On the other hand, some Prefectures do immediately register the asylum claims of returnees and direct them to OFII in order to find them an accommodation place.",-0.1706053912639618,14
55,2028,dub-fran20263_chunk015,Bulgarian Returnee Asylum Challenges,"As it has already been mentioned in the Registration section, access to these platforms is very complicated and some returnees have to wait several weeks before getting an appointment with the organisations running them. [*] On the other hand, some Prefectures do immediately register the asylum claims of returnees and direct them to OFII in order to find them an accommodation place.",-0.1981014460325241,15
55,2031,dub-fran20263_chunk018,Bulgarian Returnee Asylum Challenges,"When the incoming transfer concerns an asylum seeker who has previously abandoned their application and left the country, a new claim is considered as subsequent application. Dublin returnees further face important obstacles in accessing reception centres that is the same difficulties as all asylum seekers in France in securing housing.",-0.4006490111351013,16
55,2064,fran20264_chunk014,Bulgarian Returnee Asylum Challenges,"When the incoming transfer concerns an asylum seeker who has previously abandoned their application and left the country, a new claim is considered as subsequent application. Dublin returnees further face important obstacles in accessing reception centres that is the same difficulties as all asylum seekers in France in securing housing.",-0.48041000962257385,17
55,3370,dub-fran20262_chunk017,Bulgarian Returnee Asylum Challenges,"When the incoming transfer concerns an asylum seeker who has previously abandoned their application and left the country, a new claim is considered as subsequent application. Dublin returnees further face important obstacles in accessing reception centres that is the same difficulties as all asylum seekers in France in securing housing.",-0.48041000962257385,18
55,3367,dub-fran20262_chunk014,Bulgarian Returnee Asylum Challenges,"As it has already been mentioned in the Registration section, access to these platforms is very complicated and some returnees have to wait several weeks before getting an appointment with the organisations running them. On the other hand, some Prefectures do immediately register the asylum claims of returnees and direct them to OFII in order to find them an accommodation place.",-0.5735999345779419,19
55,1087,dub-bulg20261_chunk019,Bulgarian Returnee Asylum Challenges,"The SAR’s practice following this particular amendment has been so far in line with the law, and returnees whose asylum procedures had been only terminated (discontinued) after their absconding do not face obstacles in principle to have their determination procedures reopened.",-0.6718560457229614,20
55,1155,bulg20263_chunk017,Bulgarian Returnee Asylum Challenges,"The SAR’s practice following this particular amendment has been so far in line with the law, and returnees whose asylum procedures had been only terminated (discontinued) after their absconding do not face obstacles in principle to have their determination procedures reopened.",-0.6718560457229614,21
55,1096,dub-bulg20261_chunk028,Bulgarian Returnee Asylum Challenges,"This means that even, if the returnees do have financial means, their access to the labour market and most of the basic public services (health care, social support, bank services, etc.) is nearly impossible.“
I samme publikation hedder det under ”Detention of Asylum Seekers”, pkt. C.",-0.852944552898407,22
55,3383,dub-fran20262_chunk030,Bulgarian Returnee Asylum Challenges,"In case of suspension, a letter stating the intention to suspend material reception conditions is sent to the asylum seeker, who then has 15 days to challenge this decision through an informal appeal (i.e., written observations). All decisions relating to the refusal or withdrawal of reception conditions can be appealed before the Administrative Court under the common rules of administrative law.",-1.8143305778503418,23
55,1094,dub-bulg20261_chunk026,Bulgarian Returnee Asylum Challenges,"In the majority of cases, these returnees are arrested upon return and detained in Busmantsi or Lyubimets pre-removal immigration centres to further enable their removal.",-2.2082736492156982,24
55,1732,irak20265_chunk019,Bulgarian Returnee Asylum Challenges,"In practice, however, they face major challenges, including verbal and sexual harassment, the unwillingness of the authorities to allow single women to live om their own, limited job availability and difficulties in obtaining documents. …”.",-3.1735999584198,25
55,2025,dub-fran20263_chunk012,Bulgarian Returnee Asylum Challenges,"For many years, without any funding to implement this activity, the centre has welcomed Dublin returnees at their arrival at the airport. The returnees are directed towards the centre by the police or the airport services. Upon their arrival at the airport, the Border Police issues a safe conduct (sauf-conduit) which mentions the Prefecture where the asylum seekers have to submit their claim.",-4.375164031982422,26
55,2058,fran20264_chunk008,Bulgarian Returnee Asylum Challenges,"For many years, without any funding to implement this activity, the centre has welcomed Dublin returnees at their arrival at the airport. The returnees are directed towards the centre by the police or the airport services. Upon their arrival at the airport, the Border Police issues a safe conduct (sauf-conduit) which mentions the Prefecture where the asylum seekers have to submit their claim.",-4.375164031982422,27
55,3364,dub-fran20262_chunk011,Bulgarian Returnee Asylum Challenges,"For many years, without any funding to implement this activity, the centre has welcomed Dublin returnees at their arrival at the airport. The returnees are directed towards the centre by the police or the airport services. Upon their arrival at the airport, the Border Police issues a safe conduct (sauf-conduit) which mentions the Prefecture where the asylum seekers have to submit their claim.",-4.375164031982422,28
55,2030,dub-fran20263_chunk017,Bulgarian Returnee Asylum Challenges,"In Lyon, the situation is similar upon arrival of returnees at Saint-Exupéry airport. The returnees are not received at their arrival and not supported. They are supposed to present themselves at the SPADA run by Forum réfugiés to be registered before submitting their claim. They encounter the same difficulties in terms of accommodation to the conditions in Paris.",-6.178011417388916,29
55,2063,fran20264_chunk013,Bulgarian Returnee Asylum Challenges,"In Lyon, the situation is similar upon arrival of returnees at Saint-Exupéry airport. The returnees are not received at their arrival and not supported. They are supposed to present themselves at the SPADA run by Forum réfugiés to be registered before submitting their claim. They encounter the same difficulties in terms of accommodation to the conditions in Paris.",-6.178011417388916,30
55,3369,dub-fran20262_chunk016,Bulgarian Returnee Asylum Challenges,"In Lyon, the situation is similar upon arrival of returnees at Saint-Exupéry airport. The returnees are not received at their arrival and not supported. They are supposed to present themselves at the SPADA run by Forum réfugiés to be registered before submitting their claim. They encounter the same difficulties in terms of accommodation to the conditions in Paris.",-6.178011417388916,31
55,2496,dub-belg20261_chunk028,Bulgarian Returnee Asylum Challenges,"128) om Dublin returnees: ”Depending on the situation of their procedure in Belgium at the moment they left Belgium, asylum applicants sent back to Belgium following a Dublin procedure in another country can be considered subsequent applicants …In such a case, they mostly only get shelter after their asylum application is taken into consideration by the CGRS … .",-6.485474586486816,32
55,2553,dub-belg20262_chunk034,Bulgarian Returnee Asylum Challenges,"128) om Dublin returnees: ”Depending on the situation of their procedure in Belgium at the moment they left Belgium, asylum applicants sent back to Belgium following a Dublin procedure in another country can be considered subsequent applicants …In such a case, they mostly only get shelter after their asylum application is taken into consideration by the CGRS … .",-6.485474586486816,33
55,3362,dub-fran20262_chunk009,Bulgarian Returnee Asylum Challenges,"If the asylum application had already received a final negative decision from the CNDA, the asylum seeker may apply to OFPRA for a re-examination only if they possess new evidence (see section on Subsequent Applications). Support and assistance to Dublin returnees remains complicated.",-6.495829105377197,34
55,2487,dub-belg20261_chunk019,Bulgarian Returnee Asylum Challenges,"Asylum applicants must then present themselves to the Dispatching service at Fedasil’s arrival centre to be allocated a reception place. If the asylum applicant has not obtained reception from Fedasil during the first stage of the procedure and the CGRS declares the subsequent asylum application inadmissible, they will not be entitled to reception during the appeal with the CALL.",-6.975883483886719,35
55,2544,dub-belg20262_chunk025,Bulgarian Returnee Asylum Challenges,"Asylum applicants must then present themselves to the Dispatching service at Fedasil’s arrival centre to be allocated a reception place. If the asylum applicant has not obtained reception from Fedasil during the first stage of the procedure and the CGRS declares the subsequent asylum application inadmissible, they will not be entitled to reception during the appeal with the CALL.",-6.975883483886719,36
55,1089,dub-bulg20261_chunk021,Bulgarian Returnee Asylum Challenges,"If there is no available place food and accommodation in reception centres of the asylum agency SAR, Dublin returnees will have to secure accommodation and nutrition at their own expenses.",-7.245431423187256,37
55,3392,dub-fran20262_chunk039,Bulgarian Returnee Asylum Challenges,Rejected asylum seekers can formulate a request to remain 1 month in order to have time to plan their exit of the centre. The number of asylum seekers without material reception conditions is an increasingly important and worrying issue.,-7.622010707855225,38
55,2029,dub-fran20263_chunk016,Bulgarian Returnee Asylum Challenges,"The PAUH is the only entity receiving and supporting Dublin returnees upon their arrival in France by Charles de Gaulle airport. Considering the systemic difficulties encountered by the orientation platforms in Paris and its surroundings, several Dublin returnees, after registering their claim, are eager to turn to it in order to complete their asylum claim form or to find an accommodation.",-7.933116912841797,39
55,2062,fran20264_chunk012,Bulgarian Returnee Asylum Challenges,"The PAUH is the only entity receiving and supporting Dublin returnees upon their arrival in France by Charles de Gaulle airport. Considering the systemic difficulties encountered by the orientation platforms in Paris and its surroundings, several Dublin returnees, after registering their claim, are eager to turn to it in order to complete their asylum claim form or to find an accommodation.",-7.933116912841797,40
55,3368,dub-fran20262_chunk015,Bulgarian Returnee Asylum Challenges,"The PAUH is the only entity receiving and supporting Dublin returnees upon their arrival in France by Charles de Gaulle airport. Considering the systemic difficulties encountered by the orientation platforms in Paris and its surroundings, several Dublin returnees, after registering their claim, are eager to turn to it in order to complete their asylum claim form or to find an accommodation.",-7.933116912841797,41
55,3810,syri20266_chunk051,Bulgarian Returnee Asylum Challenges,3.3 (navnlig side 32f): ”Dynamics related to gender and vulnerability. Having strong community and family support is particularly important for women returnees.,-8.103795051574707,42
55,3874,syri20267_chunk051,Bulgarian Returnee Asylum Challenges,3.3 (navnlig side 32f): ”Dynamics related to gender and vulnerability. Having strong community and family support is particularly important for women returnees.,-8.103795051574707,43
55,3366,dub-fran20262_chunk013,Bulgarian Returnee Asylum Challenges,"When the relevant Prefectures are in the Paris surroundings, two situations may occur: On the one hand, some Prefectures do not register the asylum claims of Dublin returnees and redirect them to the SPADA.",-8.148838996887207,44
55,2060,fran20264_chunk010,Bulgarian Returnee Asylum Challenges,"When the relevant Prefectures are in the Paris surroundings, two situations may occur: [*]On the one hand, some Prefectures do not register the asylum claims of Dublin returnees and redirect them to the SPADA.",-8.18258285522461,45
55,2027,dub-fran20263_chunk014,Bulgarian Returnee Asylum Challenges,"When the relevant Prefectures are in the Paris surroundings, two situations may occur: [*] On the one hand, some Prefectures do not register the asylum claims of Dublin returnees and redirect them to the SPADA.",-8.24135684967041,46
55,3372,dub-fran20262_chunk019,Bulgarian Returnee Asylum Challenges,"This scheme ensures the distribution of accommodation places for asylum seekers throughout the national territory, and their allocation thereto. In parallel and in compliance with the national reception scheme, regional schemes are defined and implemented by Prefects in each region. All asylum seekers are offered material reception conditions under Article L. 551-9 Ceseda.",-8.559898376464844,47
55,2056,fran20264_chunk006,Bulgarian Returnee Asylum Challenges,"If the asylum seeker comes from a safe country of origin, their application is examined under the accelerated procedure. If the asylum application had already received a final negative decision from the CNDA, the asylum seeker may apply to OFPRA for a re-examination only if they possess new evidence (see section on Subsequent Applications).",-8.716323852539062,48
55,2023,dub-fran20263_chunk010,Bulgarian Returnee Asylum Challenges,"If the asylum seeker comes from a safe country of origin, their application is examined under the accelerated procedure. If the asylum application had already received a final negative decision from the CNDA, the asylum seeker may apply to OFPRA for a re-examination only if they possess new evidence (see section on Subsequent Applications).",-8.72425651550293,49
55,1400,dub-nede20265_chunk013,Bulgarian Returnee Asylum Challenges,All other residents stayed in regular asylum centres and/or temporary reception locations managed by municipalities.,-8.889498710632324,50
55,2033,dub-fran20263_chunk020,Bulgarian Returnee Asylum Challenges,"This scheme ensures the distribution of accommodation places for asylum seekers throughout the national territory, and their allocation thereto. In parallel and in compliance with the national reception scheme, regional schemes are defined and implemented by Prefects in each region. All asylum seekers are offered material reception conditions under Article L. 551-9 Ceseda.",-8.998363494873047,51
55,2066,fran20264_chunk016,Bulgarian Returnee Asylum Challenges,"This scheme ensures the distribution of accommodation places for asylum seekers throughout the national territory, and their allocation thereto. In parallel and in compliance with the national reception scheme, regional schemes are defined and implemented by Prefects in each region. All asylum seekers are offered material reception conditions under Article L. 551-9 Ceseda.",-8.998363494873047,52
55,2036,dub-fran20263_chunk023,Bulgarian Returnee Asylum Challenges,"In practice, OFII deny asylum seekers the benefit of reception conditions whenever it has the possibility to do so.",-9.260111808776855,53
55,2069,fran20264_chunk019,Bulgarian Returnee Asylum Challenges,"In practice, OFII deny asylum seekers the benefit of reception conditions whenever it has the possibility to do so.",-9.267637252807617,54
55,3375,dub-fran20262_chunk022,Bulgarian Returnee Asylum Challenges,"In practice, OFII deny asylum seekers the benefit of reception conditions whenever it has the possibility to do so.",-9.267637252807617,55
55,3384,dub-fran20262_chunk031,Bulgarian Returnee Asylum Challenges,"The 2024 legislative reform established an unprecedented link between reception and the asylum procedure: a person who leaves their accommodation without legitimate reason, in addition to losing their reception conditions as foreseen before, will see their asylum application “closed” (clôturée) by OFPRA.",-9.41191291809082,56
55,3361,dub-fran20262_chunk008,Bulgarian Returnee Asylum Challenges,"Om forholdene for Dublin returnees fremgår på side 75 bl.a.: “Applications of persons returned to France under the Dublin III Regulation are treated in the same way as any other asylum applications. If the asylum seeker comes from a safe country of origin, their application is examined under the accelerated procedure.",-9.479280471801758,57
55,3391,dub-fran20262_chunk038,Bulgarian Returnee Asylum Challenges,The law describes the procedure to be followed by reception centres management and by the Prefect once a decision on the asylum claim which ends the right to remain has been adopted. OFII informs the reception centre management where the asylum seeker is accommodated that the right to reception conditions has ended and that the provision of accommodation will be terminated upon a specific date.,-9.484026908874512,58
55,5754,dub-pole20257_chunk010,Bulgarian Returnee Asylum Challenges,"2, 2. led. DRC Dansk Flygtningehjælps henvisning til, at der er problemer med registrering af asylansøgninger og adgang til indkvartering i Polen, særligt for Dublin-returnees, der ikke tidligere er registrerede som asylansøgere, og at Dublin-returnees risikerer at blive frihedsberøvet kan ikke føre til en ændret vurdering.",-9.787808418273926,59
55,1884,dub-nede20264_chunk012,Bulgarian Returnee Asylum Challenges,"Det fremgår om indkvarteringsforholdene blandt andet af rapportens side 19f: “Less than half of the people entitled to reception conditions (i.e. asylum seekers) as well as beneficiaries of international protection who have not been offered housing yet, were staying in regular Central Agency for the Reception of Asylum Applicants (COA) reception centres over the course of 2024 (34,675 out of 72,61",-9.830022811889648,60
55,4186,dub-nede20263_chunk014,Bulgarian Returnee Asylum Challenges,"Det fremgår om indkvarteringsforholdene blandt andet af rapportens side 19f: “Less than half of the people entitled to reception conditions (i.e. asylum seekers) as well as beneficiaries of international protection who have not been offered housing yet, were staying in regular Central Agency for the Reception of Asylum Applicants (COA) reception centres over the course of 2024 (34,675 out of 72,61",-9.830022811889648,61
55,2055,fran20264_chunk005,Bulgarian Returnee Asylum Challenges,"Forholdene for asylansøgere, herunder Dublin returnees i Frankrig er nærmere beskrevet i AIDA’s Country Report France Update on 2024 fra juni 2025. På side 75 fremgår blandt andet: “Applications of persons returned to France under the Dublin III Regulation are treated in the same way as any other asylum applications.",-10.037105560302734,62
55,2488,dub-belg20261_chunk020,Bulgarian Returnee Asylum Challenges,"If, after a final negative decision in the asylum procedure, a request for a prolongation of reception … was pending or granted and the person lodges a second or further subsequent asylum application, the Dispatching service of Fedasil will take a new decision regarding access to reception conditions in the new procedure.",-10.212882995605469,63
55,5527,dub-nede20262_chunk014,Bulgarian Returnee Asylum Challenges,"Det fremgår om indkvarteringsforholdene blandt andet af rapportens side 19f:“Less than half of the people entitled to reception conditions (i.e. asylum seekers) as well as beneficiaries of international protection who have not been offered housing yet,were staying in regular Central Agency for the Reception of Asylum Applicants (COA) reception centres over the course of 2024 (34,675 out of 72,610 ",-10.228961944580078,64
55,2491,dub-belg20261_chunk023,Bulgarian Returnee Asylum Challenges,"Health care and a dignified standard of living should be always ensured. According to the Constitutional Court, the decision to refuse reception in such cases can only be taken in cases of abuse of the asylum procedure, e.g. when the person applies for asylum for the sole purpose of extending the right to reception.",-10.303170204162598,65
55,2548,dub-belg20262_chunk029,Bulgarian Returnee Asylum Challenges,"Health care and a dignified standard of living should be always ensured. According to the Constitutional Court, the decision to refuse reception in such cases can only be taken in cases of abuse of the asylum procedure, e.g. when the person applies for asylum for the sole purpose of extending the right to reception.",-10.303170204162598,66
55,2545,dub-belg20262_chunk026,Bulgarian Returnee Asylum Challenges,"If, after a final negative decision in the asylum procedure, a request for a prolongation of reception … was pending or granted and the person lodges a second or further subsequent asylum application, the Dispatching service of Fedasil will take a new decision regarding access to reception conditions in the new procedure.",-10.31250286102295,67
55,5552,dub-nede20261_chunk011,Bulgarian Returnee Asylum Challenges,"Det fremgår om indkvarteringsforholdene blandt andet af rapportens side 19f: “Less than half of the people entitled to reception conditions (i.e. asylum seekers) as well as beneficiaries of international protection who have not been offered housing yet,were staying in regular Central Agency for the Reception of Asylum Applicants (COA) reception centres over the course of 2024 (34,675 out of 72,610",-10.380226135253906,68
55,2022,dub-fran20263_chunk009,Bulgarian Returnee Asylum Challenges,"Forholdene for asylansøgere, herunder Dublin returnees i Frankrig er nærmere beskrevet i AIDA’s Country Report France Update on 2024 fra juni 2025. På side 75 fremgår blandt andet: “Applications of persons returned to France under the Dublin III Regulation are treated in the same way as any other asylum applications.",-10.394548416137695,69
55,1147,bulg20263_chunk009,Bulgarian Returnee Asylum Challenges,"Prior to the arrival of Dublin returnees, the SAR informs the Border Police of the expected arrival and indicates whether the returnee should be transferred to a reception centre or to immigration pre-removal detention facility.",-10.579907417297363,70
55,2034,dub-fran20263_chunk021,Bulgarian Returnee Asylum Challenges,This provision applies to all asylum seekers even if their claim is channelled under the accelerated or Dublin procedure. The only nuance is that asylum seekers under the Dublin procedure do not have access to reception centres for asylum seekers (CADA) but have access to the other forms of accommodation and accommodation support.,-10.580307960510254,71
55,2067,fran20264_chunk017,Bulgarian Returnee Asylum Challenges,This provision applies to all asylum seekers even if their claim is channelled under the accelerated or Dublin procedure. The only nuance is that asylum seekers under the Dublin procedure do not have access to reception centres for asylum seekers (CADA) but have access to the other forms of accommodation and accommodation support.,-10.580307960510254,72
55,3376,dub-fran20262_chunk023,Bulgarian Returnee Asylum Challenges,"After having registered their claim at the Prefecture, asylum seekers receive the asylum claim certificate that allows them too remain legally on French territory until: The end of the asylum procedure; A negative first instance decision for inadmissible claims and certain categories of claims rejected in an accelerated procedure – safe country of origin, subsequent application, threat to public o",-10.638010025024414,73
55,2489,dub-belg20261_chunk021,Bulgarian Returnee Asylum Challenges,"If it decides to refuse reception, the previously pending or granted prolongation is withdrawn. The right to reception is thus linked to the most recent asylum procedure.",-10.769354820251465,74
55,2546,dub-belg20262_chunk027,Bulgarian Returnee Asylum Challenges,"If it decides to refuse reception, the previously pending or granted prolongation is withdrawn. The right to reception is thus linked to the most recent asylum procedure.",-10.769354820251465,75
55,3373,dub-fran20262_chunk020,Bulgarian Returnee Asylum Challenges,This provision applies to all asylum seekers even if their claim is channelled under the accelerated or Dublin procedure. The only nuance is that asylum seekers under the Dublin procedure do not have access to reception centres for asylum seekers (CADA) but have access to the other forms of accommodation and accommodation support.,-10.820199012756348,76
55,3860,syri20267_chunk037,Bulgarian Returnee Asylum Challenges,"In addition to their individual sectarian background and specific region, women face different challenges depending on their civil status. The situation of single, widowed, or divorced women has not changed or improved under the new government; they continue to face the same difficulties regarding employment, transport, housing, protection, and access to official documents.",-10.856781959533691,77
55,3679,syri20262_chunk037,Bulgarian Returnee Asylum Challenges,"In addition to their individual sectarian background and specific region, women face different challenges depending on their civil status. The situation of single, widowed, or divorced women has not changed or improved under the new government; they continue to face the same difficulties regarding employment, transport, housing, protection, and access to official documents.",-10.886699676513672,78
55,3796,syri20266_chunk037,Bulgarian Returnee Asylum Challenges,"In addition to their individual sectarian background and specific region, women face different challenges depending on their civil status. The situation of single, widowed, or divorced women has not changed or improved under the new government; they continue to face the same difficulties regarding employment, transport, housing, protection, and access to official documents.",-10.886699676513672,79
55,3548,syri20261_chunk034,Bulgarian Returnee Asylum Challenges,"In addition to their individual sectarian background and specific region, women face different challenges depending on their civil status. The situation of single, widowed, or divorced women has not changed or improved under the new government; they continue to face the same difficulties regarding employment, transport, housing, protection, and access to official documents.",-10.978989601135254,80
55,3609,syri20263_chunk032,Bulgarian Returnee Asylum Challenges,"In addition to their individual sectarian background and specific region, women face different challenges depending on their civil status. The situation of single, widowed, or divorced women has not changed or improved under the new government; they continue to face the same difficulties regarding employment, transport, housing, protection, and access to official documents.",-10.978989601135254,81
55,1889,dub-nede20264_chunk017,Bulgarian Returnee Asylum Challenges,"Large differences between (crisis) shelters reveal that whether asylum seekers are able to experience decent reception in the Netherlands is subject to arbitrariness.” Det fremgår endvidere blandt andet af side 145: “Twice a year the COA predicts the capacity it will need in the upcoming period. In October 2024 COA was expecting, for July 2025, to need to house 115,000 asylum applicants.",-11.032379150390625,82
55,4191,dub-nede20263_chunk019,Bulgarian Returnee Asylum Challenges,"Large differences between (crisis) shelters reveal that whether asylum seekers are able to experience decent reception in the Netherlands is subject to arbitrariness.” Det fremgår endvidere blandt andet af side 145: “Twice a year the COA predicts the capacity it will need in the upcoming period. In October 2024 COA was expecting, for July 2025, to need to house 115,000 asylum applicants.",-11.032379150390625,83
55,2070,fran20264_chunk020,Bulgarian Returnee Asylum Challenges,"After having registered their claim at the Prefecture, asylum seekers receive the asylum claim certificate that allows them to remain legally on French territory until: [*] The end of the asylum procedure; [*]A negative first instance decision for inadmissible claims and certain categories of claims rejected in an accelerated procedure – safe country of origin, subsequent application, threat to pu",-11.293733596801758,84
55,2418,dub-pole20262_chunk011,Bulgarian Returnee Asylum Challenges,"Endvidere har nævnet lagt vægt på, at det af den nævnte AIDA-rapport fremgår: ”Other challenges are similar to the challenges Polish nationals face as well: long waiting times to have an appointment with a specialist, costly private medical services and expensive medicines.” jf. side 148, og: ”Some recurring issues also include - despite the abovementioned language and cultural barrier – differenc",-11.382654190063477,85
55,2485,dub-belg20261_chunk017,Bulgarian Returnee Asylum Challenges,"A total of 6,469 applicants lodged subsequent applications in 2024: …” Herudover anføres det i pkt. A.1.2. (s. 125 f) om Right to Reception: Subsequent Applications: “The Reception Act provides the possibility for Fedasil to refuse reception to asylum applicants who lodge a second or further subsequent asylum application, until their asylum application is deemed admissible by the CGRS.",-11.411237716674805,86
55,2542,dub-belg20262_chunk023,Bulgarian Returnee Asylum Challenges,"A total of 6,469 applicants lodged subsequent applications in 2024: …” Herudover anføres det i pkt. A.1.2. (s. 125 f) om Right to Reception: Subsequent Applications: “The Reception Act provides the possibility for Fedasil to refuse reception to asylum applicants who lodge a second or further subsequent asylum application, until their asylum application is deemed admissible by the CGRS.",-11.411237716674805,87
55,2037,dub-fran20263_chunk024,Bulgarian Returnee Asylum Challenges,"After having registered their claim at the Prefecture, asylum seekers receive the asylum claim certificate that allows them to remain legally on French territory until: [*] The end of the asylum procedure; [*] A negative first instance decision for inadmissible claims and certain categories of claims rejected in an accelerated procedure – safe country of origin, subsequent application, threat to p",-11.47360610961914,88
55,3393,dub-fran20262_chunk040,Bulgarian Returnee Asylum Challenges,"If we compare the number of asylum applications pending at the end of 2024 according to Eurostat (147,950) and the number of asylum seekers benefitting from reception conditions at this date (90,329 persons in total at the end of December 2024 according to OFII), this means more than 50,000 asylum seekers do not have reception conditions in France.",-11.835739135742188,89
55,3560,syri20261_chunk046,Bulgarian Returnee Asylum Challenges,"This includes reconnecting with relatives to clarify potential inheritance rights while coping with the emotional challenge of deciding whether to declare their husband deceased or continue searching for him. There are also cases of female-headed households returning to Syria while the husband remains abroad, for instance in Lebanon or Türkiye, to secure an income for the family.",-13.453968048095703,90
55,3808,syri20266_chunk049,Bulgarian Returnee Asylum Challenges,"This includes reconnecting with relatives to clarify potential inheritance rights while coping with the emotional challenge of deciding whether to declare their husband deceased or continue searching for him. There are also cases of female-headed households returning to Syria while the husband remains abroad, for instance in Lebanon or Türkiye, to secure an income for the family.",-13.465063095092773,91
55,3872,syri20267_chunk049,Bulgarian Returnee Asylum Challenges,"This includes reconnecting with relatives to clarify potential inheritance rights while coping with the emotional challenge of deciding whether to declare their husband deceased or continue searching for him. There are also cases of female-headed households returning to Syria while the husband remains abroad, for instance in Lebanon or Türkiye, to secure an income for the family.",-13.465063095092773,92
55,3621,syri20263_chunk044,Bulgarian Returnee Asylum Challenges,"This includes reconnecting with relatives to clarify potential inheritance rights while coping with the emotional challenge of deciding whether to declare their husband deceased or continue searching for him. There are also cases of female-headed households returning to Syria while the husband remains abroad, for instance in Lebanon or Türkiye, to secure an income for the family.",-13.656872749328613,93
55,3691,syri20262_chunk049,Bulgarian Returnee Asylum Challenges,"This includes reconnecting with relatives to clarify potential inheritance rights while coping with the emotional challenge of deciding whether to declare their husband deceased or continue searching for him. There are also cases of female-headed households returning to Syria while the husband remains abroad, for instance in Lebanon or Türkiye, to secure an income for the family.",-13.656872749328613,94
55,3531,syri20261_chunk017,Bulgarian Returnee Asylum Challenges,"The situation of women in Syria — including their safety and treatment — reportedly varies widely, largely depending on their sectarian background and the region in which they live. … A Syrian human rights organisation observed that Sunni women, especially if they are wearing the hijab (such as women from Idlib, Aleppo, and Homs), face fewer challenges than Alawite, Christian and Druze women.",-13.682321548461914,95
55,3592,syri20263_chunk015,Bulgarian Returnee Asylum Challenges,"The situation of women in Syria — including their safety and treatment — reportedly varies widely, largely depending on their sectarian background and the region in which they live. … A Syrian human rights organisation observed that Sunni women, especially if they are wearing the hijab (such as women from Idlib, Aleppo, and Homs), face fewer challenges than Alawite, Christian and Druze women.",-13.682321548461914,96
55,3662,syri20262_chunk020,Bulgarian Returnee Asylum Challenges,"The situation of women in Syria — including their safety and treatment — reportedly varies widely, largely depending on their sectarian background and the region in which they live. … A Syrian human rights organisation observed that Sunni women, especially if they are wearing the hijab (such as women from Idlib, Aleppo, and Homs), face fewer challenges than Alawite, Christian and Druze women.",-13.682321548461914,97
55,3843,syri20267_chunk020,Bulgarian Returnee Asylum Challenges,"The situation of women in Syria — including their safety and treatment — reportedly varies widely, largely depending on their sectarian background and the region in which they live.… A Syrian human rights organisation observed that Sunni women, especially if they are wearing the hijab (such as women from Idlib, Aleppo, and Homs), face fewer challenges than Alawite, Christian and Druze women.",-13.704238891601562,98
55,3779,syri20266_chunk020,Bulgarian Returnee Asylum Challenges,"The situation of women in Syria — including their safety and treatment — reportedly varies widely, largely depending on their sectarian background and the region in which they live.…A Syrian human rights organisation observed that Sunni women, especially if they are wearing the hijab (such as women from Idlib, Aleppo, and Homs), face fewer challenges than Alawite, Christian and Druze women.",-13.713800430297852,99
63,198,syri202621_chunk010,Residence permit revocation guidance,"Der er herved lagt vægt på de af Udlændingestyrelsen fremhævede baggrundsoplysninger, herunder EUAA´s rapport: Country Guidance Syria fra december 2025 og Den Europæiske Menneskerettighedsdomstols afgørelse den 23. september 2025 i sagen A.F. v. Austria.",-13.275540351867676,0
63,5448,afgh202646_chunk004,Residence permit revocation guidance,"Endelig har ansøgeren henvist til, at han stort set har levet alle sine leveår uden for Afghanistan. Forholdene for vestliggjorte og hazaraer af etnicitet (og shiamuslimer) og den risikovurdering, der skal foretages i den forbindelse ved en tilbagevenden til Afghanistan, er i baggrundsmaterialet bl.a. beskrevet i pkt. 3.13. og 3.14.2. i EUAA, Country Guidance: Afghanistan (maj 2024).",-13.433927536010742,1
63,1840,niga20264_chunk014,Residence permit revocation guidance,"I områder, hvor der gælder sharialov, kan dødsstraf være hjemlet. Diskrimination fra såvel myndighedernes som samfundets side beskrives som gennemgående. Der kan henvises til EUAA: Country Guidance: Nigeria, marts 2026, pkt. 3.12, og EUAA, Nigeria: Country Focus, november 2025, pkt. 2.5.",-13.633899688720703,2
63,610,syri202617_chunk008,Residence permit revocation guidance,"Flygtningenævnet har navnlig lagt vægt på oplysningerne i EUAA Country Guidance, Syria fra december 2025, side 71 ff. Flygtningenævnet har på denne baggrund ikke fundet grundlag for at antage, at der i nogen del af Syrien foreligger en generel situation som nævnt i udlændingelovens § 7, stk. 3.",-13.678603172302246,3
63,682,syri202616_chunk008,Residence permit revocation guidance,"Flygtningenævnet har navnlig lagt vægt på oplysningerne i EUAA Country Guidance, Syria fra december 2025, s, 71 ff. Flygtningenævnet har på denne baggrund ikke fundet grundlag for at antage, at der i nogen del af Syrien foreligger en generel situation som nævnt i udlændingelovens § 7, stk. 3.",-13.690869331359863,4
63,457,afgh202617_chunk005,Residence permit revocation guidance,"Forholdene for vestliggjorte og hazaraer af etnicitet (og shiamuslimer) og den risikovurdering, der skal foretages i den forbindelse ved en tilbagevenden til Afghanistan, er i baggrundsmaterialet bl.a. beskrevet i pkt. 3.13. og 3.14.2. i EUAA, Country Guidance: Afghanistan (maj 2024). Der kan tillige henvises til Landinfo, Temanotat: Afghanistan – Situasjonen for afghanske menn (januar 2025), s.",-13.709359169006348,5
63,1095,dub-bulg20261_chunk027,Residence permit revocation guidance,"In the few cases when the returnees are not detained after their arrival, usually – due to administrative or institutional entanglements, they may face homelessness and destitution because of their irregular status in Bulgaria and the lack of valid residence and/or identity documents.",-13.757797241210938,6
63,195,syri202621_chunk007,Residence permit revocation guidance,"De generelle forhold for kurdere i Syrien kan efter de foreliggende baggrundsoplysninger, herunder Udlændingestyrelsens rapport Syria: Situation og Certain Groups fra 9. december 2025, EUAA, Country Guidance: Syria, fra december 2025 og UK Home Office, Country Policy and Information Note Syria: Women, fra december 2025, ikke i sig selv begrunde asyl.",-13.766179084777832,7
63,1093,dub-bulg20261_chunk025,Residence permit revocation guidance,"If, however, the Dublin returnee is among those, whose asylum procedures ended prior their return to Bulgaria with a refusal in absentia on the merits (substance), they are treated as irregular migrants with no access to the labour market, health care system or any other services that require legal residence and an identity document.",-13.77071475982666,8
63,3628,syri20263_chunk051,Residence permit revocation guidance,"Women whose husbands are missing face complex reintegration, including reconnecting with relatives to clarify inheritance while coping with decisions about declaring the husband dead or continuing the search for him.” Der kan endvidere henvises til EUAA, County Guidance: Syria, december 2025, pkt. 4.10 (s. 49 ff.), og UK Home Office, Country Policy and Information Note Syria: Women, december 2025.",-13.787879943847656,9
63,3567,syri20261_chunk053,Residence permit revocation guidance,"Women whose husbands are missing face complex reintegration, including reconnecting with relatives to clarify inheritance while coping with decisions about declaring the husband dead or continuing the search for him.” Der kan endvidere henvises til EUAA, County Guidance: Syria, december 2025, pkt. 4.10 (s. 49 ff.), og UK Home Office, Country Policy and Information Note Syria: Women, december 2025.",-13.791526794433594,10
63,501,syri202613_chunk026,Residence permit revocation guidance,"Flygtningenævnet har i den forbindelse navnlig lagt vægt på EUAAs rapport  ”Country Guidance Syria” fra december 2025, side 71 ff., hvor det for så vidt angår vurderingen efter kvalifikationsdirektivets bestemmelse om subsidiær beskyttelse – der i vidt omfang svarer til udlændingelovens § 7, stk.",-13.797032356262207,11
63,516,syri202614_chunk011,Residence permit revocation guidance,"Flygtningenævnet har i den forbindelse navnlig lagt vægt på EUAAs rapport ”Country Guidance Syria” fra december 2025, side 71 ff., hvor det for så vidt angår vurderingen efter kvalifikationsdirektivets bestemmelse om subsidiær beskyttelse – der i vidt omfang svarer til udlændingelovens § 7, stk.",-13.797032356262207,12
63,649,syri202614_chunk011_dup1,Residence permit revocation guidance,"Flygtningenævnet har i den forbindelse navnlig lagt vægt på EUAAs rapport ”Country Guidance Syria” fra december 2025, side 71 ff., hvor det for så vidt angår vurderingen efter kvalifikationsdirektivets bestemmelse om subsidiær beskyttelse – der i vidt omfang svarer til udlændingelovens § 7, stk.",-13.797032356262207,13
63,3752,syri20264_chunk046,Residence permit revocation guidance,"Flygtningenævnet har i den forbindelse navnlig lagt vægt på EUAAs rapport ”Country Guidance Syria” fra december 2025, side 71 ff., hvor det for så vidt angår vurderingen efter kvalifikationsdirektivets bestemmelse om subsidiær beskyttelse – der i vidt omfang svarer til udlændingelovens § 7, stk.",-13.797032356262207,14
63,3900,syri20265_chunk013,Residence permit revocation guidance,"Flygtningenævnet har i den forbindelse navnlig lagt vægt på EUAAs rapport ”Country Guidance Syria” fra december 2025, side 71 ff., hvor det for så vidt angår vurderingen efter kvalifikationsdirektivets bestemmelse om subsidiær beskyttelse – der i vidt omfang svarer til udlændingelovens § 7, stk.",-13.797032356262207,15
63,3816,syri20266_chunk057,Residence permit revocation guidance,"Women whose husbands are missing face complex reintegration, including reconnecting with relatives to clarify inheritance while coping with decisions about declaring the husband dead or continuing the search for him.” Der kan endvidere henvises til EUAA, Country Guidance: Syria, December 2025, pkt. 4.10 (s. 49ff) og UK Home Office, Country Policy and Information Note Syria: Women, december 2025.",-13.866981506347656,16
63,3880,syri20267_chunk057,Residence permit revocation guidance,"Women whose husbands are missing face complex reintegration, including reconnecting with relatives to clarify inheritance while coping with decisions about declaring the husband dead or continuing the search for him.” Der kan endvidere henvises til EUAA, Country Guidance: Syria, December 2025, pkt. 4.10 (s. 49ff) og UK Home Office, Country Policy and Information Note Syria: Women, december 2025.",-13.866981506347656,17
63,3698,syri20262_chunk056,Residence permit revocation guidance,"Women whose husbands are missing face complex reintegration, including reconnecting with relatives to clarify inheritance while coping with decisions about declaring the husband dead or continuing the search for him.” Der kan endvidere henvises til EUAA, County Guidance: Syria, December 2025, pkt. 4.10 (s. 49 ff.) og UK Home Office, Country Policy and Information Note Syria: Women, december 2025.",-13.874024391174316,18
63,3568,syri20261_chunk054,Residence permit revocation guidance,"Af sidstnævnte rapport fremgår det mere overordnet: “In general, women in Syria are unlikely to face a real risk of persecution or serious harm from state or non-state actors.” Om behandlingen i Syrien af personer, der anses for at have overskredet grænserne for religiøse, moralske normer mv., kan der henvises til EUAA, County Guidance: Syria, december 2025, pkt. 4.8 (s. 39 f).",-13.947186470031738,19
63,5,afgh202618_chunk005,Residence permit revocation guidance,"3.13. og 3.14.2. i EUAA, Country Guidance: Afghanistan (maj 2024). Der kan tillige henvises til Landinfo, Temanotat: Afghanistan – Situasjonen for afghanske menn (januar 2025), s. 12 og 17 f.",-14.085338592529297,20
65,1170,bulg20263_chunk032,flygtningenævnet case evaluations,"Moreover, SAR affirms that the social experts who carry out the vulnerability assessment do file their assessments and support plans in the case management registry for the case worker to be able to review and collect them into the respective individual file, while copies of these documents remain with the social experts for subsequent work with the vulnerable person, according to the planned acti",-11.3905029296875,0
65,1168,bulg20263_chunk030,flygtningenævnet case evaluations,"Monitoring in 2025
In 2025, both vulnerability assessments and identification - as well as all follow-ups on identified cases -, remained substandard, to the point this continued to represent the most significant violation of existing obligation in the context of the asylum procedure in the course of already several years.",-11.508663177490234,1
65,713,rusl202634_chunk022,flygtningenævnet case evaluations,"In contrast, Chechnya is also an outstanding case due to the level of political repression, with all forms of critique being harshly suppressed, with no changes regarding this in 2025. 4.4.1.",-11.532432556152344,2
65,762,rusl202635_chunk023,flygtningenævnet case evaluations,"In contrast, Chechnya is also an outstanding case due to the level of political repression, with all forms of critique being harshly suppressed, with no changes regarding this in 2025. 4.4.1.",-11.532432556152344,3
65,705,rusl202634_chunk014,flygtningenævnet case evaluations,"Alexander Kvakhadze of the Rondeli Foundation added that he had heard of other similar cases. In Chechnya, HRW had seen examples of persons being recruited because they were a part of the LGBT community.",-12.006089210510254,4
65,754,rusl202635_chunk015,flygtningenævnet case evaluations,"Alexander Kvakhadze of the Rondeli Foundation added that he had heard of other similar cases. In Chechnya, HRW had seen examples of persons being recruited because they were a part of the LGBT community.",-12.006089210510254,5
65,1172,bulg20263_chunk034,flygtningenævnet case evaluations,"Thus, vulnerability assessments and support plans were still missing in 12% of the monitored cases of asylumeekers, who otherwise should have been assessed and supported as persons with specific needs or vulnerabilities.",-12.02414321899414,6
65,1237,rusl202629_chunk019,flygtningenævnet case evaluations,"Alexander Kvakhadze of the Rondeli Foundation added that he had heard of other similar cases. In Chechnya, HRW had seen examples of persons being recruited because they were a part of the LGBT community.",-12.038121223449707,7
65,4846,rusl20266_chunk018,flygtningenævnet case evaluations,"Alexander Kvakhadze of the Rondeli Foundation added that he had heard of other similar cases. In Chechnya, HRW had seen examples of persons being recruited because they were a part of the LGBT community.",-12.038121223449707,8
65,3597,syri20263_chunk020,flygtningenævnet case evaluations,"A Syrian human rights organisation was aware of only one case, involving a woman from the coastal area who filed a rape complaint. In regions dominated by armed groups or conservative factions, individuals targeting women are not being held accountable.",-12.149014472961426,9
65,3667,syri20262_chunk025,flygtningenævnet case evaluations,"A Syrian human rights organisation was aware of only one case, involving a woman from the coastal area who filed a rape complaint. In regions dominated by armed groups or conservative factions, individuals targeting women are not being held accountable.",-12.149014472961426,10
65,1095,dub-bulg20261_chunk027,flygtningenævnet case evaluations,"In the few cases when the returnees are not detained after their arrival, usually – due to administrative or institutional entanglements, they may face homelessness and destitution because of their irregular status in Bulgaria and the lack of valid residence and/or identity documents.",-12.186864852905273,11
65,3537,syri20261_chunk023,flygtningenævnet case evaluations,"In cases of kidnapping and rape of Alawite or Druze women, the authorities failed to protect them and only reacted superficially after the cases received widespread publicity, according to a Syrian human rights organisation. In a recent case in Hama, the identities of the men who raped an Alawite woman were widely known; however, the perpetrators had not been arrested.",-12.19245433807373,12
65,3784,syri20266_chunk025,flygtningenævnet case evaluations,"A Syrian human rights organisation was aware of only one case, involving a woman from the coastal area who filed a rape complaint. In regions dominated by armed groups or conservative factions, individuals targeting women are not being held accountable.",-12.236700057983398,13
65,3848,syri20267_chunk025,flygtningenævnet case evaluations,"A Syrian human rights organisation was aware of only one case, involving a woman from the coastal area who filed a rape complaint. In regions dominated by armed groups or conservative factions, individuals targeting women are not being held accountable.",-12.236700057983398,14
65,3536,syri20261_chunk022,flygtningenævnet case evaluations,"A Syrian human rights organisation was aware of only one case, involving a woman from the coastal area who filed a rape complaint. In regions dominated by armed groups or conservative factions, individuals targeting women are not being held accountable.",-12.264702796936035,15
65,1171,bulg20263_chunk033,flygtningenævnet case evaluations,"vities.

In 2025, the monitoring of these processes established that in 88% of the cases, an initial assessment form was present in the file of asylum seekers who were falling within the vulnerability definition under national law.",-12.397588729858398,16
65,1103,dub-bulg20261_chunk035,flygtningenævnet case evaluations,"Although both detention centers employed a psychologist, their task was to assist the case officers and administration with psychological testing and risk assessments, thus primarily supporting the detention staff, and offering some psychological support including crisis interventions to detained migrants, only if there was any spare time.",-12.470584869384766,17
65,1157,bulg20263_chunk019,flygtningenævnet case evaluations,"follow-ups on identified cases, remained substandard, to the point this continued to present the most significant violation of existing obligation in the context of the asylum procedure in the course of already several years. … Therefore, in 2025 needs assessment as well as planning and provision of support measures with respect to applicants with identified vulnerabilities were still carried out ",-12.487545013427734,18
65,3598,syri20263_chunk021,flygtningenævnet case evaluations,"In cases of kidnapping and rape of Alawite or Druze women, the authorities failed to protect them and only reacted superficially after the cases received widespread publicity, according to a Syrian human rights organisation. In a recent case in Hama, the identities of the men who raped an Alawite woman were widely known; however, the perpetrators had not been arrested.",-12.501212120056152,19
65,3668,syri20262_chunk026,flygtningenævnet case evaluations,"In cases of kidnapping and rape of Alawite or Druze women, the authorities failed to protect them and only reacted superficially after the cases received widespread publicity, according to a Syrian human rights organisation. In a recent case in Hama, the identities of the men who raped an Alawite woman were widely known; however, the perpetrators had not been arrested.",-12.501212120056152,20
65,3785,syri20266_chunk026,flygtningenævnet case evaluations,"In cases of kidnapping and rape of Alawite or Druze women, the authorities failed to protect them and only reacted superficially after the cases received widespread publicity, according to a Syrian human rights organisation. In a recent case in Hama, the identities of the men who raped an Alawite woman were widely known; however, the perpetrators had not been arrested.",-12.501212120056152,21
65,3849,syri20267_chunk026,flygtningenævnet case evaluations,"In cases of kidnapping and rape of Alawite or Druze women, the authorities failed to protect them and only reacted superficially after the cases received widespread publicity, according to a Syrian human rights organisation. In a recent case in Hama, the identities of the men who raped an Alawite woman were widely known; however, the perpetrators had not been arrested.",-12.501212120056152,22
65,3525,syri20261_chunk011,flygtningenævnet case evaluations,"At the same time, isolated cases of women being appointed to prominent positions have been reported, including a feminist Christian woman who was a member of the Syrian National Dialogue Committee, serving as Minister of Labour and Social Affairs, and several women as university deans.",-12.548202514648438,23
65,3586,syri20263_chunk009,flygtningenævnet case evaluations,"At the same time, isolated cases of women being appointed to prominent positions have been reported, including a feminist Christian woman who was a member of the Syrian National Dialogue Committee, serving as Minister of Labour and Social Affairs, and several women as university deans.",-12.548202514648438,24
65,1152,bulg20263_chunk014,flygtningenævnet case evaluations,"Such refusal and serving of the refusal’s decision in absentia is legally possible, if an interview has been conducted with the returnee prior their absconding from Bulgaria and if based on the information gathered from the interview the case worker could form an opinion about the credibility of the asylum claim.",-12.562213897705078,25
65,1173,bulg20263_chunk035,flygtningenævnet case evaluations,"The subsequent support plan however, was present in just 20% of the cases, and in 100% of them no information was available whether any of the support measures, included in the plan were actually implemented or not.",-12.566485404968262,26
65,3837,syri20267_chunk014,flygtningenævnet case evaluations,"At the same time, isolated cases of women being appointed to prominent positions have been reported, including a feminist Christian woman who was a member of the Syrian National Dialogue Committee, serving as Minister of Labour and Social Affairs, and several women as university deans.",-12.631352424621582,27
65,1159,bulg20263_chunk021,flygtningenævnet case evaluations,"Thе SAR also stated that where treatment was required outside the coverage of the National Health Insurance Fund (NHIF), assistance was sought from NGOs for funding, and there were also cases where the staff from reception centers purchased medicines for children and individuals. …
Although moderate, the efforts made for the vulnerability identification resulted in a notable increase in the absol",-12.632278442382812,28
65,3374,dub-fran20262_chunk021,flygtningenævnet case evaluations,"Reception conditions can be denied in the following cases: Whey they refuse to go to their attributed region; When they refuse their accommodation option, either at the GUDA or by not showing up within 5 days; Subsequent applications; Claim registered 90 days after entering France without a valid reason.",-12.667783737182617,29
65,3526,syri20261_chunk012,flygtningenævnet case evaluations,"In general, women’s rights and livelihood opportunities remain a critical concern, as women are frequently not economically independent. 8.1. Incidents involving women. Reports issued earlier in 2025 describe cases of sexual violence and harassment against women, especially at checkpoints and during return journeys through unsafe areas.",-12.683465957641602,30
65,4842,rusl20266_chunk014,flygtningenævnet case evaluations,Chechens who are coercively recruited are forced to sign contracts with the MoD and according to HRW and Mark Galeotti this means that the paper trail of coercively recruited Chechens looks as if they volunteered for the Russian war effort. Galeotti further elaborated that most of the corroborated cases of coercive recruitment has come from Grozny.,-12.700366020202637,31
65,4850,rusl20266_chunk022,flygtningenævnet case evaluations,"According to Chambers, this type of seemingly random recruitment seemed to be most prevalent during the autumn of 2022. At that time, the authorities coercively recruited most Chechen men they came into contact with without regard for their physical and/or mental condition. Chambers knows of cases where people involved in car accidents were recruited and sent to Ukraine.",-12.738950729370117,32
65,1094,dub-bulg20261_chunk026,flygtningenævnet case evaluations,"In the majority of cases, these returnees are arrested upon return and detained in Busmantsi or Lyubimets pre-removal immigration centres to further enable their removal.",-12.75262451171875,33
65,2496,dub-belg20261_chunk028,flygtningenævnet case evaluations,"128) om Dublin returnees: ”Depending on the situation of their procedure in Belgium at the moment they left Belgium, asylum applicants sent back to Belgium following a Dublin procedure in another country can be considered subsequent applicants …In such a case, they mostly only get shelter after their asylum application is taken into consideration by the CGRS … .",-12.760086059570312,34
65,2553,dub-belg20262_chunk034,flygtningenævnet case evaluations,"128) om Dublin returnees: ”Depending on the situation of their procedure in Belgium at the moment they left Belgium, asylum applicants sent back to Belgium following a Dublin procedure in another country can be considered subsequent applicants …In such a case, they mostly only get shelter after their asylum application is taken into consideration by the CGRS … .",-12.760086059570312,35
65,3780,syri20266_chunk021,flygtningenævnet case evaluations,"Non-Sunni women appear more vulnerable, especially when their identity is visible through appearance or behaviour. Most cases of discrimination, harassment and abuse of women are reported from minority areas, while such cases are rarely reported from Hama, Aleppo, or Daraa.",-12.768223762512207,36
65,3844,syri20267_chunk021,flygtningenævnet case evaluations,"Non-Sunni women appear more vulnerable, especially when their identity is visible through appearance or behaviour. Most cases of discrimination, harassment and abuse of women are reported from minority areas, while such cases are rarely reported from Hama, Aleppo, or Daraa.",-12.768223762512207,37
65,3389,dub-fran20262_chunk036,flygtningenævnet case evaluations,"Many cases have since been submitted to the courts, making it possible to reinstate MRCs in the many situations where OFII had withdrawn them without properly taking individual situations into account. In cases of subsequent applications, some Prefectures systematically reduce reception conditions of asylum seekers.",-12.804890632629395,38
65,2035,dub-fran20263_chunk022,flygtningenævnet case evaluations,"Reception conditions can be denied in the following cases: [*] Whey they refuse to go to their attributed region; [*] When they refuse their accommodation option, either at the GUDA or by not showing up within 5 days; [*] Subsequent applications; [*] Claim registered 90 days after entering France without a valid reason.",-12.833711624145508,39
65,2068,fran20264_chunk018,flygtningenævnet case evaluations,"Reception conditions can be denied in the following cases: [*] Whey they refuse to go to their attributed region; [*] When they refuse their accommodation option, either at the GUDA or by not showing up within 5 days; [*] Subsequent applications; [*] Claim registered 90 days after entering France without a valid reason.",-12.833711624145508,40
65,721,rusl202634_chunk030,flygtningenævnet case evaluations,"Forced recruitment: Chechen authorities employ distinct methods of military recruitment, compared to other parts of Russia, with cases of forced recruitment reported since summer 2022.",-12.84291934967041,41
65,770,rusl202635_chunk031,flygtningenævnet case evaluations,"Forced recruitment: Chechen authorities employ distinct methods of military recruitment, compared to other parts of Russia, with cases of forced recruitment reported since summer 2022.",-12.84291934967041,42
65,1149,bulg20263_chunk011,flygtningenævnet case evaluations,"In the past, the SAR usually suspended asylum procedures when asylum seekers had left Bulgaria before their procedures were completed. After the amendments of the law in 2020, the SAR obtained the right to directly terminate (discontinue) the asylum procedure in such cases without passing through a stage of suspension.",-12.863594055175781,43
65,2539,dub-belg20262_chunk020,flygtningenævnet case evaluations,"In principle, all applicants for international protection, including subsequent applicants, have the right to access reception conditions during the examination of their case. However, the Reception Act allows the possibility to refuse reception to subsequent applicants until their asylum application is deemed admissible by the CGRS.",-12.881842613220215,44
65,2482,dub-belg20261_chunk014,flygtningenævnet case evaluations,"In principle, all applicants for international protection, including subsequent applicants, have the right to access reception conditions during the examination of their case. However, the Reception Act allows the possibility to refuse reception to subsequent applicants until their asylum application is deemed admissible by the CGRS.",-12.8970308303833,45
65,2548,dub-belg20262_chunk029,flygtningenævnet case evaluations,"Health care and a dignified standard of living should be always ensured. According to the Constitutional Court, the decision to refuse reception in such cases can only be taken in cases of abuse of the asylum procedure, e.g. when the person applies for asylum for the sole purpose of extending the right to reception.",-12.922782897949219,46
65,2478,dub-belg20261_chunk010,flygtningenævnet case evaluations,"Recent case law of the CALL concerning Afghan applicants confirmed this. An appeal to the CALL against an inadmissibility decision should be made within 10 days, or 5 days when the applicant is in detention. The appeal has an automatic suspensive effect, except where: a. The CGRS deems that there is no risk of direct or indirect refoulement; and b.",-13.004369735717773,47
65,2535,dub-belg20262_chunk016,flygtningenævnet case evaluations,"Recent case law of the CALL concerning Afghan applicants confirmed this. An appeal to the CALL against an inadmissibility decision should be made within 10 days, or 5 days when the applicant is in detention. The appeal has an automatic suspensive effect, except where: a. The CGRS deems that there is no risk of direct or indirect refoulement; and b.",-13.004369735717773,48
65,3626,syri20263_chunk049,flygtningenævnet case evaluations,"In cases where a single mother returns, it is commonly expected that her family will host her, which can involve living restrictions, including reduced freedom of movement, imposed by the family. In addition, the security situation in the area may also affect women’s freedom of movement.",-13.035418510437012,49
65,3696,syri20262_chunk054,flygtningenævnet case evaluations,"In cases where a single mother returns, it is commonly expected that her family will host her, which can involve living restrictions, including reduced freedom of movement, imposed by the family. In addition, the security situation in the area may also affect women’s freedom of movement.",-13.035418510437012,50
65,3814,syri20266_chunk055,flygtningenævnet case evaluations,"In cases where a single mother returns, it is commonly expected that her family will host her, which can involve living restrictions, including reduced freedom of movement, imposed by the family. In addition, the security situation in the area may also affect women’s freedom of movement.",-13.035418510437012,51
65,2493,dub-belg20261_chunk025,flygtningenævnet case evaluations,"In certain cases, subsequent applicants obtained reception after challenging such decisions before the courts. This means that the access to the right to reception in these cases often depends on whether the applicant is supported by an experienced lawyer.",-13.051898002624512,52
65,2550,dub-belg20262_chunk031,flygtningenævnet case evaluations,"In certain cases, subsequent applicants obtained reception after challenging such decisions before the courts. This means that the access to the right to reception in these cases often depends on whether the applicant is supported by an experienced lawyer.",-13.051898002624512,53
65,3535,syri20261_chunk021,flygtningenævnet case evaluations,"Government protection for women against violence or harassment is generally insufficient — for example, in cases of abduction in the coastal areas, Suweida, and parts of Homs, and Damascus. Many women do not even report incidents to the police, presumably because they do not trust the authorities.",-13.055200576782227,54
65,3596,syri20263_chunk019,flygtningenævnet case evaluations,"Government protection for women against violence or harassment is generally insufficient — for example, in cases of abduction in the coastal areas, Suweida, and parts of Homs, and Damascus. Many women do not even report incidents to the police, presumably because they do not trust the authorities.",-13.055200576782227,55
65,3666,syri20262_chunk024,flygtningenævnet case evaluations,"Government protection for women against violence or harassment is generally insufficient — for example, in cases of abduction in the coastal areas, Suweida, and parts of Homs, and Damascus. Many women do not even report incidents to the police, presumably because they do not trust the authorities.",-13.055200576782227,56
65,3783,syri20266_chunk024,flygtningenævnet case evaluations,"Government protection for women against violence or harassment is generally insufficient — for example, in cases of abduction in the coastal areas, Suweida, and parts of Homs, and Damascus. Many women do not even report incidents to the police, presumably because they do not trust the authorities.",-13.055200576782227,57
65,3847,syri20267_chunk024,flygtningenævnet case evaluations,"Government protection for women against violence or harassment is generally insufficient — for example, in cases of abduction in the coastal areas, Suweida, and parts of Homs, and Damascus. Many women do not even report incidents to the police, presumably because they do not trust the authorities.",-13.055200576782227,58
65,2495,dub-belg20261_chunk027,flygtningenævnet case evaluations,"In several cases, Fedasil has reviewed its decision after intervention by the Federal Mediator and has granted the applicants reception.” Det hedder videre i samme publikation pkt. A.1.3. (s.",-13.055736541748047,59
65,2552,dub-belg20262_chunk033,flygtningenævnet case evaluations,"In several cases, Fedasil has reviewed its decision after intervention by the Federal Mediator and has granted the applicants reception.” Det hedder videre i samme publikation pkt. A.1.3. (s.",-13.055736541748047,60
65,3560,syri20261_chunk046,flygtningenævnet case evaluations,"This includes reconnecting with relatives to clarify potential inheritance rights while coping with the emotional challenge of deciding whether to declare their husband deceased or continue searching for him. There are also cases of female-headed households returning to Syria while the husband remains abroad, for instance in Lebanon or Türkiye, to secure an income for the family.",-13.133505821228027,61
65,3621,syri20263_chunk044,flygtningenævnet case evaluations,"This includes reconnecting with relatives to clarify potential inheritance rights while coping with the emotional challenge of deciding whether to declare their husband deceased or continue searching for him. There are also cases of female-headed households returning to Syria while the husband remains abroad, for instance in Lebanon or Türkiye, to secure an income for the family.",-13.133505821228027,62
65,3691,syri20262_chunk049,flygtningenævnet case evaluations,"This includes reconnecting with relatives to clarify potential inheritance rights while coping with the emotional challenge of deciding whether to declare their husband deceased or continue searching for him. There are also cases of female-headed households returning to Syria while the husband remains abroad, for instance in Lebanon or Türkiye, to secure an income for the family.",-13.133505821228027,63
65,3808,syri20266_chunk049,flygtningenævnet case evaluations,"This includes reconnecting with relatives to clarify potential inheritance rights while coping with the emotional challenge of deciding whether to declare their husband deceased or continue searching for him. There are also cases of female-headed households returning to Syria while the husband remains abroad, for instance in Lebanon or Türkiye, to secure an income for the family.",-13.17124080657959,64
65,3872,syri20267_chunk049,flygtningenævnet case evaluations,"This includes reconnecting with relatives to clarify potential inheritance rights while coping with the emotional challenge of deciding whether to declare their husband deceased or continue searching for him. There are also cases of female-headed households returning to Syria while the husband remains abroad, for instance in Lebanon or Türkiye, to secure an income for the family.",-13.17124080657959,65
65,3565,syri20261_chunk051,flygtningenævnet case evaluations,"In cases where a single mother returns, it is commonly expected that her family will host her, which can involve living restrictions, including reduced freedom of movement, imposed by the family. In addition, the security situation in the area may also affect women’s freedom of movement.",-13.171372413635254,66
65,3656,syri20262_chunk014,flygtningenævnet case evaluations,"At the same time, isolated cases of women being appointed to prominent positions have been reported, including a feminist Christian woman who was a member of the Syrian National Dialogue Committee, serving as Minister of Labour and Social Affairs, and several women as university deans.",-13.18143367767334,67
65,3773,syri20266_chunk014,flygtningenævnet case evaluations,"At the same time, isolated cases of women being appointed to prominent positions have been reported, including a feminist Christian woman who was a member of the Syrian National Dialogue Committee, serving as Minister of Labour and Social Affairs, and several women as university deans.",-13.18143367767334,68
65,3604,syri20263_chunk027,flygtningenævnet case evaluations,"However, a female activist said she had neither witnessed nor heard of any cases in which Syrian women were assaulted for not wearing the Islamic veil anywhere in the country. She added that when meeting female Alawites at civil society activities, they told her they faced no restrictions on their freedom to dress as they wished.",-13.183952331542969,69
65,3674,syri20262_chunk032,flygtningenævnet case evaluations,"However, a female activist said she had neither witnessed nor heard of any cases in which Syrian women were assaulted for not wearing the Islamic veil anywhere in the country. She added that when meeting female Alawites at civil society activities, they told her they faced no restrictions on their freedom to dress as they wished.",-13.183952331542969,70
65,3791,syri20266_chunk032,flygtningenævnet case evaluations,"However, a female activist said she had neither witnessed nor heard of any cases in which Syrian women were assaulted for not wearing the Islamic veil anywhere in the country. She added that when meeting female Alawites at civil society activities, they told her they faced no restrictions on their freedom to dress as they wished.",-13.183952331542969,71
65,1153,bulg20263_chunk015,flygtningenævnet case evaluations,"In the case of families, when returned, parents whose application was finally rejected are usually detained together with their children. In exceptional cases children may be placed in childcare social institutions while their parents are detained in immigration facilities, however it is applied only when an expulsion order on account of threat to national security is issued to any of the parents.",-13.204351425170898,72
65,2492,dub-belg20261_chunk024,flygtningenævnet case evaluations,"In practice, however, Fedasil almost systematically refuses to assign a reception place to subsequent applicants until their asylum application is declared admissible by the CGRS, mostly through standardised refusal decisions. On multiple occasions, labour tribunals have ordered Fedasil to motivate such decisions individually and consider all case elements.",-13.243329048156738,73
65,2549,dub-belg20262_chunk030,flygtningenævnet case evaluations,"In practice, however, Fedasil almost systematically refuses to assign a reception place to subsequent applicants until their asylum application is declared admissible by the CGRS, mostly through standardised refusal decisions. On multiple occasions, labour tribunals have ordered Fedasil to motivate such decisions individually and consider all case elements.",-13.243329048156738,74
65,709,rusl202634_chunk018,flygtningenævnet case evaluations,"According to Chambers, this type of seemingly random recruitment seemed to be most prevalent during the autumn of 2022. At that time, the authorities coercively recruited most Chechen men they came into contact with without regard for their physical and/or mental condition. Chambers knows of cases where people involved in car accidents we¬re recruited and sent to Ukraine.",-13.243951797485352,75
65,758,rusl202635_chunk019,flygtningenævnet case evaluations,"According to Chambers, this type of seemingly random recruitment seemed to be most prevalent during the autumn of 2022. At that time, the authorities coercively recruited most Chechen men they came into contact with without regard for their physical and/or mental condition. Chambers knows of cases where people involved in car accidents we¬re recruited and sent to Ukraine.",-13.243951797485352,76
65,1203,dub-bulg20262_chunk012,flygtningenævnet case evaluations,"In such cases, as well as in cases when an interpreter from the spoken language is available in another reception centre, the asylum administration organises videoconference interpretation. Communication interruptions and other technical problems are the most common obstacles during interpretation via videoconference.",-13.245567321777344,77
65,704,rusl202634_chunk013,flygtningenævnet case evaluations,"They further elaborated that cases of recruitment of ad due to their activism is not limited to Chechnya and Chechens but has also been documented in the rest of Russia. Family members of vocal critics of the Chechen authorities also risk being recruited. The brother of a well-known Chechen dissident, Khassan Khalitov, had been forceful¬ly sent to the frontline in Ukraine.",-13.250483512878418,78
65,753,rusl202635_chunk014,flygtningenævnet case evaluations,"They further elaborated that cases of recruitment of ad due to their activism is not limited to Chechnya and Chechens but has also been documented in the rest of Russia. Family members of vocal critics of the Chechen authorities also risk being recruited. The brother of a well-known Chechen dissident, Khassan Khalitov, had been forceful¬ly sent to the frontline in Ukraine.",-13.250483512878418,79
65,3543,syri20261_chunk029,flygtningenævnet case evaluations,"However, a female activist said she had neither witnessed nor heard of any cases in which Syrian women were assaulted for not wearing the Islamic veil anywhere in the country. She added that when meeting female Alawites at civil society activities, they told her they faced no restrictions on their freedom to dress as they wished.",-13.251182556152344,80
65,4845,rusl20266_chunk017,flygtningenævnet case evaluations,"They further elaborated that cases of recruitment of ad due to their activism is not limited to Chechnya and Chechens but has also been documented in the rest of Russia. Family members of vocal critics of the Chechen authorities also risk being recruited. The brother of a well-known Chechen dissident, Khassan Khalitov, had been forcefully sent to the frontline in Ukraine.",-13.252099990844727,81
65,3390,dub-fran20262_chunk037,flygtningenævnet case evaluations,"In Lyon, Marseille, Paris and its surroundings, no subsequent claimants can benefit from reception conditions. In a few cases, subsequent claimants can benefit from these conditions after demonstrating their particular vulnerability and their specific needs in terms of accommodation. It is also possible after these 15 days to lodge an appeal before the administrative court.",-13.292043685913086,82
65,3532,syri20261_chunk018,flygtningenævnet case evaluations,"Non-Sunni women appear more vulnerable, especially when their identity is visible through appearance or behaviour. Most cases of discrimination, harassment and abuse of women are reported from minority areas, while such cases are rarely reported from Hama, Aleppo, or Daraa.",-13.331290245056152,83
65,3593,syri20263_chunk016,flygtningenævnet case evaluations,"Non-Sunni women appear more vulnerable, especially when their identity is visible through appearance or behaviour. Most cases of discrimination, harassment and abuse of women are reported from minority areas, while such cases are rarely reported from Hama, Aleppo, or Daraa.",-13.331290245056152,84
65,3663,syri20262_chunk021,flygtningenævnet case evaluations,"Non-Sunni women appear more vulnerable, especially when their identity is visible through appearance or behaviour. Most cases of discrimination, harassment and abuse of women are reported from minority areas, while such cases are rarely reported from Hama, Aleppo, or Daraa.",-13.331290245056152,85
65,1236,rusl202629_chunk018,flygtningenævnet case evaluations,"They further elaborated that cases of recruitment of ad due to their activism is not limited to Chechnya and Chechens but has also been documented in the rest of Russia. Family members of vocal critics of the Chechen authorities also risk being recruited. The brother of a well-known Chechen dissident, Khassan Khalitov, had been forceful­ly sent to the frontline in Ukraine.",-13.372328758239746,86
65,1241,rusl202629_chunk023,flygtningenævnet case evaluations,"According to Chambers, this type of seemingly random recruitment seemed to be most prevalent during the autumn of 2022. At that time, the authorities coercively recruited most Chechen men they came into contact with without regard for their physical and/or mental condition. Chambers knows of cases where people involved in car accidents we­re recruited and sent to Ukraine.",-13.388500213623047,87
65,2490,dub-belg20261_chunk022,flygtningenævnet case evaluations,"Article 4 of the Reception Act is aligned with the recast Reception Conditions Directive and explicitly states that decisions which limit or withdraw the right to reception should be in line with the principle of proportionality, individually motivated and based on the individual situation of the person concerned, especially in the case vulnerable persons.",-13.40591812133789,88
65,2491,dub-belg20261_chunk023,flygtningenævnet case evaluations,"Health care and a dignified standard of living should be always ensured. According to the Constitutional Court, the decision to refuse reception in such cases can only be taken in cases of abuse of the asylum procedure, e.g. when the person applies for asylum for the sole purpose of extending the right to reception.",-13.410666465759277,89
65,1085,dub-bulg20261_chunk017,flygtningenævnet case evaluations,"Such refusal and serving of the refusal’s decision in absentia is legally possible, if an interview has been conducted with the returnee prior their absconding from Bulgaria and if based on the information gathered from the interview the case worker could form an opinion about the credibility of the asylum claim. …
Since 2020, the LAR explicitly provides for the mandatory reopening of an asylum p",-13.443929672241211,90
65,2547,dub-belg20262_chunk028,flygtningenævnet case evaluations,"Article 4 of the Reception Act is aligned with the recast Reception Conditions Directive and explicitly states that decisions which limit or withdraw the right to reception should be in line with the principle of proportionality, individually motivated and based on the individual situation of the person concerned, especially in the case vulnerable persons.",-13.44554615020752,91
65,1150,bulg20263_chunk012,flygtningenævnet case evaluations,"In both cases, no decision on the merits is issued, therefore the procedure can be reopened.
-If, however, the returnee’s asylum application was rejected with a final decision on the merits before, or after, leaving Bulgaria, and the decision was served in absentia and therefore became final, the returnee is transferred to one of the immigration pre-removal facilities, usually to the Busmantsi de",-13.513483047485352,92
65,3735,syri20264_chunk029,flygtningenævnet case evaluations,"The source emphasised, however, that the current broader economic crisis affects Kurds in the same way as all other Syrians. The same source stated that Kurds residing abroad are reportedly able to return without facing administrative or security obstacles, and the source personally knows of several such cases.",-13.544988632202148,93
65,2480,dub-belg20261_chunk012,flygtningenævnet case evaluations,"However, in practice, some asylum applicants or lawyers have experienced difficulties obtaining ‘Pro-Deo’ assignments because they are generally not accommodated in a reception centre, which makes the proof of their lack of income more burdensome … . An applicant does not have a right to remain on the territory even before the CGRS pronounces itself on admissibility in cases where: a.",-13.545488357543945,94
65,2537,dub-belg20262_chunk018,flygtningenævnet case evaluations,"However, in practice, some asylum applicants or lawyers have experienced difficulties obtaining ‘Pro-Deo’ assignments because they are generally not accommodated in a reception centre, which makes the proof of their lack of income more burdensome … . An applicant does not have a right to remain on the territory even before the CGRS pronounces itself on admissibility in cases where: a.",-13.545488357543945,95
65,3878,syri20267_chunk055,flygtningenævnet case evaluations,"In cases where a single mother returns, it is commonly expected that her family will host her, which can involve living re-strictions, including reduced freedom of movement, imposed by the family. In addition, the security situation in the area may also affect women’s freedom of movement.",-13.624680519104004,96
65,3855,syri20267_chunk032,flygtningenævnet case evaluations,"However, a female activist said she had neither witnessed nor heard of any cases in which Syrian women were assaulted for not wearing the Islamic veil any-where in the country. She added that when meeting female Alawites at civil society activities, they told her they faced no restrictions on their freedom to dress as they wished.",-13.67945384979248,97
65,722,rusl202634_chunk031,flygtningenævnet case evaluations,"As noted by Memorial, while Ramzan Kadyrov claims that Chechnya deploys to Ukraine ‘volunteers’ and in numbers that ‘fulfilled the plan,’ Chechen security resort to such methods as pressure, threats, kidnapping, violence, fabrication of criminal cases, blackmailing, and extortion.",-14.122091293334961,98
65,771,rusl202635_chunk032,flygtningenævnet case evaluations,"As noted by Memorial, while Ramzan Kadyrov claims that Chechnya deploys to Ukraine ‘volunteers’ and in numbers that ‘fulfilled the plan,’ Chechen security resort to such methods as pressure, threats, kidnapping, violence, fabrication of criminal cases, blackmailing, and extortion.",-14.122091293334961,99
66,3378,dub-fran20262_chunk025,Udlændingestyrelsen Asylum Claims Review,"The GUDA has been set up in order to better articulate the registration of asylum claims by the Prefecture and provision of reception conditions by OFII.” På side 117 i rapporten fremgår videre om tilbagekaldelse af indkvartering: “Apart from the withdrawal of reception conditions following the end of the right to remain, specific conditions are foreseen in law to allow for the reduction or withdr",-2.753843307495117,0
66,2039,dub-fran20263_chunk026,Udlændingestyrelsen Asylum Claims Review,"The GUDA has been set up in order to better articulate the registration of asylum claims by the Prefecture and provision of reception conditions by OFII.” Frankrig har tiltrådt Den Europæiske Menneskerettighedskonvention, Flygtningekonventionen og EU’s charter om grundlæggende rettigheder, og der er ikke grundlag for at antage, at Frankrig, herunder såvel de franske myndigheder som den franske lov",-3.753850221633911,1
66,2072,fran20264_chunk022,Udlændingestyrelsen Asylum Claims Review,"The GUDA has been set up in order to better articulate the registration of asylum claims by the Prefecture and provision of reception conditions by OFII.” Frankrig har tiltrådt Den Europæiske Menneskerettighedskonvention, Flygtningekonventionen og EU’s charter om grundlæggende rettigheder, og der er ikke grundlag for at antage, at Frankrig, herunder såvel de franske myndigheder som den franske lov",-3.753850221633911,2
66,3391,dub-fran20262_chunk038,Udlændingestyrelsen Asylum Claims Review,The law describes the procedure to be followed by reception centres management and by the Prefect once a decision on the asylum claim which ends the right to remain has been adopted. OFII informs the reception centre management where the asylum seeker is accommodated that the right to reception conditions has ended and that the provision of accommodation will be terminated upon a specific date.,-5.754883289337158,3
66,2543,dub-belg20262_chunk024,Udlændingestyrelsen Asylum Claims Review,"Between the moment of the subsequent application and the admissibility decision by the CGRS, asylum applicants who are refused reception nevertheless have the right to medical assistance from Fedasil and to free legal representation. Once the CGRS has deemed the application admissible, the right to access reception is reactivated.",-5.920801162719727,4
66,2486,dub-belg20261_chunk018,Udlændingestyrelsen Asylum Claims Review,"Between the moment of the subsequent application and the admissibility decision by the CGRS, asylum applicants who are refused reception nevertheless have the right to medical assistance from Fedasil and to free legal representation. Once the CGRS has deemed the application admissible, the right to access reception is reactivated.",-6.106697082519531,5
66,2531,dub-belg20262_chunk012,Udlændingestyrelsen Asylum Claims Review,"102 f) anføres: ”The Immigration Office is also competent for registering subsequent applications i.e. the asylum applicant’s declaration on new elements and the reasons why they could not invoke them earlier, and transmit the claim ‘without delay’ to the CGRS.",-6.422307968139648,6
66,2056,fran20264_chunk006,Udlændingestyrelsen Asylum Claims Review,"If the asylum seeker comes from a safe country of origin, their application is examined under the accelerated procedure. If the asylum application had already received a final negative decision from the CNDA, the asylum seeker may apply to OFPRA for a re-examination only if they possess new evidence (see section on Subsequent Applications).",-6.430685997009277,7
66,5552,dub-nede20261_chunk011,Udlændingestyrelsen Asylum Claims Review,"Det fremgår om indkvarteringsforholdene blandt andet af rapportens side 19f: “Less than half of the people entitled to reception conditions (i.e. asylum seekers) as well as beneficiaries of international protection who have not been offered housing yet,were staying in regular Central Agency for the Reception of Asylum Applicants (COA) reception centres over the course of 2024 (34,675 out of 72,610",-6.484899044036865,8
66,1884,dub-nede20264_chunk012,Udlændingestyrelsen Asylum Claims Review,"Det fremgår om indkvarteringsforholdene blandt andet af rapportens side 19f: “Less than half of the people entitled to reception conditions (i.e. asylum seekers) as well as beneficiaries of international protection who have not been offered housing yet, were staying in regular Central Agency for the Reception of Asylum Applicants (COA) reception centres over the course of 2024 (34,675 out of 72,61",-6.581139087677002,9
66,4186,dub-nede20263_chunk014,Udlændingestyrelsen Asylum Claims Review,"Det fremgår om indkvarteringsforholdene blandt andet af rapportens side 19f: “Less than half of the people entitled to reception conditions (i.e. asylum seekers) as well as beneficiaries of international protection who have not been offered housing yet, were staying in regular Central Agency for the Reception of Asylum Applicants (COA) reception centres over the course of 2024 (34,675 out of 72,61",-6.581139087677002,10
66,5527,dub-nede20262_chunk014,Udlændingestyrelsen Asylum Claims Review,"Det fremgår om indkvarteringsforholdene blandt andet af rapportens side 19f:“Less than half of the people entitled to reception conditions (i.e. asylum seekers) as well as beneficiaries of international protection who have not been offered housing yet,were staying in regular Central Agency for the Reception of Asylum Applicants (COA) reception centres over the course of 2024 (34,675 out of 72,610 ",-6.614480018615723,11
66,2023,dub-fran20263_chunk010,Udlændingestyrelsen Asylum Claims Review,"If the asylum seeker comes from a safe country of origin, their application is examined under the accelerated procedure. If the asylum application had already received a final negative decision from the CNDA, the asylum seeker may apply to OFPRA for a re-examination only if they possess new evidence (see section on Subsequent Applications).",-6.650791645050049,12
66,2475,dub-belg20261_chunk007,Udlændingestyrelsen Asylum Claims Review,"After the application is transmitted, the CGRS first decides on the Admissibility of the claim by determining whether there are new elements which significantly add to the likelihood of the applicant qualifies as a beneficiary of international protection. The claim is deemed admissible because the previous application was terminated based on implicit withdrawal.",-6.833383560180664,13
66,2532,dub-belg20262_chunk013,Udlændingestyrelsen Asylum Claims Review,"After the application is transmitted, the CGRS first decides on the Admissibility of the claim by determining whether there are new elements which significantly add to the likelihood of the applicant qualifies as a beneficiary of international protection. The claim is deemed admissible because the previous application was terminated based on implicit withdrawal.",-6.833383560180664,14
66,3367,dub-fran20262_chunk014,Udlændingestyrelsen Asylum Claims Review,"As it has already been mentioned in the Registration section, access to these platforms is very complicated and some returnees have to wait several weeks before getting an appointment with the organisations running them. On the other hand, some Prefectures do immediately register the asylum claims of returnees and direct them to OFII in order to find them an accommodation place.",-6.900742053985596,15
66,2061,fran20264_chunk011,Udlændingestyrelsen Asylum Claims Review,"As it has already been mentioned in the Registration section, access to these platforms is very complicated and some returnees have to wait several weeks before getting an appointment with the organisations running them. [*]On the other hand, some Prefectures do immediately register the asylum claims of returnees and direct them to OFII in order to find them an accommodation place.",-6.941397190093994,16
66,2028,dub-fran20263_chunk015,Udlændingestyrelsen Asylum Claims Review,"As it has already been mentioned in the Registration section, access to these platforms is very complicated and some returnees have to wait several weeks before getting an appointment with the organisations running them. [*] On the other hand, some Prefectures do immediately register the asylum claims of returnees and direct them to OFII in order to find them an accommodation place.",-7.167088985443115,17
66,3362,dub-fran20262_chunk009,Udlændingestyrelsen Asylum Claims Review,"If the asylum application had already received a final negative decision from the CNDA, the asylum seeker may apply to OFPRA for a re-examination only if they possess new evidence (see section on Subsequent Applications). Support and assistance to Dublin returnees remains complicated.",-7.434110164642334,18
66,2070,fran20264_chunk020,Udlændingestyrelsen Asylum Claims Review,"After having registered their claim at the Prefecture, asylum seekers receive the asylum claim certificate that allows them to remain legally on French territory until: [*] The end of the asylum procedure; [*]A negative first instance decision for inadmissible claims and certain categories of claims rejected in an accelerated procedure – safe country of origin, subsequent application, threat to pu",-7.450160980224609,19
66,3376,dub-fran20262_chunk023,Udlændingestyrelsen Asylum Claims Review,"After having registered their claim at the Prefecture, asylum seekers receive the asylum claim certificate that allows them too remain legally on French territory until: The end of the asylum procedure; A negative first instance decision for inadmissible claims and certain categories of claims rejected in an accelerated procedure – safe country of origin, subsequent application, threat to public o",-7.457606315612793,20
66,2058,fran20264_chunk008,Udlændingestyrelsen Asylum Claims Review,"For many years, without any funding to implement this activity, the centre has welcomed Dublin returnees at their arrival at the airport. The returnees are directed towards the centre by the police or the airport services. Upon their arrival at the airport, the Border Police issues a safe conduct (sauf-conduit) which mentions the Prefecture where the asylum seekers have to submit their claim.",-7.6954803466796875,21
66,3364,dub-fran20262_chunk011,Udlændingestyrelsen Asylum Claims Review,"For many years, without any funding to implement this activity, the centre has welcomed Dublin returnees at their arrival at the airport. The returnees are directed towards the centre by the police or the airport services. Upon their arrival at the airport, the Border Police issues a safe conduct (sauf-conduit) which mentions the Prefecture where the asylum seekers have to submit their claim.",-7.6954803466796875,22
66,2474,dub-belg20261_chunk006,Udlændingestyrelsen Asylum Claims Review,"102 f) i AIDA, Country Report Belgium, juni 2025: ”The Immigration Office is also competent for registering subsequent applications i.e. the asylum applicant’s declaration on new elements and the reasons why they could not invoke them earlier, and transmit the claim ‘without delay’ to the CGRS.",-7.958509922027588,23
66,2025,dub-fran20263_chunk012,Udlændingestyrelsen Asylum Claims Review,"For many years, without any funding to implement this activity, the centre has welcomed Dublin returnees at their arrival at the airport. The returnees are directed towards the centre by the police or the airport services. Upon their arrival at the airport, the Border Police issues a safe conduct (sauf-conduit) which mentions the Prefecture where the asylum seekers have to submit their claim.",-7.96781587600708,24
66,2496,dub-belg20261_chunk028,Udlændingestyrelsen Asylum Claims Review,"128) om Dublin returnees: ”Depending on the situation of their procedure in Belgium at the moment they left Belgium, asylum applicants sent back to Belgium following a Dublin procedure in another country can be considered subsequent applicants …In such a case, they mostly only get shelter after their asylum application is taken into consideration by the CGRS … .",-8.101006507873535,25
66,1087,dub-bulg20261_chunk019,Udlændingestyrelsen Asylum Claims Review,"The SAR’s practice following this particular amendment has been so far in line with the law, and returnees whose asylum procedures had been only terminated (discontinued) after their absconding do not face obstacles in principle to have their determination procedures reopened.",-8.303190231323242,26
66,2037,dub-fran20263_chunk024,Udlændingestyrelsen Asylum Claims Review,"After having registered their claim at the Prefecture, asylum seekers receive the asylum claim certificate that allows them to remain legally on French territory until: [*] The end of the asylum procedure; [*] A negative first instance decision for inadmissible claims and certain categories of claims rejected in an accelerated procedure – safe country of origin, subsequent application, threat to p",-8.327310562133789,27
66,1152,bulg20263_chunk014,Udlændingestyrelsen Asylum Claims Review,"Such refusal and serving of the refusal’s decision in absentia is legally possible, if an interview has been conducted with the returnee prior their absconding from Bulgaria and if based on the information gathered from the interview the case worker could form an opinion about the credibility of the asylum claim.",-8.481234550476074,28
66,2031,dub-fran20263_chunk018,Udlændingestyrelsen Asylum Claims Review,"When the incoming transfer concerns an asylum seeker who has previously abandoned their application and left the country, a new claim is considered as subsequent application. Dublin returnees further face important obstacles in accessing reception centres that is the same difficulties as all asylum seekers in France in securing housing.",-8.506649017333984,29
66,2064,fran20264_chunk014,Udlændingestyrelsen Asylum Claims Review,"When the incoming transfer concerns an asylum seeker who has previously abandoned their application and left the country, a new claim is considered as subsequent application. Dublin returnees further face important obstacles in accessing reception centres that is the same difficulties as all asylum seekers in France in securing housing.",-8.506649017333984,30
66,3370,dub-fran20262_chunk017,Udlændingestyrelsen Asylum Claims Review,"When the incoming transfer concerns an asylum seeker who has previously abandoned their application and left the country, a new claim is considered as subsequent application. Dublin returnees further face important obstacles in accessing reception centres that is the same difficulties as all asylum seekers in France in securing housing.",-8.506649017333984,31
66,1155,bulg20263_chunk017,Udlændingestyrelsen Asylum Claims Review,"The SAR’s practice following this particular amendment has been so far in line with the law, and returnees whose asylum procedures had been only terminated (discontinued) after their absconding do not face obstacles in principle to have their determination procedures reopened.",-8.52377986907959,32
66,2487,dub-belg20261_chunk019,Udlændingestyrelsen Asylum Claims Review,"Asylum applicants must then present themselves to the Dispatching service at Fedasil’s arrival centre to be allocated a reception place. If the asylum applicant has not obtained reception from Fedasil during the first stage of the procedure and the CGRS declares the subsequent asylum application inadmissible, they will not be entitled to reception during the appeal with the CALL.",-8.70119857788086,33
66,2544,dub-belg20262_chunk025,Udlændingestyrelsen Asylum Claims Review,"Asylum applicants must then present themselves to the Dispatching service at Fedasil’s arrival centre to be allocated a reception place. If the asylum applicant has not obtained reception from Fedasil during the first stage of the procedure and the CGRS declares the subsequent asylum application inadmissible, they will not be entitled to reception during the appeal with the CALL.",-8.70119857788086,34
66,2482,dub-belg20261_chunk014,Udlændingestyrelsen Asylum Claims Review,"In principle, all applicants for international protection, including subsequent applicants, have the right to access reception conditions during the examination of their case. However, the Reception Act allows the possibility to refuse reception to subsequent applicants until their asylum application is deemed admissible by the CGRS.",-8.878257751464844,35
66,2539,dub-belg20262_chunk020,Udlændingestyrelsen Asylum Claims Review,"In principle, all applicants for international protection, including subsequent applicants, have the right to access reception conditions during the examination of their case. However, the Reception Act allows the possibility to refuse reception to subsequent applicants until their asylum application is deemed admissible by the CGRS.",-8.878257751464844,36
66,2480,dub-belg20261_chunk012,Udlændingestyrelsen Asylum Claims Review,"However, in practice, some asylum applicants or lawyers have experienced difficulties obtaining ‘Pro-Deo’ assignments because they are generally not accommodated in a reception centre, which makes the proof of their lack of income more burdensome … . An applicant does not have a right to remain on the territory even before the CGRS pronounces itself on admissibility in cases where: a.",-8.90230655670166,37
66,2537,dub-belg20262_chunk018,Udlændingestyrelsen Asylum Claims Review,"However, in practice, some asylum applicants or lawyers have experienced difficulties obtaining ‘Pro-Deo’ assignments because they are generally not accommodated in a reception centre, which makes the proof of their lack of income more burdensome … . An applicant does not have a right to remain on the territory even before the CGRS pronounces itself on admissibility in cases where: a.",-8.90230655670166,38
66,2553,dub-belg20262_chunk034,Udlændingestyrelsen Asylum Claims Review,"128) om Dublin returnees: ”Depending on the situation of their procedure in Belgium at the moment they left Belgium, asylum applicants sent back to Belgium following a Dublin procedure in another country can be considered subsequent applicants …In such a case, they mostly only get shelter after their asylum application is taken into consideration by the CGRS … .",-9.069669723510742,39
66,1400,dub-nede20265_chunk013,Udlændingestyrelsen Asylum Claims Review,All other residents stayed in regular asylum centres and/or temporary reception locations managed by municipalities.,-9.085171699523926,40
66,2066,fran20264_chunk016,Udlændingestyrelsen Asylum Claims Review,"This scheme ensures the distribution of accommodation places for asylum seekers throughout the national territory, and their allocation thereto. In parallel and in compliance with the national reception scheme, regional schemes are defined and implemented by Prefects in each region. All asylum seekers are offered material reception conditions under Article L. 551-9 Ceseda.",-9.09207534790039,41
66,3372,dub-fran20262_chunk019,Udlændingestyrelsen Asylum Claims Review,"This scheme ensures the distribution of accommodation places for asylum seekers throughout the national territory, and their allocation thereto. In parallel and in compliance with the national reception scheme, regional schemes are defined and implemented by Prefects in each region. All asylum seekers are offered material reception conditions under Article L. 551-9 Ceseda.",-9.09207534790039,42
66,5532,dub-nede20262_chunk019,Udlændingestyrelsen Asylum Claims Review,"Large differences between (crisis) shelters reveal that whether asylum seekers are able to experience decent reception in the Netherlands is subject to arbitrariness.” Det fremgår endvidere blandt andet af side 145:“Twice a year the COA predicts the capacity it will need in the upcoming period. In October 2024 COA was expecting, for July 2025, to need to house 115,000 asylum applicants.",-9.196027755737305,43
66,1889,dub-nede20264_chunk017,Udlændingestyrelsen Asylum Claims Review,"Large differences between (crisis) shelters reveal that whether asylum seekers are able to experience decent reception in the Netherlands is subject to arbitrariness.” Det fremgår endvidere blandt andet af side 145: “Twice a year the COA predicts the capacity it will need in the upcoming period. In October 2024 COA was expecting, for July 2025, to need to house 115,000 asylum applicants.",-9.26136302947998,44
66,4191,dub-nede20263_chunk019,Udlændingestyrelsen Asylum Claims Review,"Large differences between (crisis) shelters reveal that whether asylum seekers are able to experience decent reception in the Netherlands is subject to arbitrariness.” Det fremgår endvidere blandt andet af side 145: “Twice a year the COA predicts the capacity it will need in the upcoming period. In October 2024 COA was expecting, for July 2025, to need to house 115,000 asylum applicants.",-9.26136302947998,45
66,5557,dub-nede20261_chunk016,Udlændingestyrelsen Asylum Claims Review,"Large differences between (crisis) shelters reveal that whether asylum seekers are able to experience decent reception in the Netherlands is subject to arbitrariness.” Det fremgår endvidere blandt andet af side 145: “Twice a year the COA predicts the capacity it will need in the upcoming period. In October 2024 COA was expecting, for July 2025, to need to house 115,000 asylum applicants.",-9.26136302947998,46
66,2485,dub-belg20261_chunk017,Udlændingestyrelsen Asylum Claims Review,"A total of 6,469 applicants lodged subsequent applications in 2024: …” Herudover anføres det i pkt. A.1.2. (s. 125 f) om Right to Reception: Subsequent Applications: “The Reception Act provides the possibility for Fedasil to refuse reception to asylum applicants who lodge a second or further subsequent asylum application, until their asylum application is deemed admissible by the CGRS.",-9.342738151550293,47
66,2542,dub-belg20262_chunk023,Udlændingestyrelsen Asylum Claims Review,"A total of 6,469 applicants lodged subsequent applications in 2024: …” Herudover anføres det i pkt. A.1.2. (s. 125 f) om Right to Reception: Subsequent Applications: “The Reception Act provides the possibility for Fedasil to refuse reception to asylum applicants who lodge a second or further subsequent asylum application, until their asylum application is deemed admissible by the CGRS.",-9.342738151550293,48
66,2033,dub-fran20263_chunk020,Udlændingestyrelsen Asylum Claims Review,"This scheme ensures the distribution of accommodation places for asylum seekers throughout the national territory, and their allocation thereto. In parallel and in compliance with the national reception scheme, regional schemes are defined and implemented by Prefects in each region. All asylum seekers are offered material reception conditions under Article L. 551-9 Ceseda.",-9.350749969482422,49
66,1085,dub-bulg20261_chunk017,Udlændingestyrelsen Asylum Claims Review,"Such refusal and serving of the refusal’s decision in absentia is legally possible, if an interview has been conducted with the returnee prior their absconding from Bulgaria and if based on the information gathered from the interview the case worker could form an opinion about the credibility of the asylum claim. …
Since 2020, the LAR explicitly provides for the mandatory reopening of an asylum p",-9.360916137695312,50
66,1149,bulg20263_chunk011,Udlændingestyrelsen Asylum Claims Review,"In the past, the SAR usually suspended asylum procedures when asylum seekers had left Bulgaria before their procedures were completed. After the amendments of the law in 2020, the SAR obtained the right to directly terminate (discontinue) the asylum procedure in such cases without passing through a stage of suspension.",-9.469133377075195,51
66,2029,dub-fran20263_chunk016,Udlændingestyrelsen Asylum Claims Review,"The PAUH is the only entity receiving and supporting Dublin returnees upon their arrival in France by Charles de Gaulle airport. Considering the systemic difficulties encountered by the orientation platforms in Paris and its surroundings, several Dublin returnees, after registering their claim, are eager to turn to it in order to complete their asylum claim form or to find an accommodation.",-9.527870178222656,52
66,2062,fran20264_chunk012,Udlændingestyrelsen Asylum Claims Review,"The PAUH is the only entity receiving and supporting Dublin returnees upon their arrival in France by Charles de Gaulle airport. Considering the systemic difficulties encountered by the orientation platforms in Paris and its surroundings, several Dublin returnees, after registering their claim, are eager to turn to it in order to complete their asylum claim form or to find an accommodation.",-9.527870178222656,53
66,2034,dub-fran20263_chunk021,Udlændingestyrelsen Asylum Claims Review,This provision applies to all asylum seekers even if their claim is channelled under the accelerated or Dublin procedure. The only nuance is that asylum seekers under the Dublin procedure do not have access to reception centres for asylum seekers (CADA) but have access to the other forms of accommodation and accommodation support.,-9.612628936767578,54
66,2479,dub-belg20261_chunk011,Udlændingestyrelsen Asylum Claims Review,The application is either (i) a second application within one year from the final decision on the previous application and made from detention or (ii) a third or further application. Legal assistance is arranged in exactly the same way as concerning first asylum applications.,-9.686887741088867,55
66,2536,dub-belg20262_chunk017,Udlændingestyrelsen Asylum Claims Review,The application is either (i) a second application within one year from the final decision on the previous application and made from detention or (ii) a third or further application. Legal assistance is arranged in exactly the same way as concerning first asylum applications.,-9.686887741088867,56
66,3368,dub-fran20262_chunk015,Udlændingestyrelsen Asylum Claims Review,"The PAUH is the only entity receiving and supporting Dublin returnees upon their arrival in France by Charles de Gaulle airport. Considering the systemic difficulties encountered by the orientation platforms in Paris and its surroundings, several Dublin returnees, after registering their claim, are eager to turn to it in order to complete their asylum claim form or to find an accommodation.",-9.737870216369629,57
66,3392,dub-fran20262_chunk039,Udlændingestyrelsen Asylum Claims Review,Rejected asylum seekers can formulate a request to remain 1 month in order to have time to plan their exit of the centre. The number of asylum seekers without material reception conditions is an increasingly important and worrying issue.,-9.799299240112305,58
66,1168,bulg20263_chunk030,Udlændingestyrelsen Asylum Claims Review,"Monitoring in 2025
In 2025, both vulnerability assessments and identification - as well as all follow-ups on identified cases -, remained substandard, to the point this continued to represent the most significant violation of existing obligation in the context of the asylum procedure in the course of already several years.",-9.950455665588379,59
66,2036,dub-fran20263_chunk023,Udlændingestyrelsen Asylum Claims Review,"In practice, OFII deny asylum seekers the benefit of reception conditions whenever it has the possibility to do so.",-10.001123428344727,60
66,2069,fran20264_chunk019,Udlændingestyrelsen Asylum Claims Review,"In practice, OFII deny asylum seekers the benefit of reception conditions whenever it has the possibility to do so.",-10.001123428344727,61
66,3375,dub-fran20262_chunk022,Udlændingestyrelsen Asylum Claims Review,"In practice, OFII deny asylum seekers the benefit of reception conditions whenever it has the possibility to do so.",-10.001123428344727,62
66,1150,bulg20263_chunk012,Udlændingestyrelsen Asylum Claims Review,"In both cases, no decision on the merits is issued, therefore the procedure can be reopened.
-If, however, the returnee’s asylum application was rejected with a final decision on the merits before, or after, leaving Bulgaria, and the decision was served in absentia and therefore became final, the returnee is transferred to one of the immigration pre-removal facilities, usually to the Busmantsi de",-10.017706871032715,63
66,1084,dub-bulg20261_chunk016,Udlændingestyrelsen Asylum Claims Review,"- If, however, the returnee’s asylum application was rejected with a final decision on the merits before, or after, leaving Bulgaria, and the decision was served in absentia and therefore became final, the returnee is transferred to one of the immigration pre-removal facilities, usually to the Busmantsi detention centre in Sofia, but also to the Lyubimets detention centre near the Turkish border.",-10.108245849609375,64
66,3361,dub-fran20262_chunk008,Udlændingestyrelsen Asylum Claims Review,"Om forholdene for Dublin returnees fremgår på side 75 bl.a.: “Applications of persons returned to France under the Dublin III Regulation are treated in the same way as any other asylum applications. If the asylum seeker comes from a safe country of origin, their application is examined under the accelerated procedure.",-10.185568809509277,65
66,1081,dub-bulg20261_chunk013,Udlændingestyrelsen Asylum Claims Review,"Forholdene for Dublin-returnees i Bulgarien er nærmere beskrevet i AIDA´s seneste rapport, ”Country Report Bulgaria, Update on 2025” fra maj 2026, under ”Asylum Procedure”, pkt. C.",-10.21262264251709,66
66,2067,fran20264_chunk017,Udlændingestyrelsen Asylum Claims Review,This provision applies to all asylum seekers even if their claim is channelled under the accelerated or Dublin procedure. The only nuance is that asylum seekers under the Dublin procedure do not have access to reception centres for asylum seekers (CADA) but have access to the other forms of accommodation and accommodation support.,-10.230306625366211,67
66,3373,dub-fran20262_chunk020,Udlændingestyrelsen Asylum Claims Review,This provision applies to all asylum seekers even if their claim is channelled under the accelerated or Dublin procedure. The only nuance is that asylum seekers under the Dublin procedure do not have access to reception centres for asylum seekers (CADA) but have access to the other forms of accommodation and accommodation support.,-10.230306625366211,68
66,1089,dub-bulg20261_chunk021,Udlændingestyrelsen Asylum Claims Review,"If there is no available place food and accommodation in reception centres of the asylum agency SAR, Dublin returnees will have to secure accommodation and nutrition at their own expenses.",-10.269209861755371,69
66,3389,dub-fran20262_chunk036,Udlændingestyrelsen Asylum Claims Review,"Many cases have since been submitted to the courts, making it possible to reinstate MRCs in the many situations where OFII had withdrawn them without properly taking individual situations into account. In cases of subsequent applications, some Prefectures systematically reduce reception conditions of asylum seekers.",-10.307945251464844,70
66,3366,dub-fran20262_chunk013,Udlændingestyrelsen Asylum Claims Review,"When the relevant Prefectures are in the Paris surroundings, two situations may occur: On the one hand, some Prefectures do not register the asylum claims of Dublin returnees and redirect them to the SPADA.",-10.366945266723633,71
66,2488,dub-belg20261_chunk020,Udlændingestyrelsen Asylum Claims Review,"If, after a final negative decision in the asylum procedure, a request for a prolongation of reception … was pending or granted and the person lodges a second or further subsequent asylum application, the Dispatching service of Fedasil will take a new decision regarding access to reception conditions in the new procedure.",-10.377041816711426,72
66,2545,dub-belg20262_chunk026,Udlændingestyrelsen Asylum Claims Review,"If, after a final negative decision in the asylum procedure, a request for a prolongation of reception … was pending or granted and the person lodges a second or further subsequent asylum application, the Dispatching service of Fedasil will take a new decision regarding access to reception conditions in the new procedure.",-10.377041816711426,73
66,3394,dub-fran20262_chunk041,Udlændingestyrelsen Asylum Claims Review,The assessment to deny or withdraw reception conditions does not take into account the risk of destitution. Asylum seekers should pay a part of accommodation cost when they have sufficient resources (very rare in practice).,-10.45604133605957,74
66,3393,dub-fran20262_chunk040,Udlændingestyrelsen Asylum Claims Review,"If we compare the number of asylum applications pending at the end of 2024 according to Eurostat (147,950) and the number of asylum seekers benefitting from reception conditions at this date (90,329 persons in total at the end of December 2024 according to OFII), this means more than 50,000 asylum seekers do not have reception conditions in France.",-10.475980758666992,75
66,1171,bulg20263_chunk033,Udlændingestyrelsen Asylum Claims Review,"vities.

In 2025, the monitoring of these processes established that in 88% of the cases, an initial assessment form was present in the file of asylum seekers who were falling within the vulnerability definition under national law.",-10.488006591796875,76
66,2060,fran20264_chunk010,Udlændingestyrelsen Asylum Claims Review,"When the relevant Prefectures are in the Paris surroundings, two situations may occur: [*]On the one hand, some Prefectures do not register the asylum claims of Dublin returnees and redirect them to the SPADA.",-10.529685020446777,77
66,1096,dub-bulg20261_chunk028,Udlændingestyrelsen Asylum Claims Review,"This means that even, if the returnees do have financial means, their access to the labour market and most of the basic public services (health care, social support, bank services, etc.) is nearly impossible.“
I samme publikation hedder det under ”Detention of Asylum Seekers”, pkt. C.",-10.542890548706055,78
66,2027,dub-fran20263_chunk014,Udlændingestyrelsen Asylum Claims Review,"When the relevant Prefectures are in the Paris surroundings, two situations may occur: [*] On the one hand, some Prefectures do not register the asylum claims of Dublin returnees and redirect them to the SPADA.",-10.549083709716797,79
66,3384,dub-fran20262_chunk031,Udlændingestyrelsen Asylum Claims Review,"The 2024 legislative reform established an unprecedented link between reception and the asylum procedure: a person who leaves their accommodation without legitimate reason, in addition to losing their reception conditions as foreseen before, will see their asylum application “closed” (clôturée) by OFPRA.",-10.56016731262207,80
66,1093,dub-bulg20261_chunk025,Udlændingestyrelsen Asylum Claims Review,"If, however, the Dublin returnee is among those, whose asylum procedures ended prior their return to Bulgaria with a refusal in absentia on the merits (substance), they are treated as irregular migrants with no access to the labour market, health care system or any other services that require legal residence and an identity document.",-10.561903953552246,81
66,1154,bulg20263_chunk016,Udlændingestyrelsen Asylum Claims Review,"Since 2020, the LAR explicitly provides for the mandatory reopening of an asylum procedure with respect to an applicant who is returned to Bulgaria under the Dublin Regulation, provided that s/he has not been issued a decision on merits while in absentia.",-10.839385986328125,82
66,1148,bulg20263_chunk010,Udlændingestyrelsen Asylum Claims Review,"This decision depends on the phase of the Bulgarian asylum procedure of the Dublin returnee as outlined below:  
-If the returnee has a pending asylum application in Bulgaria, or the procedure was terminated because of the returnee’s absconding, he or she is transferred to a SAR reception centre.",-10.869760513305664,83
66,2491,dub-belg20261_chunk023,Udlændingestyrelsen Asylum Claims Review,"Health care and a dignified standard of living should be always ensured. According to the Constitutional Court, the decision to refuse reception in such cases can only be taken in cases of abuse of the asylum procedure, e.g. when the person applies for asylum for the sole purpose of extending the right to reception.",-10.999980926513672,84
66,1082,dub-bulg20261_chunk014,Udlændingestyrelsen Asylum Claims Review,"2.7, side 56 ff., om ”The situation of Dublin returnees”, hvoraf fremgår blandt andet:
“Asylum seekers who are returned from other Member States in principle do not face any obstacles in accessing the territory of Bulgaria upon return.",-11.019209861755371,85
66,2548,dub-belg20262_chunk029,Udlændingestyrelsen Asylum Claims Review,"Health care and a dignified standard of living should be always ensured. According to the Constitutional Court, the decision to refuse reception in such cases can only be taken in cases of abuse of the asylum procedure, e.g. when the person applies for asylum for the sole purpose of extending the right to reception.",-11.033553123474121,86
66,2489,dub-belg20261_chunk021,Udlændingestyrelsen Asylum Claims Review,"If it decides to refuse reception, the previously pending or granted prolongation is withdrawn. The right to reception is thus linked to the most recent asylum procedure.",-11.0426664352417,87
66,2546,dub-belg20262_chunk027,Udlændingestyrelsen Asylum Claims Review,"If it decides to refuse reception, the previously pending or granted prolongation is withdrawn. The right to reception is thus linked to the most recent asylum procedure.",-11.0426664352417,88
66,1203,dub-bulg20262_chunk012,Udlændingestyrelsen Asylum Claims Review,"In such cases, as well as in cases when an interpreter from the spoken language is available in another reception centre, the asylum administration organises videoconference interpretation. Communication interruptions and other technical problems are the most common obstacles during interpretation via videoconference.",-11.11113166809082,89
66,3374,dub-fran20262_chunk021,Udlændingestyrelsen Asylum Claims Review,"Reception conditions can be denied in the following cases: Whey they refuse to go to their attributed region; When they refuse their accommodation option, either at the GUDA or by not showing up within 5 days; Subsequent applications; Claim registered 90 days after entering France without a valid reason.",-11.399266242980957,90
66,2035,dub-fran20263_chunk022,Udlændingestyrelsen Asylum Claims Review,"Reception conditions can be denied in the following cases: [*] Whey they refuse to go to their attributed region; [*] When they refuse their accommodation option, either at the GUDA or by not showing up within 5 days; [*] Subsequent applications; [*] Claim registered 90 days after entering France without a valid reason.",-11.644338607788086,91
66,2068,fran20264_chunk018,Udlændingestyrelsen Asylum Claims Review,"Reception conditions can be denied in the following cases: [*] Whey they refuse to go to their attributed region; [*] When they refuse their accommodation option, either at the GUDA or by not showing up within 5 days; [*] Subsequent applications; [*] Claim registered 90 days after entering France without a valid reason.",-11.644338607788086,92
66,1083,dub-bulg20261_chunk015,Udlændingestyrelsen Asylum Claims Review,"Prior to the arrival of Dublin returnees, the SAR informs the Border Police of the expected arrival and indicates whether the returnee should be transferred to a reception centre or to immigration pre-removal detention facility. This decision depends on the phase of the Bulgarian asylum procedure of the Dublin returnee as outlined below:",-11.6989107131958,93
66,722,rusl202634_chunk031,Udlændingestyrelsen Asylum Claims Review,"As noted by Memorial, while Ramzan Kadyrov claims that Chechnya deploys to Ukraine ‘volunteers’ and in numbers that ‘fulfilled the plan,’ Chechen security resort to such methods as pressure, threats, kidnapping, violence, fabrication of criminal cases, blackmailing, and extortion.",-12.503447532653809,94
66,771,rusl202635_chunk032,Udlændingestyrelsen Asylum Claims Review,"As noted by Memorial, while Ramzan Kadyrov claims that Chechnya deploys to Ukraine ‘volunteers’ and in numbers that ‘fulfilled the plan,’ Chechen security resort to such methods as pressure, threats, kidnapping, violence, fabrication of criminal cases, blackmailing, and extortion.",-12.503447532653809,95
66,3369,dub-fran20262_chunk016,Udlændingestyrelsen Asylum Claims Review,"In Lyon, the situation is similar upon arrival of returnees at Saint-Exupéry airport. The returnees are not received at their arrival and not supported. They are supposed to present themselves at the SPADA run by Forum réfugiés to be registered before submitting their claim. They encounter the same difficulties in terms of accommodation to the conditions in Paris.",-12.861971855163574,96
66,1170,bulg20263_chunk032,Udlændingestyrelsen Asylum Claims Review,"Moreover, SAR affirms that the social experts who carry out the vulnerability assessment do file their assessments and support plans in the case management registry for the case worker to be able to review and collect them into the respective individual file, while copies of these documents remain with the social experts for subsequent work with the vulnerable person, according to the planned acti",-12.918665885925293,97
66,2030,dub-fran20263_chunk017,Udlændingestyrelsen Asylum Claims Review,"In Lyon, the situation is similar upon arrival of returnees at Saint-Exupéry airport. The returnees are not received at their arrival and not supported. They are supposed to present themselves at the SPADA run by Forum réfugiés to be registered before submitting their claim. They encounter the same difficulties in terms of accommodation to the conditions in Paris.",-13.19193172454834,98
66,2063,fran20264_chunk013,Udlændingestyrelsen Asylum Claims Review,"In Lyon, the situation is similar upon arrival of returnees at Saint-Exupéry airport. The returnees are not received at their arrival and not supported. They are supposed to present themselves at the SPADA run by Forum réfugiés to be registered before submitting their claim. They encounter the same difficulties in terms of accommodation to the conditions in Paris.",-13.19193172454834,99
68,471,afgh202617_chunk019,Asylansøgerens forklaring og vurdering,"Flygtningenævnet finder efter en samlet vurdering af sagens oplysninger og ansøgerens forklaring om hans integration i det danske samfund, at ansøgeren i asylretlig forstand må anses for vestliggjort i en sådan grad, at han ikke vil kunne etablere sig i Afghanistan uden at påkalde sig Talibans opmærksomhed.",-0.0018120075110346079,0
68,432,ugan202617_chunk007,Asylansøgerens forklaring og vurdering,"Nævnet kan heller ikke afvise ansøgerens forklaring om, at han har forsøgt at stille op som [kandidat til et lokalt politisk hverv] i [by B]. Efter en samlet vurdering finder Flygtningenævnet, at ansøgeren ikke har sandsynliggjort, at han på grund af sine politiske aktiviteter har en asylbegrundende konflikt med myndighederne i Uganda.",-0.001994169782847166,1
68,227,soma202612_chunk006,Asylansøgerens forklaring og vurdering,"Nævnet finder det endvidere påfaldende, at ansøgeren har afgivet forskellige forklaringer om varigheden og karakteren af forholdet under henholdsvis oplysnings- og motivsamtalen (to et halvt år) og asylsamtalen (halvandet år). Ansøgerens forklaring under nævnsmødet om, at han nu er kærester med en mand, som han har mødt på [et asylcenter], kan ikke føre til en anden vurdering.",-0.002093149581924081,2
68,4313,jord20261_chunk004,Asylansøgerens forklaring og vurdering,"Flygtningenævnet finder, at ansøgerens forklaring om sine asylmotiver på centrale punkter af betydning for vurderingen af [ansøgerens] aktuelle situation fremstår usammenhængende og ikke-overbevisende.",-0.0021556015126407146,3
68,16,afgh202618_chunk016,Asylansøgerens forklaring og vurdering,"Mødet i Flygtningenævnet er afviklet på dansk uden brug af tolk. Flygtningenævnet finder efter en samlet vurdering af sagens oplysninger og ansøgerens forklaring om hans integration i det danske samfund, at ansøgeren i asylretlig forstand må anses for vestliggjort i en sådan grad, at han ikke vil kunne etablere sig i Afghanistan uden at påkalde sig Talibans opmærksomhed.",-0.002602882217615843,4
68,4909,ugan20264_chunk005,Asylansøgerens forklaring og vurdering,"For så vidt angår førstnævnte asylmotiv bemærker Flygtningenævnet, at nævnet på baggrund af en samlet vurdering af ansøgerens forklaringer og sagens skriftlige materiale kan lægge til grund, at ansøgeren i et begrænset omfang har været politisk aktiv for [politisk parti] eller på anden måde har tilkendegivet sin modstand mod styret i Uganda.",-0.002950840163975954,5
68,4318,jord20261_chunk009,Asylansøgerens forklaring og vurdering,"Det er indgået i vurderingen til skade for ansøgeren, at [ansøgeren] efter det oplyste indrejste i Danmark i 2010, men først søgte asyl i 2022, da [ansøgeren] blev anholdt af politiet og administrativt udvist af Danmark. Ansøgerens forklaring om baggrunden for det sene tidspunkt for ansøgningen om asyl fremtræder bortforklarende.",-0.003039504401385784,6
68,4307,indi20262_chunk012,Asylansøgerens forklaring og vurdering,"Flygtningenævnet finder, at ansøgerens forklaring herefter og efter en samlet vurdering i det hele fremstår som konstrueret til lejligheden. Flygtningenævnet finder på den anførte baggrund, at ansøgeren ikke har sandsynliggjort, at han ved en tilbagevenden til Indien vil være i risiko for forfølgelse eller overgreb omfattet af udlændingelovens § 7.",-0.0032839439809322357,7
68,4319,jord20261_chunk010,Asylansøgerens forklaring og vurdering,"Flygtningenævnet afviser herefter og efter en samlet vurdering ansøgerens forklaring om sine asylmotiver. Flygtningenævnet finder på den anførte baggrund, at ansøgeren ikke har sandsynliggjort, at [ansøgeren] ved en tilbagevenden til Jordan vil være i risiko for forfølgelse eller overgreb omfattet af udlændingelovens § 7.",-0.0033034298103302717,8
68,442,ugan202617_chunk017,Asylansøgerens forklaring og vurdering,"Der er efter Flygtningenævnets vurdering tale om betydelige divergenser vedrørende helt afgørende og centrale forhold for ansøgerens asylmotiv. Flygtningenævnet har også lagt vægt på, at ansøgeren først udrejste af Uganda [i foråret] 2024 – det vil sige knap 1 år efter det tidspunkt, hvor han ifølge sin forklaring skulle være blevet frihedsberøvet af 4 personer.",-0.0033532127272337675,9
68,5465,ghan20261_chunk004,Asylansøgerens forklaring og vurdering,"Nævnet har ved denne vurdering lagt vægt på de samme forhold, som er fremhævet af Udlændingestyrelsen, herunder at ansøgeren til asylsamtalen [i sommeren 2014] alene henviste til en konflikt med en person ved navn [A], og at ansøgerens forklaring om en konflikt med sin farbror efter sit indhold fremstår usammenhængende og utroværdig.",-0.003720268839970231,10
68,4833,rusl20266_chunk005,Asylansøgerens forklaring og vurdering,"Det bemærkes i den anledning, at Flygtningenævnet tiltræder, at ansøgeren efter en konkret vurdering baseret på hans alder og udvikling har haft en sådan modenhed, at det har været ubetænkeligt at lade ham gennemgå en asylretlig procedure og vurdering. Flygtningenævnet kan til dels lægge ansøgerens forklaring til Udlændingestyrelsen til grund.",-0.003939250484108925,11
68,49,syri202620_chunk010,Asylansøgerens forklaring og vurdering,"Flygtningenævnet har ved denne vurdering også ladet det indgå, at ansøgeren kan være traumatiseret af de overgreb, som hun har været udsat for, ligesom det er tillagt betydning, at behandlingen af ansøgerens asylsag har strakt sig over næsten tre år. Det må efter ansøgerens forklaring også lægges til grund, at hendes familie må betragtes som konservative og traditionelle.",-0.004115208517760038,12
68,4744,rusl20265_chunk008,Asylansøgerens forklaring og vurdering,Flygtningenævnet kan efter en samlet vurdering af oplysningerne i sagen ikke lægge ansøgernes forklaring om deres asylmotiver til grund.,-0.004170292988419533,13
68,5328,erit20262_chunk016,Asylansøgerens forklaring og vurdering,"Det er på baggrund af ansøgerens skiftende forklaringer Flygtningenævnets vurdering, at ansøgerens generelle troværdighed i betydelig grad er svækket. Det er Flygtningenævnets samlede vurdering, at ansøgerens forklaringer om sin illegale udrejse i sin helhed fremstår divergerende og udbyggende i en sådan grad, at nævnet ikke kan lægge nogen dele af ansøgerens forklaringer om sin udrejse til grund.",-0.004376120399683714,14
68,5229,ugan202614_chunk011,Asylansøgerens forklaring og vurdering,"Uanset, at ansøgeren på nogle punkter har forklaret uoverensstemmende og upræcist om omstændighederne i forbindelse med, hvordan han blev gjort bekendt med [A’s] sygdom og tilbageholdelsen i Uganda, finder Flygtningenævnet efter en samlet vurdering af ansøgerens forklaring og af sagens øvrige oplysninger, at ansøgerens forklaring om sin seksuelle orientering som homoseksuel kan lægges til grund.",-0.00468869786709547,15
68,5203,ugan202615_chunk015,Asylansøgerens forklaring og vurdering,"Flygtningenævnet afviser, at disse forhold er indgået med henblik på at skjule ansøgerens seksualitet. Ansøgerens forklaring på nævnsmødet, erklæringen fra LGBT Asylum af [foråret] 2026 og de af ansøgeren fremlagte dokumenter kan på ovennævnte baggrund og idet ansøgerens generelle troværdighed må anses som svækket, ikke føre til en anden vurdering.",-0.004690596368163824,16
68,3076,jord20262_chunk013,Asylansøgerens forklaring og vurdering,"Hertil kommer, at ansøgeren efter sin forklaring senere har frafaldet denne konvertering, og nu igen betragter sig som muslim. Endelig er det Flygtningenævnets vurdering, at de generelle forhold i Jordan ikke i sig selv kan begrunde asyl. Der kan således ikke meddeles ansøgeren asyl i Danmark efter udlændingelovens § 7.",-0.005140540190041065,17
68,4767,paki20261_chunk006,Asylansøgerens forklaring og vurdering,"Ansøgeren har for Flygtningenævnet afgivet forklaring om sine asylmotiver. Forklaringen stemmer i det store og hele overens med de forklaringer, hun tidligere har afgivet. Efter Udlændingestyrelsens afgørelse af [efteråret] 2025 er der tilgået sagen yderligere skriftlige oplysninger i form af akterne fra ansøgerens ansøgning om visum.",-0.005281305871903896,18
68,226,soma202612_chunk005,Asylansøgerens forklaring og vurdering,"Nævnet har ved vurderingen af sagen navnlig lagt vægt på, at ansøgerens forklaring om forholdet til kæresten [A] fremstår overordnet og udetaljeret, hvilket ikke harmonerer med, at der skulle være tale om forhold af længere varighed.",-0.005300871562212706,19
68,2336,land20264_chunk016,Asylansøgerens forklaring og vurdering,"Af de grunde, som Udlændingestyrelsen har anført, lægger også Flygtningenævnet til grund, at sønnen er ugandisk statsborger, og at der derfor skal foretages en asylretlig vurdering i forhold til Uganda.Flygtningenævnet kan ikke lægge forældrenes forklaring om, at sønnen i Uganda vil bli­ve udsat for [beskrivelse af ritual] af farens klan, til grund.",-0.005468884017318487,20
68,3163,irak20263_chunk006,Asylansøgerens forklaring og vurdering,"Flygtningenævnet lægger herved vægt på, at ansøgeren må anses for at have forklaret i tilstrækkelig grad konsistent og overbevisende om konflikten. Flygtningenævnet vurderer, at ansøgerens forklaring for nævnet har fremstået med en rimelig detaljeringsgrad, og ansøgeren har afgivet en plausibel forklaring på, hvad der i samtalereferaterne kan fremstå som divergenser i hendes forklaringer.",-0.005564912222325802,21
68,5148,ugan20263_chunk003,Asylansøgerens forklaring og vurdering,"Nævnet lægger således til grund, at ansøgeren er homoseksuel, og at han siden 2022 har været i et homoseksuelt forhold til sin herboende kæreste, som han har boet sammen med siden sin indrejse. Nævnet lægger ved vurderingen af ansøgerens forklaring videre vægt på, at ansøgeren under asylsagen vedholdende og konsistent har forklaret om sin homoseksualitet som asylmotiv.",-0.005567757412791252,22
68,5728,ugan20262_chunk004,Asylansøgerens forklaring og vurdering,"Ansøgerens har på nævnsmødet forklaret detaljeret, vedholdende, overbevisende og velreflekteret omkring sin seksuelle orientering. Flygtningenævnet finder efter en samlet vurdering heraf og af sagens øvrige oplysninger, at ansøgerens forklaring om sin seksuelle orientering som homoseksuel kan lægges til grund.",-0.0056443363428115845,23
68,48,syri202620_chunk009,Asylansøgerens forklaring og vurdering,"Flygtningenævnet finder efter en samlet vurdering, at ansøgerens forklaring herom ikke kan tilsidesættes. Den tvivl om ansøgerens troværdighed, som hendes forklaringer om truslerne fra familien har skabt, har ikke en sådan karakter, at de kan begrunde en tilsidesættelse af den del af ansøgerens forklaring, som hun fra starten og gennem hele sagen har fastholdt.",-0.0056545305997133255,24
68,4900,rusl20269_chunk015,Asylansøgerens forklaring og vurdering,"Efter en samlet vurdering af de foreliggende baggrundsoplysninger sammenholdt med ansøgerens alder og øvrige forhold – herunder at han ifølge sin egen forklaring tidligere er blevet fritaget for militærtjeneste formodentlig pga. et hovedtraume – finder alle Flygtningenævnets tre medlemmer, at ansøgeren ikke har sandsynliggjort, at han ved en tilbagevenden til Rusland vil være i en sådan risiko for",-0.005822720471769571,25
68,5791,maro20253_chunk007,Asylansøgerens forklaring og vurdering,Flygtningenævnet tiltræder i det hele Udlændingestyrelsens vurdering og begrundelsen herfor – herunder at ansøgerens forklaring om at være deserteret fra det marokkanske søværn fremstår konstrueret til lejligheden og er i strid med oplysningerne i hans marokkanske pas om at være udrejst til [europæisk land B] i 1991.,-0.005908523220568895,26
68,5055,bosn20261_chunk005,Asylansøgerens forklaring og vurdering,"Flygtningenævnet finder derfor ikke, at ansøgerens forklaring om, at han er i et modsætningsforhold til en mafiagruppe i sit hjemland er troværdig. Flygtningenævnet tiltræder Udlændingestyrelsens vurdering om, at forklaringen på væsentlige punkter er usammenhængende og udbyggende.",-0.006685864180326462,27
68,3489,rusl202637_chunk019,Asylansøgerens forklaring og vurdering,"Endelig har Flygtningenævnet ved vurderingen af ansøgerens forklaring lagt vægt på, at ansøgerens forklaring om forløbet efter hans løsladelse fremstår usammenhængende. Det fremgår af ansøgerens forklaring, at han efter sin løsladelse i [efteråret] 2022 har opholdt sig i Tjetjenien indtil sin udrejse i [efteråret] 2023.",-0.007224625442177057,28
68,3481,rusl202637_chunk011,Asylansøgerens forklaring og vurdering,"Flygtningenævnet lægger ved vurderingen af ansøgerens forklaring videre vægt på, at ansøgeren har forklaret forskelligt om væsentlige forhold vedrørende forløbet under og efter hans tilbageholdelse af de tjetjenske myndigheder.",-0.007349004503339529,29
68,3070,jord20262_chunk007,Asylansøgerens forklaring og vurdering,"Flygtningenævnet kan i det væsentlige lægge ansøgerens forklaring til grund. Nævnet lægger således til grund, at ansøgeren efter frifindelsen for at have krænket [ægtefælle A’s familiemedlem] har modtaget flere trusler fra [ægtefælle A’s] familie, men det er nævnets vurdering, at dette forhold ikke har den fornødne karakter og intensitet til, at der kan meddeles ansøgeren asyl.",-0.007639951538294554,30
68,4861,rusl20266_chunk033,Asylansøgerens forklaring og vurdering,"Flygtningenævnet lægger ved denne vurdering vægt på, at ansøgeren efter sin forklaring fik udstedt russisk udenrigspas og kunne udrejse uden vanskeligheder. Nævnet lægger endvidere vægt på ansøgerens forklaring om, at hans far afviste rekruttering med henvisning til, at han skulle passe familiens landsted uden, at der skete hverken ansøgerens far eller ansøgeren noget i dagene derefter.",-0.00815502367913723,31
68,4123,paki20263_chunk019,Asylansøgerens forklaring og vurdering,"Flygtningenævnet kan ikke lægge ansøgerens forklaring om sit asylmotiv til grund, idet hans forklaring ikke forekommer sammenhængende eller overbevisende.",-0.008197234943509102,32
68,346,ukra202620_chunk007,Asylansøgerens forklaring og vurdering,"L 72 af 14. november 2014, at der - i modsætning til vurderingen efter udlændingelovens § 7, stk. 1-3, hvorefter en asylansøger skal sandsynliggøre sit asylmotiv - ved vurderingen efter udlændingelovens § 7, stk. 5, gælder en omvendt bevisbyrderegel.",-0.008294775150716305,33
68,3112,alge20261_chunk034,Asylansøgerens forklaring og vurdering,"Ansøgeren har herom blandt andet forklaret, at han ikke kan huske, hvorfor hun sendte det. Det forhold, at ansøgeren har været i kontakt med [LGBT støtteorganisation], og at han har været på sauna bar for mænd kan ikke føre til en ændret vurdering. Nævnet har herved lagt vægt på, at disse aktiviteter ikke i sig selv kan underbygge ansøgerens forklaring om, at han er homoseksuel.",-0.00885653868317604,34
68,2215,irak20262_chunk015,Asylansøgerens forklaring og vurdering,"I den forbindelse lægger nævnet vægt på, at ansøgeren har givet en overfladisk, generel og til dels afglidende forklaring om hændelsesforløbet, hvor [person A’s] mor skulle være kommet til stede, og forløbet umiddelbart derefter. Ansøgerens forklaring herom fremstår efter nævnets vurdering ikke selvoplevet.",-0.008862328715622425,35
68,3493,rusl202637_chunk023,Asylansøgerens forklaring og vurdering,"Nævnet finder efter en samlet vurdering, at der ikke er tilstrækkeligt grundlag for at tilsidesætte ansøgerens forklaring i sin helhed, nævnet finder dog, at en eventuel konflikt med de tjetjenske myndigheder må anses for at være afsluttet, dette særligt henset til det lange tidsrum, der er forløbet siden løsladelsen og indtil udrejsen, hvor der kun har været sporadisk og uproblematisk kontakt med",-0.00953914225101471,36
68,2091,afgh20267_chunk011,Asylansøgerens forklaring og vurdering,"Der er ligeledes nogle forskelle mellem ansøgeren og dennes ægtefælles forklaringer i relation til konflikten med [A]. For nævnet har ansøgeren haft svært ved at afgive forklaring, da han efter de lægelige oplysninger har en [kognitiv sygdom] opstået tilbage i 2018. Ansøgerens forklaring må derfor bevisvurderes i forhold hertil.",-0.009809503331780434,37
68,1448,keny20262_chunk013,Asylansøgerens forklaring og vurdering,Flygtningenævnets flertal kan i det væsentlige lægge ansøgerens forklaring om sine asylmotiver til grund.,-0.009878321550786495,38
68,552,ugan202618_chunk004,Asylansøgerens forklaring og vurdering,"Ansøgerens forklaringer har endvidere været detaljerede, og ansøgerens forklaring under mødet i nævnet har fremstået troværdig og som havende baggrund i egne oplevelser.",-0.010137852281332016,39
68,824,tyrk20266_chunk026,Asylansøgerens forklaring og vurdering,"Vedrørende ansøgerens forklaring om, at [beskrivelse af henvendelse fra myndighederne], finder Flygtningenævnet, at ansøgerens forklaring herom fremstår overfladisk og konstrueret til lejligheden og ikke troværdig, og Flygtningenævnet kan ikke lægge ansøgerens forklaring herom til grund. De generelle forhold i Tyrkiet kan ikke i sig selv begrunde asyl.",-0.010227533057332039,40
68,336,ugan202621_chunk005,Asylansøgerens forklaring og vurdering,"Uanset, at ansøgerens forklaring ikke på alle punkter fremstår overbevisende, herunder vedrørende den i Uganda offentliggjorte liste over navne på angiveligt homoseksuelle, som blev ansøgerens indgang til det homoseksuelle miljø i Uganda, finder Flygtningenævnet efter en samlet vurdering af ansøgerens forklaring og sagens øvrige oplysninger, at ansøgerens forklaring om sin seksuelle orientering so",-0.0103685287758708,41
68,2167,geor20263_chunk016,Asylansøgerens forklaring og vurdering,"Nævnet har ved vurderingen af ansøgernes troværdighed videre lagt vægt på, at ansøgerne har forklaret uoverensstemmende om deres ægteskab.",-0.010370062664151192,42
68,3140,afgh202649_chunk009,Asylansøgerens forklaring og vurdering,"Flygtningenævnet finder, at hans forklaring må bevisvurderes i forhold hertil, og at der efter en samlet vurdering af forklaringen sammenholdt med baggrundsoplysningerne om forholdene i Afghanistan ikke forekommer sådanne uoverensstemmelser i ansøgerens forklaring, at der er grundlag for at tilsidesætte forklaringen som utroværdig.",-0.01046444196254015,43
68,5302,stat20261_chunk011,Asylansøgerens forklaring og vurdering,"Ansøgerens forklaring for Flygtningenævnet er i nogen grad fremstået usikker, men nævnet lægger – ligesom Udlændingestyrelsen må anses for at have gjort – ansøgerens forklaring om sine asylmotiver til grund.",-0.010473997332155704,44
68,5458,afgh202646_chunk014,Asylansøgerens forklaring og vurdering,"Det er indgået i vurderingen, at ansøgeren under sit langvarige ophold i [land i Sydasien] har opholdt sig i et afghansk miljø, og at han taler hazari (hazaragi), men dette forhold kan sammenholdt med sagens øvrige oplysninger ikke føre til en ændret vurdering.",-0.010532035492360592,45
68,2169,geor20263_chunk018,Asylansøgerens forklaring og vurdering,"i-er.

Ved vurderingen af den kvindelige ansøgers asylmotiv om, at hun ved en tilbagevenden til Ge-orgien frygter, at hendes [mandlige familiemedlem på ægtefællens side] vil smide hende ud af bopælen og beholde hendes børn, kan Flygtningenævnet ikke lægge dette til grund, idet hendes forklaring ikke forekommer overbevisende.",-0.01066838763654232,46
68,5457,afgh202646_chunk013,Asylansøgerens forklaring og vurdering,"Da ansøgeren samtidig er hazara af etnicitet og efter sin forklaring, som nævnet har lagt til grund, hverken har familie eller øvrigt netværk i Afghanistan, der ville kunne støtte og hjælpe ham ved en tilbagevenden, finder Flygtningenævnet, at det efter en samlet vurdering må anses for udelukket, at ansøgeren kan vende tilbage til Afghanistan uden at påkalde sig Talibans opmærksomhed.",-0.010946815833449364,47
68,1710,rusl202636_chunk027,Asylansøgerens forklaring og vurdering,"Efter en samlet vurdering af oplysningerne i sagen tilsidesætter Flygtningenævnet ansøgerens forklaring om, at han har været udsat for overgreb foranlediget af sine [familiemedlemmers] forhold, som usammenhængende, konstrueret til lejligheden og i det hele utroværdig. Det kan således ikke lægges til grund, at ansøgeren har en aktuel konflikt med de tjetjenske/russiske myndigheder.",-0.011124609969556332,48
68,5716,irak20261_chunk006,Asylansøgerens forklaring og vurdering,"Nævnet har ved denne vurdering lagt vægt på de samme forhold, som er fremhævet af Udlændingestyrelsen, herunder at kidnapningen må anses for at have baggrund i de generelle forhold i Irak, ligesom det i øvrigt fremgår af både ansøgerens forklaring og den fremlagte anmeldelse, at gerningsmændene er pågrebet og har erkendt forholdet.",-0.011466198600828648,49
68,5017,vene20261_chunk014,Asylansøgerens forklaring og vurdering,"Det er på baggrund af disse forhold, at Flygtningenævnet efter en samlet vurdering ikke kan lægge ansøgerens forklaring til grund og derfor ikke kan meddele hende opholdstilladelse efter udlændingelovens § 7, stk. 1 eller 2.",-0.011684550903737545,50
68,4924,ugan20265_chunk006,Asylansøgerens forklaring og vurdering,"Også ansøgerens forklaring om sin romantiske relation til [B], som ifølge ansøgeren er hendes nuværende kæreste, har fremstået overfladisk og utroværdig. Flygtningenævnet bemærker endvidere, at ansøgerens forklaring på væsentlige punkter fremstår usammenhængende.",-0.011960105039179325,51
68,4624,rusl20264_chunk007,Asylansøgerens forklaring og vurdering,Flygtningenævnet tilsidesætter herefter ansøgernes forklaringer om asylmotivet.,-0.01217611227184534,52
68,4228,etio20261_chunk024,Asylansøgerens forklaring og vurdering,"Flygtningenævnet finder efter en samlet vurdering, at ansøgerens aktiviteter i Danmark i lyset af ansøgerens forklaring for nævnet, sammenholdt med de fremlagte og foreviste kommentarer og videoer mv. ikke har et omfang eller en karakter, der kan føre til, at ansøgeren er eksponeret i et omfang, der indebærer, at myndighederne nu må forventes, at rette søgelyset mod ansøgeren, såfremt han på ny ve",-0.012250184081494808,53
68,621,syri202617_chunk019,Asylansøgerens forklaring og vurdering,"Flygtningenævnet finder, ligesom Udlændingestyrelsen, at det ikke forekommer overbevisende, at ansøgeren kunne opholde sig i denne lille landsby i flere år uden at være i kontakt med SDF, såfremt han var efterstræbt af SDF. Dette må indgå ved vurderingen af ansøgerens forklaring om beskyttelsesbehov i Danmark.",-0.012281861156225204,54
68,5468,ghan20261_chunk007,Asylansøgerens forklaring og vurdering,"Forklaringen tilsidesættes derfor i det hele som konstrueret til lejligheden, idet baggrundsoplysningerne om Ghana, herunder om jordkonflikter, og det anførte om ansøgerens helbredsmæssige udfordringer ikke kan føre til en anden vurdering.",-0.013699204660952091,55
68,72,niga20267_chunk018,Asylansøgerens forklaring og vurdering,"Det kan imidlertid ikke føre til en anden vurdering af spørgsmålet om, hvorvidt hendes forklaring kan lægges til grund, da samtalereferatet fra 2017 må forstås således, at ansøgeren kunne besvare spørgsmålene på en måde, der viste, at hun havde forstået spørgsmålene og deres betydning, ligesom hun blev gjort bekendt med, at hun skulle meddele de oplysninger, som var nødvendige for at bedømme hende",-0.013860520906746387,56
68,1711,rusl202636_chunk028,Asylansøgerens forklaring og vurdering,"De video- og lydfiler, der har været afspillet på mødet i Flygtningenævnet, kan ikke føre til en anden vurdering, idet de ikke ses at indeholde konkrete oplysninger, der støtter ansøgerens forklaring. Det bemærkes, at ansøgerens forklaring for nævnet er afgivet under anvendelse af såkaldt dobbelttolkning fra tjetjensk til russisk og sluttelig til dansk.",-0.014628888107836246,57
68,138,tyrk20269_chunk007,Asylansøgerens forklaring og vurdering,"1 år og 6 måneder efter han efter sin egen forklaring stoppede sine politiske aktiviteter for HDP. Ansøgers opslag på sin og [sit familiemedlems profil på socialt medie A] kan ikke føre til en anden vurdering, idet disse profiler er private og opslagene alene havde meget få likes, heraf fra ansøgerens andre profiler.",-0.015029408037662506,58
68,5202,ugan202615_chunk014,Asylansøgerens forklaring og vurdering,"Ansøgerens forklaring om sin homoseksualitet har desuden fremstået ureflekteret, overfladisk og utroværdig, herunder om hvad han følte, da han opdagede, at han var tiltrukket af mænd, og om sin beskrivelse af sin seksualitet. Heller ikke ansøgerens forklaring om sit forhold til fire ugandiske kvinder, som han har fået børn med, understøtter ansøgerens forklaring om sin homoseksualitet.",-0.01788032427430153,59
68,5151,ugan20263_chunk006,Asylansøgerens forklaring og vurdering,"Ansøgerens forklaring om anholdelsen og fængslingen i 2023 er endvidere bestyrket af den overbevisende og troværdige forklaring, som kæresten [A] har afgivet under nævnsmødet.",-0.018789401277899742,60
68,835,rusl202626_chunk007,Asylansøgerens forklaring og vurdering,"Det kan ikke føre til en ændret vurdering, at ansøgeren under nævnsmødet har forklaret, at hendes [familiemedlem A] under opholdet i Danmark efter hendes vurdering er blevet psykisk syg.",-0.02005326747894287,61
68,4932,ugan20265_chunk014,Asylansøgerens forklaring og vurdering,"På denne baggrund, og da det, som ansøgeren i øvrigt har anført og fremlagt for Flygtningenævnet, ikke kan føre til en anden vurdering, tilsidesætter Flygtningenævnet ansøgerens forklaring om sin seksualitet.",-0.02053898014128208,62
68,323,dub-tysk202627_chunk005,Asylansøgerens forklaring og vurdering,"Efter en samlet vurdering af sagens oplysninger kan Flygtningenævnet ikke lægge klagerens forklaring om, at han har været udrejst til [land A] i mere end 3 måneder, til grund.",-0.0226441640406847,63
68,2111,ukra202610_chunk006,Asylansøgerens forklaring og vurdering,"Ansøgerens forklaring under nævnsmødet, hvorefter han nu er usikker på, om fritagelsen fra militærtjeneste er tidsubegrænset, afviger fra den tidligere forklaring og kan derfor ikke lægges til grund.",-0.02284529246389866,64
68,5719,irak20261_chunk009,Asylansøgerens forklaring og vurdering,"Nævnet har også ved denne vurdering lagt vægt på de samme forhold, som er fremhævet af Udlændingestyrelsen, herunder at røveriet på samme måde som den ovennævnte episode må anses for at have baggrund i de generelle forhold i Irak, og at der i overensstemmelse med den mandlige ansøgers forklaring ikke er grundlag for at antage, at der er en sammenhæng mellem de to episoder.",-0.025350408628582954,65
68,4317,jord20261_chunk008,Asylansøgerens forklaring og vurdering,"Flygtningenævnet har i øvrigt lagt vægt på de samme forhold, som er fremhævet af Udlændingestyrelsen, vedrørende ansøgerens forklaring om udstedelse af dækningsløse checks i hjemlandet, hvor forklaringen afviger markant fra forklaringen til politiet [i sommeren 2022].",-0.026037760078907013,66
68,5662,soma20261_chunk010,Asylansøgerens forklaring og vurdering,"Ansøgerens forklaring divergerer i forhold til ansøgerens senere forklaring ved samtalereferat [i vinteren] 2025, hvor ansøgeren ændrede sin angivelige tilbageholdelse af al-Shabaab fra 3 uger til 5 år.",-0.029049979522824287,67
68,2729,ugan202610_chunk006,Asylansøgerens forklaring og vurdering,"Flertallet finder, at ansøgeren har afgivet en fastholdt og tilstrækkelig konsistent forklaring om sin seksualitet, og at forklaringen i fornøden grad har været detaljeret med hensyn til beskrevne oplevelser og ansøgerens følelsesliv.",-0.02930307760834694,68
68,671,syri202615_chunk017,Asylansøgerens forklaring og vurdering,"Udlændingestyrelsen har i afgørelsen i øvrigt heller ikke taget stilling til ansøgerens forklaring om angivelige overgreb/angivelig tortur under de to tidligere fængslinger, da forklaringen herom først er fremkommet under sagens behandling i Flygtningenævnet.",-0.029942717403173447,69
68,5079,afgh20264_chunk006,Asylansøgerens forklaring og vurdering,"Forklaringen om, at en fremmed kvinde, som ansøgeren efter sin forklaring på ingen måde havde en relation til, uden videre ringede til ham [beskrivelse A], og som han dagen efter giftede sig med, fremstår efter nævnets opfattelse umiddelbart ikke sandsynlig.",-0.030136598274111748,70
68,1678,soma20269_chunk018,Asylansøgerens forklaring og vurdering,"På den baggrund tilsidesætter Flygtningenævnet klagerens forklaring om sin seksua¬lit¬et. Det, som klageren i øvrigt har anført og fremlagt for Flygt¬ningenævnet, kan ikke føre til en an¬den vurdering.",-0.03381957486271858,71
68,225,soma202612_chunk004,Asylansøgerens forklaring og vurdering,"Flygtningenævnet kan ikke lægge ansøgerens forklaring om sin seksuelle orientering til grund, idet forklaringen herom som anført af Udlændingestyrelsen i afgørelsen af [sommeren] 2026 fremstår overfladisk og ureflekteret.",-0.03516058996319771,72
68,5054,bosn20261_chunk004,Asylansøgerens forklaring og vurdering,"Ansøgeren har også for Flygtningenævnet på centrale og væsentlige punkter afgivet en forklaring, der fremstår konstrueret og udbyggende. Ansøgeren har endvidere under forklaringen for Flygtningenævnet fragået dele af den forklaring, han tidligere har afgivet under sagen.",-0.03577693924307823,73
68,4622,rusl20264_chunk005,Asylansøgerens forklaring og vurdering,"Flygtningenævnet finder, at den mandlige ansøgers forklaringer på en række afgørende punkter har været divergerende og til dels er blevet udbygget, ligesom forklaringerne på en række afgørende punkter også indholdsmæssigt har været utroværdige.",-0.03800055757164955,74
68,4944,maro20262_chunk008,Asylansøgerens forklaring og vurdering,"Flygtningenævnet kan lægge ansøgerens forklaring til grund om, at han i perioden fra 2014 til 2017 aftjente militærtjeneste i Marokko. Forklaringen på dette punkt understøttes af den fremlagte militærbog vedrørende ansøgeren.",-0.04058263078331947,75
68,2143,stat20267_chunk017,Asylansøgerens forklaring og vurdering,Denne vurdering skal vedrøre forholdene på afgørelsestidspunktet. På den anførte baggrund og efter en samlet vurdering af sagens oplysninger i øvrigt hjemviser Flygtningenævnet sagen til Udlændingestyrelsen med henblik på en fornyet vurdering i første instans.” stat/2026/7/sael,-0.04790246859192848,76
68,1943,dub-schw20264_chunk009,Asylansøgerens forklaring og vurdering,"Det forhold at myndighederne i Schweiz ikke accepterer klagerens forklaring om sin konflikt, fordi den gruppe der er efter ham, ikke er en fysisk gruppe eller fysiske personer, men kontakter klageren igennem andre metoder, kan ikke føre til en ændret vurdering.",-0.048259325325489044,77
68,5084,afgh20264_chunk011,Asylansøgerens forklaring og vurdering,"Hertil kommer, at ansøgerens forklaring til samtalen [i foråret] 2025 om, hvordan han fysisk mødte sin nuværende ægtefælle første gang, efter Flygtningenævnets opfattelse ikke kan forstås på anden måde, end at det var [beskrivelse C]. Heroverfor står hans forklaring under nævnsmødet, at han mødte hende første gang i [sted].",-0.0492807999253273,78
68,325,dub-tysk202627_chunk007,Asylansøgerens forklaring og vurdering,"Hertil kommer, at de fremlagte dokumenter og fotos ikke kan føre til en anden vurdering af troværdigheden af klagerens forklaring.",-0.049926843494176865,79
68,5606,niga20261_chunk013,Asylansøgerens forklaring og vurdering,"Ansøgeren har afgivet forklaring for Flygtningenævnet i overensstemmelse med sine forklaringer for Udlændingestyrelsen. Flygtningenævnet lægger herefter til grund, at ansøgeren har bidraget økonomisk til IPOB i [europæisk land], og at han indmeldte sig i IPOB i [europæisk land] i [årstal].",-0.05103237181901932,80
68,2391,syri202610_chunk012,Asylansøgerens forklaring og vurdering,"Nævnet har herved også henset til, at klagerne – trods opfordringer – ikke har kunnet dokumentere deres forklaring om et ophold i [land i Mellemøsten] ud over at fremlægge et brev fra det [land i Mellemøstens] indenrigsministerium, der først er fra ef­teråret 2022. Nævnet finder ikke, at det, som klagerens advokat har anført i dennes indlæg, kan føre til en ændret vurdering.",-0.0513431578874588,81
68,4316,jord20261_chunk007,Asylansøgerens forklaring og vurdering,"Forklaringen om en familiekonflikt stemmer heller ikke med ansøgerens forklaring om, at [ansøgeren] efter sin udrejse fra Jordan genindrejste og opholdt sig i Jordan i 6-7 måneder for at forberede sin endelige udrejse.",-0.06532906740903854,82
68,3301,rusl202616_chunk012,Asylansøgerens forklaring og vurdering,"Klageren har således forklaret forskelligt om tidsforløbet omkring anholdelsen, om hvor anholdelsen fandt sted, om typen af tortur, som klageren blev udsat for i forbindelse med anholdelsen, og om hvilke forhold han blev anklaget for. Klagerens forklaring på nævnsmødet kan ikke føre til en anden vurdering.",-0.06625694781541824,83
68,2314,stat20268_chunk013,Asylansøgerens forklaring og vurdering,"Koordinationsudvalget har ikke efterfølgende ændret denne vurdering. På denne baggrund, og da der ikke er fremkommet nye væsentlige oplysninger, der kan føre til ændret vurdering, finder Flygtningenævnet, at det nævn­te asylmotiv ikke kan føre til opholdstilladelse efter udlændingelovens § 7, stk.",-0.06656070053577423,84
68,5669,soma20261_chunk017,Asylansøgerens forklaring og vurdering,"Flygtningenævnet finder på ovenstående baggrund, at ansøgerens generelle troværdighed er svækket i en sådan grad, at Flygtningenævnet ikke kan lægge nogen del af ansøgerens forklaring til grund. Flygtningenævnet kan herunder heller ikke lægge ansøgerens nyeste forklaring til grund om, at han har været udsat for menneskehandel.",-0.07173258066177368,85
68,732,rusl202634_chunk041,Asylansøgerens forklaring og vurdering,"Det er endvidere indgået i Flygtningenævnets vurdering af sagen, at ansøgeren udrejste legalt af Rusland sammen med sin [familiemedlem A].",-0.07570616900920868,86
68,3323,afgh202650_chunk010,Asylansøgerens forklaring og vurdering,"Flygtningenævnet finder endvidere, at forklaringen efter sit indhold er usandsynlig.",-0.08879896998405457,87
68,3768,syri20266_chunk009,Asylansøgerens forklaring og vurdering,Flygtningenævnet kan i det væsentlige lægge ansøgerens forklaring til grund.,-0.08908722549676895,88
68,28,soma202611_chunk009,Asylansøgerens forklaring og vurdering,"Flygtningenævnet lægger således til grund, at klagerens forklaring om sin konvertering til kristendommen har fremstået ureflekteret, overfladisk og usammenhængende og klagerens forklaring om sin seksualitet fremstået divergerende og usammenhængende, hvorfor forklaringen herom heller ikke kan lægges til grund.",-0.0893716961145401,89
68,4956,maro20262_chunk020,Asylansøgerens forklaring og vurdering,"Nævnet har ikke kunnet lægge forklaringen om vold til grund, idet forklaringen har fremstået utroværdig. Som anført af Udlændingestyrelsen fremgår det endvidere af baggrundsoplysningerne, at apostasi ikke er kriminaliseret i Marokko.",-0.1000887006521225,90
68,2675,ukra20263_chunk007,Asylansøgerens forklaring og vurdering,"Nævnet kan ikke lægge ansøgerens forklaring om, at de ukrainske myndigheder skulle efterstræbe ham, til grund. Nævnet kan således ikke lægge forklaringen om, at de ukrainske myndigheder otte til ti gange i [en periode i vinteren 2023/2024] har antastet ansøgeren på gaden med henblik på at tage ham med til militærkommissariatet til grund.",-0.11957846581935883,91
68,4757,rusl20265_chunk021,Asylansøgerens forklaring og vurdering,"Samtidig forekommer det påfaldende, at ansøgerne efter deres forklaringer ikke satte sig i besiddelse af det brev, der efter deres forklaringer fremkom til deres udlejer.",-0.13534069061279297,92
68,4891,rusl20269_chunk006,Asylansøgerens forklaring og vurdering,På denne baggrund finder flertallet ikke med den fornødne sikkerhed at kunne tilsidesætte ansøgerens forklaring.,-0.19583013653755188,93
68,2339,land20264_chunk019,Asylansøgerens forklaring og vurdering,"Som anført af styrelsen forekommer fa­rens for­­klaring om årsagen til indgrebet desuden usammenhængende, idet han på den ene side har op­­lyst, at [første forklaring] samtidig med at han også har forklaret, at [anden forklaring, der ikke er forenelig med første forklaring].",-0.3077602684497833,94
68,3270,alder20261_chunk003,Asylansøgerens forklaring og vurdering,Sandsynligheden for den ved vurderingen fundne alder må derfor tages i betragtning sammen med de i øvrigt foreliggende beviser ved den samlede bevisbedømmelse. Den mest sandsynlige alder vil i vurderingen ofte angives med et spænd på flere år.,-0.3275335133075714,95
68,324,dub-tysk202627_chunk006,Asylansøgerens forklaring og vurdering,"Flygtningenævnet har herved lagt vægt på, at klagerens forklaring om årsagen til hans udrejse til [land A], hvorefter han frygtede en række privatpersoner i Tyskland med tilknytning til [militant gruppe] og derfor ikke ville overføres til Tyskland, afviger fra hans tidligere forklaring til Udlændingestyrelsen, og at hans samlede forklaring i øvrigt fremstår udbyggende og utroværdig.",-0.346514493227005,96
68,1913,dub-rumae20264_chunk012,Asylansøgerens forklaring og vurdering," ganske særlig sårbar, idet klageren er vurderet offer for menneskehandel, kan ikke føre til en ændret vurdering.",-0.4645865857601166,97
68,4048,dub-tysk20265_chunk008,Asylansøgerens forklaring og vurdering,nsekvenserne heraf – ikke føre til en ændret vurdering.,-0.5040032267570496,98
68,385,ukra202619_chunk012,Asylansøgerens forklaring og vurdering,"gheder.

Det er ikke under den genoptagede sag fremkommet nye oplysninger herom, der kan føre til en ændret vurdering.",-0.5199387073516846,99
83,3024,ukra20265_chunk035,Armed Conflict and Regional Instability,"Udlændingestyrelsens senest opdaterede gennemgang af konfliktdata fra Armed Conflict Location & Event Data Project (ACLED) påviser, at sikkerhedssituationen i det vestlige og centrale Ukraine, herunder ansøgerens hjemområde Lviv Oblast, i perioden op til 27. marts 2026 fortsat er stabil og kendetegnet ved en lav eller meget lav grad af sikkerhedshændelser, få eller ingen angreb mod civile og få ci",-2.0986478328704834,0
83,3677,syri20262_chunk035,Armed Conflict and Regional Instability,"Administrative services have improved in some urban and government-controlled areas and public officials there act professionally. In contrast, women still experience discrimination and insecurity in regions dominated by armed groups or conservative factions. In some areas, such as a ‘one-stop window’ office in Damascus, administrative processes are efficient and staff treat women respectfully.",-3.145085573196411,1
83,3794,syri20266_chunk035,Armed Conflict and Regional Instability,"Administrative services have improved in some urban and government-controlled areas and public officials there act professionally. In contrast, women still experience discrimination and insecurity in regions dominated by armed groups or conservative factions. In some areas, such as a ‘one-stop window’ office in Damascus, administrative processes are efficient and staff treat women respectfully.",-3.145085573196411,2
83,3858,syri20267_chunk035,Armed Conflict and Regional Instability,"Administrative services have improved in some urban and government-controlled areas and public officials there act professionally. In contrast, women still experience discrimination and insecurity in regions dominated by armed groups or conservative factions. In some areas, such as a ‘one-stop window’ office in Damascus, administrative processes are efficient and staff treat women respectfully.",-3.145085573196411,3
83,5489,ukra20261_chunk007,Armed Conflict and Regional Instability,"pril 2022.

Nævnet lægger desuden vægt på de seneste opdaterede data fra ”Ukraine Conflict Monitor”, der opdateres ugentligt. Baggrundsoplysningerne er i væsentligt omfang baseret på data fra Armed Conflict and Event Data (ACLED).",-3.522313117980957,4
83,3546,syri20261_chunk032,Armed Conflict and Regional Instability,"Administrative services have improved in some urban and government-controlled areas and public officials there act professionally. In contrast, women still experience discrimination and insecurity in regions dominated by armed groups or conservative factions. In some areas, such as a ‘one-stop window’ office in Damascus, administrative processes are efficient and staff treat women respectfully.",-4.816464424133301,5
83,3607,syri20263_chunk030,Armed Conflict and Regional Instability,"Administrative services have improved in some urban and government-controlled areas and public officials there act professionally. In contrast, women still experience discrimination and insecurity in regions dominated by armed groups or conservative factions. In some areas, such as a ‘one-stop window’ office in Damascus, administrative processes are efficient and staff treat women respectfully.",-4.816464424133301,6
83,3536,syri20261_chunk022,Armed Conflict and Regional Instability,"A Syrian human rights organisation was aware of only one case, involving a woman from the coastal area who filed a rape complaint. In regions dominated by armed groups or conservative factions, individuals targeting women are not being held accountable.",-7.891611099243164,7
83,3597,syri20263_chunk020,Armed Conflict and Regional Instability,"A Syrian human rights organisation was aware of only one case, involving a woman from the coastal area who filed a rape complaint. In regions dominated by armed groups or conservative factions, individuals targeting women are not being held accountable.",-7.891611099243164,8
83,3667,syri20262_chunk025,Armed Conflict and Regional Instability,"A Syrian human rights organisation was aware of only one case, involving a woman from the coastal area who filed a rape complaint. In regions dominated by armed groups or conservative factions, individuals targeting women are not being held accountable.",-7.891611099243164,9
83,3784,syri20266_chunk025,Armed Conflict and Regional Instability,"A Syrian human rights organisation was aware of only one case, involving a woman from the coastal area who filed a rape complaint. In regions dominated by armed groups or conservative factions, individuals targeting women are not being held accountable.",-8.332029342651367,10
83,3848,syri20267_chunk025,Armed Conflict and Regional Instability,"A Syrian human rights organisation was aware of only one case, involving a woman from the coastal area who filed a rape complaint. In regions dominated by armed groups or conservative factions, individuals targeting women are not being held accountable.",-8.332029342651367,11
83,3529,syri20261_chunk015,Armed Conflict and Regional Instability,"In Damascus, many women move around independently but take precautions, while in smaller towns and rural areas stricter cultural norms limit their mobility. In the coastal region, fears of kidnapping by armed groups have led some women to leave university and kept girls from attending school. In Aleppo, some women covered their hair to avoid harassment.",-8.411067008972168,12
83,3590,syri20263_chunk013,Armed Conflict and Regional Instability,"In Damascus, many women move around independently but take precautions, while in smaller towns and rural areas stricter cultural norms limit their mobility. In the coastal region, fears of kidnapping by armed groups have led some women to leave university and kept girls from attending school. In Aleppo, some women covered their hair to avoid harassment.",-8.411067008972168,13
83,3660,syri20262_chunk018,Armed Conflict and Regional Instability,"In Damascus, many women move around independently but take precautions, while in smaller towns and rural areas stricter cultural norms limit their mobility. In the coastal region, fears of kidnapping by armed groups have led some women to leave university and kept girls from attending school. In Aleppo, some women covered their hair to avoid harassment.",-8.411067008972168,14
83,3777,syri20266_chunk018,Armed Conflict and Regional Instability,"In Damascus, many women move around independently but take precautions, while in smaller towns and rural areas stricter cultural norms limit their mobility. In the coastal region, fears of kidnapping by armed groups have led some women to leave university and kept girls from attending school. In Aleppo, some women covered their hair to avoid harassment.",-8.411067008972168,15
83,3841,syri20267_chunk018,Armed Conflict and Regional Instability,"In Damascus, many women move around independently but take precautions, while in smaller towns and rural areas stricter cultural norms limit their mobility. In the coastal region, fears of kidnapping by armed groups have led some women to leave university and kept girls from attending school. In Aleppo, some women covered their hair to avoid harassment.",-8.411067008972168,16
83,3611,syri20263_chunk034,Armed Conflict and Regional Instability,"Women whose husbands are missing or deceased and those married to foreign nationals face severe administrative problems. The problem is most acute in the northwest where foreign fighters were present. During the conflict, some of these fighters married Syrian women in religious or informal ceremonies that were never officially registered and sometimes had children.",-9.764938354492188,17
83,3681,syri20262_chunk039,Armed Conflict and Regional Instability,"Women whose husbands are missing or deceased and those married to foreign nationals face severe administrative problems. The problem is most acute in the northwest where foreign fighters were present. During the conflict, some of these fighters married Syrian women in religious or informal ceremonies that were never officially registered and sometimes had children.",-9.764938354492188,18
83,3798,syri20266_chunk039,Armed Conflict and Regional Instability,"Women whose husbands are missing or deceased and those married to foreign nationals face severe administrative problems. The problem is most acute in the northwest where foreign fighters were present. During the conflict, some of these fighters married Syrian women in religious or informal ceremonies that were never officially registered and sometimes had children.",-9.764938354492188,19
83,3862,syri20267_chunk039,Armed Conflict and Regional Instability,"Women whose husbands are missing or deceased and those married to foreign nationals face severe administrative problems. The problem is most acute in the northwest where foreign fighters were present. During the conflict, some of these fighters married Syrian women in religious or informal ceremonies that were never officially registered and sometimes had children.",-9.764938354492188,20
83,3550,syri20261_chunk036,Armed Conflict and Regional Instability,"Women whose husbands are missing or deceased and those married to foreign nationals face severe administrative problems. The problem is most acute in the northwest where foreign fighters were present. During the conflict, some of these fighters married Syrian women in religious or informal ceremonies that were never officially registered and sometimes had children.",-9.817599296569824,21
83,970,suda20264_chunk012,Armed Conflict and Regional Instability,"Han har således ikke før mødet i Flygtningenævnet forklaret om, at de venner han flygtede med, senere blev tilbageholdt af Sudan Armed Forces, selvom dette var en central og vigtig oplysning om ansøgerens asylmotiv, og selvom han efter sin forklaring fik oplysningen allerede inden sin indrejse i Danmark [i vinteren 2023/2024].",-10.459809303283691,22
83,3665,syri20262_chunk023,Armed Conflict and Regional Instability,"Women in smaller towns and rural communities often live under stricter cultural norms and depend on family networks for protection; their main concern is harassment at checkpoints or by armed men, rather than actions by the regular police. In Damascus, on the other hand, many women go out alone and participate in daily life, but they take precautions.",-11.323821067810059,23
83,3782,syri20266_chunk023,Armed Conflict and Regional Instability,"Women in smaller towns and rural communities often live under stricter cultural norms and depend on family networks for protection; their main concern is harassment at checkpoints or by armed men, rather than actions by the regular police. In Damascus, on the other hand, many women go out alone and participate in daily life, but they take precautions.",-11.323821067810059,24
83,3846,syri20267_chunk023,Armed Conflict and Regional Instability,"Women in smaller towns and rural communities often live under stricter cultural norms and depend on family networks for protection; their main concern is harassment at checkpoints or by armed men, rather than actions by the regular police. In Damascus, on the other hand, many women go out alone and participate in daily life, but they take precautions.",-11.323821067810059,25
83,969,suda20264_chunk011,Armed Conflict and Regional Instability,"Flygtningenævnet finder dertil, at Rapid Support Forces´ tilbageholdelse af ansøgeren i [foråret] 2023 havde en tilfældig karakter. Det bemærkes videre, at ansøgeren har forklaret afglidende og udbyggende om sin angivelige konflikt med Sudan Armed Forces.",-11.586220741271973,26
83,3534,syri20261_chunk020,Armed Conflict and Regional Instability,"Women in smaller towns and rural communities often live under stricter cultural norms and depend on family networks for protection; their main concern is harassment at checkpoints or by armed men, rather than actions by the regular police. In Damascus, on the other hand, many women go out alone and participate in daily life, but they take precautions.",-11.655773162841797,27
83,3595,syri20263_chunk018,Armed Conflict and Regional Instability,"Women in smaller towns and rural communities often live under stricter cultural norms and depend on family networks for protection; their main concern is harassment at checkpoints or by armed men, rather than actions by the regular police. In Damascus, on the other hand, many women go out alone and participate in daily life, but they take precautions.",-11.655773162841797,28
83,959,suda20264_chunk001,Armed Conflict and Regional Instability,"Ansøgeren har ikke været medlem af politiske eller religiøse foreninger eller organisationer eller i øvrigt været politisk aktiv. Ansøgeren har som asylmotiv henvist til, at han ved en tilbagevenden til Sudan frygter at blive tilbageholdt og slået ihjel af de sudanesiske myndigheder (Sudan Armed Forces), som vil mistænke ham for at have tilknytning til Rapid Support Forces.",-11.743695259094238,29
83,968,suda20264_chunk010,Armed Conflict and Regional Instability,"Flygtningenævnet bemærker, at det fremgår af notat om de generelle forhold i Sudan udarbejdet af Flygtningenævnet den 11. november 2025 blandt andet, at Khartoum State siden april 2023 har været epicentrum for konflikten, og at Sudan Armed Forces i slutningen af marts 2025 annoncerede, at de havde genvundet kontrollen over hovedstaden.",-11.77440071105957,30
83,3292,rusl202616_chunk003,Armed Conflict and Regional Instability,"Klageren har oplyst, at han i efteråret 20l6 blev anholdt af folk fra FSB og Styrelsen for Regional Sikkerhed og ved en tilbagevenden frygter han, at han vil blive idømt en fængselsstraf på mellem 15 år og livstid for terrorvirksomhed, som han ikke har begået. [I vinteren 2018/2019] besluttede Udlændingestyrelsen, at klagerens opholdstilladelse efter udlændingelovens § 7, stk.",-12.047412872314453,31
83,1114,dub-bulg20261_chunk046,Armed Conflict and Regional Instability,"Verbal abuse and rude behaviour by staff is reported often by the detainees; such indicated as well in ECPT 2024 report. Inter-detainee violence is also acknowledged to occur sometimes with measures taken to prevent the reoccurrence of such conflicts, but mainly by separating adult men from Afghanistan and those from Arabic speaking countries.”
I samme publikation, pkt.",-12.429039001464844,32
83,3547,syri20261_chunk033,Armed Conflict and Regional Instability,"In contrast, in more conservative or conflict-affected areas such as Douma, women often face discriminatory treatment when dealing with local authorities. Officials may question their presence, ask for a male relative to accompany them, or delay their paperwork, which makes administrative procedures longer and more difficult for women than for men. 8.3. Single, widowed and divorced women.",-12.600459098815918,33
83,964,suda20264_chunk006,Armed Conflict and Regional Instability,"De sudanesiske myndigheder (Sudan Armed Forces) vil som følge af tilbageholdelsen mistænke ansøgeren for at have tilknytning til Rapid Support Forces. Ansøgeren har endvidere henvist til, at han frygter Rapid Support Forces.",-12.810880661010742,34
83,3528,syri20261_chunk014,Armed Conflict and Regional Instability,"SNHR had not documented cases of government-perpetrated abuses specifically targeting women, but there had been reports of kidnappings by unidentified armed groups, particularly in Homs, where the bodies of several abducted women were later found. The perpetrators and motives remain unknown. In general, the situation of women with regard to freedom of movement varies across Syria.",-12.818371772766113,35
83,3589,syri20263_chunk012,Armed Conflict and Regional Instability,"SNHR had not documented cases of government-perpetrated abuses specifically targeting women, but there had been reports of kidnappings by unidentified armed groups, particularly in Homs, where the bodies of several abducted women were later found. The perpetrators and motives remain unknown. In general, the situation of women with regard to freedom of movement varies across Syria.",-12.818371772766113,36
83,3659,syri20262_chunk017,Armed Conflict and Regional Instability,"SNHR had not documented cases of government-perpetrated abuses specifically targeting women, but there had been reports of kidnappings by unidentified armed groups, particularly in Homs, where the bodies of several abducted women were later found. The perpetrators and motives remain unknown. In general, the situation of women with regard to freedom of movement varies across Syria.",-12.818371772766113,37
83,3530,syri20261_chunk016,Armed Conflict and Regional Instability,"According to an international organisation, women’s main concerns relate to harassment at checkpoints or by armed men rather than by regular police. 8.1.1. Sectarian variations.",-12.976561546325684,38
83,3591,syri20263_chunk014,Armed Conflict and Regional Instability,"According to an international organisation, women’s main concerns relate to harassment at checkpoints or by armed men rather than by regular police. 8.1.1. Sectarian variations.",-12.976561546325684,39
83,3661,syri20262_chunk019,Armed Conflict and Regional Instability,"According to an international organisation, women’s main concerns relate to harassment at checkpoints or by armed men rather than by regular police. 8.1.1. Sectarian variations.",-12.976561546325684,40
83,1622,ugan202616_chunk002,Armed Conflict and Regional Instability,"r var [LGBT+-personer] og blev udsat for overgreb. [Ansøgeren] har efter sin udrejse været med¬lem af [en organisation, for hvem [ansøgeren] også har fun¬geret som regional koordinator i Danmark, ligesom [ansøgeren] i flere år har delt offentlige opslag på sociale medier, hvor [ansøgeren] omtales under [et kælenavn].",-12.979900360107422,41
83,3608,syri20263_chunk031,Armed Conflict and Regional Instability,"In contrast, in more conservative or conflict-affected areas such as Douma, women often face discriminatory treatment when dealing with local authorities. Officials may question their presence, ask for a male relative to accompany them, or delay their paperwork, which makes administrative procedures longer and more difficult for women than for men. 8.3. Single, widowed and divorced women.",-13.016242027282715,42
83,3678,syri20262_chunk036,Armed Conflict and Regional Instability,"In contrast, in more conservative or conflict-affected areas such as Douma, women often face discriminatory treatment when dealing with local authorities. Officials may question their presence, ask for a male relative to accompany them, or delay their paperwork, which makes administrative procedures longer and more difficult for women than for men. 8.3. Single, widowed and divorced women.",-13.016242027282715,43
83,3795,syri20266_chunk036,Armed Conflict and Regional Instability,"In contrast, in more conservative or conflict-affected areas such as Douma, women often face discriminatory treatment when dealing with local authorities. Officials may question their presence, ask for a male relative to accompany them, or delay their paperwork, which makes administrative procedures longer and more difficult for women than for men. 8.3. Single, widowed and divorced women.",-13.016242027282715,44
83,3859,syri20267_chunk036,Armed Conflict and Regional Instability,"In contrast, in more conservative or conflict-affected areas such as Douma, women often face discriminatory treatment when dealing with local authorities. Officials may question their presence, ask for a male relative to accompany them, or delay their paperwork, which makes administrative procedures longer and more difficult for women than for men. 8.3. Single, widowed and divorced women.",-13.016242027282715,45
83,3778,syri20266_chunk019,Armed Conflict and Regional Instability,"According to an international organisation, women’s main concerns relate to harassment at checkpoints or by armed men rather than by regular police. 8.1.1. Sectarian variations.",-13.076865196228027,46
83,3842,syri20267_chunk019,Armed Conflict and Regional Instability,"According to an international organisation, women’s main concerns relate to harassment at checkpoints or by armed men rather than by regular police. 8.1.1. Sectarian variations.",-13.076865196228027,47
83,2033,dub-fran20263_chunk020,Armed Conflict and Regional Instability,"This scheme ensures the distribution of accommodation places for asylum seekers throughout the national territory, and their allocation thereto. In parallel and in compliance with the national reception scheme, regional schemes are defined and implemented by Prefects in each region. All asylum seekers are offered material reception conditions under Article L. 551-9 Ceseda.",-13.263854026794434,48
83,2066,fran20264_chunk016,Armed Conflict and Regional Instability,"This scheme ensures the distribution of accommodation places for asylum seekers throughout the national territory, and their allocation thereto. In parallel and in compliance with the national reception scheme, regional schemes are defined and implemented by Prefects in each region. All asylum seekers are offered material reception conditions under Article L. 551-9 Ceseda.",-13.263854026794434,49
83,3372,dub-fran20262_chunk019,Armed Conflict and Regional Instability,"This scheme ensures the distribution of accommodation places for asylum seekers throughout the national territory, and their allocation thereto. In parallel and in compliance with the national reception scheme, regional schemes are defined and implemented by Prefects in each region. All asylum seekers are offered material reception conditions under Article L. 551-9 Ceseda.",-13.263854026794434,50
83,3776,syri20266_chunk017,Armed Conflict and Regional Instability,"SNHR had not documented cases of government-perpetrated abuses specifically targeting women, but there had been reports of kidnappings by unidentified armed groups, particularly in Homs, where the bodies of several abducted women were later found. The perpetrators and motives remain unknown. In general, the situation of women with regard to freedom of movement varies across Syria.",-13.426253318786621,51
83,3840,syri20267_chunk017,Armed Conflict and Regional Instability,"SNHR had not documented cases of government-perpetrated abuses specifically targeting women, but there had been reports of kidnappings by unidentified armed groups, particularly in Homs, where the bodies of several abducted women were later found. The perpetrators and motives remain unknown. In general, the situation of women with regard to freedom of movement varies across Syria.",-13.426253318786621,52
83,4814,kina20261_chunk040,Armed Conflict and Regional Instability,"Endelig beskriver rapporten, at udrejsekontrollen understøttes af centraliserede databaser, nationale og regionale stoplister samt biometrisk identitetskontrol og ansigtsgenkendelsesteknologi, hvilket muliggør effektiv identifikation af personer, der ikke er udrejseberettigede, ved lovlige grænseovergange.",-13.480741500854492,53
83,3533,syri20261_chunk019,Armed Conflict and Regional Instability,"In addition to a woman’s religious background and appearance, the way she is treated depends on her social class, income, and family background; wealthier or well-connected women are usually treated more fairly and respectfully than poorer women without influence. 8.1.2. Regional variations. The situation of women also varies significantly between regions.",-13.565019607543945,54
83,3594,syri20263_chunk017,Armed Conflict and Regional Instability,"In addition to a woman’s religious background and appearance, the way she is treated depends on her social class, income, and family background; wealthier or well-connected women are usually treated more fairly and respectfully than poorer women without influence. 8.1.2. Regional variations. The situation of women also varies significantly between regions.",-13.565019607543945,55
83,3664,syri20262_chunk022,Armed Conflict and Regional Instability,"In addition to a woman’s religious background and appearance, the way she is treated depends on her social class, income, and family background; wealthier or well-connected women are usually treated more fairly and respectfully than poorer women without influence. 8.1.2. Regional variations. The situation of women also varies significantly between regions.",-13.565019607543945,56
83,3781,syri20266_chunk022,Armed Conflict and Regional Instability,"In addition to a woman’s religious background and appearance, the way she is treated depends on her social class, income, and family background; wealthier or well-connected women are usually treated more fairly and respectfully than poorer women without influence. 8.1.2. Regional variations. The situation of women also varies significantly between regions.",-13.565019607543945,57
83,3845,syri20267_chunk022,Armed Conflict and Regional Instability,"In addition to a woman’s religious background and appearance, the way she is treated depends on her social class, income, and family background; wealthier or well-connected women are usually treated more fairly and respectfully than poorer women without influence. 8.1.2. Regional variations. The situation of women also varies significantly between regions.",-13.565019607543945,58
84,2627,etio20263_chunk005,Female Genital Mutilation Ethiopia,"13 i EUAA’s COI-rapport, ”Fe¬male Genital Mutilation/Cutting in Ethiopia, Country of Origin Information Report May, 2022”, og senest s. 12 i Or¬chid Project-rapporten, ”FGM/C in the Horn of Africa: Signs of Change”, der er udgivet i april 2025, at udførelsen af omskæring er strafbart efter den etiopiske straffelov, hvilket det har været siden 2005. Af s.",-0.0042302412912249565,0
84,2628,etio20263_chunk006,Female Genital Mutilation Ethiopia,"8 i sidstnævnte rapport fremgår endvidere, at ”There are strong government stances on FGM/C in Kenya, Ethiopia and Somaliland, but less so in Somalia, which is affected mainly by fragility”, og det er angivet, at der – i modsætning til f.eks.",-0.01739097386598587,1
84,723,rusl202634_chunk032,Female Genital Mutilation Ethiopia,"Moreover, the authorities have reportedly also used such methods as kidnappings of relatives and threatened to ‘dishonour’ female family members of men refusing to join the military, as reported by the opposition movement NIYSO.",-12.692279815673828,2
84,772,rusl202635_chunk033,Female Genital Mutilation Ethiopia,"Moreover, the authorities have reportedly also used such methods as kidnappings of relatives and threatened to ‘dishonour’ female family members of men refusing to join the military, as reported by the opposition movement NIYSO.",-12.692279815673828,3
84,5835,erit20261_chunk035,Female Genital Mutilation Ethiopia,"An international organisation, based in Ethiopia, advised that family members of draft evaders or deserters who fled the country are held accountable to pay a fine. According to an academic researcher, Tanja R. Müller, these families had previously been asked to pay an amount of money, but she had not heard about this being requested from her acquaintances in Eritrea for quite a while now. 37.",-13.089150428771973,4
84,1108,dub-bulg20261_chunk040,Female Genital Mutilation Ethiopia,"At Busmantsi, ECPT also noted that female detainees were obliged to share the same communal toilets and showers with the men, while toilet doors could not be locked, and shower cabins had no doors. Access to open-air spaces is provided twice a day for a period of one hour each, the spaces in all detention centres are of adequate size.",-13.258030891418457,5
84,3815,syri20266_chunk056,Female Genital Mutilation Ethiopia,"Some female-headed households return while husbands remain abroad (e.g., in Lebanon or Türkiye) to secure income, illustrating cross border family dependence.",-13.405001640319824,6
84,3879,syri20267_chunk056,Female Genital Mutilation Ethiopia,"Some female-headed households return while husbands remain abroad (e.g., in Lebanon or Türkiye) to secure income, illustrating cross border family dependence.",-13.405001640319824,7
84,3877,syri20267_chunk054,Female Genital Mutilation Ethiopia,"Nevertheless, the source noted certain trends: single women and female-headed households may face heightened vulnerability upon return and often rely on family members due to limited economic independence.",-13.444499969482422,8
84,3566,syri20261_chunk052,Female Genital Mutilation Ethiopia,"Some female-headed households return while husbands remain abroad (e.g., in Lebanon or Türkiye) to secure income, illustrating cross border family dependence.",-13.501629829406738,9
84,3627,syri20263_chunk050,Female Genital Mutilation Ethiopia,"Some female-headed households return while husbands remain abroad (e.g., in Lebanon or Türkiye) to secure income, illustrating cross border family dependence.",-13.501629829406738,10
84,3697,syri20262_chunk055,Female Genital Mutilation Ethiopia,"Some female-headed households return while husbands remain abroad (e.g., in Lebanon or Türkiye) to secure income, illustrating cross border family dependence.",-13.501629829406738,11
84,3553,syri20261_chunk039,Female Genital Mutilation Ethiopia,"An international NGO found it very difficult to generalise about the situation of single women returning, as it depends on a number of factors, including conditions in the area of return, the individual woman’s economic situation etc. However, single women and female-headed households constitute a particularly vulnerable group upon return.",-13.693839073181152,12
84,3614,syri20263_chunk037,Female Genital Mutilation Ethiopia,"An international NGO found it very difficult to generalise about the situation of single women returning, as it depends on a number of factors, including conditions in the area of return, the individual woman’s economic situation etc. However, single women and female-headed households constitute a particularly vulnerable group upon return.",-13.693839073181152,13
84,3684,syri20262_chunk042,Female Genital Mutilation Ethiopia,"An international NGO found it very difficult to generalise about the situation of single women returning, as it depends on a number of factors, including conditions in the area of return, the individual woman’s economic situation etc. However, single women and female-headed households constitute a particularly vulnerable group upon return.",-13.708725929260254,14
84,3801,syri20266_chunk042,Female Genital Mutilation Ethiopia,"An international NGO found it very difficult to generalise about the situation of single women returning, as it depends on a number of factors, including conditions in the area of return, the individual woman’s economic situation etc. However, single women and female-headed households constitute a particularly vulnerable group upon return.",-13.708725929260254,15
84,3865,syri20267_chunk042,Female Genital Mutilation Ethiopia,"An international NGO found it very difficult to generalise about the situation of single women returning, as it depends on a number of factors, including conditions in the area of return, the individual woman’s economic situation etc. However, single women and female-headed households constitute a particularly vulnerable group upon return.",-13.708725929260254,16
84,3557,syri20261_chunk043,Female Genital Mutilation Ethiopia,"Female public-sector employees seeking to reclaim their former positions have been unable to do so, as personnel from the previous administration continue to occupy these posts despite the establishment of the new government. For single women and elderly people, reintegration heavily depends on access to a supportive family network.",-13.828051567077637,17
84,3618,syri20263_chunk041,Female Genital Mutilation Ethiopia,"Female public-sector employees seeking to reclaim their former positions have been unable to do so, as personnel from the previous administration continue to occupy these posts despite the establishment of the new government. For single women and elderly people, reintegration heavily depends on access to a supportive family network.",-13.828051567077637,18
84,3688,syri20262_chunk046,Female Genital Mutilation Ethiopia,"Female public-sector employees seeking to reclaim their former positions have been unable to do so, as personnel from the previous administration continue to occupy these posts despite the establishment of the new government. For single women and elderly people, reintegration heavily depends on access to a supportive family network.",-13.828051567077637,19
84,3805,syri20266_chunk046,Female Genital Mutilation Ethiopia,"Female public-sector employees seeking to reclaim their former positions have been unable to do so, as personnel from the previous administration continue to occupy these posts despite the establishment of the new government. For single women and elderly people, reintegration heavily depends on access to a supportive family network.",-13.828051567077637,20
84,3869,syri20267_chunk046,Female Genital Mutilation Ethiopia,"Female public-sector employees seeking to reclaim their former positions have been unable to do so, as personnel from the previous administration continue to occupy these posts despite the establishment of the new government. For single women and elderly people, reintegration heavily depends on access to a supportive family network.",-13.828051567077637,21
84,3564,syri20261_chunk050,Female Genital Mutilation Ethiopia,"Nevertheless, the source noted certain trends: single women and female-headed households may face heightened vulnerability upon return and often rely on family members due to limited economic independence.",-14.076029777526855,22
84,3625,syri20263_chunk048,Female Genital Mutilation Ethiopia,"Nevertheless, the source noted certain trends: single women and female-headed households may face heightened vulnerability upon return and often rely on family members due to limited economic independence.",-14.076029777526855,23
84,3695,syri20262_chunk053,Female Genital Mutilation Ethiopia,"Nevertheless, the source noted certain trends: single women and female-headed households may face heightened vulnerability upon return and often rely on family members due to limited economic independence.",-14.076029777526855,24
84,3813,syri20266_chunk054,Female Genital Mutilation Ethiopia,"Nevertheless, the source noted certain trends: single women and female-headed households may face heightened vulnerability upon return and often rely on family members due to limited economic independence.",-14.076029777526855,25
84,3872,syri20267_chunk049,Female Genital Mutilation Ethiopia,"This includes reconnecting with relatives to clarify potential inheritance rights while coping with the emotional challenge of deciding whether to declare their husband deceased or continue searching for him. There are also cases of female-headed households returning to Syria while the husband remains abroad, for instance in Lebanon or Türkiye, to secure an income for the family.",-14.31298828125,26
84,3543,syri20261_chunk029,Female Genital Mutilation Ethiopia,"However, a female activist said she had neither witnessed nor heard of any cases in which Syrian women were assaulted for not wearing the Islamic veil anywhere in the country. She added that when meeting female Alawites at civil society activities, they told her they faced no restrictions on their freedom to dress as they wished.",-14.398333549499512,27
84,3604,syri20263_chunk027,Female Genital Mutilation Ethiopia,"However, a female activist said she had neither witnessed nor heard of any cases in which Syrian women were assaulted for not wearing the Islamic veil anywhere in the country. She added that when meeting female Alawites at civil society activities, they told her they faced no restrictions on their freedom to dress as they wished.",-14.408914566040039,28
84,3674,syri20262_chunk032,Female Genital Mutilation Ethiopia,"However, a female activist said she had neither witnessed nor heard of any cases in which Syrian women were assaulted for not wearing the Islamic veil anywhere in the country. She added that when meeting female Alawites at civil society activities, they told her they faced no restrictions on their freedom to dress as they wished.",-14.408914566040039,29
84,3791,syri20266_chunk032,Female Genital Mutilation Ethiopia,"However, a female activist said she had neither witnessed nor heard of any cases in which Syrian women were assaulted for not wearing the Islamic veil anywhere in the country. She added that when meeting female Alawites at civil society activities, they told her they faced no restrictions on their freedom to dress as they wished.",-14.408914566040039,30
84,3560,syri20261_chunk046,Female Genital Mutilation Ethiopia,"This includes reconnecting with relatives to clarify potential inheritance rights while coping with the emotional challenge of deciding whether to declare their husband deceased or continue searching for him. There are also cases of female-headed households returning to Syria while the husband remains abroad, for instance in Lebanon or Türkiye, to secure an income for the family.",-14.550333976745605,31
84,3621,syri20263_chunk044,Female Genital Mutilation Ethiopia,"This includes reconnecting with relatives to clarify potential inheritance rights while coping with the emotional challenge of deciding whether to declare their husband deceased or continue searching for him. There are also cases of female-headed households returning to Syria while the husband remains abroad, for instance in Lebanon or Türkiye, to secure an income for the family.",-14.550333976745605,32
84,3691,syri20262_chunk049,Female Genital Mutilation Ethiopia,"This includes reconnecting with relatives to clarify potential inheritance rights while coping with the emotional challenge of deciding whether to declare their husband deceased or continue searching for him. There are also cases of female-headed households returning to Syria while the husband remains abroad, for instance in Lebanon or Türkiye, to secure an income for the family.",-14.550333976745605,33
84,3808,syri20266_chunk049,Female Genital Mutilation Ethiopia,"This includes reconnecting with relatives to clarify potential inheritance rights while coping with the emotional challenge of deciding whether to declare their husband deceased or continue searching for him. There are also cases of female-headed households returning to Syria while the husband remains abroad, for instance in Lebanon or Türkiye, to secure an income for the family.",-14.550333976745605,34
84,3855,syri20267_chunk032,Female Genital Mutilation Ethiopia,"However, a female activist said she had neither witnessed nor heard of any cases in which Syrian women were assaulted for not wearing the Islamic veil any-where in the country. She added that when meeting female Alawites at civil society activities, they told her they faced no restrictions on their freedom to dress as they wished.",-14.618846893310547,35
88,3537,syri20261_chunk023,Syrian Kidnappings And Protection Failures,"In cases of kidnapping and rape of Alawite or Druze women, the authorities failed to protect them and only reacted superficially after the cases received widespread publicity, according to a Syrian human rights organisation. In a recent case in Hama, the identities of the men who raped an Alawite woman were widely known; however, the perpetrators had not been arrested.",-0.002605617046356201,0
88,3598,syri20263_chunk021,Syrian Kidnappings And Protection Failures,"In cases of kidnapping and rape of Alawite or Druze women, the authorities failed to protect them and only reacted superficially after the cases received widespread publicity, according to a Syrian human rights organisation. In a recent case in Hama, the identities of the men who raped an Alawite woman were widely known; however, the perpetrators had not been arrested.",-0.002605617046356201,1
88,3668,syri20262_chunk026,Syrian Kidnappings And Protection Failures,"In cases of kidnapping and rape of Alawite or Druze women, the authorities failed to protect them and only reacted superficially after the cases received widespread publicity, according to a Syrian human rights organisation. In a recent case in Hama, the identities of the men who raped an Alawite woman were widely known; however, the perpetrators had not been arrested.",-0.002605617046356201,2
88,3785,syri20266_chunk026,Syrian Kidnappings And Protection Failures,"In cases of kidnapping and rape of Alawite or Druze women, the authorities failed to protect them and only reacted superficially after the cases received widespread publicity, according to a Syrian human rights organisation. In a recent case in Hama, the identities of the men who raped an Alawite woman were widely known; however, the perpetrators had not been arrested.",-0.002605617046356201,3
88,3849,syri20267_chunk026,Syrian Kidnappings And Protection Failures,"In cases of kidnapping and rape of Alawite or Druze women, the authorities failed to protect them and only reacted superficially after the cases received widespread publicity, according to a Syrian human rights organisation. In a recent case in Hama, the identities of the men who raped an Alawite woman were widely known; however, the perpetrators had not been arrested.",-0.002605617046356201,4
88,3528,syri20261_chunk014,Syrian Kidnappings And Protection Failures,"SNHR had not documented cases of government-perpetrated abuses specifically targeting women, but there had been reports of kidnappings by unidentified armed groups, particularly in Homs, where the bodies of several abducted women were later found. The perpetrators and motives remain unknown. In general, the situation of women with regard to freedom of movement varies across Syria.",-0.0825359895825386,5
88,3589,syri20263_chunk012,Syrian Kidnappings And Protection Failures,"SNHR had not documented cases of government-perpetrated abuses specifically targeting women, but there had been reports of kidnappings by unidentified armed groups, particularly in Homs, where the bodies of several abducted women were later found. The perpetrators and motives remain unknown. In general, the situation of women with regard to freedom of movement varies across Syria.",-0.0825359895825386,6
88,3659,syri20262_chunk017,Syrian Kidnappings And Protection Failures,"SNHR had not documented cases of government-perpetrated abuses specifically targeting women, but there had been reports of kidnappings by unidentified armed groups, particularly in Homs, where the bodies of several abducted women were later found. The perpetrators and motives remain unknown. In general, the situation of women with regard to freedom of movement varies across Syria.",-0.0825359895825386,7
88,3776,syri20266_chunk017,Syrian Kidnappings And Protection Failures,"SNHR had not documented cases of government-perpetrated abuses specifically targeting women, but there had been reports of kidnappings by unidentified armed groups, particularly in Homs, where the bodies of several abducted women were later found. The perpetrators and motives remain unknown. In general, the situation of women with regard to freedom of movement varies across Syria.",-0.0825359895825386,8
88,3840,syri20267_chunk017,Syrian Kidnappings And Protection Failures,"SNHR had not documented cases of government-perpetrated abuses specifically targeting women, but there had been reports of kidnappings by unidentified armed groups, particularly in Homs, where the bodies of several abducted women were later found. The perpetrators and motives remain unknown. In general, the situation of women with regard to freedom of movement varies across Syria.",-0.0825359895825386,9
88,3744,syri20264_chunk038,Syrian Kidnappings And Protection Failures,"Isolated revenge attacks or kidnappings by unidentified groups targeting Kurds originating from the areas controlled by the interim government have also been recorded, but according to SNHR, these do not constitute a systematic pattern.” De nyeste oplysninger om forholdene for kurdere i Syrien tyder på, at der er sket en vis forværring af situationen for kurdere i forhold til beskrivelsen ovenfor ",-0.11008135974407196,10
88,3535,syri20261_chunk021,Syrian Kidnappings And Protection Failures,"Government protection for women against violence or harassment is generally insufficient — for example, in cases of abduction in the coastal areas, Suweida, and parts of Homs, and Damascus. Many women do not even report incidents to the police, presumably because they do not trust the authorities.",-0.12222786247730255,11
88,3596,syri20263_chunk019,Syrian Kidnappings And Protection Failures,"Government protection for women against violence or harassment is generally insufficient — for example, in cases of abduction in the coastal areas, Suweida, and parts of Homs, and Damascus. Many women do not even report incidents to the police, presumably because they do not trust the authorities.",-0.12222786247730255,12
88,3666,syri20262_chunk024,Syrian Kidnappings And Protection Failures,"Government protection for women against violence or harassment is generally insufficient — for example, in cases of abduction in the coastal areas, Suweida, and parts of Homs, and Damascus. Many women do not even report incidents to the police, presumably because they do not trust the authorities.",-0.1264009177684784,13
88,3783,syri20266_chunk024,Syrian Kidnappings And Protection Failures,"Government protection for women against violence or harassment is generally insufficient — for example, in cases of abduction in the coastal areas, Suweida, and parts of Homs, and Damascus. Many women do not even report incidents to the police, presumably because they do not trust the authorities.",-0.1264009177684784,14
88,3847,syri20267_chunk024,Syrian Kidnappings And Protection Failures,"Government protection for women against violence or harassment is generally insufficient — for example, in cases of abduction in the coastal areas, Suweida, and parts of Homs, and Damascus. Many women do not even report incidents to the police, presumably because they do not trust the authorities.",-0.1264009177684784,15
88,3538,syri20261_chunk024,Syrian Kidnappings And Protection Failures,"The Syrian Women’s Political Movement interviewed by DIS noted, however, that — after an increase in kidnappings in the coastal areas — the authorities began to intervene more actively, following pressure from civil society and women’s groups.",-0.2696235179901123,16
88,3599,syri20263_chunk022,Syrian Kidnappings And Protection Failures,"The Syrian Women’s Political Movement interviewed by DIS noted, however, that — after an increase in kidnappings in the coastal areas — the authorities began to intervene more actively, following pressure from civil society and women’s groups.",-0.2696235179901123,17
88,3669,syri20262_chunk027,Syrian Kidnappings And Protection Failures,"The Syrian Women’s Political Movement interviewed by DIS noted, however, that — after an increase in kidnappings in the coastal areas — the authorities began to intervene more actively, following pressure from civil society and women’s groups.",-0.2696235179901123,18
88,3786,syri20266_chunk027,Syrian Kidnappings And Protection Failures,"The Syrian Women’s Political Movement interviewed by DIS noted, however, that — after an increase in kidnappings in the coastal areas — the authorities began to intervene more actively, following pressure from civil society and women’s groups.",-0.3433021008968353,19
88,3850,syri20267_chunk027,Syrian Kidnappings And Protection Failures,"The Syrian Women’s Political Movement interviewed by DIS noted, however, that — after an increase in kidnappings in the coastal areas — the authorities began to intervene more actively, following pressure from civil society and women’s groups.",-0.3433021008968353,20
88,3524,syri20261_chunk010,Syrian Kidnappings And Protection Failures,"Despite these legal guarantees by the interim government, Syrian women continue to face major barriers to equality due to discriminatory laws, conservative social norms, and limited protection. A Syrian human rights organisation expressed concern that the new authorities hold restrictive views on women’s role in society.",-1.4917175769805908,21
88,3585,syri20263_chunk008,Syrian Kidnappings And Protection Failures,"Despite these legal guarantees by the interim government, Syrian women continue to face major barriers to equality due to discriminatory laws, conservative social norms, and limited protection. A Syrian human rights organisation expressed concern that the new authorities hold restrictive views on women’s role in society.",-1.4917175769805908,22
88,3545,syri20261_chunk031,Syrian Kidnappings And Protection Failures,"According to SNHR, daily life, including access to public services, reportedly remains largely unchanged, with no notable improvement or deterioration in women’s rights or protection. However, according to the Syrian Women’s Political Movement, public services have improved in some areas, while in others they have deteriorated.",-2.537022352218628,23
88,3606,syri20263_chunk029,Syrian Kidnappings And Protection Failures,"According to SNHR, daily life, including access to public services, reportedly remains largely unchanged, with no notable improvement or deterioration in women’s rights or protection. However, according to the Syrian Women’s Political Movement, public services have improved in some areas, while in others they have deteriorated.",-2.537022352218628,24
88,3676,syri20262_chunk034,Syrian Kidnappings And Protection Failures,"According to SNHR, daily life, including access to public services, reportedly remains largely unchanged, with no notable improvement or deterioration in women’s rights or protection. However, according to the Syrian Women’s Political Movement, public services have improved in some areas, while in others they have deteriorated.",-2.537022352218628,25
88,3793,syri20266_chunk034,Syrian Kidnappings And Protection Failures,"According to SNHR, daily life, including access to public services, reportedly remains largely unchanged, with no notable improvement or deterioration in women’s rights or protection. However, according to the Syrian Women’s Political Movement, public services have improved in some areas, while in others they have deteriorated.",-2.537022352218628,26
88,3857,syri20267_chunk034,Syrian Kidnappings And Protection Failures,"According to SNHR, daily life, including access to public services, reportedly remains largely unchanged, with no notable improvement or deterioration in women’s rights or protection. However, according to the Syrian Women’s Political Movement, public services have improved in some areas, while in others they have deteriorated.",-2.537022352218628,27
88,3655,syri20262_chunk013,Syrian Kidnappings And Protection Failures,"Despite these legal guarantees by the interim government, Syrian women continue to face major barriers to equality due to discriminatory laws, conservative social norms, and limited protection. A Syrian human rights organisation expressed concern that the new authorities hold restrictive views on women’s role in society.",-3.261267900466919,28
88,3772,syri20266_chunk013,Syrian Kidnappings And Protection Failures,"Despite these legal guarantees by the interim government, Syrian women continue to face major barriers to equality due to discriminatory laws, conservative social norms, and limited protection. A Syrian human rights organisation expressed concern that the new authorities hold restrictive views on women’s role in society.",-3.261267900466919,29
88,3836,syri20267_chunk013,Syrian Kidnappings And Protection Failures,"Despite these legal guarantees by the interim government, Syrian women continue to face major barriers to equality due to discriminatory laws, conservative social norms, and limited protection. A Syrian human rights organisation expressed concern that the new authorities hold restrictive views on women’s role in society.",-3.261267900466919,30
88,723,rusl202634_chunk032,Syrian Kidnappings And Protection Failures,"Moreover, the authorities have reportedly also used such methods as kidnappings of relatives and threatened to ‘dishonour’ female family members of men refusing to join the military, as reported by the opposition movement NIYSO.",-4.8524169921875,31
88,772,rusl202635_chunk033,Syrian Kidnappings And Protection Failures,"Moreover, the authorities have reportedly also used such methods as kidnappings of relatives and threatened to ‘dishonour’ female family members of men refusing to join the military, as reported by the opposition movement NIYSO.",-4.8524169921875,32
88,3551,syri20261_chunk037,Syrian Kidnappings And Protection Failures,"When the men were later killed, disappeared, or returned to their home countries, the women were left without legal proof of marriage and therefore could not register their children. Although Syrian law states that a child of an unknown father can be registered as a Syrian citizen, this is rarely implemented in practice.",-5.173834800720215,33
88,3612,syri20263_chunk035,Syrian Kidnappings And Protection Failures,"When the men were later killed, disappeared, or returned to their home countries, the women were left without legal proof of marriage and therefore could not register their children. Although Syrian law states that a child of an unknown father can be registered as a Syrian citizen, this is rarely implemented in practice.",-5.173834800720215,34
88,3682,syri20262_chunk040,Syrian Kidnappings And Protection Failures,"When the men were later killed, disappeared, or returned to their home countries, the women were left without legal proof of marriage and therefore could not register their children. Although Syrian law states that a child of an unknown father can be registered as a Syrian citizen, this is rarely implemented in practice.",-5.173834800720215,35
88,3799,syri20266_chunk040,Syrian Kidnappings And Protection Failures,"When the men were later killed, disappeared, or returned to their home countries, the women were left without legal proof of marriage and therefore could not register their children. Although Syrian law states that a child of an unknown father can be registered as a Syrian citizen, this is rarely implemented in practice.",-5.173834800720215,36
88,3863,syri20267_chunk040,Syrian Kidnappings And Protection Failures,"When the men were later killed, disappeared, or returned to their home countries, the women were left without legal proof of marriage and therefore could not register their children. Although Syrian law states that a child of an unknown father can be registered as a Syrian citizen, this is rarely implemented in practice.",-5.173834800720215,37
88,3667,syri20262_chunk025,Syrian Kidnappings And Protection Failures,"A Syrian human rights organisation was aware of only one case, involving a woman from the coastal area who filed a rape complaint. In regions dominated by armed groups or conservative factions, individuals targeting women are not being held accountable.",-5.742342472076416,38
88,3784,syri20266_chunk025,Syrian Kidnappings And Protection Failures,"A Syrian human rights organisation was aware of only one case, involving a woman from the coastal area who filed a rape complaint. In regions dominated by armed groups or conservative factions, individuals targeting women are not being held accountable.",-5.742342472076416,39
88,3848,syri20267_chunk025,Syrian Kidnappings And Protection Failures,"A Syrian human rights organisation was aware of only one case, involving a woman from the coastal area who filed a rape complaint. In regions dominated by armed groups or conservative factions, individuals targeting women are not being held accountable.",-5.742342472076416,40
88,3536,syri20261_chunk022,Syrian Kidnappings And Protection Failures,"A Syrian human rights organisation was aware of only one case, involving a woman from the coastal area who filed a rape complaint. In regions dominated by armed groups or conservative factions, individuals targeting women are not being held accountable.",-6.009823799133301,41
88,3597,syri20263_chunk020,Syrian Kidnappings And Protection Failures,"A Syrian human rights organisation was aware of only one case, involving a woman from the coastal area who filed a rape complaint. In regions dominated by armed groups or conservative factions, individuals targeting women are not being held accountable.",-6.009823799133301,42
88,3590,syri20263_chunk013,Syrian Kidnappings And Protection Failures,"In Damascus, many women move around independently but take precautions, while in smaller towns and rural areas stricter cultural norms limit their mobility. In the coastal region, fears of kidnapping by armed groups have led some women to leave university and kept girls from attending school. In Aleppo, some women covered their hair to avoid harassment.",-6.959808349609375,43
88,3660,syri20262_chunk018,Syrian Kidnappings And Protection Failures,"In Damascus, many women move around independently but take precautions, while in smaller towns and rural areas stricter cultural norms limit their mobility. In the coastal region, fears of kidnapping by armed groups have led some women to leave university and kept girls from attending school. In Aleppo, some women covered their hair to avoid harassment.",-6.959808349609375,44
88,3777,syri20266_chunk018,Syrian Kidnappings And Protection Failures,"In Damascus, many women move around independently but take precautions, while in smaller towns and rural areas stricter cultural norms limit their mobility. In the coastal region, fears of kidnapping by armed groups have led some women to leave university and kept girls from attending school. In Aleppo, some women covered their hair to avoid harassment.",-6.959808349609375,45
88,3841,syri20267_chunk018,Syrian Kidnappings And Protection Failures,"In Damascus, many women move around independently but take precautions, while in smaller towns and rural areas stricter cultural norms limit their mobility. In the coastal region, fears of kidnapping by armed groups have led some women to leave university and kept girls from attending school. In Aleppo, some women covered their hair to avoid harassment.",-6.959808349609375,46
88,3539,syri20261_chunk025,Syrian Kidnappings And Protection Failures,"Yet the lack of a neutral investigation of subsequent abductions of several women in Suweida means that it is still not possible to determine which actors were behind the kidnappings or to hold anyone accountable. 8.1.3. Precautionary measures and dress code. In order to minimise the risk of harassment or abuse, some women reportedly adjust their behaviour.",-7.839587211608887,47
88,3851,syri20267_chunk028,Syrian Kidnappings And Protection Failures,"Yet the lack of a neutral investigation of subsequent abductions of several women in Suweida means that it is still not possible to determine which actors were be-hind the kidnappings or to hold anyone accountable. 8.1.3. Precautionary measures and dress code. In order to minimise the risk of harassment or abuse, some women reportedly adjust their behaviour.",-7.93563175201416,48
88,3600,syri20263_chunk023,Syrian Kidnappings And Protection Failures,"Yet the lack of a neutral investigation of subsequent abductions of several women in Suweida means that it is still not possible to determine which actors were behind the kidnappings or to hold anyone accountable. 8.1.3. Precautionary measures and dress code. In order to minimise the risk of harassment or abuse, some women reportedly adjust their behaviour.",-8.11658000946045,49
88,3670,syri20262_chunk028,Syrian Kidnappings And Protection Failures,"Yet the lack of a neutral investigation of subsequent abductions of several women in Suweida means that it is still not possible to determine which actors were behind the kidnappings or to hold anyone accountable. 8.1.3. Precautionary measures and dress code. In order to minimise the risk of harassment or abuse, some women reportedly adjust their behaviour.",-8.11658000946045,50
88,3787,syri20266_chunk028,Syrian Kidnappings And Protection Failures,"Yet the lack of a neutral investigation of subsequent abductions of several women in Suweida means that it is still not possible to determine which actors were behind the kidnappings or to hold anyone accountable. 8.1.3. Precautionary measures and dress code. In order to minimise the risk of harassment or abuse, some women reportedly adjust their behaviour.",-8.11658000946045,51
88,3529,syri20261_chunk015,Syrian Kidnappings And Protection Failures,"In Damascus, many women move around independently but take precautions, while in smaller towns and rural areas stricter cultural norms limit their mobility. In the coastal region, fears of kidnapping by armed groups have led some women to leave university and kept girls from attending school. In Aleppo, some women covered their hair to avoid harassment.",-8.124902725219727,52
88,3523,syri20261_chunk009,Syrian Kidnappings And Protection Failures,"Article 21 states that the Syrian state shall uphold women’s social status, protect their dignity, and support their role within both the family and society. It guarantees their rights to education and employment, as well as the protection of their social, economic, and political rights. The article also commits to safeguarding women from all forms of oppression, injustice, and violence.",-8.494726181030273,53
88,3771,syri20266_chunk012,Syrian Kidnappings And Protection Failures,"Article 21 states that the Syrian state shall uphold women’s social status, protect their dignity, and support their role within both the family and society. It guarantees their rights to education and employment, as well as the protection of their social, economic, and political rights. The article also commits to safeguarding women from all forms of oppression, injustice, and violence.",-8.494726181030273,54
88,3835,syri20267_chunk012,Syrian Kidnappings And Protection Failures,"Article 21 states that the Syrian state shall uphold women’s social status, protect their dignity, and support their role within both the family and society. It guarantees their rights to education and employment, as well as the protection of their social, economic, and political rights. The article also commits to safeguarding women from all forms of oppression, injustice, and violence.",-8.494726181030273,55
88,2494,dub-belg20261_chunk026,Syrian Kidnappings And Protection Failures,"The Federal Mediator has received many complaints about this issue in the last years, including from families with minor children, having been refused reception after lodging a subsequent application for international protection.",-9.891829490661621,56
88,2551,dub-belg20262_chunk032,Syrian Kidnappings And Protection Failures,"The Federal Mediator has received many complaints about this issue in the last years, including from families with minor children, having been refused reception after lodging a subsequent application for international protection.",-9.891829490661621,57
88,3611,syri20263_chunk034,Syrian Kidnappings And Protection Failures,"Women whose husbands are missing or deceased and those married to foreign nationals face severe administrative problems. The problem is most acute in the northwest where foreign fighters were present. During the conflict, some of these fighters married Syrian women in religious or informal ceremonies that were never officially registered and sometimes had children.",-10.249442100524902,58
88,3681,syri20262_chunk039,Syrian Kidnappings And Protection Failures,"Women whose husbands are missing or deceased and those married to foreign nationals face severe administrative problems. The problem is most acute in the northwest where foreign fighters were present. During the conflict, some of these fighters married Syrian women in religious or informal ceremonies that were never officially registered and sometimes had children.",-10.249442100524902,59
88,3798,syri20266_chunk039,Syrian Kidnappings And Protection Failures,"Women whose husbands are missing or deceased and those married to foreign nationals face severe administrative problems. The problem is most acute in the northwest where foreign fighters were present. During the conflict, some of these fighters married Syrian women in religious or informal ceremonies that were never officially registered and sometimes had children.",-10.249442100524902,60
88,3550,syri20261_chunk036,Syrian Kidnappings And Protection Failures,"Women whose husbands are missing or deceased and those married to foreign nationals face severe administrative problems. The problem is most acute in the northwest where foreign fighters were present. During the conflict, some of these fighters married Syrian women in religious or informal ceremonies that were never officially registered and sometimes had children.",-10.659080505371094,61
88,3862,syri20267_chunk039,Syrian Kidnappings And Protection Failures,"Women whose husbands are missing or deceased and those married to foreign nationals face severe administrative problems. The problem is most acute in the northwest where foreign fighters were present. During the conflict, some of these fighters married Syrian women in religious or informal ceremonies that were never officially registered and sometimes had children.",-10.659080505371094,62
88,3637,syri20263_chunk060,Syrian Kidnappings And Protection Failures,"According to a Syrian lawyer DIS consulted, individuals perceived as politically active or critical of the authorities may face reprisals comparable to those experienced by government critics of any background.",-10.832192420959473,63
88,3731,syri20264_chunk025,Syrian Kidnappings And Protection Failures,"According to a Syrian lawyer DIS consulted, individuals perceived as politically active or critical of the authorities may face reprisals comparable to those experienced by government critics of any background.",-10.832192420959473,64
88,3735,syri20264_chunk029,Syrian Kidnappings And Protection Failures,"The source emphasised, however, that the current broader economic crisis affects Kurds in the same way as all other Syrians. The same source stated that Kurds residing abroad are reportedly able to return without facing administrative or security obstacles, and the source personally knows of several such cases.",-10.961274147033691,65
88,3739,syri20264_chunk033,Syrian Kidnappings And Protection Failures,"One concern noted among Kurds in Damascus is a persistent sense of fear regarding potential repercussions if tensions between the authorities and the Syrian Democratic Forces (SDF) escalate, according to a Kurdish activist. Reported isolated incidents involving Kurds primarily relate to individuals originating from outside Damascus.",-11.876092910766602,66
88,3641,syri20263_chunk064,Syrian Kidnappings And Protection Failures,"The source emphasised, however, that the current broader economic crisis affects Kurds in the same way as all other Syrians. The same so...",-12.042585372924805,67
88,3737,syri20264_chunk031,Syrian Kidnappings And Protection Failures,"A Kurdish activist interviewed by DIS stated that this would have been inconceivable under the former government. As regards the status of stateless and naturalised Kurds, a source stated that the current authorities have not revoked the Syrian citizenship of the Ajanib — Kurds from Hasakah who were naturalized in 2011 by the former government.",-12.04278564453125,68
88,3656,syri20262_chunk014,Syrian Kidnappings And Protection Failures,"At the same time, isolated cases of women being appointed to prominent positions have been reported, including a feminist Christian woman who was a member of the Syrian National Dialogue Committee, serving as Minister of Labour and Social Affairs, and several women as university deans.",-12.14391040802002,69
88,3773,syri20266_chunk014,Syrian Kidnappings And Protection Failures,"At the same time, isolated cases of women being appointed to prominent positions have been reported, including a feminist Christian woman who was a member of the Syrian National Dialogue Committee, serving as Minister of Labour and Social Affairs, and several women as university deans.",-12.14391040802002,70
88,3837,syri20267_chunk014,Syrian Kidnappings And Protection Failures,"At the same time, isolated cases of women being appointed to prominent positions have been reported, including a feminist Christian woman who was a member of the Syrian National Dialogue Committee, serving as Minister of Labour and Social Affairs, and several women as university deans.",-12.14391040802002,71
88,3674,syri20262_chunk032,Syrian Kidnappings And Protection Failures,"However, a female activist said she had neither witnessed nor heard of any cases in which Syrian women were assaulted for not wearing the Islamic veil anywhere in the country. She added that when meeting female Alawites at civil society activities, they told her they faced no restrictions on their freedom to dress as they wished.",-12.183551788330078,72
88,3791,syri20266_chunk032,Syrian Kidnappings And Protection Failures,"However, a female activist said she had neither witnessed nor heard of any cases in which Syrian women were assaulted for not wearing the Islamic veil anywhere in the country. She added that when meeting female Alawites at civil society activities, they told her they faced no restrictions on their freedom to dress as they wished.",-12.183551788330078,73
88,3543,syri20261_chunk029,Syrian Kidnappings And Protection Failures,"However, a female activist said she had neither witnessed nor heard of any cases in which Syrian women were assaulted for not wearing the Islamic veil anywhere in the country. She added that when meeting female Alawites at civil society activities, they told her they faced no restrictions on their freedom to dress as they wished.",-12.188790321350098,74
88,3604,syri20263_chunk027,Syrian Kidnappings And Protection Failures,"However, a female activist said she had neither witnessed nor heard of any cases in which Syrian women were assaulted for not wearing the Islamic veil anywhere in the country. She added that when meeting female Alawites at civil society activities, they told her they faced no restrictions on their freedom to dress as they wished.",-12.188790321350098,75
88,3534,syri20261_chunk020,Syrian Kidnappings And Protection Failures,"Women in smaller towns and rural communities often live under stricter cultural norms and depend on family networks for protection; their main concern is harassment at checkpoints or by armed men, rather than actions by the regular police. In Damascus, on the other hand, many women go out alone and participate in daily life, but they take precautions.",-12.207958221435547,76
88,3595,syri20263_chunk018,Syrian Kidnappings And Protection Failures,"Women in smaller towns and rural communities often live under stricter cultural norms and depend on family networks for protection; their main concern is harassment at checkpoints or by armed men, rather than actions by the regular police. In Damascus, on the other hand, many women go out alone and participate in daily life, but they take precautions.",-12.207958221435547,77
88,3665,syri20262_chunk023,Syrian Kidnappings And Protection Failures,"Women in smaller towns and rural communities often live under stricter cultural norms and depend on family networks for protection; their main concern is harassment at checkpoints or by armed men, rather than actions by the regular police. In Damascus, on the other hand, many women go out alone and participate in daily life, but they take precautions.",-12.207958221435547,78
88,3782,syri20266_chunk023,Syrian Kidnappings And Protection Failures,"Women in smaller towns and rural communities often live under stricter cultural norms and depend on family networks for protection; their main concern is harassment at checkpoints or by armed men, rather than actions by the regular police. In Damascus, on the other hand, many women go out alone and participate in daily life, but they take precautions.",-12.207958221435547,79
88,3846,syri20267_chunk023,Syrian Kidnappings And Protection Failures,"Women in smaller towns and rural communities often live under stricter cultural norms and depend on family networks for protection; their main concern is harassment at checkpoints or by armed men, rather than actions by the regular police. In Damascus, on the other hand, many women go out alone and participate in daily life, but they take precautions.",-12.207958221435547,80
88,722,rusl202634_chunk031,Syrian Kidnappings And Protection Failures,"As noted by Memorial, while Ramzan Kadyrov claims that Chechnya deploys to Ukraine ‘volunteers’ and in numbers that ‘fulfilled the plan,’ Chechen security resort to such methods as pressure, threats, kidnapping, violence, fabrication of criminal cases, blackmailing, and extortion.",-12.253746032714844,81
88,771,rusl202635_chunk032,Syrian Kidnappings And Protection Failures,"As noted by Memorial, while Ramzan Kadyrov claims that Chechnya deploys to Ukraine ‘volunteers’ and in numbers that ‘fulfilled the plan,’ Chechen security resort to such methods as pressure, threats, kidnapping, violence, fabrication of criminal cases, blackmailing, and extortion.",-12.253746032714844,82
88,3635,syri20263_chunk058,Syrian Kidnappings And Protection Failures,"This report focuses on the situation of Kurds living in government-held areas and therefore does not cover the situation of Kurds in Northeast Syria, which remains under the de facto control of the Kurdish-led Syrian Democratic Forces (SDF). 5.1.",-12.306190490722656,83
88,3855,syri20267_chunk032,Syrian Kidnappings And Protection Failures,"However, a female activist said she had neither witnessed nor heard of any cases in which Syrian women were assaulted for not wearing the Islamic veil any-where in the country. She added that when meeting female Alawites at civil society activities, they told her they faced no restrictions on their freedom to dress as they wished.",-12.403229713439941,84
88,3525,syri20261_chunk011,Syrian Kidnappings And Protection Failures,"At the same time, isolated cases of women being appointed to prominent positions have been reported, including a feminist Christian woman who was a member of the Syrian National Dialogue Committee, serving as Minister of Labour and Social Affairs, and several women as university deans.",-12.6288480758667,85
88,3586,syri20263_chunk009,Syrian Kidnappings And Protection Failures,"At the same time, isolated cases of women being appointed to prominent positions have been reported, including a feminist Christian woman who was a member of the Syrian National Dialogue Committee, serving as Minister of Labour and Social Affairs, and several women as university deans.",-12.6288480758667,86
88,1399,dub-nede20265_chunk012,Syrian Kidnappings And Protection Failures,"Det fremgår om indkvarteringsforholdene blandt andet af rapportens side 19: “Less than half of the people entitled to reception conditions (i.e., asylum seekers), as well as beneficiaries of international protection who have not been offered housing yet, were staying in (crisis) emergency centers over the course of 2025 (32,842 out of 79,984 people).",-12.706940650939941,87
88,3729,syri20264_chunk023,Syrian Kidnappings And Protection Failures,"This report focuses on the situation of Kurds living in government-held areas and therefore does not cover the situation of Kurds in Northeast Syria, which remains under the de facto control of the Kurdish-led Syrian Democratic Forces (SDF). 5.1. Treatment of Kurds.",-12.716086387634277,88
88,3548,syri20261_chunk034,Syrian Kidnappings And Protection Failures,"In addition to their individual sectarian background and specific region, women face different challenges depending on their civil status. The situation of single, widowed, or divorced women has not changed or improved under the new government; they continue to face the same difficulties regarding employment, transport, housing, protection, and access to official documents.",-12.88177490234375,89
88,3609,syri20263_chunk032,Syrian Kidnappings And Protection Failures,"In addition to their individual sectarian background and specific region, women face different challenges depending on their civil status. The situation of single, widowed, or divorced women has not changed or improved under the new government; they continue to face the same difficulties regarding employment, transport, housing, protection, and access to official documents.",-12.88177490234375,90
88,3679,syri20262_chunk037,Syrian Kidnappings And Protection Failures,"In addition to their individual sectarian background and specific region, women face different challenges depending on their civil status. The situation of single, widowed, or divorced women has not changed or improved under the new government; they continue to face the same difficulties regarding employment, transport, housing, protection, and access to official documents.",-12.88177490234375,91
88,2475,dub-belg20261_chunk007,Syrian Kidnappings And Protection Failures,"After the application is transmitted, the CGRS first decides on the Admissibility of the claim by determining whether there are new elements which significantly add to the likelihood of the applicant qualifies as a beneficiary of international protection. The claim is deemed admissible because the previous application was terminated based on implicit withdrawal.",-12.885977745056152,92
88,2532,dub-belg20262_chunk013,Syrian Kidnappings And Protection Failures,"After the application is transmitted, the CGRS first decides on the Admissibility of the claim by determining whether there are new elements which significantly add to the likelihood of the applicant qualifies as a beneficiary of international protection. The claim is deemed admissible because the previous application was terminated based on implicit withdrawal.",-12.885977745056152,93
88,3796,syri20266_chunk037,Syrian Kidnappings And Protection Failures,"In addition to their individual sectarian background and specific region, women face different challenges depending on their civil status. The situation of single, widowed, or divorced women has not changed or improved under the new government; they continue to face the same difficulties regarding employment, transport, housing, protection, and access to official documents.",-13.218192100524902,94
88,3860,syri20267_chunk037,Syrian Kidnappings And Protection Failures,"In addition to their individual sectarian background and specific region, women face different challenges depending on their civil status. The situation of single, widowed, or divorced women has not changed or improved under the new government; they continue to face the same difficulties regarding employment, transport, housing, protection, and access to official documents.",-13.218192100524902,95
88,3584,syri20263_chunk007,Syrian Kidnappings And Protection Failures,"It guarantees their rights to education and employment, as well as the protection of their social, economic, and political rights. The article also commits to safeguarding women from all forms of oppression, injustice, and violence.",-13.90158748626709,96
88,3654,syri20262_chunk012,Syrian Kidnappings And Protection Failures,"It guarantees their rights to education and employment, as well as the protection of their social, economic, and political rights. The article also commits to safeguarding women from all forms of oppression, injustice, and violence.",-13.90158748626709,97
88,2482,dub-belg20261_chunk014,Syrian Kidnappings And Protection Failures,"In principle, all applicants for international protection, including subsequent applicants, have the right to access reception conditions during the examination of their case. However, the Reception Act allows the possibility to refuse reception to subsequent applicants until their asylum application is deemed admissible by the CGRS.",-13.973098754882812,98
88,2539,dub-belg20262_chunk020,Syrian Kidnappings And Protection Failures,"In principle, all applicants for international protection, including subsequent applicants, have the right to access reception conditions during the examination of their case. However, the Reception Act allows the possibility to refuse reception to subsequent applicants until their asylum application is deemed admissible by the CGRS.",-13.973098754882812,99
9,3361,dub-fran20262_chunk008,Dublin Regulation Definition,"Om forholdene for Dublin returnees fremgår på side 75 bl.a.: “Applications of persons returned to France under the Dublin III Regulation are treated in the same way as any other asylum applications. If the asylum seeker comes from a safe country of origin, their application is examined under the accelerated procedure.",-0.3766215443611145,0
9,3377,dub-fran20262_chunk024,Dublin Regulation Definition,"rder or national security; Their transfer to another Member State under the Dublin Regulation.

Meanwhile, they are entitled to material reception conditions, tailored if needed to their specific needs.",-0.4711558222770691,1
9,2038,dub-fran20263_chunk025,Dublin Regulation Definition,"ublic order or national security; [*]Their transfer to another Member State under the Dublin Regulation.

Meanwhile, they are entitled to material reception conditions, tailored if needed to their specific needs.",-0.6389667987823486,2
9,2071,fran20264_chunk021,Dublin Regulation Definition,"blic order or national security; [*]Their transfer to another Member State under the Dublin Regulation.

Meanwhile, they are entitled to material reception conditions, tailored if needed to their specific needs.",-0.6511551141738892,3
9,2022,dub-fran20263_chunk009,Dublin Regulation Definition,"Forholdene for asylansøgere, herunder Dublin returnees i Frankrig er nærmere beskrevet i AIDA’s Country Report France Update on 2024 fra juni 2025. På side 75 fremgår blandt andet: “Applications of persons returned to France under the Dublin III Regulation are treated in the same way as any other asylum applications.",-2.2107596397399902,4
9,2055,fran20264_chunk005,Dublin Regulation Definition,"Forholdene for asylansøgere, herunder Dublin returnees i Frankrig er nærmere beskrevet i AIDA’s Country Report France Update on 2024 fra juni 2025. På side 75 fremgår blandt andet: “Applications of persons returned to France under the Dublin III Regulation are treated in the same way as any other asylum applications.",-2.2107596397399902,5
9,5385,dub-schw20261_chunk007,Dublin Regulation Definition,"Da klagerens partners ophold i Danmark ikke beror på, at hun har opnået beskyttelse i Danmark, men derimod på en opholdstilladelse efter reglerne om familiesammenføring, har Dublin-forordningens artikel 9, jf. artikel 2, litra g, ikke betydning for så vidt angår ansvarsfastlæggelsen efter forordningen i klagerens sag.",-2.405812978744507,6
9,1897,dub-nede20264_chunk025,Dublin Regulation Definition,"Dublin-forordningens artikel 3, stk. 2, 2. led. Det forhold, at klageren har oplyst, at han har en herboende kæreste, som han har været i et forhold med i et par måneder, og som er bosat i Danmark, kan ikke føre til en ændret vurdering.",-2.4193170070648193,7
9,4566,dub-rumae20262_chunk007,Dublin Regulation Definition,"Af Dublin forordningens artikel 2, litra c, fremgår følgende: ”… I denne forordning forstås ved: …c)»ansøger«: en tredjelandsstatsborger eller statsløs, der har indgivet en ansøgning om international beskyttelse, som der endnu ikke er truffet endelig afgørelse om. …” Under disse omstændigheder, og da klagerens ansøgning om asyl er behandlet i Rumænien, der har accepteret at modtage klageren i medf",-3.8084468841552734,8
9,1154,bulg20263_chunk016,Dublin Regulation Definition,"Since 2020, the LAR explicitly provides for the mandatory reopening of an asylum procedure with respect to an applicant who is returned to Bulgaria under the Dublin Regulation, provided that s/he has not been issued a decision on merits while in absentia.",-4.548023700714111,9
9,1117,dub-bulg20261_chunk049,Dublin Regulation Definition,"6.3, om ”Dublin returnees med afsluttede asylsager”, blandt andet:
”SAR har i maj 2024 oplyst til EUAA, at Dublin returnees, som tidligere har fået afslag på asyl i Bulgarien, efter ankomsten til Bulgarien betragtes som udlændinge med illegalt ophold i Bulgarien.",-4.820515155792236,10
9,5754,dub-pole20257_chunk010,Dublin Regulation Definition,"2, 2. led. DRC Dansk Flygtningehjælps henvisning til, at der er problemer med registrering af asylansøgninger og adgang til indkvartering i Polen, særligt for Dublin-returnees, der ikke tidligere er registrerede som asylansøgere, og at Dublin-returnees risikerer at blive frihedsberøvet kan ikke føre til en ændret vurdering.",-4.941873550415039,11
9,1086,dub-bulg20261_chunk018,Dublin Regulation Definition,"rocedure with respect to an applicant who is returned to Bulgaria under the Dublin Regulation, provided that s/he has not been issued a decision on merits while in absentia.",-5.414285659790039,12
9,4586,dub-tysk20263_chunk011,Dublin Regulation Definition,"Der henvises i den forbindelse til præmis 142 i EU-domstolens dom af 30. november 2023 i de forenede sager C-228/21, C-254/21, C-297/21, C-315/21 og C-328/21, hvoraf blandt andet fremgår: ”[…] Dublin III-forordningens artikel 3, stk. 1, og artikel 3, stk.",-5.9152374267578125,13
9,1909,dub-rumae20264_chunk008,Dublin Regulation Definition,"Der henvises i den forbindelse til præmis 142 i EU-domstolens dom af 30. november 2023 i de forenede sager C-228/21, C-254/21, C-297/21, C-315/21 og C-328/21, hvoraf blandt andet fremgår: ” […] Dublin III-forordningens artikel 3, stk. 1, og artikel 3, stk.",-5.96240758895874,14
9,2296,dub-tysk202614_chunk008,Dublin Regulation Definition,"Der henvises i den forbindelse til præmis 142 i EU-domstolens dom af 30. november 2023 i de forenede sager C-228/21, C-254/21, C-297/21, C-315/21 og C-328/21, hvoraf blandt andet fremgår: ” […] Dublin III-forordningens artikel 3, stk. 1, og artikel 3, stk.",-5.96240758895874,15
9,2496,dub-belg20261_chunk028,Dublin Regulation Definition,"128) om Dublin returnees: ”Depending on the situation of their procedure in Belgium at the moment they left Belgium, asylum applicants sent back to Belgium following a Dublin procedure in another country can be considered subsequent applicants …In such a case, they mostly only get shelter after their asylum application is taken into consideration by the CGRS … .",-6.110596179962158,16
9,2553,dub-belg20262_chunk034,Dublin Regulation Definition,"128) om Dublin returnees: ”Depending on the situation of their procedure in Belgium at the moment they left Belgium, asylum applicants sent back to Belgium following a Dublin procedure in another country can be considered subsequent applicants …In such a case, they mostly only get shelter after their asylum application is taken into consideration by the CGRS … .",-6.110596179962158,17
9,1744,dub-sver202615_chunk008,Dublin Regulation Definition,"Der henvises i den forbindelse tillige til præmis 142 i EU-domstolens dom af 30. november 2023 i de forenede sager C-228/21, C-254/21, C-297/21, C-315/21 og C-328/21, hvoraf det blandt andet fremgår: ” […] Dublin III-forordningens artikel 3, stk. 1, og artikel 3, stk.",-6.168669700622559,18
9,2425,dub-pole20262_chunk018,Dublin Regulation Definition,"Det fremgår af sagen i øvrigt, at klageren til DRC Dansk Flygtningehjælp har forklaret, at han – da han blev Dublinoverført til Polen fra [Dublin-medlemsstat] landede i lufthavnen, hvor han blev boende i 6 dage, da han ikke havde andre steder at tage ophold.",-6.248663902282715,19
9,2034,dub-fran20263_chunk021,Dublin Regulation Definition,This provision applies to all asylum seekers even if their claim is channelled under the accelerated or Dublin procedure. The only nuance is that asylum seekers under the Dublin procedure do not have access to reception centres for asylum seekers (CADA) but have access to the other forms of accommodation and accommodation support.,-6.317068576812744,20
9,2067,fran20264_chunk017,Dublin Regulation Definition,This provision applies to all asylum seekers even if their claim is channelled under the accelerated or Dublin procedure. The only nuance is that asylum seekers under the Dublin procedure do not have access to reception centres for asylum seekers (CADA) but have access to the other forms of accommodation and accommodation support.,-6.317068576812744,21
9,3373,dub-fran20262_chunk020,Dublin Regulation Definition,This provision applies to all asylum seekers even if their claim is channelled under the accelerated or Dublin procedure. The only nuance is that asylum seekers under the Dublin procedure do not have access to reception centres for asylum seekers (CADA) but have access to the other forms of accommodation and accommodation support.,-6.317068576812744,22
9,2817,dub-rumae20263_chunk019,Dublin Regulation Definition,"En sådan lovgivning vil i øvrigt ligeledes kunne bringe retsbeskyttelsens effektivitet – som sikret ved chartrets artikel 47 og Dublin III-forordningens artikel 27, sammenholdt med 19. betragtning til denne forordning – i fare. 57. I denne sammenhæng skal det endvidere bemærkes, at den frist for overførsel, der er fastsat i Dublin III-forordningens artikel 29, stk.",-6.357369899749756,23
9,2816,dub-rumae20263_chunk018,Dublin Regulation Definition,"nternational beskyttelse.

En sådan lovgivning kan nemlig underminere det i femte betragtning til Dublin III-forordningen nævnte formål om en hurtig behandling af ansøgninger om international beskyttelse, som sikrer en effektiv adgang til procedurerne for tildeling af internationalbeskyttelse.",-6.698032379150391,24
9,4254,dub-span20263_chunk015,Dublin Regulation Definition,"Der er herved også lagt vægt på, at de spanske myndigheder i 2019 i forlængelse af en række domstolsafgørelse udsendte en instruks om at sikre Dublin-returnees adgang til indkvartering, ligesom der er lagt vægt på, at de spanske myndigheder, som anført af Udlændingestyrelsen i deres udtalelse af 9. juli 2025, har afsat midler til opførelse af nye modtagefaciliteter, og at opførelsen heraf fortsatt",-6.943864822387695,25
9,1121,dub-bulg20261_chunk053,Dublin Regulation Definition,"Af AIDA rapporten og af Asyl in der Kirches rapport fremgår, at Dublin returnees, som har fået afslag på deres asylansøgning før udrejsen af Bulgarien, eller som har fået afslag in absentia efter de udrejste af Bulgarien, som hovedregel frihedsberøves i Busmantsi eller Lyubimet.",-7.129899024963379,26
9,4494,dub-ital20261_chunk018,Dublin Regulation Definition,"Det er på den baggrund ikke relevant at indhente en garanti fra de italienske myndigheder. Med hensyn til betydningen af, at de italienske myndigheder fortsat har suspenderet overførsler i medfør af Dublin-forordningen til Italien med henvisning til et stort pres på landets grænser samt utilstrækkelige modtagefaciliteter, bemærkes, at EU-Domstolen i sag C-458/23 Daraa har udtalt sig herom.",-7.456097602844238,27
9,3909,29b-bul20261_chunk003,Dublin Regulation Definition,"1, det vil sige et land omfattet af Dublin-forordningen. I den foreliggende sag har Flygtningenævnet lagt til grund, at klageren er meddelt opholdstilladelse som flygtning med subsidiær beskyttelse i Bulgarien. Det fremgår af forarbejderne til udlændingelovens § 29 b (lovforslag nr. L 72 af 14. november 2014, til § 1, nr.",-7.6458048820495605,28
9,4242,dub-span20263_chunk003,Dublin Regulation Definition,"Endelig har klagerne henvist til deres ophold i Danmark, og at formålet med Dublin-systemet er at få en hurtig afklaring af, hvem der har ansvaret for behandling af en ansøgning om asyl. Efter en gennemgang af sagen, udtalte Flygtningenævnet blandt andet: ” Det fremgår af udlændingelovens § 48 a, stk.",-7.783026695251465,29
9,2952,dub-span20264_chunk013,Dublin Regulation Definition,"Der er herved også lagt vægt på, at de spanske myndigheder i 2019 i forlængelse af en række domstolsafgørelse udsendte en instruks om at sikre Dublin-returnees adgang til indkvartering, ligesom der er lagt vægt på, at de spanske myndigheder har afsat midler til opførelse af nye modtagefaciliteter, og at opførelsen heraf fortsatte i 2024 og 2025.",-7.932770252227783,30
9,2031,dub-fran20263_chunk018,Dublin Regulation Definition,"When the incoming transfer concerns an asylum seeker who has previously abandoned their application and left the country, a new claim is considered as subsequent application. Dublin returnees further face important obstacles in accessing reception centres that is the same difficulties as all asylum seekers in France in securing housing.",-8.077545166015625,31
9,1408,dub-nede20265_chunk021,Dublin Regulation Definition,"Nederlandene i medfør af Dublinforordningen.

Flygtningenævnet finder således, at de generelle forhold, som klageren må forventes at blive mødt med i Nederlandene, ikke er af en sådan karakter, at Danmark er afskåret fra at overføre ham til Nederlandene, jf. Dublin-forordningens artikel 3, stk. 2, 2. led.",-8.19311809539795,32
9,4248,dub-span20263_chunk009,Dublin Regulation Definition,"Endelig har klagerne henvist til deres ophold i Danmark, og at formålet med Dublin-systemet er at få en hurtig afklaring af, hvem der har ansvaret for behandling af en ansøgning om asyl. Der foreligger ikke oplysninger om, at klagerne på grund af helbredsmæssige forhold må anses for særligt sårbare.",-8.447405815124512,33
9,2064,fran20264_chunk014,Dublin Regulation Definition,"When the incoming transfer concerns an asylum seeker who has previously abandoned their application and left the country, a new claim is considered as subsequent application. Dublin returnees further face important obstacles in accessing reception centres that is the same difficulties as all asylum seekers in France in securing housing.",-8.480018615722656,34
9,3370,dub-fran20262_chunk017,Dublin Regulation Definition,"When the incoming transfer concerns an asylum seeker who has previously abandoned their application and left the country, a new claim is considered as subsequent application. Dublin returnees further face important obstacles in accessing reception centres that is the same difficulties as all asylum seekers in France in securing housing.",-8.480018615722656,35
9,2823,dub-rumae20263_chunk025,Dublin Regulation Definition,"traf afgørelse om dette retsmiddel inden for kort tid, selv om retsmidlet blev iværksat ved retsinstansen knap otte måneder tidligere, og Rumænien allerede den 24. maj 2022 havde underrettet samtlige medlemsstater om ophævelsen af suspensionen af de indkomne overførsler i henhold til Dublin III-forordningen.",-8.497811317443848,36
9,3362,dub-fran20262_chunk009,Dublin Regulation Definition,"If the asylum application had already received a final negative decision from the CNDA, the asylum seeker may apply to OFPRA for a re-examination only if they possess new evidence (see section on Subsequent Applications). Support and assistance to Dublin returnees remains complicated.",-8.936050415039062,37
9,1131,dub-bulg20261_chunk063,Dublin Regulation Definition,"Af AIDA rapporten fremgår, at Dublin returnees, som har fået afslag på deres asylsag i Bulgarien, ikke har adgang til arbejdsmarkedet, sundhedssystemet eller andre services, som kræver lovligt ophold og et identitetskort. I de få tilfælde, hvor de ikke frihedsberøves ved ankomsten til Bulgarien, fordi de betragtes som irregulære migranter, risikerer de hjemløshed.",-8.980393409729004,38
9,1082,dub-bulg20261_chunk014,Dublin Regulation Definition,"2.7, side 56 ff., om ”The situation of Dublin returnees”, hvoraf fremgår blandt andet:
“Asylum seekers who are returned from other Member States in principle do not face any obstacles in accessing the territory of Bulgaria upon return.",-9.168307304382324,39
9,4495,dub-ital20261_chunk019,Dublin Regulation Definition,"I sagen fastslog EU-Domstolen, at en medlemsstat ikke kan fraskrive sig sit ansvar efter Dublin-forordningen ved en ensidig meddelelse, jf. præmis 38.",-9.222541809082031,40
9,5069,dub-span20262_chunk005,Dublin Regulation Definition,"Flygtningenævnet finder ikke at de generelle forhold og levevilkår for asylansøgere, herunder Dublin-returnees i Spanien er af en sådan karakter, at Danmark er afskåret fra at overføre klageren til Spanien, jf. forordningens artikel 3, stk. 2, 2. led.",-9.240760803222656,41
9,1078,dub-bulg20261_chunk010,Dublin Regulation Definition,"Flygtningenævnet henviste til baggrundsoplysninger om den generelle adgang til asylproceduren og indkvartering for Dublin-returnees, herunder sårbare ansøgere, om indkvarteringsforholdene i asylsystemet og om adgangen til sundhedsbehandling.",-9.367608070373535,42
9,2554,dub-belg20262_chunk035,Dublin Regulation Definition,"Applicants who are not considered subsequent applicants suffer the consequences of the ongoing reception crisis, in the context of which they are often deprived of shelter for several months before receiving access to the reception network … .” Modtagelsesforholdene for Dublin returnees i Belgien, herunder særligt for enlige mænd, er mangelfulde, men der har efter nævnets hidtidige praksis ikke væ",-9.503388404846191,43
9,2825,dub-rumae20263_chunk027,Dublin Regulation Definition,"Når dette er sagt, skal ansøgningen om international beskyttelse, såfremt den forelæggende ret måtte fastslå, at proceduren for tilbagetagelse ikke er blevet gennemført uden unødig forsinkelse, behandles af en anden medlemsstat end den, der er udpeget som værende ansvarlig i medfør af de kriterier, der er fastsat i Dublin III-forordningens kapitel III.” Efter modtagelsen af Rumæniens accept af 7. ",-9.513235092163086,44
9,4498,dub-ital20261_chunk022,Dublin Regulation Definition,"Det er på den baggrund Flygtningenævnets opfattelse, at der heller ikke med henvisning til de italienske myndigheders suspension af Dublin-overførsler til Italien, er grundlag for, at Danmark overtager ansvaret for klagerens sag, der som nævnt ovenfor også må anses for endelig afgjort af de italienske myndigheder.",-9.56589126586914,45
9,1480,dub-norg20262_chunk005,Dublin Regulation Definition,"Flygtningenævnet henviser i den forbindelse til EU-domstolens dom af 30. november 2023 i de forenede sager C-228/21, C-254/21, C-297/21, C-315/21 og C-328/21, præmis 142, hvoraf det fremgår, at:
”Henset til samtlige ovenstående betragtninger skal det første til det tredje spørgsmål i sag C-254/21, det andet spørgsmål i sag C-297/21 og det tredje spørgsmål i sag C-315/21 besvares med, at Dublin II",-9.584461212158203,46
9,2265,dub-malt20261_chunk011,Dublin Regulation Definition,"Det bemærkes videre, at selvom der som anført i et vist omfang opleves problemer med f.eks. frihedsberøvelse af asylansøgere, er der i baggrundsmaterialet ikke oplysninger, der giver grundlag for at antage, at der i Malta systematisk sker tilbageholdelse og frihedsberøvelse af Dublin-returnees, jf. rapportens side 61.",-9.758901596069336,47
9,2284,dub-malt20262_chunk010,Dublin Regulation Definition,"Det bemærkes videre, at selvom der som anført i et vist omfang opleves problemer med f.eks. frihedsberøvelse af asylansøgere, er der i baggrundsmaterialet ikke oplysninger, der giver grundlag for at antage, at der i Malta systematisk sker tilbageholdelse og frihedsberøvelse af Dublin-returnees, jf. rapportens side 61.",-9.758901596069336,48
9,1083,dub-bulg20261_chunk015,Dublin Regulation Definition,"Prior to the arrival of Dublin returnees, the SAR informs the Border Police of the expected arrival and indicates whether the returnee should be transferred to a reception centre or to immigration pre-removal detention facility. This decision depends on the phase of the Bulgarian asylum procedure of the Dublin returnee as outlined below:",-9.776963233947754,49
9,2530,dub-belg20262_chunk011,Dublin Regulation Definition,"Under behandlingen af klagesagen har klageren endvidere tilkendegivet, at han nu ikke længere kan råde over den bolig, der blev stillet til hans rådighed af slægtninge i Belgien, ligesom han ikke længere har arbejde hos sine slægtninge. Forholdene for Dublin returnees og såkaldte ”subsequent applicants” er behandlet i nærmere i AIDA, Country Report Belgium, juni 2025, hvor det i pkt. E (s.",-9.869674682617188,50
9,1122,dub-bulg20261_chunk054,Dublin Regulation Definition,"Af Asyl in der Kirches rapport fremgår, at rådgivningscenteret Foundation for Access to Rights har oplyst, at Dublin returnees som frihedsberøves, fordi de har fået afslag på deres asylansøgning, kan forblive frihedsberøvet i op til 18 måneder.",-10.047636032104492,51
9,1147,bulg20263_chunk009,Dublin Regulation Definition,"Prior to the arrival of Dublin returnees, the SAR informs the Border Police of the expected arrival and indicates whether the returnee should be transferred to a reception centre or to immigration pre-removal detention facility.",-10.16461181640625,52
9,1146,bulg20263_chunk008,Dublin Regulation Definition,"Om de generelle forhold for Dublin-returnees i Bulgarien, herunder sårbare ansøgere, er i den nævnte rapport fra AIDA anført blandt andet følgende, side 57:
“Asylum seekers who are returned from other Member States in principle do not face any obstacles in accessing the territory of Bulgaria upon return.",-10.252326965332031,53
9,2025,dub-fran20263_chunk012,Dublin Regulation Definition,"For many years, without any funding to implement this activity, the centre has welcomed Dublin returnees at their arrival at the airport. The returnees are directed towards the centre by the police or the airport services. Upon their arrival at the airport, the Border Police issues a safe conduct (sauf-conduit) which mentions the Prefecture where the asylum seekers have to submit their claim.",-10.332906723022461,54
9,2058,fran20264_chunk008,Dublin Regulation Definition,"For many years, without any funding to implement this activity, the centre has welcomed Dublin returnees at their arrival at the airport. The returnees are directed towards the centre by the police or the airport services. Upon their arrival at the airport, the Border Police issues a safe conduct (sauf-conduit) which mentions the Prefecture where the asylum seekers have to submit their claim.",-10.332906723022461,55
9,1124,dub-bulg20261_chunk056,Dublin Regulation Definition,"I maj 2024 har SAR oplyst til EUAA, at Dublin returnees med en afsluttet asylsag i Bulgarien, ofte vil blive overført til detentionscentrene Busmantsi eller Lyubimets, selv hvis de indgiver en fornyet asylansøgning. Af Asyl in der Kirches rapport fremgår tilsvarende, at Dublin returnees, som indgiver en fornyet asylansøgning, frihedsberøves imens ansøgningen behandles.",-10.344679832458496,56
9,1091,dub-bulg20261_chunk023,Dublin Regulation Definition,"f funding for repairs and refurbishment, which is why in practice only 3,125309 out of 5,160 official accommodation places were assessed as fit for living (3,225 in 2024; 3,592 in 2023; 3,932 in 2022). …
Although the access to the national health care system is automatically reinstated after the Dublin return, the national health care package is generally scarce and does not provide for any tailo",-10.62354564666748,57
9,4261,dub-span20263_chunk022,Dublin Regulation Definition,"Flygtningenævnet finder herefter, at der ikke med henvisning til, at klagerne er en familie med et mindreårigt barn, eller at de spanske myndigheder efter det oplyste ikke har berostillet behandlingen af asylsager vedrørende personer fra Iran, foreligger sådanne humanitære forhold, at der er grundlag for, at Danmark efter Dublin-forordningens artikel 17 skal overtage ansvaret for behandlingen af k",-10.650961875915527,58
9,1093,dub-bulg20261_chunk025,Dublin Regulation Definition,"If, however, the Dublin returnee is among those, whose asylum procedures ended prior their return to Bulgaria with a refusal in absentia on the merits (substance), they are treated as irregular migrants with no access to the labour market, health care system or any other services that require legal residence and an identity document.",-10.740713119506836,59
9,1089,dub-bulg20261_chunk021,Dublin Regulation Definition,"If there is no available place food and accommodation in reception centres of the asylum agency SAR, Dublin returnees will have to secure accommodation and nutrition at their own expenses.",-10.761130332946777,60
9,3364,dub-fran20262_chunk011,Dublin Regulation Definition,"For many years, without any funding to implement this activity, the centre has welcomed Dublin returnees at their arrival at the airport. The returnees are directed towards the centre by the police or the airport services. Upon their arrival at the airport, the Border Police issues a safe conduct (sauf-conduit) which mentions the Prefecture where the asylum seekers have to submit their claim.",-10.958810806274414,61
9,1148,bulg20263_chunk010,Dublin Regulation Definition,"This decision depends on the phase of the Bulgarian asylum procedure of the Dublin returnee as outlined below:  
-If the returnee has a pending asylum application in Bulgaria, or the procedure was terminated because of the returnee’s absconding, he or she is transferred to a SAR reception centre.",-11.25162410736084,62
9,1119,dub-bulg20261_chunk051,Dublin Regulation Definition,"Af SAR’s oplysninger fra maj 2024, samt af AIDA rapporten og Asyl in der Kirches rapport, fremgår at Dublin returnees, som tidligere har fået afslag på asyl i Bulgarien, eventuelt in absentia, ikke har adgang til indkvartering, mad eller social støtte, medmindre de betragtes som sårbare. Dette gælder også, hvis de på baggrund af en fornyet asylansøgning får deres asylsag behandlet påny.",-11.432897567749023,63
9,1088,dub-bulg20261_chunk020,Dublin Regulation Definition,"However, it does not secure their access to state provided food and accommodation in reception centres as these are guaranteed only to vulnerable applicants. For any other Dublin returnees, who are not considered vulnerable, food and accommodation are contingent to the limited national reception capacity and availability.",-11.471116065979004,64
9,2060,fran20264_chunk010,Dublin Regulation Definition,"When the relevant Prefectures are in the Paris surroundings, two situations may occur: [*]On the one hand, some Prefectures do not register the asylum claims of Dublin returnees and redirect them to the SPADA.",-11.672460556030273,65
9,2024,dub-fran20263_chunk011,Dublin Regulation Definition,"Support and assistance to Dublin returnees remains complicated. The humanitarian emergency reception centre (Permanence d’accueil d’urgence humanitaire, PAUH) run by the Red Cross based next to Roissy – Charles de Gaulle airport aims to provide people released from the transit zone, after a court decision, with legal and social support.",-11.712700843811035,66
9,2057,fran20264_chunk007,Dublin Regulation Definition,"Support and assistance to Dublin returnees remains complicated. The humanitarian emergency reception centre (Permanence d’accueil d’urgence humanitaire, PAUH) run by the Red Cross based next to Roissy – Charles de Gaulle airport aims to provide people released from the transit zone, after a court decision, with legal and social support.",-11.712700843811035,67
9,3366,dub-fran20262_chunk013,Dublin Regulation Definition,"When the relevant Prefectures are in the Paris surroundings, two situations may occur: On the one hand, some Prefectures do not register the asylum claims of Dublin returnees and redirect them to the SPADA.",-11.758894920349121,68
9,2027,dub-fran20263_chunk014,Dublin Regulation Definition,"When the relevant Prefectures are in the Paris surroundings, two situations may occur: [*] On the one hand, some Prefectures do not register the asylum claims of Dublin returnees and redirect them to the SPADA.",-11.765327453613281,69
9,2029,dub-fran20263_chunk016,Dublin Regulation Definition,"The PAUH is the only entity receiving and supporting Dublin returnees upon their arrival in France by Charles de Gaulle airport. Considering the systemic difficulties encountered by the orientation platforms in Paris and its surroundings, several Dublin returnees, after registering their claim, are eager to turn to it in order to complete their asylum claim form or to find an accommodation.",-11.787020683288574,70
9,1090,dub-bulg20261_chunk022,Dublin Regulation Definition,"In 2025, despite the overall decrease in the number of the new arrivals, SAR continued to refuse accommodation in its reception centres the Dublin returnees who were not identified as vulnerable, despite the decreasing number of new arrivals (-68% in 2025, -45% in 2024, +10% in 2023, +55% in 2022; +205% in 2021), on account of the continuously shrinking reception capacity due to multiannual lack o",-12.021967887878418,71
9,2062,fran20264_chunk012,Dublin Regulation Definition,"The PAUH is the only entity receiving and supporting Dublin returnees upon their arrival in France by Charles de Gaulle airport. Considering the systemic difficulties encountered by the orientation platforms in Paris and its surroundings, several Dublin returnees, after registering their claim, are eager to turn to it in order to complete their asylum claim form or to find an accommodation.",-12.070578575134277,72
9,3368,dub-fran20262_chunk015,Dublin Regulation Definition,"The PAUH is the only entity receiving and supporting Dublin returnees upon their arrival in France by Charles de Gaulle airport. Considering the systemic difficulties encountered by the orientation platforms in Paris and its surroundings, several Dublin returnees, after registering their claim, are eager to turn to it in order to complete their asylum claim form or to find an accommodation.",-12.070578575134277,73
9,1081,dub-bulg20261_chunk013,Dublin Regulation Definition,"Forholdene for Dublin-returnees i Bulgarien er nærmere beskrevet i AIDA´s seneste rapport, ”Country Report Bulgaria, Update on 2025” fra maj 2026, under ”Asylum Procedure”, pkt. C.",-12.381674766540527,74
9,1160,bulg20263_chunk022,Dublin Regulation Definition,"ute number of asylum seekers formally recognised to have special needs or vulnerabilities. …
NGOs continue to play key role in early identification and assessment of applicants´vulnerability and their referral and according treatment. …”
Om sårbare asylansøgere fremgår det videre på side 101 f.:
”The law provides a definition of vulnerability.",-13.10716724395752,75
9,1171,bulg20263_chunk033,Dublin Regulation Definition,"vities.

In 2025, the monitoring of these processes established that in 88% of the cases, an initial assessment form was present in the file of asylum seekers who were falling within the vulnerability definition under national law.",-13.620291709899902,76
99,2475,dub-belg20261_chunk007,International Protection Application Processing,"After the application is transmitted, the CGRS first decides on the Admissibility of the claim by determining whether there are new elements which significantly add to the likelihood of the applicant qualifies as a beneficiary of international protection. The claim is deemed admissible because the previous application was terminated based on implicit withdrawal.",-0.031210483983159065,0
99,2532,dub-belg20262_chunk013,International Protection Application Processing,"After the application is transmitted, the CGRS first decides on the Admissibility of the claim by determining whether there are new elements which significantly add to the likelihood of the applicant qualifies as a beneficiary of international protection. The claim is deemed admissible because the previous application was terminated based on implicit withdrawal.",-0.031210483983159065,1
99,2482,dub-belg20261_chunk014,International Protection Application Processing,"In principle, all applicants for international protection, including subsequent applicants, have the right to access reception conditions during the examination of their case. However, the Reception Act allows the possibility to refuse reception to subsequent applicants until their asylum application is deemed admissible by the CGRS.",-0.10889130085706711,2
99,2539,dub-belg20262_chunk020,International Protection Application Processing,"In principle, all applicants for international protection, including subsequent applicants, have the right to access reception conditions during the examination of their case. However, the Reception Act allows the possibility to refuse reception to subsequent applicants until their asylum application is deemed admissible by the CGRS.",-0.10889130085706711,3
99,2423,dub-pole20262_chunk016,International Protection Application Processing,"Nævnet er videre opmærksom på, at det fremgår af side 21 i rapporten ”Asylum in Europe - the situation of applicants for international protection in 2024” udgivet af ECRE den 18. september 2025, at der på trods af en vis positiv udvikling i 2024 fortsat ses udfordringer i form af global boligmangel, besværlige administrative procedurer, restriktive politikker og utilstrækkelige støtteforanstaltnin",-1.7642571926116943,4
99,2494,dub-belg20261_chunk026,International Protection Application Processing,"The Federal Mediator has received many complaints about this issue in the last years, including from families with minor children, having been refused reception after lodging a subsequent application for international protection.",-3.918944835662842,5
99,2551,dub-belg20262_chunk032,International Protection Application Processing,"The Federal Mediator has received many complaints about this issue in the last years, including from families with minor children, having been refused reception after lodging a subsequent application for international protection.",-3.918944835662842,6
99,2023,dub-fran20263_chunk010,International Protection Application Processing,"If the asylum seeker comes from a safe country of origin, their application is examined under the accelerated procedure. If the asylum application had already received a final negative decision from the CNDA, the asylum seeker may apply to OFPRA for a re-examination only if they possess new evidence (see section on Subsequent Applications).",-4.923188209533691,7
99,2056,fran20264_chunk006,International Protection Application Processing,"If the asylum seeker comes from a safe country of origin, their application is examined under the accelerated procedure. If the asylum application had already received a final negative decision from the CNDA, the asylum seeker may apply to OFPRA for a re-examination only if they possess new evidence (see section on Subsequent Applications).",-5.050445079803467,8
99,3362,dub-fran20262_chunk009,International Protection Application Processing,"If the asylum application had already received a final negative decision from the CNDA, the asylum seeker may apply to OFPRA for a re-examination only if they possess new evidence (see section on Subsequent Applications). Support and assistance to Dublin returnees remains complicated.",-7.4554314613342285,9
99,2498,dub-belg20261_chunk030,International Protection Application Processing,"ten til indkvartering genindtræder, hvis en ”subsequent application” tages under behandling.",-8.397615432739258,10
99,2479,dub-belg20261_chunk011,International Protection Application Processing,The application is either (i) a second application within one year from the final decision on the previous application and made from detention or (ii) a third or further application. Legal assistance is arranged in exactly the same way as concerning first asylum applications.,-8.80814266204834,11
99,1884,dub-nede20264_chunk012,International Protection Application Processing,"Det fremgår om indkvarteringsforholdene blandt andet af rapportens side 19f: “Less than half of the people entitled to reception conditions (i.e. asylum seekers) as well as beneficiaries of international protection who have not been offered housing yet, were staying in regular Central Agency for the Reception of Asylum Applicants (COA) reception centres over the course of 2024 (34,675 out of 72,61",-9.043386459350586,12
99,4186,dub-nede20263_chunk014,International Protection Application Processing,"Det fremgår om indkvarteringsforholdene blandt andet af rapportens side 19f: “Less than half of the people entitled to reception conditions (i.e. asylum seekers) as well as beneficiaries of international protection who have not been offered housing yet, were staying in regular Central Agency for the Reception of Asylum Applicants (COA) reception centres over the course of 2024 (34,675 out of 72,61",-9.043386459350586,13
99,2536,dub-belg20262_chunk017,International Protection Application Processing,The application is either (i) a second application within one year from the final decision on the previous application and made from detention or (ii) a third or further application. Legal assistance is arranged in exactly the same way as concerning first asylum applications.,-9.081086158752441,14
99,2476,dub-belg20261_chunk008,International Protection Application Processing,"The CGRS should take this decision within 10 working days after receiving the application from the Immigration Office. If the person is in detention, this decision should be taken within 2 working days. If the CGRS declares the application admissible, it examines the merits under the Accelerated Procedure. The final decision should be made within 15 working days.",-9.226101875305176,15
99,2533,dub-belg20262_chunk014,International Protection Application Processing,"The CGRS should take this decision within 10 working days after receiving the application from the Immigration Office. If the person is in detention, this decision should be taken within 2 working days. If the CGRS declares the application admissible, it examines the merits under the Accelerated Procedure. The final decision should be made within 15 working days.",-9.226101875305176,16
99,3384,dub-fran20262_chunk031,International Protection Application Processing,"The 2024 legislative reform established an unprecedented link between reception and the asylum procedure: a person who leaves their accommodation without legitimate reason, in addition to losing their reception conditions as foreseen before, will see their asylum application “closed” (clôturée) by OFPRA.",-10.206883430480957,17
99,2481,dub-belg20261_chunk013,International Protection Application Processing,The application is a third application; and b. The applicant remains without interruption in detention since their second application; and c. The CGRS has decided in the previous procedure concerning the second application that removal would not amount to direct or indirect refoulement.,-10.208212852478027,18
99,2538,dub-belg20262_chunk019,International Protection Application Processing,The application is a third application; and b. The applicant remains without interruption in detention since their second application; and c. The CGRS has decided in the previous procedure concerning the second application that removal would not amount to direct or indirect refoulement.,-10.208212852478027,19
99,2477,dub-belg20261_chunk009,International Protection Application Processing,"Generally, this delay is not respected. The CGRS indicates it cannot decide within this strict legal deadline but stresses that treating subsequent applications is a priority. If the subsequent application is dismissed as inadmissible, the CGRS should determine whether the applicant's removal would lead to direct or indirect refoulement.",-10.268853187561035,20
99,2534,dub-belg20262_chunk015,International Protection Application Processing,"Generally, this delay is not respected. The CGRS indicates it cannot decide within this strict legal deadline but stresses that treating subsequent applications is a priority. If the subsequent application is dismissed as inadmissible, the CGRS should determine whether the applicant's removal would lead to direct or indirect refoulement.",-10.268853187561035,21
99,2531,dub-belg20262_chunk012,International Protection Application Processing,"102 f) anføres: ”The Immigration Office is also competent for registering subsequent applications i.e. the asylum applicant’s declaration on new elements and the reasons why they could not invoke them earlier, and transmit the claim ‘without delay’ to the CGRS.",-10.302270889282227,22
99,5552,dub-nede20261_chunk011,International Protection Application Processing,"Det fremgår om indkvarteringsforholdene blandt andet af rapportens side 19f: “Less than half of the people entitled to reception conditions (i.e. asylum seekers) as well as beneficiaries of international protection who have not been offered housing yet,were staying in regular Central Agency for the Reception of Asylum Applicants (COA) reception centres over the course of 2024 (34,675 out of 72,610",-10.30453109741211,23
99,4432,stat20265_chunk010,International Protection Application Processing,"Det skal herefter vurderes, om ansøgeren er omfattet af Flygtningekonventionens ar­tikel 1 D, 2. pkt. For at udelukkelsen ophører efter artikel 1 D, 2. pkt., skal beskyttelsen eller bistanden fra UNRWA være bortfaldet. Dette er tilfældet, såfremt mindst et af for­holdene nævnt i UNHCR’s Guidelines on International Protection no. 13, pkt. 22 (i)-(iv), gør sig gæl­den­de.",-10.48151683807373,24
99,5527,dub-nede20262_chunk014,International Protection Application Processing,"Det fremgår om indkvarteringsforholdene blandt andet af rapportens side 19f:“Less than half of the people entitled to reception conditions (i.e. asylum seekers) as well as beneficiaries of international protection who have not been offered housing yet,were staying in regular Central Agency for the Reception of Asylum Applicants (COA) reception centres over the course of 2024 (34,675 out of 72,610 ",-10.484238624572754,25
99,2484,dub-belg20261_chunk016,International Protection Application Processing,e CGRS (see Right to reception: subsequent applications).,-10.864341735839844,26
99,2541,dub-belg20262_chunk022,International Protection Application Processing,e CGRS (see Right to reception: subsequent applications).,-10.864341735839844,27
99,1399,dub-nede20265_chunk012,International Protection Application Processing,"Det fremgår om indkvarteringsforholdene blandt andet af rapportens side 19: “Less than half of the people entitled to reception conditions (i.e., asylum seekers), as well as beneficiaries of international protection who have not been offered housing yet, were staying in (crisis) emergency centers over the course of 2025 (32,842 out of 79,984 people).",-11.080850601196289,28
99,2474,dub-belg20261_chunk006,International Protection Application Processing,"102 f) i AIDA, Country Report Belgium, juni 2025: ”The Immigration Office is also competent for registering subsequent applications i.e. the asylum applicant’s declaration on new elements and the reasons why they could not invoke them earlier, and transmit the claim ‘without delay’ to the CGRS.",-11.460223197937012,29
99,2488,dub-belg20261_chunk020,International Protection Application Processing,"If, after a final negative decision in the asylum procedure, a request for a prolongation of reception … was pending or granted and the person lodges a second or further subsequent asylum application, the Dispatching service of Fedasil will take a new decision regarding access to reception conditions in the new procedure.",-11.69324016571045,30
99,2545,dub-belg20262_chunk026,International Protection Application Processing,"If, after a final negative decision in the asylum procedure, a request for a prolongation of reception … was pending or granted and the person lodges a second or further subsequent asylum application, the Dispatching service of Fedasil will take a new decision regarding access to reception conditions in the new procedure.",-11.69324016571045,31
99,3381,dub-fran20262_chunk028,International Protection Application Processing,"Has provided false statements concerning their identity or personal situation, in particular their financial situation; 3. Has made a subsequent application or, without legitimate reason, has not made an application within 90 days of entry into the French territory; 4. Exhibits violent behaviour or serious disrespect of the house rules of the centre.",-11.726568222045898,32
99,3361,dub-fran20262_chunk008,International Protection Application Processing,"Om forholdene for Dublin returnees fremgår på side 75 bl.a.: “Applications of persons returned to France under the Dublin III Regulation are treated in the same way as any other asylum applications. If the asylum seeker comes from a safe country of origin, their application is examined under the accelerated procedure.",-11.733169555664062,33
99,1746,dub-sver202615_chunk010,International Protection Application Processing,"international beskyttelse vil blive udsat for efter sin overførsel til denne medlemsstat eller som følge heraf, når denne retsinstans ikke har konstateret, at der i den anmodede medlemsstat foreligger systemfejl i asylproceduren og i modtagelsesforholdene for ansøgere om international beskyttelse.",-11.956411361694336,34
99,3389,dub-fran20262_chunk036,International Protection Application Processing,"Many cases have since been submitted to the courts, making it possible to reinstate MRCs in the many situations where OFII had withdrawn them without properly taking individual situations into account. In cases of subsequent applications, some Prefectures systematically reduce reception conditions of asylum seekers.",-12.04909610748291,35
99,2031,dub-fran20263_chunk018,International Protection Application Processing,"When the incoming transfer concerns an asylum seeker who has previously abandoned their application and left the country, a new claim is considered as subsequent application. Dublin returnees further face important obstacles in accessing reception centres that is the same difficulties as all asylum seekers in France in securing housing.",-12.12067985534668,36
99,2064,fran20264_chunk014,International Protection Application Processing,"When the incoming transfer concerns an asylum seeker who has previously abandoned their application and left the country, a new claim is considered as subsequent application. Dublin returnees further face important obstacles in accessing reception centres that is the same difficulties as all asylum seekers in France in securing housing.",-12.211426734924316,37
99,3370,dub-fran20262_chunk017,International Protection Application Processing,"When the incoming transfer concerns an asylum seeker who has previously abandoned their application and left the country, a new claim is considered as subsequent application. Dublin returnees further face important obstacles in accessing reception centres that is the same difficulties as all asylum seekers in France in securing housing.",-12.211426734924316,38
99,3654,syri20262_chunk012,International Protection Application Processing,"It guarantees their rights to education and employment, as well as the protection of their social, economic, and political rights. The article also commits to safeguarding women from all forms of oppression, injustice, and violence.",-12.331199645996094,39
99,2487,dub-belg20261_chunk019,International Protection Application Processing,"Asylum applicants must then present themselves to the Dispatching service at Fedasil’s arrival centre to be allocated a reception place. If the asylum applicant has not obtained reception from Fedasil during the first stage of the procedure and the CGRS declares the subsequent asylum application inadmissible, they will not be entitled to reception during the appeal with the CALL.",-12.383346557617188,40
99,2544,dub-belg20262_chunk025,International Protection Application Processing,"Asylum applicants must then present themselves to the Dispatching service at Fedasil’s arrival centre to be allocated a reception place. If the asylum applicant has not obtained reception from Fedasil during the first stage of the procedure and the CGRS declares the subsequent asylum application inadmissible, they will not be entitled to reception during the appeal with the CALL.",-12.383346557617188,41
99,5478,dub-sver20261_chunk008,International Protection Application Processing,e med kravene i de nævnte internationale konventioner.,-12.408353805541992,42
99,3584,syri20263_chunk007,International Protection Application Processing,"It guarantees their rights to education and employment, as well as the protection of their social, economic, and political rights. The article also commits to safeguarding women from all forms of oppression, injustice, and violence.",-12.410396575927734,43
99,2486,dub-belg20261_chunk018,International Protection Application Processing,"Between the moment of the subsequent application and the admissibility decision by the CGRS, asylum applicants who are refused reception nevertheless have the right to medical assistance from Fedasil and to free legal representation. Once the CGRS has deemed the application admissible, the right to access reception is reactivated.",-12.53465461730957,44
99,1153,bulg20263_chunk015,International Protection Application Processing,"In the case of families, when returned, parents whose application was finally rejected are usually detained together with their children. In exceptional cases children may be placed in childcare social institutions while their parents are detained in immigration facilities, however it is applied only when an expulsion order on account of threat to national security is issued to any of the parents.",-12.560493469238281,45
99,2483,dub-belg20261_chunk015,International Protection Application Processing,"Although the Reception Act explicitly states that decisions which limit or withdraw the right to reception should be in line with the principle of proportionality, individually motivated and based on the particular situation of the person concerned, Fedasil almost systematically refuses to assign a reception place to subsequent applicants until their asylum application is declared admissible by th",-12.568488121032715,46
99,2540,dub-belg20262_chunk021,International Protection Application Processing,"Although the Reception Act explicitly states that decisions which limit or withdraw the right to reception should be in line with the principle of proportionality, individually motivated and based on the particular situation of the person concerned, Fedasil almost systematically refuses to assign a reception place to subsequent applicants until their asylum application is declared admissible by th",-12.568488121032715,47
99,2492,dub-belg20261_chunk024,International Protection Application Processing,"In practice, however, Fedasil almost systematically refuses to assign a reception place to subsequent applicants until their asylum application is declared admissible by the CGRS, mostly through standardised refusal decisions. On multiple occasions, labour tribunals have ordered Fedasil to motivate such decisions individually and consider all case elements.",-12.593475341796875,48
99,2549,dub-belg20262_chunk030,International Protection Application Processing,"In practice, however, Fedasil almost systematically refuses to assign a reception place to subsequent applicants until their asylum application is declared admissible by the CGRS, mostly through standardised refusal decisions. On multiple occasions, labour tribunals have ordered Fedasil to motivate such decisions individually and consider all case elements.",-12.593475341796875,49
99,2435,dub-pole20262_chunk028,International Protection Application Processing,nsstemmelse med kravene i de nævnte internationale konventioner.,-12.647143363952637,50
99,2553,dub-belg20262_chunk034,International Protection Application Processing,"128) om Dublin returnees: ”Depending on the situation of their procedure in Belgium at the moment they left Belgium, asylum applicants sent back to Belgium following a Dublin procedure in another country can be considered subsequent applicants …In such a case, they mostly only get shelter after their asylum application is taken into consideration by the CGRS … .",-12.740921974182129,51
99,2543,dub-belg20262_chunk024,International Protection Application Processing,"Between the moment of the subsequent application and the admissibility decision by the CGRS, asylum applicants who are refused reception nevertheless have the right to medical assistance from Fedasil and to free legal representation. Once the CGRS has deemed the application admissible, the right to access reception is reactivated.",-12.792034149169922,52
99,3393,dub-fran20262_chunk040,International Protection Application Processing,"If we compare the number of asylum applications pending at the end of 2024 according to Eurostat (147,950) and the number of asylum seekers benefitting from reception conditions at this date (90,329 persons in total at the end of December 2024 according to OFII), this means more than 50,000 asylum seekers do not have reception conditions in France.",-12.892666816711426,53
99,2037,dub-fran20263_chunk024,International Protection Application Processing,"After having registered their claim at the Prefecture, asylum seekers receive the asylum claim certificate that allows them to remain legally on French territory until: [*] The end of the asylum procedure; [*] A negative first instance decision for inadmissible claims and certain categories of claims rejected in an accelerated procedure – safe country of origin, subsequent application, threat to p",-12.962717056274414,54
99,2070,fran20264_chunk020,International Protection Application Processing,"After having registered their claim at the Prefecture, asylum seekers receive the asylum claim certificate that allows them to remain legally on French territory until: [*] The end of the asylum procedure; [*]A negative first instance decision for inadmissible claims and certain categories of claims rejected in an accelerated procedure – safe country of origin, subsequent application, threat to pu",-13.006196022033691,55
99,3374,dub-fran20262_chunk021,International Protection Application Processing,"Reception conditions can be denied in the following cases: Whey they refuse to go to their attributed region; When they refuse their accommodation option, either at the GUDA or by not showing up within 5 days; Subsequent applications; Claim registered 90 days after entering France without a valid reason.",-13.020872116088867,56
99,2485,dub-belg20261_chunk017,International Protection Application Processing,"A total of 6,469 applicants lodged subsequent applications in 2024: …” Herudover anføres det i pkt. A.1.2. (s. 125 f) om Right to Reception: Subsequent Applications: “The Reception Act provides the possibility for Fedasil to refuse reception to asylum applicants who lodge a second or further subsequent asylum application, until their asylum application is deemed admissible by the CGRS.",-13.114335060119629,57
99,2542,dub-belg20262_chunk023,International Protection Application Processing,"A total of 6,469 applicants lodged subsequent applications in 2024: …” Herudover anføres det i pkt. A.1.2. (s. 125 f) om Right to Reception: Subsequent Applications: “The Reception Act provides the possibility for Fedasil to refuse reception to asylum applicants who lodge a second or further subsequent asylum application, until their asylum application is deemed admissible by the CGRS.",-13.114335060119629,58
99,2496,dub-belg20261_chunk028,International Protection Application Processing,"128) om Dublin returnees: ”Depending on the situation of their procedure in Belgium at the moment they left Belgium, asylum applicants sent back to Belgium following a Dublin procedure in another country can be considered subsequent applicants …In such a case, they mostly only get shelter after their asylum application is taken into consideration by the CGRS … .",-13.20205020904541,59
99,1164,bulg20263_chunk026,International Protection Application Processing,"The law only requires that vulnerability has to be taken into account when deciding on accommodation, but this is applied discretionally, and no guidelines on the application of such a criterion are provided by the SAR.",-13.28823471069336,60
99,3376,dub-fran20262_chunk023,International Protection Application Processing,"After having registered their claim at the Prefecture, asylum seekers receive the asylum claim certificate that allows them too remain legally on French territory until: The end of the asylum procedure; A negative first instance decision for inadmissible claims and certain categories of claims rejected in an accelerated procedure – safe country of origin, subsequent application, threat to public o",-13.292236328125,61
99,2022,dub-fran20263_chunk009,International Protection Application Processing,"Forholdene for asylansøgere, herunder Dublin returnees i Frankrig er nærmere beskrevet i AIDA’s Country Report France Update on 2024 fra juni 2025. På side 75 fremgår blandt andet: “Applications of persons returned to France under the Dublin III Regulation are treated in the same way as any other asylum applications.",-13.336593627929688,62
99,2055,fran20264_chunk005,International Protection Application Processing,"Forholdene for asylansøgere, herunder Dublin returnees i Frankrig er nærmere beskrevet i AIDA’s Country Report France Update on 2024 fra juni 2025. På side 75 fremgår blandt andet: “Applications of persons returned to France under the Dublin III Regulation are treated in the same way as any other asylum applications.",-13.336593627929688,63
99,3535,syri20261_chunk021,International Protection Application Processing,"Government protection for women against violence or harassment is generally insufficient — for example, in cases of abduction in the coastal areas, Suweida, and parts of Homs, and Damascus. Many women do not even report incidents to the police, presumably because they do not trust the authorities.",-13.598782539367676,64
99,3596,syri20263_chunk019,International Protection Application Processing,"Government protection for women against violence or harassment is generally insufficient — for example, in cases of abduction in the coastal areas, Suweida, and parts of Homs, and Damascus. Many women do not even report incidents to the police, presumably because they do not trust the authorities.",-13.598782539367676,65
99,3666,syri20262_chunk024,International Protection Application Processing,"Government protection for women against violence or harassment is generally insufficient — for example, in cases of abduction in the coastal areas, Suweida, and parts of Homs, and Damascus. Many women do not even report incidents to the police, presumably because they do not trust the authorities.",-13.598782539367676,66
99,3783,syri20266_chunk024,International Protection Application Processing,"Government protection for women against violence or harassment is generally insufficient — for example, in cases of abduction in the coastal areas, Suweida, and parts of Homs, and Damascus. Many women do not even report incidents to the police, presumably because they do not trust the authorities.",-13.598782539367676,67
99,3847,syri20267_chunk024,International Protection Application Processing,"Government protection for women against violence or harassment is generally insufficient — for example, in cases of abduction in the coastal areas, Suweida, and parts of Homs, and Damascus. Many women do not even report incidents to the police, presumably because they do not trust the authorities.",-13.598782539367676,68
99,3524,syri20261_chunk010,International Protection Application Processing,"Despite these legal guarantees by the interim government, Syrian women continue to face major barriers to equality due to discriminatory laws, conservative social norms, and limited protection. A Syrian human rights organisation expressed concern that the new authorities hold restrictive views on women’s role in society.",-13.658979415893555,69
99,3585,syri20263_chunk008,International Protection Application Processing,"Despite these legal guarantees by the interim government, Syrian women continue to face major barriers to equality due to discriminatory laws, conservative social norms, and limited protection. A Syrian human rights organisation expressed concern that the new authorities hold restrictive views on women’s role in society.",-13.658979415893555,70
99,3655,syri20262_chunk013,International Protection Application Processing,"Despite these legal guarantees by the interim government, Syrian women continue to face major barriers to equality due to discriminatory laws, conservative social norms, and limited protection. A Syrian human rights organisation expressed concern that the new authorities hold restrictive views on women’s role in society.",-13.658979415893555,71
99,1084,dub-bulg20261_chunk016,International Protection Application Processing,"- If, however, the returnee’s asylum application was rejected with a final decision on the merits before, or after, leaving Bulgaria, and the decision was served in absentia and therefore became final, the returnee is transferred to one of the immigration pre-removal facilities, usually to the Busmantsi detention centre in Sofia, but also to the Lyubimets detention centre near the Turkish border.",-13.659387588500977,72
99,3772,syri20266_chunk013,International Protection Application Processing,"Despite these legal guarantees by the interim government, Syrian women continue to face major barriers to equality due to discriminatory laws, conservative social norms, and limited protection. A Syrian human rights organisation expressed concern that the new authorities hold restrictive views on women’s role in society.",-13.71533489227295,73
99,3836,syri20267_chunk013,International Protection Application Processing,"Despite these legal guarantees by the interim government, Syrian women continue to face major barriers to equality due to discriminatory laws, conservative social norms, and limited protection. A Syrian human rights organisation expressed concern that the new authorities hold restrictive views on women’s role in society.",-13.71533489227295,74
99,3548,syri20261_chunk034,International Protection Application Processing,"In addition to their individual sectarian background and specific region, women face different challenges depending on their civil status. The situation of single, widowed, or divorced women has not changed or improved under the new government; they continue to face the same difficulties regarding employment, transport, housing, protection, and access to official documents.",-13.769760131835938,75
99,3380,dub-fran20262_chunk027,International Protection Application Processing,"According to Articles L. 551-15 (refusal) and L. 551-16 (withdrawal) Ceseda, as amended in 2018, material reception conditions can be refused or withdrawn where the applicant 1. Without legitimate reason, has not presented themselves to relevant authorities when required, has not responded to an information request or has not attended interviews related to the asylum application; 2.",-13.774140357971191,76
99,2035,dub-fran20263_chunk022,International Protection Application Processing,"Reception conditions can be denied in the following cases: [*] Whey they refuse to go to their attributed region; [*] When they refuse their accommodation option, either at the GUDA or by not showing up within 5 days; [*] Subsequent applications; [*] Claim registered 90 days after entering France without a valid reason.",-13.784375190734863,77
99,2068,fran20264_chunk018,International Protection Application Processing,"Reception conditions can be denied in the following cases: [*] Whey they refuse to go to their attributed region; [*] When they refuse their accommodation option, either at the GUDA or by not showing up within 5 days; [*] Subsequent applications; [*] Claim registered 90 days after entering France without a valid reason.",-13.784375190734863,78
99,1148,bulg20263_chunk010,International Protection Application Processing,"This decision depends on the phase of the Bulgarian asylum procedure of the Dublin returnee as outlined below:  
-If the returnee has a pending asylum application in Bulgaria, or the procedure was terminated because of the returnee’s absconding, he or she is transferred to a SAR reception centre.",-13.841397285461426,79
99,3835,syri20267_chunk012,International Protection Application Processing,"Article 21 states that the Syrian state shall uphold women’s social status, protect their dignity, and support their role within both the family and society. It guarantees their rights to education and employment, as well as the protection of their social, economic, and political rights. The article also commits to safeguarding women from all forms of oppression, injustice, and violence.",-13.853656768798828,80
99,1150,bulg20263_chunk012,International Protection Application Processing,"In both cases, no decision on the merits is issued, therefore the procedure can be reopened.
-If, however, the returnee’s asylum application was rejected with a final decision on the merits before, or after, leaving Bulgaria, and the decision was served in absentia and therefore became final, the returnee is transferred to one of the immigration pre-removal facilities, usually to the Busmantsi de",-13.965367317199707,81
99,3545,syri20261_chunk031,International Protection Application Processing,"According to SNHR, daily life, including access to public services, reportedly remains largely unchanged, with no notable improvement or deterioration in women’s rights or protection. However, according to the Syrian Women’s Political Movement, public services have improved in some areas, while in others they have deteriorated.",-14.018678665161133,82
99,3606,syri20263_chunk029,International Protection Application Processing,"According to SNHR, daily life, including access to public services, reportedly remains largely unchanged, with no notable improvement or deterioration in women’s rights or protection. However, according to the Syrian Women’s Political Movement, public services have improved in some areas, while in others they have deteriorated.",-14.018678665161133,83
99,3676,syri20262_chunk034,International Protection Application Processing,"According to SNHR, daily life, including access to public services, reportedly remains largely unchanged, with no notable improvement or deterioration in women’s rights or protection. However, according to the Syrian Women’s Political Movement, public services have improved in some areas, while in others they have deteriorated.",-14.018678665161133,84
99,3534,syri20261_chunk020,International Protection Application Processing,"Women in smaller towns and rural communities often live under stricter cultural norms and depend on family networks for protection; their main concern is harassment at checkpoints or by armed men, rather than actions by the regular police. In Damascus, on the other hand, many women go out alone and participate in daily life, but they take precautions.",-14.059846878051758,85
99,3595,syri20263_chunk018,International Protection Application Processing,"Women in smaller towns and rural communities often live under stricter cultural norms and depend on family networks for protection; their main concern is harassment at checkpoints or by armed men, rather than actions by the regular police. In Damascus, on the other hand, many women go out alone and participate in daily life, but they take precautions.",-14.059846878051758,86
99,3665,syri20262_chunk023,International Protection Application Processing,"Women in smaller towns and rural communities often live under stricter cultural norms and depend on family networks for protection; their main concern is harassment at checkpoints or by armed men, rather than actions by the regular police. In Damascus, on the other hand, many women go out alone and participate in daily life, but they take precautions.",-14.059846878051758,87
99,3782,syri20266_chunk023,International Protection Application Processing,"Women in smaller towns and rural communities often live under stricter cultural norms and depend on family networks for protection; their main concern is harassment at checkpoints or by armed men, rather than actions by the regular police. In Damascus, on the other hand, many women go out alone and participate in daily life, but they take precautions.",-14.059846878051758,88
99,3846,syri20267_chunk023,International Protection Application Processing,"Women in smaller towns and rural communities often live under stricter cultural norms and depend on family networks for protection; their main concern is harassment at checkpoints or by armed men, rather than actions by the regular police. In Damascus, on the other hand, many women go out alone and participate in daily life, but they take precautions.",-14.059846878051758,89
99,711,rusl202634_chunk020,International Protection Application Processing,"95-97, er følgende anført:   “4.4. Military recruitment in Chechnya: As noted by Huseyn Aliyev, the Chechen Republic stands out within Russia for its unique interpretation and application of federal laws.",-14.092041969299316,90
99,760,rusl202635_chunk021,International Protection Application Processing,"95-97, er følgende anført: “4.4. Military recruitment in Chechnya:  As noted by Huseyn Aliyev, the Chechen Republic stands out within Russia for its unique interpretation and application of federal laws.",-14.092041969299316,91
99,3523,syri20261_chunk009,International Protection Application Processing,"Article 21 states that the Syrian state shall uphold women’s social status, protect their dignity, and support their role within both the family and society. It guarantees their rights to education and employment, as well as the protection of their social, economic, and political rights. The article also commits to safeguarding women from all forms of oppression, injustice, and violence.",-14.247139930725098,92
99,3771,syri20266_chunk012,International Protection Application Processing,"Article 21 states that the Syrian state shall uphold women’s social status, protect their dignity, and support their role within both the family and society. It guarantees their rights to education and employment, as well as the protection of their social, economic, and political rights. The article also commits to safeguarding women from all forms of oppression, injustice, and violence.",-14.247139930725098,93
99,3609,syri20263_chunk032,International Protection Application Processing,"In addition to their individual sectarian background and specific region, women face different challenges depending on their civil status. The situation of single, widowed, or divorced women has not changed or improved under the new government; they continue to face the same difficulties regarding employment, transport, housing, protection, and access to official documents.",-14.316307067871094,94
99,3679,syri20262_chunk037,International Protection Application Processing,"In addition to their individual sectarian background and specific region, women face different challenges depending on their civil status. The situation of single, widowed, or divorced women has not changed or improved under the new government; they continue to face the same difficulties regarding employment, transport, housing, protection, and access to official documents.",-14.316307067871094,95
99,3796,syri20266_chunk037,International Protection Application Processing,"In addition to their individual sectarian background and specific region, women face different challenges depending on their civil status. The situation of single, widowed, or divorced women has not changed or improved under the new government; they continue to face the same difficulties regarding employment, transport, housing, protection, and access to official documents.",-14.316307067871094,96
99,3860,syri20267_chunk037,International Protection Application Processing,"In addition to their individual sectarian background and specific region, women face different challenges depending on their civil status. The situation of single, widowed, or divorced women has not changed or improved under the new government; they continue to face the same difficulties regarding employment, transport, housing, protection, and access to official documents.",-14.316307067871094,97
99,3793,syri20266_chunk034,International Protection Application Processing,"According to SNHR, daily life, including access to public services, reportedly remains largely unchanged, with no notable improvement or deterioration in women’s rights or protection. However, according to the Syrian Women’s Political Movement, public services have improved in some areas, while in others they have deteriorated.",-14.480448722839355,98
99,3857,syri20267_chunk034,International Protection Application Processing,"According to SNHR, daily life, including access to public services, reportedly remains largely unchanged, with no notable improvement or deterioration in women’s rights or protection. However, according to the Syrian Women’s Political Movement, public services have improved in some areas, while in others they have deteriorated.",-14.480448722839355,99
