qid,query,docno,text,rank,score
0,Applicant Detention and Asylum Claims,1091_chunk001,"The applicant was arrested on 6 June 2019 in execution of a detention order that had since been issued and, after being questioned, received a notification from the Federal Office for Foreign Affairs and Asylum (BFA) on the same day on detention pending deportation. During detention pending...",0,7.857820979394922
0,Applicant Detention and Asylum Claims,550_chunk001,"The Federal Administrative Court subsequently denied the complaint, whereupon the asylum seeker lodged a complaint against detention. The court proceedings dealing with the individual's detention addressed the question of...",1,7.830413175709774
0,Applicant Detention and Asylum Claims,183_chunk000,"These cases concern the detention of Syrian asylum seekers during different periods between 2010 and 2012. In the cases of M.A., A.H. and J.K., H.S. and Others and K.F. the detention occurred after a police operation in June 2010 removing them from an encampment outside government buildings where they were protesting against the Cypriot Government's asylum policy.",2,7.540411042035936
0,Applicant Detention and Asylum Claims,689_chunk000,"The applicants, a coalition of Belgian NGOs, filed an appeal claiming the suspension of the Royal Decree of 22 July 2018 due to the reception condition of children in detention, with special concern to the children detained in 127bis Centre, located near Brussels Airport.",3,6.613655481721322
0,Applicant Detention and Asylum Claims,913_chunk000,The case concerns the calculation of the maximum time that a person may spend in detention for the purpose of removal. In the present case the applicant had been in detention for more than twenty months.,4,6.432358771511093
0,Applicant Detention and Asylum Claims,148_chunk000,The case concerns “sur place” asylum claims.,5,6.2577595655820115
0,Applicant Detention and Asylum Claims,942_chunk000,"The case concerns the possibility of detention when the asylum application is rejected but the time frame to submit an appeal has not expired. The judgments in Gnandi and the order in C., J. and S. do not envisage that the...",6,6.207536893692845
0,Applicant Detention and Asylum Claims,170_chunk000,Administrative Court Düsseldorf The plaintiff is an asylum seeker and claims to be from Bangladesh.,7,6.086217575944298
0,Applicant Detention and Asylum Claims,957_chunk001,"The appellant claimed her stalker enjoyed political influence and/or protection in Albania so her complaints to the police were not effective, and therefore she fled Albania and claimed asylum in Ireland.",8,6.058318219544031
0,Applicant Detention and Asylum Claims,4233_chunk001,The applicant complained of the legality of the administrative detention and of the procedural issues related to this...,9,6.03686057856086
0,Applicant Detention and Asylum Claims,5443_chunk000,The Constitutional Court dismissed a complaint against the decision of the Federal Administrative Court concerning detention of a Syrian applicant pending return. It found that the lower court correctly assessed that the detention pending return and its extension were lawful.,10,5.925204803002812
0,Applicant Detention and Asylum Claims,550_chunk000,"The case involved an asylum seeker upon whom detention was imposed as a measure to ensure a Dublin procedure. The asylum seeker lodged a complaint against a decision that had been issued based on Art. 5 of the Asylum Act 2005, rejecting the application as inadmissible.",11,5.81686330440148
0,Applicant Detention and Asylum Claims,186_chunk000,"According the WLR Daily case summaries The asylum claimant, an Iraqi national, entered the United Kingdom and claimed asylum. His claim was refused by the Secretary of State and he appealed pursuant to section 82 of the Nationality, Immigration and Asylum Act 2002. His appeal was dismissed by the First-tier Tribunal.",12,5.544434175679031
0,Applicant Detention and Asylum Claims,947_chunk001,"The third-country national submitted information on the risk that, during arrest and detention, Gülenists will be exposed to treatment in conflict with...",13,5.515979376445559
0,Applicant Detention and Asylum Claims,50_chunk001,"The Municipal Court found out that the applicant during his detention lodged the application for international protection, he was re-detained under the provisions of the Act on Asylum implementing Art. 8(3)(d) of the Recast Reception Directive and for this reason his original...",14,5.4193162835308515
0,Applicant Detention and Asylum Claims,4233_chunk000,"The case concerned an applicant from Iraq, D.S., who was residing in Samos Greece and complained of the living conditions during the administrative detention in the police office of Sidirokastro, the PROKEKA (detention center for foreigners pending expulsion) in Tavros and the Samos camp, as well as for an alleged lack of an effective remedy to contest the abovementioned.",15,5.297985987370703
0,Applicant Detention and Asylum Claims,55_chunk001,As part of her asylum claim the applicant submitted a refugee card and a letter from AREF to corroborate her account. The...,16,5.27288412310145
0,Applicant Detention and Asylum Claims,142_chunk001,The individual facts of each case should be considered to determine whether detention will cause a particular individual in his particular circumstances to suffer treatment contrary to Article 3. In view of...,17,5.143943897000975
0,Applicant Detention and Asylum Claims,3277_chunk001,"When the asylum procedure starts, applicants are usually assigned a lawyer through the Legal Aid Board. The applicant claimed that he received the contested...",18,5.085151056055482
0,Applicant Detention and Asylum Claims,150_chunk001,"The Court found that the two weeks detention of four children together with their parents violated Article 3 of the ECHR, and Articles 5, 8, and 37 of the Convention on the Rights of...",19,5.030839132288836
0,Applicant Detention and Asylum Claims,56_chunk001,"The applicants claimed asylum in Ireland on 16 December 2014, and completed their asylum application questionnaires on 26 December 2014. An information request by the Office of the Refugee Applications...",20,4.861307702902915
0,Applicant Detention and Asylum Claims,130_chunk001,"Such a transfer decision can not therefore be taken, let alone notified to the person concerned, until after acceptance by the requested State. The Council also issued an opinion on the possibility of administrative detention...",21,4.8189227004185
0,Applicant Detention and Asylum Claims,50_chunk000,The applicant (Tunisian national) was detained by the Police of the Czech Republic for the purpose of the removal enforcement. The applicant challenged the decision on detention before the Municipal Court of Prague.,22,4.674511871649614
0,Applicant Detention and Asylum Claims,633_chunk000,"The legal question concerned a situation in which the applicant (a third country national) claimed asylum based on events that had happened in another EU MS in which the applicant had lived and towards which the Dublin Regulation was applicable. In the current case, a Nigerian national claimed she was in danger of persecution and serious harm in Spain due to her ex-husband.",23,4.629982714923739
0,Applicant Detention and Asylum Claims,608_chunk001,"The judge at first instance found that the detention was based on an incorrect legal basis, and the Secretary of State appealed to the Council of State. On 31 July, the district court of the Hague, sitting in...",24,4.624137936636474
0,Applicant Detention and Asylum Claims,3981_chunk000,"The case concerned an applicant from Belarus, a mother with her minor son who applied for asylum in Slovakia claiming a fear of persecution upon return to her home country due to opposition to the current regime. She claimed to have publicly and actively participated in anti-government protests following the 2020 presidential elections, within the territory of Slovakia.",25,4.555558852774715
0,Applicant Detention and Asylum Claims,964_chunk001,"The line of reasoning of the defendant who claims that the plaintiff had a legal representative present during the hearing who, unlike the plaintiff, is well versed in the law, could not hold, since the examination of the asylum seeker in the court proceedings represents one of the most important...",26,4.398262871849954
0,Applicant Detention and Asylum Claims,23_chunk000,"The Finnish Immigration Service had rejected A 's application for asylum and residence permit on the basis of the conflict between A and his father' s claims for asylum. Although the father's report has thus affected A's case, he or she has not been given the opportunity to give an explanation of the report and contradictions that it has in relation to his or her report.",27,4.3876731044590125
0,Applicant Detention and Asylum Claims,49_chunk001,"The applicant was therefore detained for the purpose of her removal by the Police of the Czech Republic under the provisions of the Act on the Residence of Foreigners implementing Art. 15 of the Returns Directive. In the detention, the applicant lodged an application for...",28,4.352761594864339
0,Applicant Detention and Asylum Claims,583_chunk000,Two related cases involved applicants applying for asylum on the basis of claiming persecution because of their sexual orientation. The applicants submited that the correct standard of proof required should be a reasonable degree of likelihood.,29,4.338595119835165
0,Applicant Detention and Asylum Claims,506_chunk000,"The applicant claimed to be registered with UNRWA, to have received help from relatives in Syria too. He claimed that the assistance he has previously received from UNRWA has ceased because he was forced out of Syria because of the general situation in the country.",30,4.318187545385424
0,Applicant Detention and Asylum Claims,1011_chunk000,"The case concerns a challenge to detention under the recast Reception Conditions Directive. The applicant requested international protection after being found illegally working in the Czech Republic and using fake documents to obtain such work.

...",31,4.196335451384234
0,Applicant Detention and Asylum Claims,1648_chunk000,"The applicant applied for international protection on 13 January 2010, claiming to be a minor from Zimbabwe and by decision of 29 September 2010 the Federal Office for Asylum rejected the application as unfounded. Upon appeal, the Court of Asylum referred the matter back to the Federal Asylum Office for a new hearing and assessment.",32,4.141136606412362
0,Applicant Detention and Asylum Claims,5889_chunk001,"Upon registration, they were asked their ages by the authorities and claimed to be 14 and 7 years old respectively. As they were undocumented, they...",33,4.050914660021077
0,Applicant Detention and Asylum Claims,200_chunk000,"The applicants, a woman and her three children, were nationals of Pakistan who applied for asylum in the State. They had lived in the UK with the first applicant's husband whom the first named applicant claimed had been violently abusive towards her and the children.",34,4.047054364600175
0,Applicant Detention and Asylum Claims,197_chunk000,"The applicants, a woman and her three children, were nationals of Pakistan who applied for asylum in the State. They had lived in the UK with the first applicant's husband whom the first named applicant claimed had been violently abusive towards her and the children.",35,4.047054364600175
0,Applicant Detention and Asylum Claims,913_chunk001,"The Swedish Migration Court of Appeal referred to Article 15 (5) and (6) of the Return Directive as well as to the relevant provisions of the Swedish law and it held that within the same enforcement of a removal decision, an applicant can be held in detention for a maximum of...",36,4.04228343748876
0,Applicant Detention and Asylum Claims,88_chunk000,"The Court of Appeal confirmed that the First-tier Tribunal had been entitled to refuse an asylum seeker's appeal against the refusal of her claims for asylum and humanitarian protection. She had failed to establish a well-founded fear of persecution if returned to Iran on the basis of her political activities, conversion to Christianity, and the risk of domestic violence from her husband...",37,4.0180475910531985
0,Applicant Detention and Asylum Claims,178_chunk000,"The Court gave guidance on the general approach to be adopted in law and practice by the First-tier Tribunal and Upper Tribunal where claims for asylum were made by children, young people, and other incapacitated or vulnerable persons whose ability to participate effectively in proceedings might be limited.",38,3.931020867459929
0,Applicant Detention and Asylum Claims,36_chunk001,"This appeal is concerned with the proposal of the Secretary of State to remove the appellants from the UK to Bulgaria under the Dublin III Regulation arrangements (Regulation 604/2013), on grounds that they entered into the territory of the European Union in Bulgaria and may be sent back there to make their asylum claims. The Court dismissed...",39,3.86263085994244
0,Applicant Detention and Asylum Claims,3321_chunk001,"The Federal Administrative Court dismissed his appeal, arguing that his claim that he was abused and extorted by the police and had to flee Bangladesh...",40,3.8555931961913874
0,Applicant Detention and Asylum Claims,68_chunk000,"The case concerned the removal of an Afghan family under the Dublin regulation. Both parents were placed separately in administrative detention and weren't allowed to communicate. The mother stayed with her baby while the other children (3, 6 and 8) were placed in a children's home. After 20 days the family was removed to Norway.",41,3.8467035503827582
0,Applicant Detention and Asylum Claims,1010_chunk000,"On 10 October 2018 the applicant was detained for illegal stay in the Czech Republic and placed in detention. Through EURODAC information, it was confirmed that the applicant had applied for international protection in Germany, Denmark and Switzerland. In addition, according to a communication from Germany, the complainant had at least six other identities.",42,3.834280039214673
0,Applicant Detention and Asylum Claims,3265_chunk001,"The husband indicated that the employee appeared at the applicants' home and claimed the amount of compensation, harassed his wife and threatened...",43,3.8336262241197168
0,Applicant Detention and Asylum Claims,178_chunk001,"The guidance was designed to ensure that such persons had an effective right of access to the tribunal and a voice in the proceedings, and that their claims were fairly determined....",44,3.764829495900953
0,Applicant Detention and Asylum Claims,175_chunk001,"(ii) There is a general duty of confidentiality during the process of examining a protection claim, including appellate and judicial review proceedings. If...",45,3.764829495900953
0,Applicant Detention and Asylum Claims,654_chunk000,"F.L., a Cameroonian national claiming to be a minor, applied for international protection in Belgium on 8 January 2018. On the same day, based on his physical appearance and statements, the Minors and Victims of Trafficking in Human Beings Unit of the Belgian Immigration Office expressed doubts as to his claimed minority and referred him for an immediate medical age assessment.",46,3.7561178478684094
0,Applicant Detention and Asylum Claims,173_chunk000,"A Sri Lankan national's appeal against the refusal of his asylum claim based on his membership of proscribed groups and participation in political demonstrations was allowed. The First-tier Tribunal and Upper Tribunal had not been referred to 2014 Home Office policy guidance entitled ""Tamil Separatism"" which was material to the decision and might realistically have affected the outcome....",47,3.497539785227787
0,Applicant Detention and Asylum Claims,1647_chunk000,"MM and F, nationals of Pakistan, applied for international protection on 4 October 2015, but it was rejected  and the Federal Administrative Court confirmed it by decision of 22 October 2018, jointly with the issuance of a return order against the applicants. A subsequent application was submitted from detention centre by the second applicant, on 3 March 2020.",48,3.4233411618449106
0,Applicant Detention and Asylum Claims,201_chunk000,"The applicant claimed that after he sought to end a relationship with a woman in Albania in 2012, he was confronted by the woman's brothers who threatened, beat and tortured him, and murdered his father. He moved to Ireland in July 2013 and applied for asylum in April 2014, the application was rejected. An appeal to the tribunal was also rejected in May 2016.",49,3.407449111104091
0,Applicant Detention and Asylum Claims,24_chunk000,"On 30 June 2015, the Finnish Immigration Service rejected the application for an international protection and residence permit issued by Nigerian citizen A ('the appellant') and her minor children B and C. The applicants claimed threats due to the Ebola virus and the Boko Haram terrorist group. The applicant also claimed to be a victim of trafficking due to forced prostitution in Italy.",50,3.3960950231223332
0,Applicant Detention and Asylum Claims,55_chunk000,The applicant was a Nigerian national who was born in May 1991. She arrived in the State on 9 January 2007 when she was 15 years old and applied for asylum. The applicant claimed to have been threatened with forced marriage and attempted rape. She said she was given assistance by the African Refugee Foundation (“AREF”) before ultimately leaving Nigeria.,51,3.3520430905340635
0,Applicant Detention and Asylum Claims,4992_chunk001,"In support of his application, the applicant claimed that he feared persecution in Russia due to his previous participation in demonstrations against the war in Ukraine and his support to the opposition.",52,3.3400677287975564
0,Applicant Detention and Asylum Claims,169_chunk000,"The Court ruled on the guidance set out in HJ (Iran) v Secretary of State for the Home Department [2010] UKSC 31 on the approach to sexual orientation asylum claims, including consideration of whether a gay applicant for international protection would conceal their sexual orientation upon return to their country of origin and the reasons for concealment, was compatible with Directive 2004/83...",53,3.259701696242035
0,Applicant Detention and Asylum Claims,506_chunk001,"He claimed to therefore qualify to obtain an ipso facto refugee declaration under the 1951 Convention relating to the Status of Refugees (Geneva Convention).

The Migration Court of Appeal relied on the CJEU jurisprudence,...",54,3.23220838041544
0,Applicant Detention and Asylum Claims,3239_chunk001,"The Municipal Court stated that the authorities' decision to reject his application for refugee protection was unlawful and annulled the decision in its entirety, claiming that annulling only part of it would lead to an...",55,3.187683573856213
0,Applicant Detention and Asylum Claims,151_chunk000,"A., B., C., D., and E., five young Afghan nationals, arrived separately in Norway between 26 July 2015 and 1 October 2015. Each applied for international protection, claiming to be between 15 and 16 years old at the time of arrival.",56,3.1066356479876007
0,Applicant Detention and Asylum Claims,151_chunk001,"None of them possessed documentary evidence supporting their claimed ages and were referred for medical age assessments consisting of an X-ray of the left hand and wrist and a dental X-ray (Liversidge and Haavikko methods).

Following the assessments, in...",57,3.1066356479876007
0,Applicant Detention and Asylum Claims,4729_chunk000,"A national of Tajikistan from the Pamiri ethnic group requested international protection in Luxembourg on 16 January 2020, claiming a risk of persecution due to his political activities related to revealing unlawful practices and abuses of power within the State.",58,2.9904551365530128
0,Applicant Detention and Asylum Claims,4999_chunk000,"The applicant is a national from Ethiopia. On 26 January 2024, the applicant requested international protection in Luxembourg. In support of her application, she claimed that she feared persecution and rape on account of her membership of the Ahmara ethnic group.",59,2.840864374627292
0,Applicant Detention and Asylum Claims,5761_chunk000,"A. and B., together with their two children, requested international protection in Romania on 12 July 2023 and in Switzerland on 26 July 2023. On 11 August 2023, they submitted an application for recognition of statelessness in Switzerland, claiming to be stateless Maktumin from Syria.",60,2.8300490619280265
0,Applicant Detention and Asylum Claims,981_chunk001,"Upon appeal, the applicant argued that he is a Palestinian refugee, and that he is eligible of UNRWA protection despite not having been registered with and not having received material assistance from UNRWA or lived in its area of operation. The applicant claimed to fall within the personal scope of Article 1D...",61,2.819155071984194
0,Applicant Detention and Asylum Claims,920_chunk000,"Between 26 July and 1 October 2015, 5 Afghan nationals applied for international protection in Norway, claiming to be 15-16 years old. After further assessments, which also included medical age examinations, the immigration authorities considered that they were all older than 18 years.",62,2.782349144582815
0,Applicant Detention and Asylum Claims,175_chunk000,The Upper Tribunal Ruled that: i) There is no general duty of inquiry upon the examiner to authenticate documents produced in support of a protection claim. There may be exceptional situations when a document can be authenticated by a simple process of inquiry which will conclusively resolve the authenticity and reliability of a document.,63,2.782349144582815
0,Applicant Detention and Asylum Claims,1086_chunk000,"A national of Ivory Coast applied for international protection on 22 January 2018, claiming that he was born on 2001 but did not submit documents to prove his date of birth. Following an age assessment, the State Secretary concluded that the applicant was not a minor.",64,2.778101980663445
0,Applicant Detention and Asylum Claims,945_chunk000,"This case concerns the consequences of an appeal with no automatic suspensive effect.

Following the CJEU ruling in C-180/17, the Council of State held that foreign nationals do not automatically have to be given the opportunity to await their appeal in the Netherlands. In the meantime, they also have no right of residence on the basis of which they can claim...",65,2.73477091747321
0,Applicant Detention and Asylum Claims,3240_chunk001,"- the State Secretariat for Migration (SEM) and the Federal Administrative Court (TAF), in both first and second instance procedures, have based their decisions to reject the application for international protection on claims that the applicant's testimony lacked credibility and that the authenticity of the documents he presented was...",66,2.663130297722445
0,Applicant Detention and Asylum Claims,2471_chunk000,"A national from Lithuania applied for international protection in Austria on 15 April 2019. The applicant claimed he was a lawyer and human rights activist who had defaced a plaque honouring a General who was responsible for the murder of 14,000 Jews, 22 of whom were related to him.",67,2.633105740438937
0,Applicant Detention and Asylum Claims,84_chunk000,"In summary, the applicant claims as follows. He is a national of the Democratic Republic of Congo. He has a well-founded fear of persecution if returned to that country on the ground of his membership of a particular social group, specifically his family, and of his political opinion, specifically his membership of, and involvement with, the UDPS political party there.",68,2.633105740438937
0,Applicant Detention and Asylum Claims,6098_chunk000,"An Egyptian national lodged a subsequent application for international protection, claiming that he feared persecution in the event of return to Egypt on account of his sexual orientation. The Office for the Protection of Refugees and Stateless Persons (OFPRA) rejected the application on 27 April 2022.",69,2.614864640793935
0,Applicant Detention and Asylum Claims,3277_chunk000,The applicant is an Algerian national who applied for international protection in the Netherlands and the State Secretary decided on 30 November 2021 not to process the application in the regular procedure. The applicant claimed that during the registration phase he was not informed of the possibility to apply for legal assistance.,70,2.5788903309578743
0,Applicant Detention and Asylum Claims,4962_chunk000,"On 17 March 2021, the applicant applied for recognition of statelessness. In support of her application, she claimed that she was a Latvian non-citizen, which represents a category of people who lived in Latvia when it was still a part of the Soviet Union and then remained there after 1991 without acquiring Latvian citizenship.",71,2.568305688345937
0,Applicant Detention and Asylum Claims,3265_chunk000,"The applicants, a family with children, nationals of Georgia, applied for international protection in Spain on 3 July 2018, stating that the husband had a traffic accident with an employee of a hotel near his home, that he received compensation from the hotel, and in turn, the hotel claimed the money from the employee for being the culprit.",72,2.5445674237490032
0,Applicant Detention and Asylum Claims,995_chunk001,"Persons from the West Bank can claim to have legitimate fears with regard to Israel, which is not a third State vis-a-vis the West Bank. In this case, the CNDA had rejected the appeal of an applicant from the West Bank after having ruled that he came exclusively under the jurisdiction of the Palestinian Authority. Yet the Council of State...",73,2.5445674237490032
0,Applicant Detention and Asylum Claims,4998_chunk000,"The applicant is a national of Iran. On 27 December 2023, he requested international protection in Luxembourg. In support of his application, he claimed he feared persecution, inhumane and degrading treatment or even the death penalty because of his homosexuality, his opposition to the Iranian government and his support to the “organisation of the Mujahedin of the Iranian People”.",74,2.52336489445289
0,Applicant Detention and Asylum Claims,366_chunk000,"In this case the applicant (Nigeria) arrived to Ireland in October 2016. He claimed to be bisexual and that he was the subject of an attempt to force him to join a cult in Nigeria. On May 2017, the International Protection Office informed him the refusal of his application for protection on the ground of lack of credibility. He appealed the decision.",75,2.52336489445289
0,Applicant Detention and Asylum Claims,3321_chunk000,"The applicant applied for international protection in 2017, claiming that he had to flee Bangladesh after being subjected to ill-treatment from state authorities due to his belonging to the Rohingya ethnic group. The BFA rejected the applicant's request and issued a removal order against him. The applicant appealed against this decision.",76,2.4869169555923873
0,Applicant Detention and Asylum Claims,646_chunk000,"According to EDAL's summary:

""On 8 February 2018, the Swiss Federal Administrative Tribunal ruled in a case concerning a Turkish journalist of Kurdish ethnicity who lodged an application for international protection in Zurich after arriving from Brazil. She claimed that she had been arrested and convicted in Turkey due to her profession and alleged connection with a terrorist organisation.",77,2.384227853974658
0,Applicant Detention and Asylum Claims,4997_chunk000,"The applicants were a married couple and their child, of Armenian ethnicity, originating from the autonomous region of Nagorno-Karabakh. On 31 August 2021 they applied for international protection in Germany. In support of their application they claimed that the husband (applicant 1) had been drafted to the army in Nagorno-Karabakh after the outbreak of the war in September 2020.",78,2.3604290051424273
0,Applicant Detention and Asylum Claims,923_chunk000,An applicant must submit a request for protection with which he asserts target-country-related dangers that are objectively suitable in their nature for recognition as a person entitled to asylum or an award for international protection (material asylum request within the meaning of Section 13 (1) Asylum Act) refer the asylum procedure to the Federal Office.,79,1.7782953418410885
0,Applicant Detention and Asylum Claims,510_chunk000,"The Court of Sessions found there was no unlawful discrimination arising from a reduction in the amount of asylum support payable to asylum seekers with one or more dependent children, following a government review. ...",80,1.770170393503916
0,Applicant Detention and Asylum Claims,921_chunk001,"More analytically, a female asylum seeker had upon arrival to Norway...",81,1.7501396024977072
0,Applicant Detention and Asylum Claims,3272_chunk001,"The case concerned the accused monk B., who granted church asylum to A., from the Gaza strip, on 25 August 2020 and provided him accommodation and care with the knowledge that A. was a rejected asylum applicant.

A. applied for asylum on 22 April...",82,1.7406292875146765
0,Applicant Detention and Asylum Claims,4828_chunk001,"On 1 August 2023, the Minister for Asylum and Migration declared...",83,1.7021635774667276
0,Applicant Detention and Asylum Claims,993_chunk000,According to the national contribution to the EMN Report on Migration and Asylum 2019:,84,1.656747675870009
0,Applicant Detention and Asylum Claims,992_chunk000,According to the national contribution to the EMN Report on Migration and Asylum 2019:,85,1.656747675870009
0,Applicant Detention and Asylum Claims,991_chunk000,According to the national contribution to the EMN Report on Migration and Asylum 2019:,86,1.656747675870009
0,Applicant Detention and Asylum Claims,979_chunk000,According to the national contribution to the EMN Annual Report on Migration and Asylum 2019:,87,1.6136923010963085
0,Applicant Detention and Asylum Claims,997_chunk000,According to the national contribution to the EMN Annual Report on Migration and Asylum 2019:,88,1.6136923010963085
0,Applicant Detention and Asylum Claims,972_chunk000,According to the national contribution to the EMN Annual Report on Migration and Asylum 2019:,89,1.6136923010963085
0,Applicant Detention and Asylum Claims,983_chunk000,According to the national contribution to the EMN Annual Report on Migration and Asylum 2019:,90,1.6136923010963085
0,Applicant Detention and Asylum Claims,998_chunk000,According to the national contribution to the EMN Annual Report on Migration and Asylum 2019:,91,1.6136923010963085
0,Applicant Detention and Asylum Claims,995_chunk000,According to the national contribution to the EMN Annual Report on Migration and Asylum 2019:,92,1.6136923010963085
0,Applicant Detention and Asylum Claims,994_chunk000,According to the national contribution to the EMN Annual Report on Migration and Asylum 2019:,93,1.6136923010963085
0,Applicant Detention and Asylum Claims,988_chunk000,According to the national contribution to the EMN Annual Report on Migration and Asylum 2019:,94,1.6136923010963085
0,Applicant Detention and Asylum Claims,989_chunk000,According to the national contribution to the EMN Annual Report on Migration and Asylum 2019:,95,1.6136923010963085
0,Applicant Detention and Asylum Claims,990_chunk000,According to the national contribution to the EMN Annual Report on Migration and Asylum 2019:,96,1.6136923010963085
0,Applicant Detention and Asylum Claims,986_chunk000,According to the national contribution to the EMN Annual Report on Migration and Asylum 2019:,97,1.6136923010963085
0,Applicant Detention and Asylum Claims,987_chunk000,According to the national contribution to the EMN Annual Report on Migration and Asylum 2019:,98,1.6136923010963085
0,Applicant Detention and Asylum Claims,985_chunk000,According to the national contribution to the EMN Annual Report on Migration and Asylum 2019:,99,1.6136923010963085
1,Emigration  Asylum  And 2019 Report,993_chunk000,According to the national contribution to the EMN Report on Migration and Asylum 2019:,0,11.923346464908391
1,Emigration  Asylum  And 2019 Report,992_chunk000,According to the national contribution to the EMN Report on Migration and Asylum 2019:,1,11.923346464908391
1,Emigration  Asylum  And 2019 Report,991_chunk000,According to the national contribution to the EMN Report on Migration and Asylum 2019:,2,11.923346464908391
1,Emigration  Asylum  And 2019 Report,979_chunk000,According to the national contribution to the EMN Annual Report on Migration and Asylum 2019:,3,11.61348385995032
1,Emigration  Asylum  And 2019 Report,997_chunk000,According to the national contribution to the EMN Annual Report on Migration and Asylum 2019:,4,11.61348385995032
1,Emigration  Asylum  And 2019 Report,972_chunk000,According to the national contribution to the EMN Annual Report on Migration and Asylum 2019:,5,11.61348385995032
1,Emigration  Asylum  And 2019 Report,983_chunk000,According to the national contribution to the EMN Annual Report on Migration and Asylum 2019:,6,11.61348385995032
1,Emigration  Asylum  And 2019 Report,998_chunk000,According to the national contribution to the EMN Annual Report on Migration and Asylum 2019:,7,11.61348385995032
1,Emigration  Asylum  And 2019 Report,995_chunk000,According to the national contribution to the EMN Annual Report on Migration and Asylum 2019:,8,11.61348385995032
1,Emigration  Asylum  And 2019 Report,994_chunk000,According to the national contribution to the EMN Annual Report on Migration and Asylum 2019:,9,11.61348385995032
1,Emigration  Asylum  And 2019 Report,988_chunk000,According to the national contribution to the EMN Annual Report on Migration and Asylum 2019:,10,11.61348385995032
1,Emigration  Asylum  And 2019 Report,989_chunk000,According to the national contribution to the EMN Annual Report on Migration and Asylum 2019:,11,11.61348385995032
1,Emigration  Asylum  And 2019 Report,990_chunk000,According to the national contribution to the EMN Annual Report on Migration and Asylum 2019:,12,11.61348385995032
1,Emigration  Asylum  And 2019 Report,986_chunk000,According to the national contribution to the EMN Annual Report on Migration and Asylum 2019:,13,11.61348385995032
1,Emigration  Asylum  And 2019 Report,987_chunk000,According to the national contribution to the EMN Annual Report on Migration and Asylum 2019:,14,11.61348385995032
1,Emigration  Asylum  And 2019 Report,985_chunk000,According to the national contribution to the EMN Annual Report on Migration and Asylum 2019:,15,11.61348385995032
1,Emigration  Asylum  And 2019 Report,984_chunk000,According to the national contribution to the EMN Annual Report on Migration and Asylum 2019:,16,11.61348385995032
1,Emigration  Asylum  And 2019 Report,970_chunk000,According to the national contribution to the EMN Annual Report on Migration and Asylum 2019 (information provided by the MO MoI SR):,17,10.773539233342404
1,Emigration  Asylum  And 2019 Report,974_chunk000,According to the national contribution to the EMN Annual Report on Migration and Asylum 2019 (information provided by the MO MoI SR):,18,10.773539233342404
1,Emigration  Asylum  And 2019 Report,976_chunk000,According to the national contribution to the EMN Annual Report on Migration and Asylum 2019 (information provided by the MO MoI of SR):,19,10.773539233342404
1,Emigration  Asylum  And 2019 Report,961_chunk000,According to the national contribution to the EMN Annual Report on Migration and Asylum 2019 (information provided by MO MoI SR):,20,10.773539233342404
1,Emigration  Asylum  And 2019 Report,978_chunk000,According to the national contribution to the EMN Annual Report on Migration and Asylum 2019 (information provided by the MO MoI of SR):,21,10.773539233342404
1,Emigration  Asylum  And 2019 Report,967_chunk000,According to the national contribution to the EMN Annual Report on Migration and Asylum 2019 (information provided by MO MoI SR):,22,10.773539233342404
1,Emigration  Asylum  And 2019 Report,964_chunk000,According to the national contribution to the EMN Annual Report on Migration and Asylum 2019 (information provided by MO MoI SR):,23,10.773539233342404
1,Emigration  Asylum  And 2019 Report,980_chunk000,"According to the national contribution to the EMN Annual Report on Migration and Asylum 2019:

In these judgments (no. 230.067 and no. 230.068) the Council states that the principle of ""family unity"" does not give rise to a right to...",24,8.680755290873567
1,Emigration  Asylum  And 2019 Report,23_chunk000,"The Finnish Immigration Service had rejected A 's application for asylum and residence permit on the basis of the conflict between A and his father' s claims for asylum. Although the father's report has thus affected A's case, he or she has not been given the opportunity to give an explanation of the report and contradictions that it has in relation to his or her report.",25,7.482373215342722
1,Emigration  Asylum  And 2019 Report,996_chunk000,"According to the national contribution to the EMN Annual Report on Migration and Asylum 2019:

For the Council of State, the civil registry records reconstituted by the French Office for the Protection of Refugees and Stateless Persons (OFPRA) have identical value to the official originals, which precludes consular authorities contesting the particulars contained therein, except in cases of fraud.",26,7.152440153532098
1,Emigration  Asylum  And 2019 Report,3963_chunk001,"He left Iran for Turkey in 2015 (where he applied for asylum) and from there he travelled to Czechia in 2019. In support of his request, the...",27,6.211754437549501
1,Emigration  Asylum  And 2019 Report,937_chunk000,"By decision of 26 July 2019, the State Secretary for Justice and Security established a so-called decision and departure moratorium for asylum seekers from Libya (Government Gazette 26 July 2019, no. 40679). This ruling is about a decision to establish a decision moratorium for Libya.",28,5.883746843381537
1,Emigration  Asylum  And 2019 Report,119_chunk001,"Nevertheless, the National High Court considered, in line with UNHCR's report presented at the Eligibility Commission in this...",29,4.950222811067976
1,Emigration  Asylum  And 2019 Report,589_chunk000,"I – Notification to the applicant for international protection, to account for the content of his statement, does not comply with the formalities required by Article 17 (1 and 2) of the Asylum law under which a written report, containing all the essential information regarding the case and to which the applicant can respond, must be drawn up.",30,4.727031733986807
1,Emigration  Asylum  And 2019 Report,1705_chunk001,"In September 2019 the applicants applied for the status of stateless persons under the Convention for the Status of Stateless Persons, and a...",31,4.677791075740383
1,Emigration  Asylum  And 2019 Report,590_chunk000,"In an urgent action for the «granting of asylum or of a residence permit for subsidiary protection» the use of «official international reports on the political and social situation of the applicant's country of origin», by the court of appeal is not in breach of Articles 412 and 662 of the Civil Procedure Code.

...",32,4.641828461870817
1,Emigration  Asylum  And 2019 Report,1091_chunk001,"The applicant was arrested on 6 June 2019 in execution of a detention order that had since been issued and, after being questioned, received a notification from the Federal Office for Foreign Affairs and Asylum (BFA) on the same day on detention pending deportation. During detention pending...",33,4.615472861849707
1,Emigration  Asylum  And 2019 Report,2510_chunk000,"The applicant, Guinea national, was rejected the application of asylum as inadmissible by decision of 7 March 2018 because he has already applied in Spain, according to a Eurodac hit report. The Spanish authorities agreed to the transfer on 6 March 2018 and the BAMF decision was adopted on 7 March 2018.",34,4.329665017717636
1,Emigration  Asylum  And 2019 Report,3137_chunk000,"The applicant, Colombian national, applied for international protection on 4 September 2019 and he was informed on the same day of his rights in the asylum procedure, including the right to free legal aid from the state in case he lacked sufficient financial resources. The applicant was handed over a form where he could tick the services he requires.",35,4.2274840776923694
1,Emigration  Asylum  And 2019 Report,5443_chunk001,"It noted also that the lower court duly considered the admissibility of the removal on basis of current country of origin reports on Syria, by assessing both the security and supply situation in Syria as well as the...",36,4.03123561381887
1,Emigration  Asylum  And 2019 Report,1086_chunk001,"Specifically, the assessment consisted of an initial observation by two officers from the Aliens Police, Identification and Human Trafficking Department (AVIM) on 22 January 2018, recorded in an official report, and a subsequent...",37,3.94976270736208
1,Emigration  Asylum  And 2019 Report,3286_chunk000,"The General Administration of the State brought an appeal on points of law against the judgment of 3 October 2019 delivered by the Second Section of the Administrative Chamber of the High Court of Justice of Andalusia, located in Málaga.",38,3.6782526305505394
1,Emigration  Asylum  And 2019 Report,983_chunk001,"The Council notes that it nevertheless emerges sufficiently from the judgment [CJEU, judgment of 14 May 2019]- which the defendant does not fail to point out in its observation note - that the Court stated, at the very least, that the use, in the French version, of the terms ""exclusion from the status of refugee"" referred to in...",39,3.475703680907208
1,Emigration  Asylum  And 2019 Report,3166_chunk000,"In 2019, the Government Delegate in Madrid ordered the expulsion and a five-year prohibition of entry into the Schengen area for the applicant, a Ukrainian national who was convicted and imprisoned several times for theft and robbery. The applicant appealed against this decision but his request was rejected both in first and in second instance.",40,3.2942978256240725
1,Emigration  Asylum  And 2019 Report,2471_chunk000,"A national from Lithuania applied for international protection in Austria on 15 April 2019. The applicant claimed he was a lawyer and human rights activist who had defaced a plaque honouring a General who was responsible for the murder of 14,000 Jews, 22 of whom were related to him.",41,3.2942978256240725
1,Emigration  Asylum  And 2019 Report,933_chunk000,"The Division finds that the general safety situation in Afghanistan, particularly in Nangarhar and Ghazni, remains unabatedly alarming. In certain respects, the safety situation in Afghanistan has even worsened compared to June 2018, the end point of the reporting period dealt with in the earlier ruling of the Division of 1 October 2018. On the other hand, however, the...",42,3.2313801682699843
1,Emigration  Asylum  And 2019 Report,4728_chunk000,"A national of Belarus requested international protection in Luxembourg on 7 February 2020. By decision of 27 September 2019, her request was rejected as unfounded and she was ordered to leave the territory within 30 days. She appealed the decision, and her appeal was dismissed by final decision of the Administrative Court on 28 June 2022.",43,3.079962976515438
1,Emigration  Asylum  And 2019 Report,2506_chunk000,"The applicant, A, Ethiopian national, requested residence permit on the basis of family reunification with his cohabitation spouse B, who had a permanent residence permit issued on individual reasons. The FIS rejected the request by decision of 2 May 2019 and ordered the repatriation of A, considering that he did not meet the requirements as he did not present a valid travel document.",44,3.030667370297136
1,Emigration  Asylum  And 2019 Report,2509_chunk000,"The applicant, Guinean national, contested the inadmissibility decision adopted based on Paragraph 29(1)(1)(a) of the AsylG, because he entered Germany and applied for international protection on 11 April 2018 but he had previously applied in Spain (Eurodac hit report). The BAMF also found no prohibition to deportation and issued a 6 months entry ban.",45,2.984632558522142
1,Emigration  Asylum  And 2019 Report,1012_chunk000,The applicant arrived as a transit passenger on 18 March 2019 by air from Moscow to the Czech Republic and applied for international protection at the Václav Havel Airport Prague. The applicant was refused entry into the territory as she was registered in the Schengen Information System (SIS) as an undesirable alien to whom refusal of entry into the Schengen area was to be made.,46,2.9829248839174034
1,Emigration  Asylum  And 2019 Report,1084_chunk000,"The case concerns the evidence (documents and declarations) necessary for a family reunification application.

By decision of 31 July 2017, the State Secretary rejected the applicants' request for a provisional residence permit. On 18 July 2018, the State Secretary declared the the applicants' objection as unfounded and on 1 March 2019, the court dismissed the appeal brought by the...",47,2.891814640388486
1,Emigration  Asylum  And 2019 Report,52_chunk000,"On 13 April 2010, Ms. Danqua, a Ghanaian national, applied for refugee status in Ireland arguing that she feared trokosi practices, a form of ritual servitude practised in Ghana predominantly affecting women. In a report dated 16 June 2010, the Refugee Applications Commissioner (Ireland) issued a negative recommendation in respect of that application because of its lack of credibility.",48,2.853879521651314
1,Emigration  Asylum  And 2019 Report,923_chunk000,An applicant must submit a request for protection with which he asserts target-country-related dangers that are objectively suitable in their nature for recognition as a person entitled to asylum or an award for international protection (material asylum request within the meaning of Section 13 (1) Asylum Act) refer the asylum procedure to the Federal Office.,49,1.9178286152679365
1,Emigration  Asylum  And 2019 Report,3272_chunk001,"The case concerned the accused monk B., who granted church asylum to A., from the Gaza strip, on 25 August 2020 and provided him accommodation and care with the knowledge that A. was a rejected asylum applicant.

A. applied for asylum on 22 April...",50,1.904091911639368
1,Emigration  Asylum  And 2019 Report,562_chunk000,The case raises the issue of whether a subsequent application for asylum has been submitted at the time when the foreign national applies in writing by expressing the wish to submit an application for a temporary asylum residence permit or at the time when he/she uses the appropriate form to submit the application for asylum.,51,1.8474407646337991
1,Emigration  Asylum  And 2019 Report,550_chunk000,"The case involved an asylum seeker upon whom detention was imposed as a measure to ensure a Dublin procedure. The asylum seeker lodged a complaint against a decision that had been issued based on Art. 5 of the Asylum Act 2005, rejecting the application as inadmissible.",52,1.8474407646337991
1,Emigration  Asylum  And 2019 Report,563_chunk000,"The case concerns the moment at which an asylum application is lodged, in particular with regard to a subsequent asylum application. This moment is important for the entitlement to reception by the foreign national.",53,1.8221150827786152
1,Emigration  Asylum  And 2019 Report,510_chunk000,"The Court of Sessions found there was no unlawful discrimination arising from a reduction in the amount of asylum support payable to asylum seekers with one or more dependent children, following a government review. ...",54,1.770170393503916
1,Emigration  Asylum  And 2019 Report,56_chunk001,"The applicants claimed asylum in Ireland on 16 December 2014, and completed their asylum application questionnaires on 26 December 2014. An information request by the Office of the Refugee Applications...",55,1.770170393503916
1,Emigration  Asylum  And 2019 Report,921_chunk001,"More analytically, a female asylum seeker had upon arrival to Norway...",56,1.7501396024977072
1,Emigration  Asylum  And 2019 Report,148_chunk000,The case concerns “sur place” asylum claims.,57,1.7501396024977072
1,Emigration  Asylum  And 2019 Report,914_chunk000,A. applied for asylum in Sweden in April 2015. The application was rejected and the applicant excluded from asylum for having committed crimes against humanity while working as a guard in Eritrea. An expulsion order had also been issued.,58,1.745293066357548
1,Emigration  Asylum  And 2019 Report,1648_chunk000,"The applicant applied for international protection on 13 January 2010, claiming to be a minor from Zimbabwe and by decision of 29 September 2010 the Federal Office for Asylum rejected the application as unfounded. Upon appeal, the Court of Asylum referred the matter back to the Federal Asylum Office for a new hearing and assessment.",59,1.7436835137720603
1,Emigration  Asylum  And 2019 Report,186_chunk000,"According the WLR Daily case summaries The asylum claimant, an Iraqi national, entered the United Kingdom and claimed asylum. His claim was refused by the Secretary of State and he appealed pursuant to section 82 of the Nationality, Immigration and Asylum Act 2002. His appeal was dismissed by the First-tier Tribunal.",60,1.7436835137720603
1,Emigration  Asylum  And 2019 Report,4235_chunk000,"The case concerned two Iranian applicant, a father and his minor child, who entered the Röszke transit zone and applied for asylum on 5 December 2018. The asylum authority rejected the application as inadmissible and considered that Serbia was a safe third country where the applicants should have requested asylum. The decision was confirmed in court.",61,1.72751321435211
1,Emigration  Asylum  And 2019 Report,34_chunk000,"On 14 September 2015, Mr Tsegezab Mengesteab, an Eritrean national, requested asylum in Munich (Germany) with the Government of Upper Bavaria, which issued to him, on the same day, a certificate of registration as an asylum seeker. On 22 July 2016, Mr Mengesteab was heard by the Bundesamt and was able to lodge an official application for asylum.",62,1.72751321435211
1,Emigration  Asylum  And 2019 Report,4828_chunk001,"On 1 August 2023, the Minister for Asylum and Migration declared...",63,1.7021635774667276
1,Emigration  Asylum  And 2019 Report,170_chunk000,Administrative Court Düsseldorf The plaintiff is an asylum seeker and claims to be from Bangladesh.,64,1.7021635774667276
1,Emigration  Asylum  And 2019 Report,130_chunk000,The Council ruled that to be able to transfer an applicant to another member state the administrative authority must obtain the consent of the State responsible for examining the asylum application before it can take a decision to transfer the asylum seeker to that State.,65,1.6524039441628875
1,Emigration  Asylum  And 2019 Report,209_chunk000,"In this case, the applicant applied for asylum in his city of residence, Ceuta, and his application was admitted. At that point the Spanish authorities issued him the corresponding identity document valid for the entire national territory and until the resolution of his asylum application.",66,1.6524039441628875
1,Emigration  Asylum  And 2019 Report,196_chunk000,The applicant applied for asylum in two occasions: in the United Kingdom in 2009 and in Northern Ireland in 2014 and both applications were refused by the corresponding British Authorities. The applicant moved to Ireland in August 2016 where he submitted a new asylum application.,67,1.6307063162411402
1,Emigration  Asylum  And 2019 Report,56_chunk000,The applicants were two Albanian asylum seekers who challenged the decision of the Refugee Appeals Tribunal upholding the decision of the Office of the Refugee Applications Commissioner that the United Kingdom was the member state responsible for determining their applications for asylum.,68,1.6307063162411402
1,Emigration  Asylum  And 2019 Report,183_chunk000,"These cases concern the detention of Syrian asylum seekers during different periods between 2010 and 2012. In the cases of M.A., A.H. and J.K., H.S. and Others and K.F. the detention occurred after a police operation in June 2010 removing them from an encampment outside government buildings where they were protesting against the Cypriot Government's asylum policy.",69,1.609571123795568
1,Emigration  Asylum  And 2019 Report,141_chunk001,"Second, the High Court concurred with the SSHD that confidentiality is a vital element for the working of the asylum system and the fulfilment of obligations under the Refugee Convention, the EU Qualification Directive and the European Convention on Human Rights (ECHR). The disclosure of information revealed during the asylum...",70,1.5889767778626451
1,Emigration  Asylum  And 2019 Report,954_chunk000,The applicants were an Albanian mother and her two daughters whose applications for asylum were refused by the Refugee Applications Commissioner.,71,1.5728180793640756
1,Emigration  Asylum  And 2019 Report,625_chunk001,No appeal is possible against these judgments. Background: Both aliens initially applied for asylum in Hungary. They then applied for...,72,1.5728180793640756
1,Emigration  Asylum  And 2019 Report,22_chunk000,"The Finnish Immigration Service had rejected asylum seeker A's application for asylum and residence permit and decided to return him to his country of origin, Iraq. On 29 June 2017 A. requested permission to appeal the decision of the Administrative Court and to be granted international protection.",73,1.5689027804370126
1,Emigration  Asylum  And 2019 Report,45_chunk000,The administrative authority considered applicant's another subsequent application (third application) for international protection inadmissible and terminated the proceedings according to the provisions of the Act on Asylum implementing Art. 33(2)(d) and Art. 40 of the Recast Asylum Procedures Directive.,74,1.5689027804370126
1,Emigration  Asylum  And 2019 Report,35_chunk000,"! With regard to reception, UK implements Council Directive 2003/9/EC. This case concerns a challenge to a decision by the Secretary of State for the Home Department (""the Respondent"") as to the weekly rate of asylum support paid for child dependants of asylum seekers.",75,1.5689027804370126
1,Emigration  Asylum  And 2019 Report,5890_chunk000,"Six Iraqi nationals, a family of two parents and their four minor children, entered the Hungarian transit zone bordering Serbia on 10 July 2018 and submitted an asylum application. On the same day, the asylum authority designated the transit zone in Tompa as the applicants' place of stay.",76,1.5493296564192718
1,Emigration  Asylum  And 2019 Report,3137_chunk001,"He requested an interpreter, but the form was left blank on the part of lawyer assistance.

The application for asylum was rejected as...",77,1.5339633618091175
1,Emigration  Asylum  And 2019 Report,931_chunk001,The appellant had been granted subsidiary protection status in Denmark in 2015. The individual's family was granted asylum in...,78,1.5339633618091175
1,Emigration  Asylum  And 2019 Report,108_chunk001,The applicant subsequently lodged a request for his asylum application to be reconsidered followed by an application for temporary admission on...,79,1.5339633618091175
1,Emigration  Asylum  And 2019 Report,55_chunk001,As part of her asylum claim the applicant submitted a refugee card and a letter from AREF to corroborate her account. The...,80,1.5339633618091175
1,Emigration  Asylum  And 2019 Report,4164_chunk000,"VR arrived in Lithuania on 25 April 2022, with the assistance of Freedom House Foundation. He requested asylum in Lithuania after his visa for special humanitarian reasons had expired. In his asylum request, the applicant argued that he had a well-founded fear of being persecuted for his political beliefs.",81,1.5302388905949904
1,Emigration  Asylum  And 2019 Report,584_chunk000,"The applicant sought judicial review of the decision to refuse him asylum in Ireland, which he had applied for on the basis of fear of persecution due to issues with the Taliban and Lashkar-e-Islam. The applicant had tactically not applied for asylum in another Member State, which was a factor the decision maker was permitted to take into consideration.",82,1.5302388905949904
1,Emigration  Asylum  And 2019 Report,3276_chunk001,The court noted that Romania was already unprepared to accommodate asylum applicants before the Ukrainian crisis and that with the high influx of persons...,83,1.4969820878950295
1,Emigration  Asylum  And 2019 Report,3277_chunk001,"When the asylum procedure starts, applicants are usually assigned a lawyer through the Legal Aid Board. The applicant claimed that he received the contested...",84,1.4969820878950295
1,Emigration  Asylum  And 2019 Report,562_chunk001,"This moment is important for the commencement date of the temporary asylum residence permit granted to the foreign national.

By decision...",85,1.4969820878950295
1,Emigration  Asylum  And 2019 Report,643_chunk000,As per the published press release: The Council of State validates the criteria to be met by a new asylum application to be admissible.,86,1.4969820878950295
1,Emigration  Asylum  And 2019 Report,4705_chunk000,"Judgment concerning the freedom of movement of asylum seekers in Ceuta and Melilla, although his application for international protection was admitted for examination.

...",87,1.4969820878950295
1,Emigration  Asylum  And 2019 Report,577_chunk000,"This case concerns the validity of asylum application in accordance with § 29 para. 1 no. 5 i. V. m. Section 71a (1) Asylum Act, in accordance with Section 31 (3) Sentence 1 AsylG. It also refers to the examination of a prohibition on removal according to § 60 Abs. 5 AufenthG i. V. m.",88,1.493434825798304
1,Emigration  Asylum  And 2019 Report,1647_chunk001,"On 18 March 2020, the Federal Office for Foreign Affairs and Asylum conducted the interview remotely, by video-conference...",89,1.4617419506056315
1,Emigration  Asylum  And 2019 Report,1648_chunk001,"On 17 November 2011, the Federal Asylum Office rejected again the application, after having found also that the applicant was from Nigeria and ordered the return....",90,1.4617419506056315
1,Emigration  Asylum  And 2019 Report,512_chunk001,"An asylum seeker from Afghanistan had been expelled and issued with a five year entry ban to Norway in 2012, due to not leaving the country...",91,1.4617419506056315
1,Emigration  Asylum  And 2019 Report,127_chunk000,The Administrative Court of Nice has ordered the Prefecture of Alpes-Maritimes to register asylum applications of persons entering via Italy....,92,1.4617419506056315
1,Emigration  Asylum  And 2019 Report,931_chunk000,"Pursuant to Art. 4a of the Asylum Act 2005, an application for international protection is to be rejected as inadmissible where the foreign person has been granted asylum or subsidiary protection status in another EEA Member State or Switzerland. In the specific case, the appellant, a Syrian citizen, filed an application for international protection in April 2018.",93,1.4583595447352078
1,Emigration  Asylum  And 2019 Report,88_chunk000,"The Court of Appeal confirmed that the First-tier Tribunal had been entitled to refuse an asylum seeker's appeal against the refusal of her claims for asylum and humanitarian protection. She had failed to establish a well-founded fear of persecution if returned to Iran on the basis of her political activities, conversion to Christianity, and the risk of domestic violence from her husband...",94,1.4583595447352078
1,Emigration  Asylum  And 2019 Report,170_chunk001,"The Court ruled that with the rules on distribution and allocation (§§ 50, 51 AsylG), the law takes into account the regularly particularly important public interest , the burden associated with the reception of asylum seekers in terms of accommodation, food and supervision, evenly on the Federal states and municipalities (see § 45 AsylG). In that regard, an asylum seeker - such as the...",95,1.441432574832544
1,Emigration  Asylum  And 2019 Report,4231_chunk000,"The case concerned the question whether the State Secretary had correctly established the date from which the applicant benefits of asylum, how to establish the date of application.",96,1.428122814833851
1,Emigration  Asylum  And 2019 Report,4184_chunk000,A third country national arrived at Schiphol Airport on 28 March 2023 and she submitted an asylum application the next day.,97,1.428122814833851
1,Emigration  Asylum  And 2019 Report,4164_chunk001,The decision on his request for asylum was postponed by the Migration Department under the Ministry of the Interior until the third quarter of 2023. VR appealed against this written...,98,1.428122814833851
1,Emigration  Asylum  And 2019 Report,641_chunk000,"This case relates to the transfer to Italy under Dublin procedure of an asylum seeker with medical condition. For further information on the case, please refer to the original document indicated below.

...",99,1.428122814833851
2,Emigration And Asylum Reporting 2019,993_chunk000,According to the national contribution to the EMN Report on Migration and Asylum 2019:,0,11.923346464908391
2,Emigration And Asylum Reporting 2019,992_chunk000,According to the national contribution to the EMN Report on Migration and Asylum 2019:,1,11.923346464908391
2,Emigration And Asylum Reporting 2019,991_chunk000,According to the national contribution to the EMN Report on Migration and Asylum 2019:,2,11.923346464908391
2,Emigration And Asylum Reporting 2019,979_chunk000,According to the national contribution to the EMN Annual Report on Migration and Asylum 2019:,3,11.61348385995032
2,Emigration And Asylum Reporting 2019,997_chunk000,According to the national contribution to the EMN Annual Report on Migration and Asylum 2019:,4,11.61348385995032
2,Emigration And Asylum Reporting 2019,972_chunk000,According to the national contribution to the EMN Annual Report on Migration and Asylum 2019:,5,11.61348385995032
2,Emigration And Asylum Reporting 2019,983_chunk000,According to the national contribution to the EMN Annual Report on Migration and Asylum 2019:,6,11.61348385995032
2,Emigration And Asylum Reporting 2019,998_chunk000,According to the national contribution to the EMN Annual Report on Migration and Asylum 2019:,7,11.61348385995032
2,Emigration And Asylum Reporting 2019,995_chunk000,According to the national contribution to the EMN Annual Report on Migration and Asylum 2019:,8,11.61348385995032
2,Emigration And Asylum Reporting 2019,994_chunk000,According to the national contribution to the EMN Annual Report on Migration and Asylum 2019:,9,11.61348385995032
2,Emigration And Asylum Reporting 2019,988_chunk000,According to the national contribution to the EMN Annual Report on Migration and Asylum 2019:,10,11.61348385995032
2,Emigration And Asylum Reporting 2019,989_chunk000,According to the national contribution to the EMN Annual Report on Migration and Asylum 2019:,11,11.61348385995032
2,Emigration And Asylum Reporting 2019,990_chunk000,According to the national contribution to the EMN Annual Report on Migration and Asylum 2019:,12,11.61348385995032
2,Emigration And Asylum Reporting 2019,986_chunk000,According to the national contribution to the EMN Annual Report on Migration and Asylum 2019:,13,11.61348385995032
2,Emigration And Asylum Reporting 2019,987_chunk000,According to the national contribution to the EMN Annual Report on Migration and Asylum 2019:,14,11.61348385995032
2,Emigration And Asylum Reporting 2019,985_chunk000,According to the national contribution to the EMN Annual Report on Migration and Asylum 2019:,15,11.61348385995032
2,Emigration And Asylum Reporting 2019,984_chunk000,According to the national contribution to the EMN Annual Report on Migration and Asylum 2019:,16,11.61348385995032
2,Emigration And Asylum Reporting 2019,970_chunk000,According to the national contribution to the EMN Annual Report on Migration and Asylum 2019 (information provided by the MO MoI SR):,17,10.773539233342404
2,Emigration And Asylum Reporting 2019,974_chunk000,According to the national contribution to the EMN Annual Report on Migration and Asylum 2019 (information provided by the MO MoI SR):,18,10.773539233342404
2,Emigration And Asylum Reporting 2019,976_chunk000,According to the national contribution to the EMN Annual Report on Migration and Asylum 2019 (information provided by the MO MoI of SR):,19,10.773539233342404
2,Emigration And Asylum Reporting 2019,961_chunk000,According to the national contribution to the EMN Annual Report on Migration and Asylum 2019 (information provided by MO MoI SR):,20,10.773539233342404
2,Emigration And Asylum Reporting 2019,978_chunk000,According to the national contribution to the EMN Annual Report on Migration and Asylum 2019 (information provided by the MO MoI of SR):,21,10.773539233342404
2,Emigration And Asylum Reporting 2019,967_chunk000,According to the national contribution to the EMN Annual Report on Migration and Asylum 2019 (information provided by MO MoI SR):,22,10.773539233342404
2,Emigration And Asylum Reporting 2019,964_chunk000,According to the national contribution to the EMN Annual Report on Migration and Asylum 2019 (information provided by MO MoI SR):,23,10.773539233342404
2,Emigration And Asylum Reporting 2019,980_chunk000,"According to the national contribution to the EMN Annual Report on Migration and Asylum 2019:

In these judgments (no. 230.067 and no. 230.068) the Council states that the principle of ""family unity"" does not give rise to a right to...",24,8.680755290873567
2,Emigration And Asylum Reporting 2019,23_chunk000,"The Finnish Immigration Service had rejected A 's application for asylum and residence permit on the basis of the conflict between A and his father' s claims for asylum. Although the father's report has thus affected A's case, he or she has not been given the opportunity to give an explanation of the report and contradictions that it has in relation to his or her report.",25,7.482373215342722
2,Emigration And Asylum Reporting 2019,996_chunk000,"According to the national contribution to the EMN Annual Report on Migration and Asylum 2019:

For the Council of State, the civil registry records reconstituted by the French Office for the Protection of Refugees and Stateless Persons (OFPRA) have identical value to the official originals, which precludes consular authorities contesting the particulars contained therein, except in cases of fraud.",26,7.152440153532098
2,Emigration And Asylum Reporting 2019,3963_chunk001,"He left Iran for Turkey in 2015 (where he applied for asylum) and from there he travelled to Czechia in 2019. In support of his request, the...",27,6.211754437549501
2,Emigration And Asylum Reporting 2019,937_chunk000,"By decision of 26 July 2019, the State Secretary for Justice and Security established a so-called decision and departure moratorium for asylum seekers from Libya (Government Gazette 26 July 2019, no. 40679). This ruling is about a decision to establish a decision moratorium for Libya.",28,5.883746843381537
2,Emigration And Asylum Reporting 2019,119_chunk001,"Nevertheless, the National High Court considered, in line with UNHCR's report presented at the Eligibility Commission in this...",29,4.950222811067976
2,Emigration And Asylum Reporting 2019,589_chunk000,"I – Notification to the applicant for international protection, to account for the content of his statement, does not comply with the formalities required by Article 17 (1 and 2) of the Asylum law under which a written report, containing all the essential information regarding the case and to which the applicant can respond, must be drawn up.",30,4.727031733986807
2,Emigration And Asylum Reporting 2019,1705_chunk001,"In September 2019 the applicants applied for the status of stateless persons under the Convention for the Status of Stateless Persons, and a...",31,4.677791075740383
2,Emigration And Asylum Reporting 2019,590_chunk000,"In an urgent action for the «granting of asylum or of a residence permit for subsidiary protection» the use of «official international reports on the political and social situation of the applicant's country of origin», by the court of appeal is not in breach of Articles 412 and 662 of the Civil Procedure Code.

...",32,4.641828461870817
2,Emigration And Asylum Reporting 2019,1091_chunk001,"The applicant was arrested on 6 June 2019 in execution of a detention order that had since been issued and, after being questioned, received a notification from the Federal Office for Foreign Affairs and Asylum (BFA) on the same day on detention pending deportation. During detention pending...",33,4.615472861849707
2,Emigration And Asylum Reporting 2019,2510_chunk000,"The applicant, Guinea national, was rejected the application of asylum as inadmissible by decision of 7 March 2018 because he has already applied in Spain, according to a Eurodac hit report. The Spanish authorities agreed to the transfer on 6 March 2018 and the BAMF decision was adopted on 7 March 2018.",34,4.329665017717636
2,Emigration And Asylum Reporting 2019,3137_chunk000,"The applicant, Colombian national, applied for international protection on 4 September 2019 and he was informed on the same day of his rights in the asylum procedure, including the right to free legal aid from the state in case he lacked sufficient financial resources. The applicant was handed over a form where he could tick the services he requires.",35,4.2274840776923694
2,Emigration And Asylum Reporting 2019,5443_chunk001,"It noted also that the lower court duly considered the admissibility of the removal on basis of current country of origin reports on Syria, by assessing both the security and supply situation in Syria as well as the...",36,4.03123561381887
2,Emigration And Asylum Reporting 2019,1086_chunk001,"Specifically, the assessment consisted of an initial observation by two officers from the Aliens Police, Identification and Human Trafficking Department (AVIM) on 22 January 2018, recorded in an official report, and a subsequent...",37,3.94976270736208
2,Emigration And Asylum Reporting 2019,3286_chunk000,"The General Administration of the State brought an appeal on points of law against the judgment of 3 October 2019 delivered by the Second Section of the Administrative Chamber of the High Court of Justice of Andalusia, located in Málaga.",38,3.6782526305505394
2,Emigration And Asylum Reporting 2019,983_chunk001,"The Council notes that it nevertheless emerges sufficiently from the judgment [CJEU, judgment of 14 May 2019]- which the defendant does not fail to point out in its observation note - that the Court stated, at the very least, that the use, in the French version, of the terms ""exclusion from the status of refugee"" referred to in...",39,3.475703680907208
2,Emigration And Asylum Reporting 2019,3166_chunk000,"In 2019, the Government Delegate in Madrid ordered the expulsion and a five-year prohibition of entry into the Schengen area for the applicant, a Ukrainian national who was convicted and imprisoned several times for theft and robbery. The applicant appealed against this decision but his request was rejected both in first and in second instance.",40,3.2942978256240725
2,Emigration And Asylum Reporting 2019,2471_chunk000,"A national from Lithuania applied for international protection in Austria on 15 April 2019. The applicant claimed he was a lawyer and human rights activist who had defaced a plaque honouring a General who was responsible for the murder of 14,000 Jews, 22 of whom were related to him.",41,3.2942978256240725
2,Emigration And Asylum Reporting 2019,933_chunk000,"The Division finds that the general safety situation in Afghanistan, particularly in Nangarhar and Ghazni, remains unabatedly alarming. In certain respects, the safety situation in Afghanistan has even worsened compared to June 2018, the end point of the reporting period dealt with in the earlier ruling of the Division of 1 October 2018. On the other hand, however, the...",42,3.2313801682699843
2,Emigration And Asylum Reporting 2019,4728_chunk000,"A national of Belarus requested international protection in Luxembourg on 7 February 2020. By decision of 27 September 2019, her request was rejected as unfounded and she was ordered to leave the territory within 30 days. She appealed the decision, and her appeal was dismissed by final decision of the Administrative Court on 28 June 2022.",43,3.079962976515438
2,Emigration And Asylum Reporting 2019,2506_chunk000,"The applicant, A, Ethiopian national, requested residence permit on the basis of family reunification with his cohabitation spouse B, who had a permanent residence permit issued on individual reasons. The FIS rejected the request by decision of 2 May 2019 and ordered the repatriation of A, considering that he did not meet the requirements as he did not present a valid travel document.",44,3.030667370297136
2,Emigration And Asylum Reporting 2019,2509_chunk000,"The applicant, Guinean national, contested the inadmissibility decision adopted based on Paragraph 29(1)(1)(a) of the AsylG, because he entered Germany and applied for international protection on 11 April 2018 but he had previously applied in Spain (Eurodac hit report). The BAMF also found no prohibition to deportation and issued a 6 months entry ban.",45,2.984632558522142
2,Emigration And Asylum Reporting 2019,1012_chunk000,The applicant arrived as a transit passenger on 18 March 2019 by air from Moscow to the Czech Republic and applied for international protection at the Václav Havel Airport Prague. The applicant was refused entry into the territory as she was registered in the Schengen Information System (SIS) as an undesirable alien to whom refusal of entry into the Schengen area was to be made.,46,2.9829248839174034
2,Emigration And Asylum Reporting 2019,1084_chunk000,"The case concerns the evidence (documents and declarations) necessary for a family reunification application.

By decision of 31 July 2017, the State Secretary rejected the applicants' request for a provisional residence permit. On 18 July 2018, the State Secretary declared the the applicants' objection as unfounded and on 1 March 2019, the court dismissed the appeal brought by the...",47,2.891814640388486
2,Emigration And Asylum Reporting 2019,52_chunk000,"On 13 April 2010, Ms. Danqua, a Ghanaian national, applied for refugee status in Ireland arguing that she feared trokosi practices, a form of ritual servitude practised in Ghana predominantly affecting women. In a report dated 16 June 2010, the Refugee Applications Commissioner (Ireland) issued a negative recommendation in respect of that application because of its lack of credibility.",48,2.853879521651314
2,Emigration And Asylum Reporting 2019,923_chunk000,An applicant must submit a request for protection with which he asserts target-country-related dangers that are objectively suitable in their nature for recognition as a person entitled to asylum or an award for international protection (material asylum request within the meaning of Section 13 (1) Asylum Act) refer the asylum procedure to the Federal Office.,49,1.9178286152679365
2,Emigration And Asylum Reporting 2019,3272_chunk001,"The case concerned the accused monk B., who granted church asylum to A., from the Gaza strip, on 25 August 2020 and provided him accommodation and care with the knowledge that A. was a rejected asylum applicant.

A. applied for asylum on 22 April...",50,1.904091911639368
2,Emigration And Asylum Reporting 2019,562_chunk000,The case raises the issue of whether a subsequent application for asylum has been submitted at the time when the foreign national applies in writing by expressing the wish to submit an application for a temporary asylum residence permit or at the time when he/she uses the appropriate form to submit the application for asylum.,51,1.8474407646337991
2,Emigration And Asylum Reporting 2019,550_chunk000,"The case involved an asylum seeker upon whom detention was imposed as a measure to ensure a Dublin procedure. The asylum seeker lodged a complaint against a decision that had been issued based on Art. 5 of the Asylum Act 2005, rejecting the application as inadmissible.",52,1.8474407646337991
2,Emigration And Asylum Reporting 2019,563_chunk000,"The case concerns the moment at which an asylum application is lodged, in particular with regard to a subsequent asylum application. This moment is important for the entitlement to reception by the foreign national.",53,1.8221150827786152
2,Emigration And Asylum Reporting 2019,510_chunk000,"The Court of Sessions found there was no unlawful discrimination arising from a reduction in the amount of asylum support payable to asylum seekers with one or more dependent children, following a government review. ...",54,1.770170393503916
2,Emigration And Asylum Reporting 2019,56_chunk001,"The applicants claimed asylum in Ireland on 16 December 2014, and completed their asylum application questionnaires on 26 December 2014. An information request by the Office of the Refugee Applications...",55,1.770170393503916
2,Emigration And Asylum Reporting 2019,921_chunk001,"More analytically, a female asylum seeker had upon arrival to Norway...",56,1.7501396024977072
2,Emigration And Asylum Reporting 2019,148_chunk000,The case concerns “sur place” asylum claims.,57,1.7501396024977072
2,Emigration And Asylum Reporting 2019,914_chunk000,A. applied for asylum in Sweden in April 2015. The application was rejected and the applicant excluded from asylum for having committed crimes against humanity while working as a guard in Eritrea. An expulsion order had also been issued.,58,1.745293066357548
2,Emigration And Asylum Reporting 2019,1648_chunk000,"The applicant applied for international protection on 13 January 2010, claiming to be a minor from Zimbabwe and by decision of 29 September 2010 the Federal Office for Asylum rejected the application as unfounded. Upon appeal, the Court of Asylum referred the matter back to the Federal Asylum Office for a new hearing and assessment.",59,1.7436835137720603
2,Emigration And Asylum Reporting 2019,186_chunk000,"According the WLR Daily case summaries The asylum claimant, an Iraqi national, entered the United Kingdom and claimed asylum. His claim was refused by the Secretary of State and he appealed pursuant to section 82 of the Nationality, Immigration and Asylum Act 2002. His appeal was dismissed by the First-tier Tribunal.",60,1.7436835137720603
2,Emigration And Asylum Reporting 2019,4235_chunk000,"The case concerned two Iranian applicant, a father and his minor child, who entered the Röszke transit zone and applied for asylum on 5 December 2018. The asylum authority rejected the application as inadmissible and considered that Serbia was a safe third country where the applicants should have requested asylum. The decision was confirmed in court.",61,1.72751321435211
2,Emigration And Asylum Reporting 2019,34_chunk000,"On 14 September 2015, Mr Tsegezab Mengesteab, an Eritrean national, requested asylum in Munich (Germany) with the Government of Upper Bavaria, which issued to him, on the same day, a certificate of registration as an asylum seeker. On 22 July 2016, Mr Mengesteab was heard by the Bundesamt and was able to lodge an official application for asylum.",62,1.72751321435211
2,Emigration And Asylum Reporting 2019,4828_chunk001,"On 1 August 2023, the Minister for Asylum and Migration declared...",63,1.7021635774667276
2,Emigration And Asylum Reporting 2019,170_chunk000,Administrative Court Düsseldorf The plaintiff is an asylum seeker and claims to be from Bangladesh.,64,1.7021635774667276
2,Emigration And Asylum Reporting 2019,130_chunk000,The Council ruled that to be able to transfer an applicant to another member state the administrative authority must obtain the consent of the State responsible for examining the asylum application before it can take a decision to transfer the asylum seeker to that State.,65,1.6524039441628875
2,Emigration And Asylum Reporting 2019,209_chunk000,"In this case, the applicant applied for asylum in his city of residence, Ceuta, and his application was admitted. At that point the Spanish authorities issued him the corresponding identity document valid for the entire national territory and until the resolution of his asylum application.",66,1.6524039441628875
2,Emigration And Asylum Reporting 2019,196_chunk000,The applicant applied for asylum in two occasions: in the United Kingdom in 2009 and in Northern Ireland in 2014 and both applications were refused by the corresponding British Authorities. The applicant moved to Ireland in August 2016 where he submitted a new asylum application.,67,1.6307063162411402
2,Emigration And Asylum Reporting 2019,56_chunk000,The applicants were two Albanian asylum seekers who challenged the decision of the Refugee Appeals Tribunal upholding the decision of the Office of the Refugee Applications Commissioner that the United Kingdom was the member state responsible for determining their applications for asylum.,68,1.6307063162411402
2,Emigration And Asylum Reporting 2019,183_chunk000,"These cases concern the detention of Syrian asylum seekers during different periods between 2010 and 2012. In the cases of M.A., A.H. and J.K., H.S. and Others and K.F. the detention occurred after a police operation in June 2010 removing them from an encampment outside government buildings where they were protesting against the Cypriot Government's asylum policy.",69,1.609571123795568
2,Emigration And Asylum Reporting 2019,141_chunk001,"Second, the High Court concurred with the SSHD that confidentiality is a vital element for the working of the asylum system and the fulfilment of obligations under the Refugee Convention, the EU Qualification Directive and the European Convention on Human Rights (ECHR). The disclosure of information revealed during the asylum...",70,1.5889767778626451
2,Emigration And Asylum Reporting 2019,954_chunk000,The applicants were an Albanian mother and her two daughters whose applications for asylum were refused by the Refugee Applications Commissioner.,71,1.5728180793640756
2,Emigration And Asylum Reporting 2019,625_chunk001,No appeal is possible against these judgments. Background: Both aliens initially applied for asylum in Hungary. They then applied for...,72,1.5728180793640756
2,Emigration And Asylum Reporting 2019,22_chunk000,"The Finnish Immigration Service had rejected asylum seeker A's application for asylum and residence permit and decided to return him to his country of origin, Iraq. On 29 June 2017 A. requested permission to appeal the decision of the Administrative Court and to be granted international protection.",73,1.5689027804370126
2,Emigration And Asylum Reporting 2019,45_chunk000,The administrative authority considered applicant's another subsequent application (third application) for international protection inadmissible and terminated the proceedings according to the provisions of the Act on Asylum implementing Art. 33(2)(d) and Art. 40 of the Recast Asylum Procedures Directive.,74,1.5689027804370126
2,Emigration And Asylum Reporting 2019,35_chunk000,"! With regard to reception, UK implements Council Directive 2003/9/EC. This case concerns a challenge to a decision by the Secretary of State for the Home Department (""the Respondent"") as to the weekly rate of asylum support paid for child dependants of asylum seekers.",75,1.5689027804370126
2,Emigration And Asylum Reporting 2019,5890_chunk000,"Six Iraqi nationals, a family of two parents and their four minor children, entered the Hungarian transit zone bordering Serbia on 10 July 2018 and submitted an asylum application. On the same day, the asylum authority designated the transit zone in Tompa as the applicants' place of stay.",76,1.5493296564192718
2,Emigration And Asylum Reporting 2019,3137_chunk001,"He requested an interpreter, but the form was left blank on the part of lawyer assistance.

The application for asylum was rejected as...",77,1.5339633618091175
2,Emigration And Asylum Reporting 2019,931_chunk001,The appellant had been granted subsidiary protection status in Denmark in 2015. The individual's family was granted asylum in...,78,1.5339633618091175
2,Emigration And Asylum Reporting 2019,108_chunk001,The applicant subsequently lodged a request for his asylum application to be reconsidered followed by an application for temporary admission on...,79,1.5339633618091175
2,Emigration And Asylum Reporting 2019,55_chunk001,As part of her asylum claim the applicant submitted a refugee card and a letter from AREF to corroborate her account. The...,80,1.5339633618091175
2,Emigration And Asylum Reporting 2019,4164_chunk000,"VR arrived in Lithuania on 25 April 2022, with the assistance of Freedom House Foundation. He requested asylum in Lithuania after his visa for special humanitarian reasons had expired. In his asylum request, the applicant argued that he had a well-founded fear of being persecuted for his political beliefs.",81,1.5302388905949904
2,Emigration And Asylum Reporting 2019,584_chunk000,"The applicant sought judicial review of the decision to refuse him asylum in Ireland, which he had applied for on the basis of fear of persecution due to issues with the Taliban and Lashkar-e-Islam. The applicant had tactically not applied for asylum in another Member State, which was a factor the decision maker was permitted to take into consideration.",82,1.5302388905949904
2,Emigration And Asylum Reporting 2019,3276_chunk001,The court noted that Romania was already unprepared to accommodate asylum applicants before the Ukrainian crisis and that with the high influx of persons...,83,1.4969820878950295
2,Emigration And Asylum Reporting 2019,3277_chunk001,"When the asylum procedure starts, applicants are usually assigned a lawyer through the Legal Aid Board. The applicant claimed that he received the contested...",84,1.4969820878950295
2,Emigration And Asylum Reporting 2019,562_chunk001,"This moment is important for the commencement date of the temporary asylum residence permit granted to the foreign national.

By decision...",85,1.4969820878950295
2,Emigration And Asylum Reporting 2019,643_chunk000,As per the published press release: The Council of State validates the criteria to be met by a new asylum application to be admissible.,86,1.4969820878950295
2,Emigration And Asylum Reporting 2019,4705_chunk000,"Judgment concerning the freedom of movement of asylum seekers in Ceuta and Melilla, although his application for international protection was admitted for examination.

...",87,1.4969820878950295
2,Emigration And Asylum Reporting 2019,577_chunk000,"This case concerns the validity of asylum application in accordance with § 29 para. 1 no. 5 i. V. m. Section 71a (1) Asylum Act, in accordance with Section 31 (3) Sentence 1 AsylG. It also refers to the examination of a prohibition on removal according to § 60 Abs. 5 AufenthG i. V. m.",88,1.493434825798304
2,Emigration And Asylum Reporting 2019,1647_chunk001,"On 18 March 2020, the Federal Office for Foreign Affairs and Asylum conducted the interview remotely, by video-conference...",89,1.4617419506056315
2,Emigration And Asylum Reporting 2019,1648_chunk001,"On 17 November 2011, the Federal Asylum Office rejected again the application, after having found also that the applicant was from Nigeria and ordered the return....",90,1.4617419506056315
2,Emigration And Asylum Reporting 2019,512_chunk001,"An asylum seeker from Afghanistan had been expelled and issued with a five year entry ban to Norway in 2012, due to not leaving the country...",91,1.4617419506056315
2,Emigration And Asylum Reporting 2019,127_chunk000,The Administrative Court of Nice has ordered the Prefecture of Alpes-Maritimes to register asylum applications of persons entering via Italy....,92,1.4617419506056315
2,Emigration And Asylum Reporting 2019,931_chunk000,"Pursuant to Art. 4a of the Asylum Act 2005, an application for international protection is to be rejected as inadmissible where the foreign person has been granted asylum or subsidiary protection status in another EEA Member State or Switzerland. In the specific case, the appellant, a Syrian citizen, filed an application for international protection in April 2018.",93,1.4583595447352078
2,Emigration And Asylum Reporting 2019,88_chunk000,"The Court of Appeal confirmed that the First-tier Tribunal had been entitled to refuse an asylum seeker's appeal against the refusal of her claims for asylum and humanitarian protection. She had failed to establish a well-founded fear of persecution if returned to Iran on the basis of her political activities, conversion to Christianity, and the risk of domestic violence from her husband...",94,1.4583595447352078
2,Emigration And Asylum Reporting 2019,170_chunk001,"The Court ruled that with the rules on distribution and allocation (§§ 50, 51 AsylG), the law takes into account the regularly particularly important public interest , the burden associated with the reception of asylum seekers in terms of accommodation, food and supervision, evenly on the Federal states and municipalities (see § 45 AsylG). In that regard, an asylum seeker - such as the...",95,1.441432574832544
2,Emigration And Asylum Reporting 2019,4231_chunk000,"The case concerned the question whether the State Secretary had correctly established the date from which the applicant benefits of asylum, how to establish the date of application.",96,1.428122814833851
2,Emigration And Asylum Reporting 2019,4184_chunk000,A third country national arrived at Schiphol Airport on 28 March 2023 and she submitted an asylum application the next day.,97,1.428122814833851
2,Emigration And Asylum Reporting 2019,4164_chunk001,The decision on his request for asylum was postponed by the Migration Department under the Ministry of the Interior until the third quarter of 2023. VR appealed against this written...,98,1.428122814833851
2,Emigration And Asylum Reporting 2019,641_chunk000,"This case relates to the transfer to Italy under Dublin procedure of an asylum seeker with medical condition. For further information on the case, please refer to the original document indicated below.

...",99,1.428122814833851
0,Applicant Detention and Asylum Claims,3924_chunk001,"The applicant, a Palestinian national arrived in Cyprus via the occupied territories and was detained pursuant to the Aliens and Immigration Law and a deportation order was issued. He applied for asylum but was granted a supplementary protection status...",8,0.853408
0,Applicant Detention and Asylum Claims,577_chunk000,"This case concerns the validity of asylum application in accordance with § 29 para. 1 no. 5 i. V. m. Section 71a (1) Asylum Act, in accordance with Section 31 (3) Sentence 1 AsylG. It also refers to the examination of a prohibition on removal according to § 60 Abs. 5 AufenthG i. V. m.",10,0.85028243
0,Applicant Detention and Asylum Claims,931_chunk000,"Pursuant to Art. 4a of the Asylum Act 2005, an application for international protection is to be rejected as inadmissible where the foreign person has been granted asylum or subsidiary protection status in another EEA Member State or Switzerland. In the specific case, the appellant, a Syrian citizen, filed an application for international protection in April 2018.",11,0.8496925
0,Applicant Detention and Asylum Claims,56_chunk000,The applicants were two Albanian asylum seekers who challenged the decision of the Refugee Appeals Tribunal upholding the decision of the Office of the Refugee Applications Commissioner that the United Kingdom was the member state responsible for determining their applications for asylum.,12,0.84887826
0,Applicant Detention and Asylum Claims,589_chunk000,"I – Notification to the applicant for international protection, to account for the content of his statement, does not comply with the formalities required by Article 17 (1 and 2) of the Asylum law under which a written report, containing all the essential information regarding the case and to which the applicant can respond, must be drawn up.",15,0.84807086
0,Applicant Detention and Asylum Claims,4705_chunk000,"Judgment concerning the freedom of movement of asylum seekers in Ceuta and Melilla, although his application for international protection was admitted for examination.

...",17,0.8472643
0,Applicant Detention and Asylum Claims,563_chunk000,"The case concerns the moment at which an asylum application is lodged, in particular with regard to a subsequent asylum application. This moment is important for the entitlement to reception by the foreign national.",19,0.8455318
0,Applicant Detention and Asylum Claims,108_chunk001,The applicant subsequently lodged a request for his asylum application to be reconsidered followed by an application for temporary admission on...,20,0.84444565
0,Applicant Detention and Asylum Claims,54_chunk000,"Section 9 of the Refugee Act 1996 provided that a person seeking asylum is entitled to enter the State and remain while the application for refugee status is processed. Section 9(4) also provided however, that an applicant shall not seek or enter employment before final determination of his or her application for a declaration.",21,0.84390026
0,Applicant Detention and Asylum Claims,562_chunk000,The case raises the issue of whether a subsequent application for asylum has been submitted at the time when the foreign national applies in writing by expressing the wish to submit an application for a temporary asylum residence permit or at the time when he/she uses the appropriate form to submit the application for asylum.,26,0.83913887
0,Applicant Detention and Asylum Claims,608_chunk000,"Three country nationals, C, J, and S, had their applications for international protection rejected in the Netherlands and were detained with a view to preparing their return. C's application for international protection was rejected on 11 April 2017, and C was detained on 13 April.",27,0.83898723
0,Applicant Detention and Asylum Claims,181_chunk001,"However, it is recognized that individuals fleeing persecution may have to resort to the use of false papers to make good their escape. Therefore, under section 31 of the Immigration and Asylum Act 1999...",29,0.83735096
0,Applicant Detention and Asylum Claims,4707_chunk000,"In A.I. v. Switzerland the Court held in particular that, on account of his political activities in exile, it was possible that the applicant had attracted the attention of the Sudanese intelligence services. It found that there were therefore reasonable grounds for believing that the applicant ran the risk of being detained, interrogated and tortured on his arrival at Khartoum Airport.

...",31,0.8367944
0,Applicant Detention and Asylum Claims,108_chunk000,According the ECHR's Information Note 213 (December 2017): The applicant entered Switzerland in 2009 and applied for asylum on the grounds that he had been imprisoned and tortured in his country of origin (Iran) after taking part in a demonstration there. His application was rejected after the Swiss authorities found that his account was not credible.,33,0.83647823
0,Applicant Detention and Asylum Claims,914_chunk001,The Migration Court of Appeal assessed whether the applicant had acted under duress and held that this was not the case as the applicant had benefitted from three permits and always came back to the place of employment. The applicant chose to flee...,34,0.8362131
0,Applicant Detention and Asylum Claims,590_chunk000,"In an urgent action for the «granting of asylum or of a residence permit for subsidiary protection» the use of «official international reports on the political and social situation of the applicant's country of origin», by the court of appeal is not in breach of Articles 412 and 662 of the Civil Procedure Code.

...",37,0.8343081
0,Applicant Detention and Asylum Claims,69_chunk000,"If it is not clear whether an asylum applicant has already been granted international protection in another European Union member state (here: Italy), the administrative courts must find out whether this is the case if the admissibility of a new application for protection depends on it.",38,0.834142
0,Applicant Detention and Asylum Claims,547_chunk000,"In response to a legal remedy filed against the Federal Office for Immigration and Asylum, the Supreme Administrative Court ruled that, in accordance with Art 13 para 1 of the Dublin III Regulation (604/2013), the Member State whose border an individual applying for international protection had crossed irregularly is responsible for examining that application (ruling in case Ra 2017/19/0169-9 of 5",40,0.8335656
0,Applicant Detention and Asylum Claims,4184_chunk001,"The State Secretary for Justice and Security postponed the decision on her entry to the Netherlands and by decision of 29 March 2023, the State Secretary imposed a custodial measure for the duration of the processing of her asylum application in the border procedure (Article 6, third paragraph, of the Aliens Act 2000). The applicant...",41,0.8332591
0,Applicant Detention and Asylum Claims,36_chunk000,"The appellants in this case are asylum seekers who came to the UK via Bulgaria. They are nationals of Afghanistan (SK and FK), Iraq (HK) and Iran (HH).",43,0.8328615
0,Applicant Detention and Asylum Claims,57_chunk001,The Refugee Appeals Tribunal made adverse credibility findings based on matters that had not been put to the applicant and concluded that cumulatively the applicant had not proved that she was a refugee. The applicant challenged the decision by way of judicial review. The High Court...,44,0.83219266
0,Applicant Detention and Asylum Claims,148_chunk001,The Court had to answer whether Contracting States have an obligation to grant refugee status to an asylum-seeker who can establish that he/she has a well-founded fear of persecution for reasons of one or more of the Convention grounds of the 1951 Convention [thus falling under the scope of the inclusion clauses] where the risk of persecution is based on circumstances created by the applicant's ‘o,45,0.83208543
0,Applicant Detention and Asylum Claims,938_chunk000,IThe foreign national has submitted a subsequent asylum application. The decision on that application was taken on behalf of the State Secretary by the employee of the Immigration and Naturalization Service (hereinafter: the IND) who heard the alien and also issued the intention.,47,0.83124804
0,Applicant Detention and Asylum Claims,3286_chunk001,"The Supreme Court confirmed that the application for international protection implies the suspension of the removal procedure for irregular stay that could affect the applicant, until the Administration issues an initial decision...",48,0.83113134
0,Applicant Detention and Asylum Claims,1088_chunk000,"The decision concerns two joined cases 422159 and 422160, in which the applicants requested from the OFPRA the allowance for asylum applicants and transport vouchers necessary for them to travel to a hearing for the purpose of the Dublin procedure.",51,0.8303623
0,Applicant Detention and Asylum Claims,46_chunk001,The applicant filed the action for annulment of the decision before the Regional Court in Ostrava on the last day of 15 day time limit laid down by the Act on Asylum for the actions against administrative decisions concerning international protection. The action...,52,0.830036
0,Applicant Detention and Asylum Claims,640_chunk000,"The case relates to the transfer of an asylum seeker to Germany under Dublin Regulation. The applicant requests the annulment of the decision refusing his stay and ordering his leave on medical grounds (diabetes and Parkinson's disease).

...",53,0.82994485
0,Applicant Detention and Asylum Claims,4231_chunk001,"In fact, the State Secretary rejected as inadmissible the first asylum application and did not process it on the merits because it determined that Germany was the Member State responsible to process it, according to the Dublin III Regulation. Since the time limit to transfer the applicant to Germany...",54,0.8296198
0,Applicant Detention and Asylum Claims,634_chunk001,"The Ministry of Labour, Migration and Social Security had withdrawn access to the reception system for the applicant on the ground that he had renounced the right to reception by leaving the country. The applicant, who was living in a shelter for homeless...",55,0.8294455
0,Applicant Detention and Asylum Claims,2508_chunk001,On 13 July 2018 the Federal Office and Foreigners Registration Office was informed that the applicant resided in a church asylum since 12 July 2018. By letter of...,56,0.82934165
0,Applicant Detention and Asylum Claims,197_chunk001,During the course of the Refugee Application Commissioner's examination of the applicants' file under Dublin III the applicants requested that the Commissioner exercise discretion under art.17 of the Regulation to...,57,0.82932293
0,Applicant Detention and Asylum Claims,200_chunk001,During the course of the Refugee Application Commissioner's examination of the applicants' file under Dublin III the applicants requested that the Commissioner exercise discretion under art.17 of the Regulation to...,58,0.82932293
0,Applicant Detention and Asylum Claims,914_chunk000,A. applied for asylum in Sweden in April 2015. The application was rejected and the applicant excluded from asylum for having committed crimes against humanity while working as a guard in Eritrea. An expulsion order had also been issued.,60,0.8278238
0,Applicant Detention and Asylum Claims,170_chunk001,"The Court ruled that with the rules on distribution and allocation (§§ 50, 51 AsylG), the law takes into account the regularly particularly important public interest , the burden associated with the reception of asylum seekers in terms of accommodation, food and supervision, evenly on the Federal states and municipalities (see § 45 AsylG). In that regard, an asylum seeker - such as the...",62,0.8267231
0,Applicant Detention and Asylum Claims,51_chunk000,"Subsequent application for international protection lodged by the applicant (national of Cameroon) in 2014 was declared inadmissible and asylum proceedings was terminated by the decision of the administrative authority, which came to the conclusion that the applicant had not presented any new elements or findings which she would be incapable to present in the previous procedure initiated by her fi",64,0.82645965
0,Applicant Detention and Asylum Claims,4231_chunk000,"The case concerned the question whether the State Secretary had correctly established the date from which the applicant benefits of asylum, how to establish the date of application.",65,0.82631713
0,Applicant Detention and Asylum Claims,563_chunk001,"On 6 June 2017, the Central Agency for the Reception of Asylum Seekers (COA) rejected an application from a foreign national to allow the benefit of reception conditions. By decision of 5 July 2017, the Court of the Hague upheld the appeal lodged by the foreign...",66,0.8261858
0,Applicant Detention and Asylum Claims,955_chunk001,In September 2018 the application was refused by the Minister for Justice on the basis that it had not been submitted within 12 months of the grant of refugee status as required by section 56(8) of the International Protection Act 2015. The applicant then...,67,0.8259419
0,Applicant Detention and Asylum Claims,3406_chunk001,"The Federal Office for Migration and Refugees (BAMF) confirmed a Eurodac hit with regard to Croatia, where the applicants also applied for asylum.

The applicants argued that in Croatia they were receiving...",68,0.8257116
0,Applicant Detention and Asylum Claims,45_chunk000,The administrative authority considered applicant's another subsequent application (third application) for international protection inadmissible and terminated the proceedings according to the provisions of the Act on Asylum implementing Art. 33(2)(d) and Art. 40 of the Recast Asylum Procedures Directive.,69,0.82567835
0,Applicant Detention and Asylum Claims,3230_chunk000,"The applicant, an Afghan national, was denied subsidiary protection on exclusion grounds, namely that there were serious reasons for considering that he had committed a serious crime. The decision was upheld by the National Court of Asylum (CNDA), and the applicant subsequently appealed to the Council of State.",70,0.82547796
0,Applicant Detention and Asylum Claims,196_chunk000,The applicant applied for asylum in two occasions: in the United Kingdom in 2009 and in Northern Ireland in 2014 and both applications were refused by the corresponding British Authorities. The applicant moved to Ireland in August 2016 where he submitted a new asylum application.,71,0.82543826
0,Applicant Detention and Asylum Claims,1573_chunk000,"The applicants, nationals of Syria, are members of a family who arrived in Spain through the resettlement programme 2015 for refugees. By decisions of 4 October 2017 of the Deputy Secretary of the Interior, they were granted subsidiary protection. They appealed that decision arguing that they should be granted refugee status and not subsidiary protection.",72,0.82508874
0,Applicant Detention and Asylum Claims,3409_chunk000,"The applicant contested a Dublin transfer to Lithuania, which was determined by the Federal Office for Migration and Refugees (BAMF) as the state responsible for the examination of the application based on Article 18(1)(b) of the Dublin III Regulation, as the applicant, according to documents submitted, applied for asylum in Lithuania.",73,0.8248877
0,Applicant Detention and Asylum Claims,562_chunk001,"This moment is important for the commencement date of the temporary asylum residence permit granted to the foreign national.

By decision...",76,0.8245623
0,Applicant Detention and Asylum Claims,22_chunk000,"The Finnish Immigration Service had rejected asylum seeker A's application for asylum and residence permit and decided to return him to his country of origin, Iraq. On 29 June 2017 A. requested permission to appeal the decision of the Administrative Court and to be granted international protection.",77,0.82422465
0,Applicant Detention and Asylum Claims,3137_chunk000,"The applicant, Colombian national, applied for international protection on 4 September 2019 and he was informed on the same day of his rights in the asylum procedure, including the right to free legal aid from the state in case he lacked sufficient financial resources. The applicant was handed over a form where he could tick the services he requires.",78,0.8241987
0,Applicant Detention and Asylum Claims,639_chunk000,"This case refers to the transfer of an asylum applicant with a new-born child to Spain under Dublin Regulation. In absence of information for adequate reception conditions and individual guarantees for their transfer back, the authorities didn't review closely the evidence regarding a real risk of treatment prohibited by Article 3 of the ECHR

...",79,0.82363904
0,Applicant Detention and Asylum Claims,643_chunk000,As per the published press release: The Council of State validates the criteria to be met by a new asylum application to be admissible.,80,0.8235669
0,Applicant Detention and Asylum Claims,54_chunk001,"Pending the determination of an application for refugee status, applicants are required to live in State provided accommodation known as direct provision, and provided in...",81,0.82287055
0,Applicant Detention and Asylum Claims,218_chunk000,"In the present case the applicant, Ms. Danqua, (Ghanaian national), made a very belated application for subsidiary protection on 8th October 2013, having first applied for refugee status in 2010 and having been refused asylum following a decision of the Refugee Appeal Tribunal in January 2011.",83,0.82162035
0,Applicant Detention and Asylum Claims,557_chunk000,"Appeal against the decision of the Court of The Hague, Middelburg seat, of January 12, 2017 in case no. 16/29461 by which the State Secretary for Justice and Security rejected an application from the foreign national to grant her a temporary asylum residence permit and issued an entry ban against her. ...",84,0.8215709
0,Applicant Detention and Asylum Claims,209_chunk000,"In this case, the applicant applied for asylum in his city of residence, Ceuta, and his application was admitted. At that point the Spanish authorities issued him the corresponding identity document valid for the entire national territory and until the resolution of his asylum application.",85,0.82119644
0,Applicant Detention and Asylum Claims,3275_chunk000,"The applicant, a Syrian national, applied for international protection on 2 October 2021 in Austria. As he had already applied for international protection in Malta in September 2021, the Federal Office for Immigration and Asylum (BFA) requested the Maltese authorities to take back the applicant, which Malta accepted.",86,0.821167
0,Applicant Detention and Asylum Claims,954_chunk001,"They subsequently brought judicial review proceedings challenging the manner in which their applications had been processed by the Refugee Applications Commissioner, arising from the fact that the Commissioner had established a “case processing panel of legal graduates” to perform “case processing” in relation to applications...",88,0.8210064
0,Applicant Detention and Asylum Claims,1564_chunk000,HA applied for asylum in May 2015 alleging that he is registered with UNRWA and that upon return to Gaza he is at risk of being killed or subjected to inhuman or degrading treatment.,89,0.8209526
0,Applicant Detention and Asylum Claims,643_chunk001,"Article L.723-16 of the CESEDA makes the admissibility of a request for reconsideration of an asylum application subject, on the one hand, to the presentation of new facts which have occurred or revealed after the rejection of the previous application or new evidence and, secondly, the finding that their probative value is capable of modifying the...",91,0.8204882
0,Applicant Detention and Asylum Claims,931_chunk001,The appellant had been granted subsidiary protection status in Denmark in 2015. The individual's family was granted asylum in...,92,0.8204382
0,Applicant Detention and Asylum Claims,3232_chunk001,"This provision authorised access to the labour market to applicants who did not receive a decision from OFPRA within six months from their application, due to circumstances beyond their control, excluding Dublin applicants awaiting for their transfer to the Member State responsible to examine their asylum...",94,0.8198006
0,Applicant Detention and Asylum Claims,4036_chunk000,The case concerned an application for asylum submitted by an applicant from Iraq and for which the Finnish Immigration Service considered that he had a well-founded fear of persecution based on religious grounds but excluded him from protection for alleged commission of a serious non-political crime.,95,0.8195018
0,Applicant Detention and Asylum Claims,584_chunk000,"The applicant sought judicial review of the decision to refuse him asylum in Ireland, which he had applied for on the basis of fear of persecution due to issues with the Taliban and Lashkar-e-Islam. The applicant had tactically not applied for asylum in another Member State, which was a factor the decision maker was permitted to take into consideration.",96,0.8190692
0,Applicant Detention and Asylum Claims,205_chunk000,"The applicant sought the leave of the Supreme Court to appeal against the decision of the High Court refusing leave to seek judicial review on two points: that there were substantial grounds necessary for leave to argue (1) that the RAC had unlawfully delegated the refugee status investigation to a contractor, and (2) that in circumstances where the High Court had granted leave on that point in ot",98,0.8187125
0,Applicant Detention and Asylum Claims,582_chunk001,"The applicant submitted that in dismissing his explanation of suffering a mental disability, the Tribunal acted in breach of the national protection legislation, the EU Charter of Fundamental Freedoms and the European Convention on Human...",99,0.8186557
1,"Emigration, Asylum, And 2019 Report",2508_chunk001,On 13 July 2018 the Federal Office and Foreigners Registration Office was informed that the applicant resided in a church asylum since 12 July 2018. By letter of...,25,0.8243292
1,"Emigration, Asylum, And 2019 Report",181_chunk001,"However, it is recognized that individuals fleeing persecution may have to resort to the use of false papers to make good their escape. Therefore, under section 31 of the Immigration and Asylum Act 1999...",28,0.8187555
1,"Emigration, Asylum, And 2019 Report",5761_chunk001,"On 7 November 2023, the State Secretariat for Migration (SEM) rejected their asylum application and ordered their transfer to Romania. By separate decision, also dated 7 November 2023, the SEM rejected the...",36,0.80646276
1,"Emigration, Asylum, And 2019 Report",3406_chunk001,"The Federal Office for Migration and Refugees (BAMF) confirmed a Eurodac hit with regard to Croatia, where the applicants also applied for asylum.

The applicants argued that in Croatia they were receiving...",40,0.8051176
1,"Emigration, Asylum, And 2019 Report",4184_chunk001,"The State Secretary for Justice and Security postponed the decision on her entry to the Netherlands and by decision of 29 March 2023, the State Secretary imposed a custodial measure for the duration of the processing of her asylum application in the border procedure (Article 6, third paragraph, of the Aliens Act 2000). The applicant...",42,0.80177534
1,"Emigration, Asylum, And 2019 Report",943_chunk000,"In its rulings of 1 February 2017, ECLI:NL:RVS:2017:209 and ECLI:NL:RVS:2017:210, the Council of State found that the Minister for Migration had rightly designated Morocco as a safe country of origin and that the information provided in this case does not lead to a...",43,0.801054
1,"Emigration, Asylum, And 2019 Report",54_chunk000,"Section 9 of the Refugee Act 1996 provided that a person seeking asylum is entitled to enter the State and remain while the application for refugee status is processed. Section 9(4) also provided however, that an applicant shall not seek or enter employment before final determination of his or her application for a declaration.",46,0.7981857
1,"Emigration, Asylum, And 2019 Report",108_chunk000,According the ECHR's Information Note 213 (December 2017): The applicant entered Switzerland in 2009 and applied for asylum on the grounds that he had been imprisoned and tortured in his country of origin (Iran) after taking part in a demonstration there. His application was rejected after the Swiss authorities found that his account was not credible.,52,0.79633224
1,"Emigration, Asylum, And 2019 Report",938_chunk000,IThe foreign national has submitted a subsequent asylum application. The decision on that application was taken on behalf of the State Secretary by the employee of the Immigration and Naturalization Service (hereinafter: the IND) who heard the alien and also issued the intention.,55,0.79612005
1,"Emigration, Asylum, And 2019 Report",61_chunk000,"(provided by UNHCR): The FAC ruled that Eritreans leaving their country illegally no longer face punishment upon return amounting to persecution. Without specifying this further, the Court held that “other factors” had to come to play to constitute a well-founded fear. The possibility of a recruitment could amount to a violation of Art. 3 and 4 ECHR, but was not relevant under the 1951 Convention.",56,0.79498625
1,"Emigration, Asylum, And 2019 Report",5889_chunk000,"The applicants, F.S. and A.S., two brothers who fled Afghanistan after losing their parents in a bombing, travelled through Pakistan, Iran, Turkey, Bulgaria and Serbia before arriving in the Hungarian transit zone in Röszke on 24 October 2017. There, they were detained in a 5-person container on their own and applied for asylum.",58,0.7944789
1,"Emigration, Asylum, And 2019 Report",3981_chunk000,"The case concerned an applicant from Belarus, a mother with her minor son who applied for asylum in Slovakia claiming a fear of persecution upon return to her home country due to opposition to the current regime. She claimed to have publicly and actively participated in anti-government protests following the 2020 presidential elections, within the territory of Slovakia.",59,0.793489
1,"Emigration, Asylum, And 2019 Report",960_chunk001,On 15 January 2015 the Office of the Refugee Applications Commissioner made an information request to the United Kingdom...,65,0.7918757
1,"Emigration, Asylum, And 2019 Report",633_chunk000,"The legal question concerned a situation in which the applicant (a third country national) claimed asylum based on events that had happened in another EU MS in which the applicant had lived and towards which the Dublin Regulation was applicable. In the current case, a Nigerian national claimed she was in danger of persecution and serious harm in Spain due to her ex-husband.",66,0.7918501
1,"Emigration, Asylum, And 2019 Report",1087_chunk000,"According to the ECtHR Press release (available at http://hudoc.echr.coe.int/eng-press?i=003-2327920-2491345):

The applicants are: C.G., a Turkish national, born in 1968, and currently living in Turkey following his deportation from Bulgaria; and his wife and daughter, T.H.G. and T.C.G, both Bulgarian nationals, born in Bulgaria in 1968 and...",67,0.7911966
1,"Emigration, Asylum, And 2019 Report",921_chunk000,"The case concerns the validity of the Immigration Board's decision on expulsion with two years of entry ban after serious violations of the Immigration Act. The question is whether the expulsion is disproportionate to the foreigner's children, cf. the Immigration Act section 70, Article 8 of the European Convention on Human Rights (ECHR) and Article 3 of the Convention on the Rights of the Child.",69,0.7906661
1,"Emigration, Asylum, And 2019 Report",3409_chunk000,"The applicant contested a Dublin transfer to Lithuania, which was determined by the Federal Office for Migration and Refugees (BAMF) as the state responsible for the examination of the application based on Article 18(1)(b) of the Dublin III Regulation, as the applicant, according to documents submitted, applied for asylum in Lithuania.",73,0.78903365
1,"Emigration, Asylum, And 2019 Report",926_chunk000,"As a result of the fundamental change in the political situation in Ethiopia since April 2018, people need because of their membership in an organization active in exile policy in Germany that is closely related to one of the organizations of the Ginbot7, OLF or ONLF that was classified as a terrorist organization in Ethiopia by summer 2018, or because of an exile policy activity for such an organ",75,0.78851163
1,"Emigration, Asylum, And 2019 Report",913_chunk001,"The Swedish Migration Court of Appeal referred to Article 15 (5) and (6) of the Return Directive as well as to the relevant provisions of the Swedish law and it held that within the same enforcement of a removal decision, an applicant can be held in detention for a maximum of...",78,0.7881291
1,"Emigration, Asylum, And 2019 Report",563_chunk001,"On 6 June 2017, the Central Agency for the Reception of Asylum Seekers (COA) rejected an application from a foreign national to allow the benefit of reception conditions. By decision of 5 July 2017, the Court of the Hague upheld the appeal lodged by the foreign...",79,0.78802896
1,"Emigration, Asylum, And 2019 Report",45_chunk001,The administrative authority concluded that no new elements or findings have arisen or have been presented by the applicant. As regards the situation in the country of origin (Ukraine) the...,81,0.78756183
1,"Emigration, Asylum, And 2019 Report",4960_chunk001,"In a letter provided to the Migration Department of the Ministry of the Interior on 30 October 2023, the State Security Department of Lithuania established that the applicant was a member of a radical Islamist organisation whose ideology was contrary to the country's democratic principles and...",82,0.78741455
1,"Emigration, Asylum, And 2019 Report",36_chunk001,"This appeal is concerned with the proposal of the Secretary of State to remove the appellants from the UK to Bulgaria under the Dublin III Regulation arrangements (Regulation 604/2013), on grounds that they entered into the territory of the European Union in Bulgaria and may be sent back there to make their asylum claims. The Court dismissed...",84,0.7871768
1,"Emigration, Asylum, And 2019 Report",634_chunk001,"The Ministry of Labour, Migration and Social Security had withdrawn access to the reception system for the applicant on the ground that he had renounced the right to reception by leaving the country. The applicant, who was living in a shelter for homeless...",85,0.78715724
1,"Emigration, Asylum, And 2019 Report",256_chunk000,"According to the EDAL, the Council for Alien Law Litigation confirmed that those who enjoy subsidiary protection are equivalent to recognised refugees, for the purposes of family reunification and are exempted from additional conditions in relation to housing, health insurance, and means of subsistence provided that the application for family reunification is submitted within one year and the fami",87,0.78658587
1,"Emigration, Asylum, And 2019 Report",3965_chunk000,"The applicants submitted applications for temporary protection in April 2022 and at the interview they mentioned to have moved to Canada in 2012 and lived there until 2020. They acquired Canadian citizenship around 2018. The children were both born in Canada, but probably also have Ukrainian citizenship.",88,0.7864256
1,"Emigration, Asylum, And 2019 Report",547_chunk000,"In response to a legal remedy filed against the Federal Office for Immigration and Asylum, the Supreme Administrative Court ruled that, in accordance with Art 13 para 1 of the Dublin III Regulation (604/2013), the Member State whose border an individual applying for international protection had crossed irregularly is responsible for examining that application (ruling in case Ra 2017/19/0169-9 of 5",90,0.7853997
1,"Emigration, Asylum, And 2019 Report",5761_chunk000,"A. and B., together with their two children, requested international protection in Romania on 12 July 2023 and in Switzerland on 26 July 2023. On 11 August 2023, they submitted an application for recognition of statelessness in Switzerland, claiming to be stateless Maktumin from Syria.",91,0.7853884
1,"Emigration, Asylum, And 2019 Report",583_chunk000,Two related cases involved applicants applying for asylum on the basis of claiming persecution because of their sexual orientation. The applicants submited that the correct standard of proof required should be a reasonable degree of likelihood.,92,0.78510046
1,"Emigration, Asylum, And 2019 Report",959_chunk001,"The evidence before the court was that between 2010 and 2017 the Minister for Justice accepted applications for family reunification from refugees who had acquired Irish citizenship by naturalisation, but on foot of legal advice in 2017 the...",93,0.7850182
1,"Emigration, Asylum, And 2019 Report",513_chunk000,"The case concerned revocation of a residence permit and refugee status granted to an Afghan woman and her child cf. the Immigration Act Section 37 first paragraph, letter e). The husband arrived in Norway and thus the basis for their permits no longer existed.",94,0.7849666
1,"Emigration, Asylum, And 2019 Report",1564_chunk000,HA applied for asylum in May 2015 alleging that he is registered with UNRWA and that upon return to Gaza he is at risk of being killed or subjected to inhuman or degrading treatment.,98,0.7847275
2,Emigration And Asylum Reporting 2019,2508_chunk001,On 13 July 2018 the Federal Office and Foreigners Registration Office was informed that the applicant resided in a church asylum since 12 July 2018. By letter of...,24,0.8317822
2,Emigration And Asylum Reporting 2019,181_chunk001,"However, it is recognized that individuals fleeing persecution may have to resort to the use of false papers to make good their escape. Therefore, under section 31 of the Immigration and Asylum Act 1999...",26,0.82740843
2,Emigration And Asylum Reporting 2019,3406_chunk001,"The Federal Office for Migration and Refugees (BAMF) confirmed a Eurodac hit with regard to Croatia, where the applicants also applied for asylum.

The applicants argued that in Croatia they were receiving...",37,0.8096023
2,Emigration And Asylum Reporting 2019,5761_chunk001,"On 7 November 2023, the State Secretariat for Migration (SEM) rejected their asylum application and ordered their transfer to Romania. By separate decision, also dated 7 November 2023, the SEM rejected the...",38,0.80941963
2,Emigration And Asylum Reporting 2019,938_chunk000,IThe foreign national has submitted a subsequent asylum application. The decision on that application was taken on behalf of the State Secretary by the employee of the Immigration and Naturalization Service (hereinafter: the IND) who heard the alien and also issued the intention.,39,0.8086533
2,Emigration And Asylum Reporting 2019,54_chunk000,"Section 9 of the Refugee Act 1996 provided that a person seeking asylum is entitled to enter the State and remain while the application for refugee status is processed. Section 9(4) also provided however, that an applicant shall not seek or enter employment before final determination of his or her application for a declaration.",40,0.8083681
2,Emigration And Asylum Reporting 2019,4184_chunk001,"The State Secretary for Justice and Security postponed the decision on her entry to the Netherlands and by decision of 29 March 2023, the State Secretary imposed a custodial measure for the duration of the processing of her asylum application in the border procedure (Article 6, third paragraph, of the Aliens Act 2000). The applicant...",46,0.80415237
2,Emigration And Asylum Reporting 2019,943_chunk000,"In its rulings of 1 February 2017, ECLI:NL:RVS:2017:209 and ECLI:NL:RVS:2017:210, the Council of State found that the Minister for Migration had rightly designated Morocco as a safe country of origin and that the information provided in this case does not lead to a...",48,0.8015708
2,Emigration And Asylum Reporting 2019,563_chunk001,"On 6 June 2017, the Central Agency for the Reception of Asylum Seekers (COA) rejected an application from a foreign national to allow the benefit of reception conditions. By decision of 5 July 2017, the Court of the Hague upheld the appeal lodged by the foreign...",50,0.8002515
2,Emigration And Asylum Reporting 2019,960_chunk001,On 15 January 2015 the Office of the Refugee Applications Commissioner made an information request to the United Kingdom...,54,0.7978629
2,Emigration And Asylum Reporting 2019,634_chunk001,"The Ministry of Labour, Migration and Social Security had withdrawn access to the reception system for the applicant on the ground that he had renounced the right to reception by leaving the country. The applicant, who was living in a shelter for homeless...",65,0.79304934
2,Emigration And Asylum Reporting 2019,108_chunk000,According the ECHR's Information Note 213 (December 2017): The applicant entered Switzerland in 2009 and applied for asylum on the grounds that he had been imprisoned and tortured in his country of origin (Iran) after taking part in a demonstration there. His application was rejected after the Swiss authorities found that his account was not credible.,66,0.7930353
2,Emigration And Asylum Reporting 2019,62_chunk000,"(Abstract provided by UNHCR) Eritrean persons who have not yet been called for National Service, or are exempted from National Service or who have been released from National Service, are no longer being recognized as refugees. In such cases, they do not face punishment and forced conscription upon return and hence their removal is lawful.",69,0.7915275
2,Emigration And Asylum Reporting 2019,5889_chunk000,"The applicants, F.S. and A.S., two brothers who fled Afghanistan after losing their parents in a bombing, travelled through Pakistan, Iran, Turkey, Bulgaria and Serbia before arriving in the Hungarian transit zone in Röszke on 24 October 2017. There, they were detained in a 5-person container on their own and applied for asylum.",70,0.79118216
2,Emigration And Asylum Reporting 2019,1087_chunk000,"According to the ECtHR Press release (available at http://hudoc.echr.coe.int/eng-press?i=003-2327920-2491345):

The applicants are: C.G., a Turkish national, born in 1968, and currently living in Turkey following his deportation from Bulgaria; and his wife and daughter, T.H.G. and T.C.G, both Bulgarian nationals, born in Bulgaria in 1968 and...",71,0.7909472
2,Emigration And Asylum Reporting 2019,256_chunk000,"According to the EDAL, the Council for Alien Law Litigation confirmed that those who enjoy subsidiary protection are equivalent to recognised refugees, for the purposes of family reunification and are exempted from additional conditions in relation to housing, health insurance, and means of subsistence provided that the application for family reunification is submitted within one year and the fami",72,0.7900952
2,Emigration And Asylum Reporting 2019,4709_chunk001,"By decision of 16 August 2017, the Federal Office for Migration and Refugees (BAMF) granted subsidiary protection to the applicant, and also to his wife and their four children, noting the serious risks posed by the civil war throughout all regions of Syria. However, it...",74,0.78992367
2,Emigration And Asylum Reporting 2019,913_chunk001,"The Swedish Migration Court of Appeal referred to Article 15 (5) and (6) of the Return Directive as well as to the relevant provisions of the Swedish law and it held that within the same enforcement of a removal decision, an applicant can be held in detention for a maximum of...",75,0.789907
2,Emigration And Asylum Reporting 2019,3409_chunk000,"The applicant contested a Dublin transfer to Lithuania, which was determined by the Federal Office for Migration and Refugees (BAMF) as the state responsible for the examination of the application based on Article 18(1)(b) of the Dublin III Regulation, as the applicant, according to documents submitted, applied for asylum in Lithuania.",76,0.78951216
2,Emigration And Asylum Reporting 2019,986_chunk001,"The Council of State recalled the principle of confidentiality as mentioned in its decision dating from 27 July 2016 (N° 386797) according to which the Office is bound to guarantee the confidentiality of any information that could endanger persons seeking asylum, as well as the respect for privacy and for doctor-patient confidentiality. The...",80,0.7883086
2,Emigration And Asylum Reporting 2019,547_chunk000,"In response to a legal remedy filed against the Federal Office for Immigration and Asylum, the Supreme Administrative Court ruled that, in accordance with Art 13 para 1 of the Dublin III Regulation (604/2013), the Member State whose border an individual applying for international protection had crossed irregularly is responsible for examining that application (ruling in case Ra 2017/19/0169-9 of 5",83,0.78726125
2,Emigration And Asylum Reporting 2019,657_chunk000,"A citizen of Eritrea and her child applied for family reunification with the husband/father of the child, who held a residence permit in Norway as a refugee. The applicant appeared personally at the foreign service mission approximately one year and three weeks after the sponsor was granted his residence permit.",85,0.78692055
2,Emigration And Asylum Reporting 2019,565_chunk000,"Appeal against the judgment of the Court of the Hague on October 16, 2017 in Case no. NL17.1729. By decision of 21 March 2017, the State Secretary rejected, insofar as currently relevant, an application from the foreign national to grant him a temporary asylum residence permit. By judgment of 16 October 2017, the court dismissed the appeal against this by the foreign national as unfounded.",87,0.7867305
2,Emigration And Asylum Reporting 2019,36_chunk001,"This appeal is concerned with the proposal of the Secretary of State to remove the appellants from the UK to Bulgaria under the Dublin III Regulation arrangements (Regulation 604/2013), on grounds that they entered into the territory of the European Union in Bulgaria and may be sent back there to make their asylum claims. The Court dismissed...",89,0.786554
2,Emigration And Asylum Reporting 2019,645_chunk000,"As per CNDA press release: When the ECtHR concludes that there is a real risk of inhuman or degrading treatment if returned to the country of origin, the CNDA is obliged not only to consider as admissible a request for review by the person concerned but also to grant him at least the benefit of subsidiary protection within the meaning of Article L. 712-1 (b) of the CESEDA.",90,0.7864685
2,Emigration And Asylum Reporting 2019,4960_chunk001,"In a letter provided to the Migration Department of the Ministry of the Interior on 30 October 2023, the State Security Department of Lithuania established that the applicant was a member of a radical Islamist organisation whose ideology was contrary to the country's democratic principles and...",91,0.78636885
2,Emigration And Asylum Reporting 2019,46_chunk001,The applicant filed the action for annulment of the decision before the Regional Court in Ostrava on the last day of 15 day time limit laid down by the Act on Asylum for the actions against administrative decisions concerning international protection. The action...,95,0.7848896
2,Emigration And Asylum Reporting 2019,564_chunk000,"By decision of 13 July 2016, the State Secretary declared an application from the foreign national to grant him a temporary asylum residence permit inadmissible.",96,0.7847856
2,Emigration And Asylum Reporting 2019,1564_chunk000,HA applied for asylum in May 2015 alleging that he is registered with UNRWA and that upon return to Gaza he is at risk of being killed or subjected to inhuman or degrading treatment.,97,0.78450036
0,Applicant Detention and Asylum Claims,3968_chunk000,The case concerned an applicant from Pakistan who applied unsuccessfully for asylum in 2012 and return was ordered. He applied for reconsideration which was assessed as subsequent application which was rejected and again an expulsion order was adopted. An appeal was again rejected.,2,0.7068977
0,Applicant Detention and Asylum Claims,4150_chunk000,The case concerned an applicant from Morocco who alleged to have fled from his country due to fear for his life. He arrived in Milan and tried since December 2022 to access the Milan Police Headquarters in order to formalise his application for international protection.,3,0.7027031
0,Applicant Detention and Asylum Claims,2505_chunk000,"The applicant, national of Mali, applied for international protection in Germany but based on EURODAC findings his application was rejected as inadmissible as Italy was responsible to process his application.",8,0.6871248
0,Applicant Detention and Asylum Claims,1091_chunk000,"The case concerns a Nigerian applicant who made unsuccessful applications for international protection in April 2015, January 2017 and May 2018, and decisions to return him were issued.",12,0.6790019
0,Applicant Detention and Asylum Claims,981_chunk000,The applicant is a Palestinian stateless from the Gaza strip and applied for international protection in Belgium. His application was rejected but he was granted subsidiary protection.,14,0.67580163
0,Applicant Detention and Asylum Claims,198_chunk000,The applicant had previously applied for asylum in the UK. He appealed unsuccessfully to the Tribunal the decision of the Refugee Applications Commissioner that he be transferred to the UK under Dublin III.,15,0.6756974
0,Applicant Detention and Asylum Claims,951_chunk000,The case concerns the risk situation in case of return to the country of origin as well as fear of persecution by the Taliban forces.,25,0.66798747
0,Applicant Detention and Asylum Claims,2509_chunk000,"The applicant, Guinean national, contested the inadmissibility decision adopted based on Paragraph 29(1)(1)(a) of the AsylG, because he entered Germany and applied for international protection on 11 April 2018 but he had previously applied in Spain (Eurodac hit report). The BAMF also found no prohibition to deportation and issued a 6 months entry ban.",33,0.66415274
0,Applicant Detention and Asylum Claims,3239_chunk000,"The applicant was refused refugee protection and granted subsidiary protection by national authorities. He appealed against this decision before the Municipal Court, requesting the annulment of the part of the decision rejecting his request for refugee protection.",36,0.65833235
0,Applicant Detention and Asylum Claims,3168_chunk000,"The applicants, a Kazakh woman and her two children, born in 2009 and 2011, applied for international protection in Austria in 2012. Their applications were rejected and their deportation to Kazakhstan was ordered by the Federal Office for Foreign Affairs and Asylum, who, in weighting public and private interests, considered that the mother's integration in Austria was insufficient.",39,0.6577814
0,Applicant Detention and Asylum Claims,1090_chunk000,"The applicant, a Nigerian national, requested international protection after entering Austria on 21 September 2015. This application was rejected by decision of the Federal Office for Aliens and Asylum (BFA) on 31 October 2017. A return decision was issued against the applicant and it was not contested.",41,0.6530699
0,Applicant Detention and Asylum Claims,4709_chunk000,"A Syrian national requested international protection in Germany, alleging a well-founded fear of persecution in his country of origin due to the ongoing civil war and a risk of forced conscription.",42,0.6530291
0,Applicant Detention and Asylum Claims,650_chunk000,The case concerns the suspension of the implementation of a decision on refusal of international protection.,43,0.65288365
0,Applicant Detention and Asylum Claims,4167_chunk000,"An applicant of Syrian nationality and Sunni Islamic religion requested international protection on 24 November 2021 in Austria. The Federal Office for Immigration and Asylum (BFA) did not grant him refugee status but subsidiary protection, a decision which he appealed to the Federal Administrative Court.",44,0.6519321
0,Applicant Detention and Asylum Claims,3269_chunk000,"The applicant, a national of Somalia, applied for international protection in France on 18 December 2020 and he was placed under the Dublin procedure while a request was sent to Germany, considered the Member State responsible to examine the request for international protection. The applicant returned to Germany, and thereafter returned to France and asked for asylum a second time on 26 May 2021.",47,0.65136504
0,Applicant Detention and Asylum Claims,1012_chunk000,The applicant arrived as a transit passenger on 18 March 2019 by air from Moscow to the Czech Republic and applied for international protection at the Václav Havel Airport Prague. The applicant was refused entry into the territory as she was registered in the Schengen Information System (SIS) as an undesirable alien to whom refusal of entry into the Schengen area was to be made.,50,0.65063137
0,Applicant Detention and Asylum Claims,57_chunk000,The applicant came to Ireland in 2007. She applied for refugee status in 2011. Her application was unsuccessful. She appealed to the first respondent. The appeal was a papers only appeal. The appeal was unsuccessful.,51,0.6501509
0,Applicant Detention and Asylum Claims,607_chunk000,"X, an Iraqi national, was notified of the withdrawal of his fixed-period residence permit, the rejection of his application for international protection, and an obligation to return. X appealed against that decision before the District Court of The Hague in the Netherlands, which annulled it whilst maintaining its legal effects.",55,0.64817345
0,Applicant Detention and Asylum Claims,2507_chunk000,"The case concerned an Afghan applicant who contested an inadmissible decision based on Paragraph 29(1)(1)(a) of the AsylG because he had previously applied for asylum in Denmark. The Danish authorities agreed to a readmission on 9 November 2017, and the BAMF ordered the transfer and found no prohibition for the deportation.",57,0.6479378
0,Applicant Detention and Asylum Claims,2508_chunk000,"The applicant, national of Philippine, contested an inadmissibility decision issued by BAMF on 21 February 2018 on the basis of Paragraph 29(1)(1)(a) AsylG, because he has previously applied for international protection in France. It was decided that there are ni prohibitions to deportation and ordered a 9 months entry ban.",59,0.64744735
0,Applicant Detention and Asylum Claims,3207_chunk000,"The applicant, Afghan national, applied for international protection and received a negative decision because the authorities considered that he did not fulfil the eligibility criteria and that the fact of leaving the country due to fear of an unstable political and security situation after the Taliban took overpower in August 2021.",60,0.6460646
0,Applicant Detention and Asylum Claims,4037_chunk000,"The case concerned the cassation appeal submitted by H.A., Syrian national, against the negative decision on his asylum application issued by the State Agency for Refugees.",61,0.64526606
0,Applicant Detention and Asylum Claims,3960_chunk000,"The applicant, an Uzbek and Tajik national, requested international protection in Czechia on 30 September 2020, after he was arrested following a vehicle check when it was found that he was the subject of an arrest warrant in Uzbekistan. The Ministry of the Interior rejected the request by decision of 30 May 2023.",62,0.6446978
0,Applicant Detention and Asylum Claims,3924_chunk000,The applicant contested a return decision issued on 21 December 2022 where the authorities ordered deportation to an unspecified country and requested also protection against refoulement based on Articles 2 and 3 of the ECHR.,64,0.6427301
0,Applicant Detention and Asylum Claims,960_chunk000,"The appellants were Albanian nationals who previously lived in Kosovo (*). They arrived in Ireland on 12 December 2014 and two days later they made an application for asylum. They did not disclose a full account of the circumstances of their arrival in Ireland, in particular that they had previously been issued with a visa for the United Kingdom.",66,0.64154536
0,Applicant Detention and Asylum Claims,651_chunk001,"The case concerned the applicant's deportation from Germany to Tunisia because he was deemed to be a potential offender who posed a threat to national security (so-called “Gefährder”), based on his activities for “Islamic State”. The Court...",67,0.6414226
0,Applicant Detention and Asylum Claims,46_chunk000,"The applicant (Ukrainian national) had arrived to the Czech Republic in 2006 on the basis of a work permit. In November 2016, he lodged the application for international protection which was dismissed by the administrative authority.",68,0.6410592
0,Applicant Detention and Asylum Claims,4235_chunk000,"The case concerned two Iranian applicant, a father and his minor child, who entered the Röszke transit zone and applied for asylum on 5 December 2018. The asylum authority rejected the application as inadmissible and considered that Serbia was a safe third country where the applicants should have requested asylum. The decision was confirmed in court.",71,0.63938785
0,Applicant Detention and Asylum Claims,2506_chunk001,The applicant also had a child and invoked the protection of family life and best interests of the child as a...,72,0.63778114
0,Applicant Detention and Asylum Claims,1648_chunk001,"On 17 November 2011, the Federal Asylum Office rejected again the application, after having found also that the applicant was from Nigeria and ordered the return....",73,0.63740766
0,Applicant Detention and Asylum Claims,3957_chunk000,"An applicant from Transnistria, with Moldovan nationality, who applied for international protection in Czechia, stated at the end of the interview, when asked by the case officer, that he would waive the right to comment on the country of origin (COI) documents which would be used in the case file as evidence, noting that he knew the situation in Moldova and Transnistria.",76,0.63689095
0,Applicant Detention and Asylum Claims,625_chunk001,No appeal is possible against these judgments. Background: Both aliens initially applied for asylum in Hungary. They then applied for...,82,0.63650995
0,Applicant Detention and Asylum Claims,1010_chunk001,"Under the Dublin III proceedings, the applicant was interviewed and stated that he had left Libya because of the war and...",85,0.6336042
0,Applicant Detention and Asylum Claims,954_chunk000,The applicants were an Albanian mother and her two daughters whose applications for asylum were refused by the Refugee Applications Commissioner.,86,0.6333424
0,Applicant Detention and Asylum Claims,121_chunk000,"The applicant, single woman, lived with her brother and his family (spouse and children) in Pakistan and ran away from the country because of his political problems.",89,0.63264215
0,Applicant Detention and Asylum Claims,564_chunk000,"By decision of 13 July 2016, the State Secretary declared an application from the foreign national to grant him a temporary asylum residence permit inadmissible.",90,0.6322026
0,Applicant Detention and Asylum Claims,1090_chunk001,"The applicant, who subsequently traveled to Germany, made a further request for international protection after returning to Austria on 15 January...",92,0.6299217
0,Applicant Detention and Asylum Claims,3268_chunk000,"The applicant, an Iraqi national, requested international protection in Austria. On 14 May 2022, the Federal Office for Immigration and Asylum (Bundesamt für Fremdenwesen und Asyl‚ BFA) dismissed the request as inadmissible, considering that Lithuania was the responsible Member State to examine the application in accordance with Article 18(1)(b) of the Dublin III Regulation.",93,0.6297305
0,Applicant Detention and Asylum Claims,2506_chunk000,"The applicant, A, Ethiopian national, requested residence permit on the basis of family reunification with his cohabitation spouse B, who had a permanent residence permit issued on individual reasons. The FIS rejected the request by decision of 2 May 2019 and ordered the repatriation of A, considering that he did not meet the requirements as he did not present a valid travel document.",94,0.6293521
0,Applicant Detention and Asylum Claims,136_chunk000,"The applicant was a Ghanaian national who applied for refugee status in 2010, which was refused following a decision of the Refugee Appeal Tribunal in January 2011. She applied for subsidiary protection on 8 October 2013.",98,0.62836766
1,"Emigration, Asylum, And 2019 Report",951_chunk000,The case concerns the risk situation in case of return to the country of origin as well as fear of persecution by the Taliban forces.,25,0.62969196
1,"Emigration, Asylum, And 2019 Report",4036_chunk000,The case concerned an application for asylum submitted by an applicant from Iraq and for which the Finnish Immigration Service considered that he had a well-founded fear of persecution based on religious grounds but excluded him from protection for alleged commission of a serious non-political crime.,30,0.60497093
1,"Emigration, Asylum, And 2019 Report",4150_chunk000,The case concerned an applicant from Morocco who alleged to have fled from his country due to fear for his life. He arrived in Milan and tried since December 2022 to access the Milan Police Headquarters in order to formalise his application for international protection.,33,0.59757876
1,"Emigration, Asylum, And 2019 Report",608_chunk000,"Three country nationals, C, J, and S, had their applications for international protection rejected in the Netherlands and were detained with a view to preparing their return. C's application for international protection was rejected on 11 April 2017, and C was detained on 13 April.",35,0.5957214
1,"Emigration, Asylum, And 2019 Report",3968_chunk000,The case concerned an applicant from Pakistan who applied unsuccessfully for asylum in 2012 and return was ordered. He applied for reconsideration which was assessed as subsequent application which was rejected and again an expulsion order was adopted. An appeal was again rejected.,43,0.5817623
1,"Emigration, Asylum, And 2019 Report",925_chunk000,"Healthy refugees who are fit for work are not currently exposed to a ""real risk"" of inhuman or degrading treatment in Bulgaria within the meaning of Article 4 of the Charter of Fundamental Rights of the European Union, either at the time of their return, during the asylum procedure, or indeed after the presumed granting of international protection, irrespective of their wishes and personal choices",44,0.5817572
1,"Emigration, Asylum, And 2019 Report",24_chunk000,"On 30 June 2015, the Finnish Immigration Service rejected the application for an international protection and residence permit issued by Nigerian citizen A ('the appellant') and her minor children B and C. The applicants claimed threats due to the Ebola virus and the Boko Haram terrorist group. The applicant also claimed to be a victim of trafficking due to forced prostitution in Italy.",45,0.5803534
1,"Emigration, Asylum, And 2019 Report",914_chunk001,The Migration Court of Appeal assessed whether the applicant had acted under duress and held that this was not the case as the applicant had benefitted from three permits and always came back to the place of employment. The applicant chose to flee...,46,0.58014405
1,"Emigration, Asylum, And 2019 Report",4709_chunk000,"A Syrian national requested international protection in Germany, alleging a well-founded fear of persecution in his country of origin due to the ongoing civil war and a risk of forced conscription.",48,0.5784528
1,"Emigration, Asylum, And 2019 Report",650_chunk000,The case concerns the suspension of the implementation of a decision on refusal of international protection.,52,0.57257557
1,"Emigration, Asylum, And 2019 Report",957_chunk001,"The appellant claimed her stalker enjoyed political influence and/or protection in Albania so her complaints to the police were not effective, and therefore she fled Albania and claimed asylum in Ireland.",54,0.5723192
1,"Emigration, Asylum, And 2019 Report",146_chunk000,The case concerns the issuance of Convention Travel Documents.,55,0.5717401
1,"Emigration, Asylum, And 2019 Report",1564_chunk001,"By decision of 28 February 2017, the Swedish Migration Agency rejected his application, considering that although HA may have received assistance from UNRWA, he did not prove the risk invoked upon return and he does not fulfil the requirements for international protection. However, he...",56,0.57080734
1,"Emigration, Asylum, And 2019 Report",4828_chunk000,"A Burundian national belonging to the Tutsi community applied for asylum on 18 March 2022. He fled Burundi in 2015 because he feared persecution based on his work as an independent consultant and supporter/translator for journalists. Before arriving in the Netherlands, the applicant resided in Rwanda and Kenya. However, he did not feel safe in either country and feared refoulement to Burundi.",61,0.5672004
1,"Emigration, Asylum, And 2019 Report",960_chunk000,"The appellants were Albanian nationals who previously lived in Kosovo (*). They arrived in Ireland on 12 December 2014 and two days later they made an application for asylum. They did not disclose a full account of the circumstances of their arrival in Ireland, in particular that they had previously been issued with a visa for the United Kingdom.",62,0.5657625
1,"Emigration, Asylum, And 2019 Report",2507_chunk000,"The case concerned an Afghan applicant who contested an inadmissible decision based on Paragraph 29(1)(1)(a) of the AsylG because he had previously applied for asylum in Denmark. The Danish authorities agreed to a readmission on 9 November 2017, and the BAMF ordered the transfer and found no prohibition for the deportation.",63,0.56446254
1,"Emigration, Asylum, And 2019 Report",657_chunk000,"A citizen of Eritrea and her child applied for family reunification with the husband/father of the child, who held a residence permit in Norway as a refugee. The applicant appeared personally at the foreign service mission approximately one year and three weeks after the sponsor was granted his residence permit.",64,0.5644114
1,"Emigration, Asylum, And 2019 Report",607_chunk000,"X, an Iraqi national, was notified of the withdrawal of his fixed-period residence permit, the rejection of his application for international protection, and an obligation to return. X appealed against that decision before the District Court of The Hague in the Netherlands, which annulled it whilst maintaining its legal effects.",65,0.5636303
1,"Emigration, Asylum, And 2019 Report",2505_chunk000,"The applicant, national of Mali, applied for international protection in Germany but based on EURODAC findings his application was rejected as inadmissible as Italy was responsible to process his application.",66,0.5633073
1,"Emigration, Asylum, And 2019 Report",958_chunk000,"The appellants were Afghan nationals who arrived in Ireland in 2008. They lived in direct provision and had four children, three of whom were born in Ireland. The entire family applied for asylum in 2013. In December 2014, the Refugee Appeals Tribunal issued a decision declaring their youngest son to be a refugee and this was communicated to the family by letter dated 8 January 2015.",67,0.562972
1,"Emigration, Asylum, And 2019 Report",3924_chunk001,"The applicant, a Palestinian national arrived in Cyprus via the occupied territories and was detained pursuant to the Aliens and Immigration Law and a deportation order was issued. He applied for asylum but was granted a supplementary protection status...",68,0.5628815
1,"Emigration, Asylum, And 2019 Report",565_chunk000,"Appeal against the judgment of the Court of the Hague on October 16, 2017 in Case no. NL17.1729. By decision of 21 March 2017, the State Secretary rejected, insofar as currently relevant, an application from the foreign national to grant him a temporary asylum residence permit. By judgment of 16 October 2017, the court dismissed the appeal against this by the foreign national as unfounded.",69,0.56225246
1,"Emigration, Asylum, And 2019 Report",1091_chunk000,"The case concerns a Nigerian applicant who made unsuccessful applications for international protection in April 2015, January 2017 and May 2018, and decisions to return him were issued.",70,0.56198657
1,"Emigration, Asylum, And 2019 Report",3268_chunk000,"The applicant, an Iraqi national, requested international protection in Austria. On 14 May 2022, the Federal Office for Immigration and Asylum (Bundesamt für Fremdenwesen und Asyl‚ BFA) dismissed the request as inadmissible, considering that Lithuania was the responsible Member State to examine the application in accordance with Article 18(1)(b) of the Dublin III Regulation.",71,0.561398
1,"Emigration, Asylum, And 2019 Report",930_chunk000,An Iraqi national applied for international protection in Austria on 16 May 2016 stating he had been employed as a guard in a prison near Baghdad where terrorists were incarcerated and was threatened by them. He suffers from a serious heart condition and other health problems. The Federal Office for Immigration and Asylum rejected his request on 16 December 2016.,73,0.56105906
1,"Emigration, Asylum, And 2019 Report",4962_chunk001,"On 19 July 2022, the Ministry of the Interior denied the request for statelessness. The applicant...",75,0.56014717
1,"Emigration, Asylum, And 2019 Report",3240_chunk001,"- the State Secretariat for Migration (SEM) and the Federal Administrative Court (TAF), in both first and second instance procedures, have based their decisions to reject the application for international protection on claims that the applicant's testimony lacked credibility and that the authenticity of the documents he presented was...",76,0.5600586
1,"Emigration, Asylum, And 2019 Report",64_chunk000,"(Abstract provided by UNHCR) The FAC rejected the application of a family to be recognized as stateless. Despite the fact that Swiss authorities had unsuccessfully tried to return the applicants for the past 17 years, the Court found that the applicants had not done everything possible to obtain travel documents from their countries of origin....",79,0.5594088
1,"Emigration, Asylum, And 2019 Report",121_chunk000,"The applicant, single woman, lived with her brother and his family (spouse and children) in Pakistan and ran away from the country because of his political problems.",80,0.5588951
1,"Emigration, Asylum, And 2019 Report",197_chunk000,"The applicants, a woman and her three children, were nationals of Pakistan who applied for asylum in the State. They had lived in the UK with the first applicant's husband whom the first named applicant claimed had been violently abusive towards her and the children.",83,0.55847
1,"Emigration, Asylum, And 2019 Report",200_chunk000,"The applicants, a woman and her three children, were nationals of Pakistan who applied for asylum in the State. They had lived in the UK with the first applicant's husband whom the first named applicant claimed had been violently abusive towards her and the children.",84,0.55847
1,"Emigration, Asylum, And 2019 Report",3168_chunk000,"The applicants, a Kazakh woman and her two children, born in 2009 and 2011, applied for international protection in Austria in 2012. Their applications were rejected and their deportation to Kazakhstan was ordered by the Federal Office for Foreign Affairs and Asylum, who, in weighting public and private interests, considered that the mother's integration in Austria was insufficient.",85,0.5580701
1,"Emigration, Asylum, And 2019 Report",198_chunk000,The applicant had previously applied for asylum in the UK. He appealed unsuccessfully to the Tribunal the decision of the Refugee Applications Commissioner that he be transferred to the UK under Dublin III.,88,0.5564154
1,"Emigration, Asylum, And 2019 Report",167_chunk001,"After having lived outside the refugee camp for some years since 1999, the applicant left Bangladesh in 2015 and, according to his own...",89,0.5563362
1,"Emigration, Asylum, And 2019 Report",557_chunk000,"Appeal against the decision of the Court of The Hague, Middelburg seat, of January 12, 2017 in case no. 16/29461 by which the State Secretary for Justice and Security rejected an application from the foreign national to grant her a temporary asylum residence permit and issued an entry ban against her. ...",92,0.555948
1,"Emigration, Asylum, And 2019 Report",1010_chunk001,"Under the Dublin III proceedings, the applicant was interviewed and stated that he had left Libya because of the war and...",93,0.5553858
1,"Emigration, Asylum, And 2019 Report",564_chunk000,"By decision of 13 July 2016, the State Secretary declared an application from the foreign national to grant him a temporary asylum residence permit inadmissible.",95,0.554011
1,"Emigration, Asylum, And 2019 Report",117_chunk000,Syrian refugee family resettled from Lebanon were granted subsidiary protection. This decision was appealed before the National High Court.,96,0.55394745
1,"Emigration, Asylum, And 2019 Report",955_chunk001,In September 2018 the application was refused by the Minister for Justice on the basis that it had not been submitted within 12 months of the grant of refugee status as required by section 56(8) of the International Protection Act 2015. The applicant then...,98,0.55298567
2,Emigration And Asylum Reporting 2019,951_chunk000,The case concerns the risk situation in case of return to the country of origin as well as fear of persecution by the Taliban forces.,28,0.6230798
2,Emigration And Asylum Reporting 2019,608_chunk000,"Three country nationals, C, J, and S, had their applications for international protection rejected in the Netherlands and were detained with a view to preparing their return. C's application for international protection was rejected on 11 April 2017, and C was detained on 13 April.",30,0.6090955
2,Emigration And Asylum Reporting 2019,4150_chunk000,The case concerned an applicant from Morocco who alleged to have fled from his country due to fear for his life. He arrived in Milan and tried since December 2022 to access the Milan Police Headquarters in order to formalise his application for international protection.,31,0.60476017
2,Emigration And Asylum Reporting 2019,633_chunk000,"The legal question concerned a situation in which the applicant (a third country national) claimed asylum based on events that had happened in another EU MS in which the applicant had lived and towards which the Dublin Regulation was applicable. In the current case, a Nigerian national claimed she was in danger of persecution and serious harm in Spain due to her ex-husband.",34,0.6023168
2,Emigration And Asylum Reporting 2019,4036_chunk000,The case concerned an application for asylum submitted by an applicant from Iraq and for which the Finnish Immigration Service considered that he had a well-founded fear of persecution based on religious grounds but excluded him from protection for alleged commission of a serious non-political crime.,39,0.5983652
2,Emigration And Asylum Reporting 2019,146_chunk000,The case concerns the issuance of Convention Travel Documents.,41,0.5951925
2,Emigration And Asylum Reporting 2019,960_chunk000,"The appellants were Albanian nationals who previously lived in Kosovo (*). They arrived in Ireland on 12 December 2014 and two days later they made an application for asylum. They did not disclose a full account of the circumstances of their arrival in Ireland, in particular that they had previously been issued with a visa for the United Kingdom.",44,0.5915727
2,Emigration And Asylum Reporting 2019,959_chunk001,"The evidence before the court was that between 2010 and 2017 the Minister for Justice accepted applications for family reunification from refugees who had acquired Irish citizenship by naturalisation, but on foot of legal advice in 2017 the...",49,0.5823457
2,Emigration And Asylum Reporting 2019,24_chunk000,"On 30 June 2015, the Finnish Immigration Service rejected the application for an international protection and residence permit issued by Nigerian citizen A ('the appellant') and her minor children B and C. The applicants claimed threats due to the Ebola virus and the Boko Haram terrorist group. The applicant also claimed to be a victim of trafficking due to forced prostitution in Italy.",52,0.5787659
2,Emigration And Asylum Reporting 2019,3968_chunk000,The case concerned an applicant from Pakistan who applied unsuccessfully for asylum in 2012 and return was ordered. He applied for reconsideration which was assessed as subsequent application which was rejected and again an expulsion order was adopted. An appeal was again rejected.,54,0.57760227
2,Emigration And Asylum Reporting 2019,925_chunk000,"Healthy refugees who are fit for work are not currently exposed to a ""real risk"" of inhuman or degrading treatment in Bulgaria within the meaning of Article 4 of the Charter of Fundamental Rights of the European Union, either at the time of their return, during the asylum procedure, or indeed after the presumed granting of international protection, irrespective of their wishes and personal choices",55,0.5769051
2,Emigration And Asylum Reporting 2019,4709_chunk000,"A Syrian national requested international protection in Germany, alleging a well-founded fear of persecution in his country of origin due to the ongoing civil war and a risk of forced conscription.",58,0.57633966
2,Emigration And Asylum Reporting 2019,957_chunk001,"The appellant claimed her stalker enjoyed political influence and/or protection in Albania so her complaints to the police were not effective, and therefore she fled Albania and claimed asylum in Ireland.",60,0.5760551
2,Emigration And Asylum Reporting 2019,3924_chunk001,"The applicant, a Palestinian national arrived in Cyprus via the occupied territories and was detained pursuant to the Aliens and Immigration Law and a deportation order was issued. He applied for asylum but was granted a supplementary protection status...",62,0.57603157
2,Emigration And Asylum Reporting 2019,2505_chunk000,"The applicant, national of Mali, applied for international protection in Germany but based on EURODAC findings his application was rejected as inadmissible as Italy was responsible to process his application.",63,0.5755788
2,Emigration And Asylum Reporting 2019,197_chunk000,"The applicants, a woman and her three children, were nationals of Pakistan who applied for asylum in the State. They had lived in the UK with the first applicant's husband whom the first named applicant claimed had been violently abusive towards her and the children.",65,0.57514256
2,Emigration And Asylum Reporting 2019,200_chunk000,"The applicants, a woman and her three children, were nationals of Pakistan who applied for asylum in the State. They had lived in the UK with the first applicant's husband whom the first named applicant claimed had been violently abusive towards her and the children.",66,0.57514256
2,Emigration And Asylum Reporting 2019,914_chunk001,The Migration Court of Appeal assessed whether the applicant had acted under duress and held that this was not the case as the applicant had benefitted from three permits and always came back to the place of employment. The applicant chose to flee...,67,0.5750924
2,Emigration And Asylum Reporting 2019,958_chunk000,"The appellants were Afghan nationals who arrived in Ireland in 2008. They lived in direct provision and had four children, three of whom were born in Ireland. The entire family applied for asylum in 2013. In December 2014, the Refugee Appeals Tribunal issued a decision declaring their youngest son to be a refugee and this was communicated to the family by letter dated 8 January 2015.",70,0.5732449
2,Emigration And Asylum Reporting 2019,198_chunk000,The applicant had previously applied for asylum in the UK. He appealed unsuccessfully to the Tribunal the decision of the Refugee Applications Commissioner that he be transferred to the UK under Dublin III.,71,0.57311493
2,Emigration And Asylum Reporting 2019,3268_chunk000,"The applicant, an Iraqi national, requested international protection in Austria. On 14 May 2022, the Federal Office for Immigration and Asylum (Bundesamt für Fremdenwesen und Asyl‚ BFA) dismissed the request as inadmissible, considering that Lithuania was the responsible Member State to examine the application in accordance with Article 18(1)(b) of the Dublin III Regulation.",73,0.5724525
2,Emigration And Asylum Reporting 2019,1564_chunk001,"By decision of 28 February 2017, the Swedish Migration Agency rejected his application, considering that although HA may have received assistance from UNRWA, he did not prove the risk invoked upon return and he does not fulfil the requirements for international protection. However, he...",76,0.5714309
2,Emigration And Asylum Reporting 2019,36_chunk000,"The appellants in this case are asylum seekers who came to the UK via Bulgaria. They are nationals of Afghanistan (SK and FK), Iraq (HK) and Iran (HH).",78,0.57078844
2,Emigration And Asylum Reporting 2019,513_chunk000,"The case concerned revocation of a residence permit and refugee status granted to an Afghan woman and her child cf. the Immigration Act Section 37 first paragraph, letter e). The husband arrived in Norway and thus the basis for their permits no longer existed.",79,0.5694756
2,Emigration And Asylum Reporting 2019,3269_chunk000,"The applicant, a national of Somalia, applied for international protection in France on 18 December 2020 and he was placed under the Dublin procedure while a request was sent to Germany, considered the Member State responsible to examine the request for international protection. The applicant returned to Germany, and thereafter returned to France and asked for asylum a second time on 26 May 2021.",80,0.5694012
2,Emigration And Asylum Reporting 2019,607_chunk000,"X, an Iraqi national, was notified of the withdrawal of his fixed-period residence permit, the rejection of his application for international protection, and an obligation to return. X appealed against that decision before the District Court of The Hague in the Netherlands, which annulled it whilst maintaining its legal effects.",81,0.56935465
2,Emigration And Asylum Reporting 2019,3277_chunk000,The applicant is an Algerian national who applied for international protection in the Netherlands and the State Secretary decided on 30 November 2021 not to process the application in the regular procedure. The applicant claimed that during the registration phase he was not informed of the possibility to apply for legal assistance.,82,0.569347
2,Emigration And Asylum Reporting 2019,4828_chunk000,"A Burundian national belonging to the Tutsi community applied for asylum on 18 March 2022. He fled Burundi in 2015 because he feared persecution based on his work as an independent consultant and supporter/translator for journalists. Before arriving in the Netherlands, the applicant resided in Rwanda and Kenya. However, he did not feel safe in either country and feared refoulement to Burundi.",84,0.56885785
2,Emigration And Asylum Reporting 2019,1091_chunk000,"The case concerns a Nigerian applicant who made unsuccessful applications for international protection in April 2015, January 2017 and May 2018, and decisions to return him were issued.",85,0.5682185
2,Emigration And Asylum Reporting 2019,2507_chunk000,"The case concerned an Afghan applicant who contested an inadmissible decision based on Paragraph 29(1)(1)(a) of the AsylG because he had previously applied for asylum in Denmark. The Danish authorities agreed to a readmission on 9 November 2017, and the BAMF ordered the transfer and found no prohibition for the deportation.",86,0.56810105
2,Emigration And Asylum Reporting 2019,572_chunk000,"Appeal against the judgement of the Court of The Hague, Rotterdam seat instead of August 14, 2017 in Case No. NL17.705 at stake. By decision of 20 January 2017, the State Secretary rejected an application from the foreign national to grant her a temporary asylum residence permit.",87,0.56758267
2,Emigration And Asylum Reporting 2019,930_chunk000,An Iraqi national applied for international protection in Austria on 16 May 2016 stating he had been employed as a guard in a prison near Baghdad where terrorists were incarcerated and was threatened by them. He suffers from a serious heart condition and other health problems. The Federal Office for Immigration and Asylum rejected his request on 16 December 2016.,91,0.5674055
2,Emigration And Asylum Reporting 2019,955_chunk001,In September 2018 the application was refused by the Minister for Justice on the basis that it had not been submitted within 12 months of the grant of refugee status as required by section 56(8) of the International Protection Act 2015. The applicant then...,92,0.5671688
2,Emigration And Asylum Reporting 2019,557_chunk000,"Appeal against the decision of the Court of The Hague, Middelburg seat, of January 12, 2017 in case no. 16/29461 by which the State Secretary for Justice and Security rejected an application from the foreign national to grant her a temporary asylum residence permit and issued an entry ban against her. ...",95,0.56680346
2,Emigration And Asylum Reporting 2019,650_chunk000,The case concerns the suspension of the implementation of a decision on refusal of international protection.,96,0.56678295
2,Emigration And Asylum Reporting 2019,1010_chunk001,"Under the Dublin III proceedings, the applicant was interviewed and stated that he had left Libya because of the war and...",98,0.5661324
2,Emigration And Asylum Reporting 2019,3240_chunk001,"- the State Secretariat for Migration (SEM) and the Federal Administrative Court (TAF), in both first and second instance procedures, have based their decisions to reject the application for international protection on claims that the applicant's testimony lacked credibility and that the authenticity of the documents he presented was...",99,0.5659163
0,Applicant Detention and Asylum Claims,5889_chunk000,"The applicants, F.S. and A.S., two brothers who fled Afghanistan after losing their parents in a bombing, travelled through Pakistan, Iran, Turkey, Bulgaria and Serbia before arriving in the Hungarian transit zone in Röszke on 24 October 2017. There, they were detained in a 5-person container on their own and applied for asylum.",16,707.5907060469273
0,Applicant Detention and Asylum Claims,2471_chunk001,"The applicant stated that he was detained by the police for 54 hours where he was beaten and fed pork that he was unable to eat as he is Jewish. He was released and fined 33,000 euros to...",38,639.6296468751351
0,Applicant Detention and Asylum Claims,42_chunk000,The applicant was sentenced by a criminal court to two and half years for the crime of illicit production and possession of drugs.,49,621.6908463679536
0,Applicant Detention and Asylum Claims,1000_chunk000,"The CNDA overturned the decision of the OFPRA who rejected the asylum request of three female applicants belonging to the Wolof ethnic group in Gambia, on the basis that the prevalence rate of FGM/C in this ethnic group is low (12.3%).",56,595.6896937502768
0,Applicant Detention and Asylum Claims,512_chunk000,"The Supreme Court ruled that Article 31 of the 1951 Geneva Convention (stating no penalties for illegal entry if refugees arrive directly from a country where there are threats to their life or freedom, and they present themselves for the authorities without delay) did not preclude that an asylum seeker could be convicted for violation of an entry ban.",57,595.3220598038753
0,Applicant Detention and Asylum Claims,6098_chunk001,"The applicant appealed that decision before the National Court of Asylum (CNDA), which dismissed the appeal on 9 May 2023 on the ground that Egyptian criminal law does not criminalise same-sex...",61,592.0944877981258
0,Applicant Detention and Asylum Claims,573_chunk001,"By judgment of 7 August 2017, the court dismissed the appeal lodged by the alien, in so far as it was directed against the rejection of the asylum application, as inadmissible, and dismissed his...",64,589.160074803943
0,Applicant Detention and Asylum Claims,2510_chunk000,"The applicant, Guinea national, was rejected the application of asylum as inadmissible by decision of 7 March 2018 because he has already applied in Spain, according to a Eurodac hit report. The Spanish authorities agreed to the transfer on 6 March 2018 and the BAMF decision was adopted on 7 March 2018.",74,577.1495641699717
0,Applicant Detention and Asylum Claims,119_chunk000,The case concerns the request to extend international protection to the parents of the applicant (Syrian father and a Palestinian mother) who was granted refugee status in Spain. Spanish authorities rejected the case as they considered that the dependency criteria requested by the Asylum Law in cases of family reunification of ascendants was not accredit in this case.,79,569.2868694320119
0,Applicant Detention and Asylum Claims,129_chunk000,"In the absence of legally binding criteria to assess risk of absconding, applicants may not be detained while waiting for a transfer under the Dublin Regulation.

...",85,555.4262563613408
0,Applicant Detention and Asylum Claims,554_chunk000,"Appeal against case no. 16/23224 of the Court of The Hague issued on the 1st June 2017. By decision of 10 October 2016, the State Secretary rejected an application from the foreign national to grant her a temporary asylum residence permit and issued an entry ban against her. By judgment of 1 June 2017, the court dismissed the appeal against this decision by the foreign national as unfounded.",93,543.3855473641395
0,Applicant Detention and Asylum Claims,130_chunk000,The Council ruled that to be able to transfer an applicant to another member state the administrative authority must obtain the consent of the State responsible for examining the asylum application before it can take a decision to transfer the asylum seeker to that State.,95,538.4003952627291
0,Applicant Detention and Asylum Claims,647_chunk000,"According to EDAL, On 14 February, the Administrative Tribunal of Paris ruled in an urgent procedure regarding practical complications in the registration of asylum applications in the Île-de-France region.",98,537.3143200598724
1,Emigration  Asylum  And 2019 Report,4167_chunk000,"An applicant of Syrian nationality and Sunni Islamic religion requested international protection on 24 November 2021 in Austria. The Federal Office for Immigration and Asylum (BFA) did not grant him refugee status but subsidiary protection, a decision which he appealed to the Federal Administrative Court.",36,581.3645529285235
1,Emigration  Asylum  And 2019 Report,935_chunk000,"The woman, known as an LGBTI activist in Surinam, did not obtain an asylum residence permit from the Minister for Migration in March 2018. She had asked for the residence permit in the Netherlands because, in her own words, she runs a risk in Surinam because of her transsexuality. A previous appeal to the court against rejection of the permit failed, after which the woman appealed to the ABRvS.",44,566.9636321683071
1,Emigration  Asylum  And 2019 Report,148_chunk001,The Court had to answer whether Contracting States have an obligation to grant refugee status to an asylum-seeker who can establish that he/she has a well-founded fear of persecution for reasons of one or more of the Convention grounds of the 1951 Convention [thus falling under the scope of the inclusion clauses] where the risk of persecution is based on circumstances created by the applicant's ‘o,46,557.2920274985833
1,Emigration  Asylum  And 2019 Report,512_chunk000,"The Supreme Court ruled that Article 31 of the 1951 Geneva Convention (stating no penalties for illegal entry if refugees arrive directly from a country where there are threats to their life or freedom, and they present themselves for the authorities without delay) did not preclude that an asylum seeker could be convicted for violation of an entry ban.",47,555.956961253466
1,Emigration  Asylum  And 2019 Report,3269_chunk000,"The applicant, a national of Somalia, applied for international protection in France on 18 December 2020 and he was placed under the Dublin procedure while a request was sent to Germany, considered the Member State responsible to examine the request for international protection. The applicant returned to Germany, and thereafter returned to France and asked for asylum a second time on 26 May 2021.",48,555.6218079914105
1,Emigration  Asylum  And 2019 Report,634_chunk000,"As per EDAL, On 7 December 2018, the Superior Court of Madrid ruled that the Spanish authorities had to ensure that an asylum seeker transferred to Spain from Germany under the Dublin Regulation would have access to the reception system.",60,536.0368430594045
1,Emigration  Asylum  And 2019 Report,928_chunk000,Returning Syrian asylum seekers who have withdrawn from compulsory military service in Syria by traveling abroad are currently not likely to face political persecution by the Syrian state because of an at least anti-regime attitude attributed to them.,67,512.5390821933623
1,Emigration  Asylum  And 2019 Report,36_chunk000,"The appellants in this case are asylum seekers who came to the UK via Bulgaria. They are nationals of Afghanistan (SK and FK), Iraq (HK) and Iran (HH).",68,509.376892166268
1,Emigration  Asylum  And 2019 Report,3315_chunk000,"The case concerned a request for urgent interim measures submitted by an Afghan national against a Dublin transfer to Austria. The Dublin transfer was accepted by Austria, but it has been annulled in court by decision of 20 January 2021, when the judicial authority decided that Italy had the competence to process the asylum application.",69,504.01804838421464
1,Emigration  Asylum  And 2019 Report,3276_chunk000,"On 12 January 2023, the Rome Tribunal confirmed its previous case law of 13 October 2022, and annulled a Dublin transfer to Romania according to Article 3(2) of the Dublin Regulation and to Article 4 of the EU Charter of Fundamental Rights of the European Union, considering that there are systemic deficiencies in the asylum system.",71,498.91132032383814
1,Emigration  Asylum  And 2019 Report,3275_chunk000,"The applicant, a Syrian national, applied for international protection on 2 October 2021 in Austria. As he had already applied for international protection in Malta in September 2021, the Federal Office for Immigration and Asylum (BFA) requested the Maltese authorities to take back the applicant, which Malta accepted.",72,498.535242419458
1,Emigration  Asylum  And 2019 Report,1090_chunk000,"The applicant, a Nigerian national, requested international protection after entering Austria on 21 September 2015. This application was rejected by decision of the Federal Office for Aliens and Asylum (BFA) on 31 October 2017. A return decision was issued against the applicant and it was not contested.",75,496.87438002995
1,Emigration  Asylum  And 2019 Report,3427_chunk000,"The applicant, an Iranian national, of Azerbaijani origin and Christian, entered Germany on 23 January 2016. On 11 May 2016, the person applied for international protection with the Federal Office for Migration and Refugees (BAMF). BAMF rejected the application by decision of 30 January 2017 and did not provide any prohibition to deportation.",78,492.6804473302713
1,Emigration  Asylum  And 2019 Report,554_chunk000,"Appeal against case no. 16/23224 of the Court of The Hague issued on the 1st June 2017. By decision of 10 October 2016, the State Secretary rejected an application from the foreign national to grant her a temporary asylum residence permit and issued an entry ban against her. By judgment of 1 June 2017, the court dismissed the appeal against this decision by the foreign national as unfounded.",79,491.9758419574012
1,Emigration  Asylum  And 2019 Report,1000_chunk000,"The CNDA overturned the decision of the OFPRA who rejected the asylum request of three female applicants belonging to the Wolof ethnic group in Gambia, on the basis that the prevalence rate of FGM/C in this ethnic group is low (12.3%).",86,483.0346481843832
1,Emigration  Asylum  And 2019 Report,55_chunk000,The applicant was a Nigerian national who was born in May 1991. She arrived in the State on 9 January 2007 when she was 15 years old and applied for asylum. The applicant claimed to have been threatened with forced marriage and attempted rape. She said she was given assistance by the African Refugee Foundation (“AREF”) before ultimately leaving Nigeria.,88,480.88350240511306
1,Emigration  Asylum  And 2019 Report,201_chunk000,"The applicant claimed that after he sought to end a relationship with a woman in Albania in 2012, he was confronted by the woman's brothers who threatened, beat and tortured him, and murdered his father. He moved to Ireland in July 2013 and applied for asylum in April 2014, the application was rejected. An appeal to the tribunal was also rejected in May 2016.",89,477.4621641886386
1,Emigration  Asylum  And 2019 Report,573_chunk000,"Appeal against the decision of the court of The Hague, Haarlem seat, of August 7, 2017 in case no. 17/2027. By decision of 19 January 2017, the State Secretary rejected an application from the foreign national to grant him a temporary asylum residence permit, and issued an entry ban against him.",93,473.0243348173136
1,Emigration  Asylum  And 2019 Report,97_chunk000,"As of 2016, beneficiaries of subsidiary protection in Lower Austria differ from persons granted asylum in that they are entitled only to benefits under basic welfare support. The Constitutional Court ruled in June 2017 that this rule is constitutional, since sufficient factual and legal differences exist to justify differing treatment with respect to social benefits.",94,471.2322624724713
1,Emigration  Asylum  And 2019 Report,69_chunk000,"If it is not clear whether an asylum applicant has already been granted international protection in another European Union member state (here: Italy), the administrative courts must find out whether this is the case if the admissibility of a new application for protection depends on it.",98,467.5107149837088
2,Emigration And Asylum Reporting 2019,3981_chunk000,"The case concerned an applicant from Belarus, a mother with her minor son who applied for asylum in Slovakia claiming a fear of persecution upon return to her home country due to opposition to the current regime. She claimed to have publicly and actively participated in anti-government protests following the 2020 presidential elections, within the territory of Slovakia.",31,582.0117580225893
2,Emigration And Asylum Reporting 2019,4167_chunk000,"An applicant of Syrian nationality and Sunni Islamic religion requested international protection on 24 November 2021 in Austria. The Federal Office for Immigration and Asylum (BFA) did not grant him refugee status but subsidiary protection, a decision which he appealed to the Federal Administrative Court.",33,555.6757941073373
2,Emigration And Asylum Reporting 2019,935_chunk000,"The woman, known as an LGBTI activist in Surinam, did not obtain an asylum residence permit from the Minister for Migration in March 2018. She had asked for the residence permit in the Netherlands because, in her own words, she runs a risk in Surinam because of her transsexuality. A previous appeal to the court against rejection of the permit failed, after which the woman appealed to the ABRvS.",42,531.2814296833922
2,Emigration And Asylum Reporting 2019,148_chunk001,The Court had to answer whether Contracting States have an obligation to grant refugee status to an asylum-seeker who can establish that he/she has a well-founded fear of persecution for reasons of one or more of the Convention grounds of the 1951 Convention [thus falling under the scope of the inclusion clauses] where the risk of persecution is based on circumstances created by the applicant's ‘o,50,504.20932888839576
2,Emigration And Asylum Reporting 2019,634_chunk000,"As per EDAL, On 7 December 2018, the Superior Court of Madrid ruled that the Spanish authorities had to ensure that an asylum seeker transferred to Spain from Germany under the Dublin Regulation would have access to the reception system.",57,486.5505273712619
2,Emigration And Asylum Reporting 2019,512_chunk000,"The Supreme Court ruled that Article 31 of the 1951 Geneva Convention (stating no penalties for illegal entry if refugees arrive directly from a country where there are threats to their life or freedom, and they present themselves for the authorities without delay) did not preclude that an asylum seeker could be convicted for violation of an entry ban.",58,483.9453798028037
2,Emigration And Asylum Reporting 2019,3275_chunk000,"The applicant, a Syrian national, applied for international protection on 2 October 2021 in Austria. As he had already applied for international protection in Malta in September 2021, the Federal Office for Immigration and Asylum (BFA) requested the Maltese authorities to take back the applicant, which Malta accepted.",64,476.5567762883605
2,Emigration And Asylum Reporting 2019,1090_chunk000,"The applicant, a Nigerian national, requested international protection after entering Austria on 21 September 2015. This application was rejected by decision of the Federal Office for Aliens and Asylum (BFA) on 31 October 2017. A return decision was issued against the applicant and it was not contested.",65,471.9117355414642
2,Emigration And Asylum Reporting 2019,554_chunk000,"Appeal against case no. 16/23224 of the Court of The Hague issued on the 1st June 2017. By decision of 10 October 2016, the State Secretary rejected an application from the foreign national to grant her a temporary asylum residence permit and issued an entry ban against her. By judgment of 1 June 2017, the court dismissed the appeal against this decision by the foreign national as unfounded.",75,448.4663603976211
2,Emigration And Asylum Reporting 2019,3427_chunk000,"The applicant, an Iranian national, of Azerbaijani origin and Christian, entered Germany on 23 January 2016. On 11 May 2016, the person applied for international protection with the Federal Office for Migration and Refugees (BAMF). BAMF rejected the application by decision of 30 January 2017 and did not provide any prohibition to deportation.",76,447.8597891388745
2,Emigration And Asylum Reporting 2019,3276_chunk000,"On 12 January 2023, the Rome Tribunal confirmed its previous case law of 13 October 2022, and annulled a Dublin transfer to Romania according to Article 3(2) of the Dublin Regulation and to Article 4 of the EU Charter of Fundamental Rights of the European Union, considering that there are systemic deficiencies in the asylum system.",77,445.88941712220793
2,Emigration And Asylum Reporting 2019,647_chunk000,"According to EDAL, On 14 February, the Administrative Tribunal of Paris ruled in an urgent procedure regarding practical complications in the registration of asylum applications in the Île-de-France region.",80,442.3479496151684
2,Emigration And Asylum Reporting 2019,928_chunk000,Returning Syrian asylum seekers who have withdrawn from compulsory military service in Syria by traveling abroad are currently not likely to face political persecution by the Syrian state because of an at least anti-regime attitude attributed to them.,82,439.06378329517906
2,Emigration And Asylum Reporting 2019,218_chunk000,"In the present case the applicant, Ms. Danqua, (Ghanaian national), made a very belated application for subsidiary protection on 8th October 2013, having first applied for refugee status in 2010 and having been refused asylum following a decision of the Refugee Appeal Tribunal in January 2011.",83,438.6658779130414
2,Emigration And Asylum Reporting 2019,6098_chunk001,"The applicant appealed that decision before the National Court of Asylum (CNDA), which dismissed the appeal on 9 May 2023 on the ground that Egyptian criminal law does not criminalise same-sex...",84,438.0635306360016
2,Emigration And Asylum Reporting 2019,55_chunk000,The applicant was a Nigerian national who was born in May 1991. She arrived in the State on 9 January 2007 when she was 15 years old and applied for asylum. The applicant claimed to have been threatened with forced marriage and attempted rape. She said she was given assistance by the African Refugee Foundation (“AREF”) before ultimately leaving Nigeria.,87,435.0179523191436
2,Emigration And Asylum Reporting 2019,3315_chunk000,"The case concerned a request for urgent interim measures submitted by an Afghan national against a Dublin transfer to Austria. The Dublin transfer was accepted by Austria, but it has been annulled in court by decision of 20 January 2021, when the judicial authority decided that Italy had the competence to process the asylum application.",88,434.2190569504354
2,Emigration And Asylum Reporting 2019,97_chunk000,"As of 2016, beneficiaries of subsidiary protection in Lower Austria differ from persons granted asylum in that they are entitled only to benefits under basic welfare support. The Constitutional Court ruled in June 2017 that this rule is constitutional, since sufficient factual and legal differences exist to justify differing treatment with respect to social benefits.",89,432.3280948694929
2,Emigration And Asylum Reporting 2019,1000_chunk000,"The CNDA overturned the decision of the OFPRA who rejected the asylum request of three female applicants belonging to the Wolof ethnic group in Gambia, on the basis that the prevalence rate of FGM/C in this ethnic group is low (12.3%).",90,431.0287227140651
2,Emigration And Asylum Reporting 2019,69_chunk000,"If it is not clear whether an asylum applicant has already been granted international protection in another European Union member state (here: Italy), the administrative courts must find out whether this is the case if the admissibility of a new application for protection depends on it.",93,426.8175277690876
2,Emigration And Asylum Reporting 2019,1573_chunk000,"The applicants, nationals of Syria, are members of a family who arrived in Spain through the resettlement programme 2015 for refugees. By decisions of 4 October 2017 of the Deputy Secretary of the Interior, they were granted subsidiary protection. They appealed that decision arguing that they should be granted refugee status and not subsidiary protection.",94,426.801419593959
2,Emigration And Asylum Reporting 2019,573_chunk001,"By judgment of 7 August 2017, the court dismissed the appeal lodged by the alien, in so far as it was directed against the rejection of the asylum application, as inadmissible, and dismissed his...",97,424.9357495387174
