qid,query,docno,docid,score,rank,text
0,Asylum Definition And Assessment,148_chunk000,523,0.7171461,0,The case concerns “sur place” asylum claims.
0,Asylum Definition And Assessment,108_chunk001,393,0.6638359,1,The applicant subsequently lodged a request for his asylum application to be reconsidered followed by an application for temporary admission on...
0,Asylum Definition And Assessment,4036_chunk000,38,0.65053236,2,The case concerned an application for asylum submitted by an applicant from Iraq and for which the Finnish Immigration Service considered that he had a well-founded fear of persecution based on religious grounds but excluded him from protection for alleged commission of a serious non-political crime.
0,Asylum Definition And Assessment,23_chunk000,454,0.64339334,3,"The Finnish Immigration Service had rejected A 's application for asylum and residence permit on the basis of the conflict between A and his father' s claims for asylum. Although the father's report has thus affected A's case, he or she has not been given the opportunity to give an explanation of the report and contradictions that it has in relation to his or her report."
0,Asylum Definition And Assessment,4231_chunk000,34,0.6418836,4,"The case concerned the question whether the State Secretary had correctly established the date from which the applicant benefits of asylum, how to establish the date of application."
0,Asylum Definition And Assessment,510_chunk000,385,0.64086246,5,"The Court of Sessions found there was no unlawful discrimination arising from a reduction in the amount of asylum support payable to asylum seekers with one or more dependent children, following a government review. ..."
0,Asylum Definition And Assessment,951_chunk000,188,0.63913465,6,The case concerns the risk situation in case of return to the country of origin as well as fear of persecution by the Taliban forces.
0,Asylum Definition And Assessment,4235_chunk000,44,0.6388079,7,"The case concerned two Iranian applicant, a father and his minor child, who entered the Röszke transit zone and applied for asylum on 5 December 2018. The asylum authority rejected the application as inadmissible and considered that Serbia was a safe third country where the applicants should have requested asylum. The decision was confirmed in court."
0,Asylum Definition And Assessment,1564_chunk000,203,0.6383827,8,HA applied for asylum in May 2015 alleging that he is registered with UNRWA and that upon return to Gaza he is at risk of being killed or subjected to inhuman or degrading treatment.
0,Asylum Definition And Assessment,5890_chunk000,6,0.6383408,9,"Six Iraqi nationals, a family of two parents and their four minor children, entered the Hungarian transit zone bordering Serbia on 10 July 2018 and submitted an asylum application. On the same day, the asylum authority designated the transit zone in Tompa as the applicants' place of stay."
0,Asylum Definition And Assessment,643_chunk000,388,0.63661915,10,As per the published press release: The Council of State validates the criteria to be met by a new asylum application to be admissible.
0,Asylum Definition And Assessment,633_chunk000,357,0.6357251,11,"The legal question concerned a situation in which the applicant (a third country national) claimed asylum based on events that had happened in another EU MS in which the applicant had lived and towards which the Dublin Regulation was applicable. In the current case, a Nigerian national claimed she was in danger of persecution and serious harm in Spain due to her ex-husband."
0,Asylum Definition And Assessment,925_chunk000,226,0.63414466,12,"Healthy refugees who are fit for work are not currently exposed to a ""real risk"" of inhuman or degrading treatment in Bulgaria within the meaning of Article 4 of the Charter of Fundamental Rights of the European Union, either at the time of their return, during the asylum procedure, or indeed after the presumed granting of international protection, irrespective of their wishes and personal choices"
0,Asylum Definition And Assessment,4037_chunk000,48,0.6334413,13,"The case concerned the cassation appeal submitted by H.A., Syrian national, against the negative decision on his asylum application issued by the State Agency for Refugees."
0,Asylum Definition And Assessment,2508_chunk001,135,0.6331986,14,On 13 July 2018 the Federal Office and Foreigners Registration Office was informed that the applicant resided in a church asylum since 12 July 2018. By letter of...
0,Asylum Definition And Assessment,56_chunk000,490,0.62873346,15,The applicants were two Albanian asylum seekers who challenged the decision of the Refugee Appeals Tribunal upholding the decision of the Office of the Refugee Applications Commissioner that the United Kingdom was the member state responsible for determining their applications for asylum.
0,Asylum Definition And Assessment,563_chunk000,348,0.6269099,16,"The case concerns the moment at which an asylum application is lodged, in particular with regard to a subsequent asylum application. This moment is important for the entitlement to reception by the foreign national."
0,Asylum Definition And Assessment,108_chunk000,392,0.62589693,17,According the ECHR's Information Note 213 (December 2017): The applicant entered Switzerland in 2009 and applied for asylum on the grounds that he had been imprisoned and tortured in his country of origin (Iran) after taking part in a demonstration there. His application was rejected after the Swiss authorities found that his account was not credible.
0,Asylum Definition And Assessment,550_chunk000,367,0.6253084,18,"The case involved an asylum seeker upon whom detention was imposed as a measure to ensure a Dublin procedure. The asylum seeker lodged a complaint against a decision that had been issued based on Art. 5 of the Asylum Act 2005, rejecting the application as inadmissible."
0,Asylum Definition And Assessment,178_chunk000,460,0.6251545,19,"The Court gave guidance on the general approach to be adopted in law and practice by the First-tier Tribunal and Upper Tribunal where claims for asylum were made by children, young people, and other incapacitated or vulnerable persons whose ability to participate effectively in proceedings might be limited."
0,Asylum Definition And Assessment,562_chunk001,347,0.62353814,20,"This moment is important for the commencement date of the temporary asylum residence permit granted to the foreign national.

By decision..."
0,Asylum Definition And Assessment,590_chunk000,350,0.6227236,21,"In an urgent action for the «granting of asylum or of a residence permit for subsidiary protection» the use of «official international reports on the political and social situation of the applicant's country of origin», by the court of appeal is not in breach of Articles 412 and 662 of the Civil Procedure Code.

..."
0,Asylum Definition And Assessment,931_chunk000,240,0.62186617,22,"Pursuant to Art. 4a of the Asylum Act 2005, an application for international protection is to be rejected as inadmissible where the foreign person has been granted asylum or subsidiary protection status in another EEA Member State or Switzerland. In the specific case, the appellant, a Syrian citizen, filed an application for international protection in April 2018."
0,Asylum Definition And Assessment,608_chunk000,344,0.62139726,23,"Three country nationals, C, J, and S, had their applications for international protection rejected in the Netherlands and were detained with a view to preparing their return. C's application for international protection was rejected on 11 April 2017, and C was detained on 13 April."
0,Asylum Definition And Assessment,3286_chunk001,123,0.61990047,24,"The Supreme Court confirmed that the application for international protection implies the suspension of the removal procedure for irregular stay that could affect the applicant, until the Administration issues an initial decision..."
0,Asylum Definition And Assessment,512_chunk000,365,0.61905545,25,"The Supreme Court ruled that Article 31 of the 1951 Geneva Convention (stating no penalties for illegal entry if refugees arrive directly from a country where there are threats to their life or freedom, and they present themselves for the authorities without delay) did not preclude that an asylum seeker could be convicted for violation of an entry ban."
0,Asylum Definition And Assessment,3924_chunk001,61,0.61721534,26,"The applicant, a Palestinian national arrived in Cyprus via the occupied territories and was detained pursuant to the Aliens and Immigration Law and a deportation order was issued. He applied for asylum but was granted a supplementary protection status..."
0,Asylum Definition And Assessment,937_chunk001,164,0.61666477,27,A decision moratorium means that the period within which asylum applications from Libyan foreign nationals must be processed by the state secretary is extended. This decision is important for all...
0,Asylum Definition And Assessment,584_chunk000,297,0.615602,28,"The applicant sought judicial review of the decision to refuse him asylum in Ireland, which he had applied for on the basis of fear of persecution due to issues with the Taliban and Lashkar-e-Islam. The applicant had tactically not applied for asylum in another Member State, which was a factor the decision maker was permitted to take into consideration."
0,Asylum Definition And Assessment,3272_chunk001,117,0.61450297,29,"The case concerned the accused monk B., who granted church asylum to A., from the Gaza strip, on 25 August 2020 and provided him accommodation and care with the knowledge that A. was a rejected asylum applicant.

A. applied for asylum on 22 April..."
0,Asylum Definition And Assessment,130_chunk000,468,0.6142961,30,The Council ruled that to be able to transfer an applicant to another member state the administrative authority must obtain the consent of the State responsible for examining the asylum application before it can take a decision to transfer the asylum seeker to that State.
0,Asylum Definition And Assessment,171_chunk000,534,0.6136259,31,The Upper Tribunal had been justified in rejecting an asylum seeker's account that scarring on his body had been caused by torture administered by the Sri Lankan authorities and in inferring that it was self-inflicted.
0,Asylum Definition And Assessment,625_chunk001,567,0.61260194,32,No appeal is possible against these judgments. Background: Both aliens initially applied for asylum in Hungary. They then applied for...
0,Asylum Definition And Assessment,573_chunk001,360,0.61085594,33,"By judgment of 7 August 2017, the court dismissed the appeal lodged by the alien, in so far as it was directed against the rejection of the asylum application, as inadmissible, and dismissed his..."
0,Asylum Definition And Assessment,54_chunk001,500,0.6101923,34,"Pending the determination of an application for refugee status, applicants are required to live in State provided accommodation known as direct provision, and provided in..."
0,Asylum Definition And Assessment,173_chunk000,540,0.60995996,35,"A Sri Lankan national's appeal against the refusal of his asylum claim based on his membership of proscribed groups and participation in political demonstrations was allowed. The First-tier Tribunal and Upper Tribunal had not been referred to 2014 Home Office policy guidance entitled ""Tamil Separatism"" which was material to the decision and might realistically have affected the outcome...."
0,Asylum Definition And Assessment,1648_chunk001,152,0.6098509,36,"On 17 November 2011, the Federal Asylum Office rejected again the application, after having found also that the applicant was from Nigeria and ordered the return...."
0,Asylum Definition And Assessment,1648_chunk000,151,0.60979956,37,"The applicant applied for international protection on 13 January 2010, claiming to be a minor from Zimbabwe and by decision of 29 September 2010 the Federal Office for Asylum rejected the application as unfounded. Upon appeal, the Court of Asylum referred the matter back to the Federal Asylum Office for a new hearing and assessment."
0,Asylum Definition And Assessment,22_chunk000,432,0.6088871,38,"The Finnish Immigration Service had rejected asylum seeker A's application for asylum and residence permit and decided to return him to his country of origin, Iraq. On 29 June 2017 A. requested permission to appeal the decision of the Administrative Court and to be granted international protection."
0,Asylum Definition And Assessment,209_chunk000,502,0.60868067,39,"In this case, the applicant applied for asylum in his city of residence, Ceuta, and his application was admitted. At that point the Spanish authorities issued him the corresponding identity document valid for the entire national territory and until the resolution of his asylum application."
0,Asylum Definition And Assessment,650_chunk000,295,0.6078563,40,The case concerns the suspension of the implementation of a decision on refusal of international protection.
0,Asylum Definition And Assessment,3409_chunk000,108,0.6076071,41,"The applicant contested a Dublin transfer to Lithuania, which was determined by the Federal Office for Migration and Refugees (BAMF) as the state responsible for the examination of the application based on Article 18(1)(b) of the Dublin III Regulation, as the applicant, according to documents submitted, applied for asylum in Lithuania."
0,Asylum Definition And Assessment,3276_chunk001,77,0.60653615,42,The court noted that Romania was already unprepared to accommodate asylum applicants before the Ukrainian crisis and that with the high influx of persons...
0,Asylum Definition And Assessment,577_chunk000,314,0.6058687,43,"This case concerns the validity of asylum application in accordance with § 29 para. 1 no. 5 i. V. m. Section 71a (1) Asylum Act, in accordance with Section 31 (3) Sentence 1 AsylG. It also refers to the examination of a prohibition on removal according to § 60 Abs. 5 AufenthG i. V. m."
0,Asylum Definition And Assessment,589_chunk000,293,0.6057378,44,"I – Notification to the applicant for international protection, to account for the content of his statement, does not comply with the formalities required by Article 17 (1 and 2) of the Asylum law under which a written report, containing all the essential information regarding the case and to which the applicant can respond, must be drawn up."
0,Asylum Definition And Assessment,4705_chunk000,446,0.6026516,45,"Judgment concerning the freedom of movement of asylum seekers in Ceuta and Melilla, although his application for international protection was admitted for examination.

..."
0,Asylum Definition And Assessment,923_chunk000,264,0.6026495,46,An applicant must submit a request for protection with which he asserts target-country-related dangers that are objectively suitable in their nature for recognition as a person entitled to asylum or an award for international protection (material asylum request within the meaning of Section 13 (1) Asylum Act) refer the asylum procedure to the Federal Office.
0,Asylum Definition And Assessment,2509_chunk000,136,0.60118616,47,"The applicant, Guinean national, contested the inadmissibility decision adopted based on Paragraph 29(1)(1)(a) of the AsylG, because he entered Germany and applied for international protection on 11 April 2018 but he had previously applied in Spain (Eurodac hit report). The BAMF also found no prohibition to deportation and issued a 6 months entry ban."
0,Asylum Definition And Assessment,51_chunk000,450,0.60075283,48,"Subsequent application for international protection lodged by the applicant (national of Cameroon) in 2014 was declared inadmissible and asylum proceedings was terminated by the decision of the administrative authority, which came to the conclusion that the applicant had not presented any new elements or findings which she would be incapable to present in the previous procedure initiated by her fi"
0,Asylum Definition And Assessment,127_chunk000,516,0.60063374,49,The Administrative Court of Nice has ordered the Prefecture of Alpes-Maritimes to register asylum applications of persons entering via Italy....
0,Asylum Definition And Assessment,69_chunk000,430,0.6004144,50,"If it is not clear whether an asylum applicant has already been granted international protection in another European Union member state (here: Italy), the administrative courts must find out whether this is the case if the admissibility of a new application for protection depends on it."
0,Asylum Definition And Assessment,117_chunk000,400,0.60034513,51,Syrian refugee family resettled from Lebanon were granted subsidiary protection. This decision was appealed before the National High Court.
0,Asylum Definition And Assessment,3406_chunk001,79,0.6002212,52,"The Federal Office for Migration and Refugees (BAMF) confirmed a Eurodac hit with regard to Croatia, where the applicants also applied for asylum.

The applicants argued that in Croatia they were receiving..."
0,Asylum Definition And Assessment,3315_chunk000,106,0.5998582,53,"The case concerned a request for urgent interim measures submitted by an Afghan national against a Dublin transfer to Austria. The Dublin transfer was accepted by Austria, but it has been annulled in court by decision of 20 January 2021, when the judicial authority decided that Italy had the competence to process the asylum application."
0,Asylum Definition And Assessment,957_chunk001,172,0.5993595,54,"The appellant claimed her stalker enjoyed political influence and/or protection in Albania so her complaints to the police were not effective, and therefore she fled Albania and claimed asylum in Ireland."
0,Asylum Definition And Assessment,955_chunk001,177,0.5993059,55,In September 2018 the application was refused by the Minister for Justice on the basis that it had not been submitted within 12 months of the grant of refugee status as required by section 56(8) of the International Protection Act 2015. The applicant then...
0,Asylum Definition And Assessment,3137_chunk001,101,0.5990303,56,"He requested an interpreter, but the form was left blank on the part of lawyer assistance.

The application for asylum was rejected as..."
0,Asylum Definition And Assessment,174_chunk000,545,0.5986626,57,Neither the First-tier Tribunal nor the Upper Tribunal had erred in refusing asylum to a 17-year-old Afghan. There was no evidence that he was at risk of physical retaliation by virtue of being the son of a policeman abducted by the Taliban in 2010. The tribunals had not considered his fear of persecution to be well-founded.
0,Asylum Definition And Assessment,2507_chunk000,132,0.5986577,58,"The case concerned an Afghan applicant who contested an inadmissible decision based on Paragraph 29(1)(1)(a) of the AsylG because he had previously applied for asylum in Denmark. The Danish authorities agreed to a readmission on 9 November 2017, and the BAMF ordered the transfer and found no prohibition for the deportation."
0,Asylum Definition And Assessment,5761_chunk001,11,0.5983616,59,"On 7 November 2023, the State Secretariat for Migration (SEM) rejected their asylum application and ordered their transfer to Romania. By separate decision, also dated 7 November 2023, the SEM rejected the..."
0,Asylum Definition And Assessment,4709_chunk000,30,0.5971143,60,"A Syrian national requested international protection in Germany, alleging a well-founded fear of persecution in his country of origin due to the ongoing civil war and a risk of forced conscription."
0,Asylum Definition And Assessment,64_chunk000,515,0.5965164,61,"(Abstract provided by UNHCR) The FAC rejected the application of a family to be recognized as stateless. Despite the fact that Swiss authorities had unsuccessfully tried to return the applicants for the past 17 years, the Court found that the applicants had not done everything possible to obtain travel documents from their countries of origin...."
0,Asylum Definition And Assessment,4184_chunk001,53,0.59650385,62,"The State Secretary for Justice and Security postponed the decision on her entry to the Netherlands and by decision of 29 March 2023, the State Secretary imposed a custodial measure for the duration of the processing of her asylum application in the border procedure (Article 6, third paragraph, of the Aliens Act 2000). The applicant..."
0,Asylum Definition And Assessment,547_chunk000,372,0.5963254,63,"In response to a legal remedy filed against the Federal Office for Immigration and Asylum, the Supreme Administrative Court ruled that, in accordance with Art 13 para 1 of the Dublin III Regulation (604/2013), the Member State whose border an individual applying for international protection had crossed irregularly is responsible for examining that application (ruling in case Ra 2017/19/0169-9 of 5"
0,Asylum Definition And Assessment,2505_chunk000,141,0.59625274,64,"The applicant, national of Mali, applied for international protection in Germany but based on EURODAC findings his application was rejected as inadmissible as Italy was responsible to process his application."
0,Asylum Definition And Assessment,3968_chunk000,74,0.5962138,65,The case concerned an applicant from Pakistan who applied unsuccessfully for asylum in 2012 and return was ordered. He applied for reconsideration which was assessed as subsequent application which was rejected and again an expulsion order was adopted. An appeal was again rejected.
0,Asylum Definition And Assessment,3272_chunk000,116,0.59578586,66,The Bavarian Higher Administrative Court decided on a case regarding the criminal liability of religious orders when providing support for an unauthorised stay by granting church asylum to individuals under the Dublin procedure.
0,Asylum Definition And Assessment,656_chunk000,505,0.5955145,67,The case concerns an appeal against the decision of the Court of The Hague of 5 October 2016 in case no. 16/20135. The Administrative Jurisdiction Division of the Council of State clarified that the Immigration and Naturalisation Service (IND ) is required to assess in an individual manner whether the criteria for protection still exist.
0,Asylum Definition And Assessment,168_chunk000,575,0.5950588,68,"The Court confirmed that based on information from the UNHCR, the US Department of State and the Foreign Office, the Administrative Court has stated that the findings of the Bihari situation in Bangladesh do not provide any evidence for group persecution."
0,Asylum Definition And Assessment,119_chunk000,396,0.59488535,69,The case concerns the request to extend international protection to the parents of the applicant (Syrian father and a Palestinian mother) who was granted refugee status in Spain. Spanish authorities rejected the case as they considered that the dependency criteria requested by the Asylum Law in cases of family reunification of ascendants was not accredit in this case.
0,Asylum Definition And Assessment,35_chunk000,484,0.594873,70,"! With regard to reception, UK implements Council Directive 2003/9/EC. This case concerns a challenge to a decision by the Secretary of State for the Home Department (""the Respondent"") as to the weekly rate of asylum support paid for child dependants of asylum seekers."
0,Asylum Definition And Assessment,55_chunk001,539,0.5944742,71,As part of her asylum claim the applicant submitted a refugee card and a letter from AREF to corroborate her account. The...
0,Asylum Definition And Assessment,88_chunk000,438,0.5929809,72,"The Court of Appeal confirmed that the First-tier Tribunal had been entitled to refuse an asylum seeker's appeal against the refusal of her claims for asylum and humanitarian protection. She had failed to establish a well-founded fear of persecution if returned to Iran on the basis of her political activities, conversion to Christianity, and the risk of domestic violence from her husband..."
0,Asylum Definition And Assessment,641_chunk000,380,0.5914015,73,"This case relates to the transfer to Italy under Dublin procedure of an asylum seeker with medical condition. For further information on the case, please refer to the original document indicated below.

..."
0,Asylum Definition And Assessment,54_chunk000,499,0.5909373,74,"Section 9 of the Refugee Act 1996 provided that a person seeking asylum is entitled to enter the State and remain while the application for refugee status is processed. Section 9(4) also provided however, that an applicant shall not seek or enter employment before final determination of his or her application for a declaration."
0,Asylum Definition And Assessment,176_chunk001,529,0.59053665,75,The suggestion that the Article 17 discretion falls to be exercised only where the family reunification criteria in Article 8 are not satisfied is misconceived. ...
0,Asylum Definition And Assessment,914_chunk001,223,0.5905038,76,The Migration Court of Appeal assessed whether the applicant had acted under duress and held that this was not the case as the applicant had benefitted from three permits and always came back to the place of employment. The applicant chose to flee...
0,Asylum Definition And Assessment,643_chunk001,389,0.59043384,77,"Article L.723-16 of the CESEDA makes the admissibility of a request for reconsideration of an asylum application subject, on the one hand, to the presentation of new facts which have occurred or revealed after the rejection of the previous application or new evidence and, secondly, the finding that their probative value is capable of modifying the..."
0,Asylum Definition And Assessment,978_chunk001,208,0.5891773,78,The Court of Cassation is of the opinion that in the plaintiff's case defining conceptual elements of a social group were not accomplished as stipulated in the provision of Art. 19a par. 4 (c) of the Act on Asylum. Performance of a work activity by a plaintiff or his education and qualifications do not...
0,Asylum Definition And Assessment,34_chunk000,462,0.58887506,79,"On 14 September 2015, Mr Tsegezab Mengesteab, an Eritrean national, requested asylum in Munich (Germany) with the Government of Upper Bavaria, which issued to him, on the same day, a certificate of registration as an asylum seeker. On 22 July 2016, Mr Mengesteab was heard by the Bundesamt and was able to lodge an official application for asylum."
0,Asylum Definition And Assessment,50_chunk001,405,0.5884634,80,"The Municipal Court found out that the applicant during his detention lodged the application for international protection, he was re-detained under the provisions of the Act on Asylum implementing Art. 8(3)(d) of the Recast Reception Directive and for this reason his original..."
0,Asylum Definition And Assessment,3268_chunk000,80,0.58798885,81,"The applicant, an Iraqi national, requested international protection in Austria. On 14 May 2022, the Federal Office for Immigration and Asylum (Bundesamt für Fremdenwesen und Asyl‚ BFA) dismissed the request as inadmissible, considering that Lithuania was the responsible Member State to examine the application in accordance with Article 18(1)(b) of the Dublin III Regulation."
0,Asylum Definition And Assessment,1564_chunk001,204,0.58766747,82,"By decision of 28 February 2017, the Swedish Migration Agency rejected his application, considering that although HA may have received assistance from UNRWA, he did not prove the risk invoked upon return and he does not fulfil the requirements for international protection. However, he..."
0,Asylum Definition And Assessment,649_chunk000,318,0.5873859,83,"If an affiliate with a time-limited residence permit and status as an alternative person in need of protection can be considered to have well-founded prospects of being granted a permanent residence permit, it can be judged on the basis of how likely it is that the need for protection remains when the current permit expires."
0,Asylum Definition And Assessment,3240_chunk001,99,0.58720016,84,"- the State Secretariat for Migration (SEM) and the Federal Administrative Court (TAF), in both first and second instance procedures, have based their decisions to reject the application for international protection on claims that the applicant's testimony lacked credibility and that the authenticity of the documents he presented was..."
0,Asylum Definition And Assessment,3230_chunk000,96,0.5858892,85,"The applicant, an Afghan national, was denied subsidiary protection on exclusion grounds, namely that there were serious reasons for considering that he had committed a serious crime. The decision was upheld by the National Court of Asylum (CNDA), and the applicant subsequently appealed to the Council of State."
0,Asylum Definition And Assessment,634_chunk001,300,0.58460677,86,"The Ministry of Labour, Migration and Social Security had withdrawn access to the reception system for the applicant on the ground that he had renounced the right to reception by leaving the country. The applicant, who was living in a shelter for homeless..."
0,Asylum Definition And Assessment,954_chunk000,286,0.584262,87,The applicants were an Albanian mother and her two daughters whose applications for asylum were refused by the Refugee Applications Commissioner.
0,Asylum Definition And Assessment,960_chunk000,228,0.5840416,88,"The appellants were Albanian nationals who previously lived in Kosovo (*). They arrived in Ireland on 12 December 2014 and two days later they made an application for asylum. They did not disclose a full account of the circumstances of their arrival in Ireland, in particular that they had previously been issued with a visa for the United Kingdom."
0,Asylum Definition And Assessment,576_chunk000,355,0.5839981,89,"The First Instance Administrative Court took a decision related to the no existence of sanctions if the maximum period of 21 months for the procedure of examination of an application for international protection is surpassed. In this case, an applicant for international protection whose application had been rejected appealed the decision of refusal."
0,Asylum Definition And Assessment,958_chunk000,165,0.58367586,90,"The appellants were Afghan nationals who arrived in Ireland in 2008. They lived in direct provision and had four children, three of whom were born in Ireland. The entire family applied for asylum in 2013. In December 2014, the Refugee Appeals Tribunal issued a decision declaring their youngest son to be a refugee and this was communicated to the family by letter dated 8 January 2015."
0,Asylum Definition And Assessment,937_chunk000,163,0.58364964,91,"By decision of 26 July 2019, the State Secretary for Justice and Security established a so-called decision and departure moratorium for asylum seekers from Libya (Government Gazette 26 July 2019, no. 40679). This ruling is about a decision to establish a decision moratorium for Libya."
0,Asylum Definition And Assessment,197_chunk000,482,0.5835223,92,"The applicants, a woman and her three children, were nationals of Pakistan who applied for asylum in the State. They had lived in the UK with the first applicant's husband whom the first named applicant claimed had been violently abusive towards her and the children."
0,Asylum Definition And Assessment,200_chunk000,428,0.5835223,93,"The applicants, a woman and her three children, were nationals of Pakistan who applied for asylum in the State. They had lived in the UK with the first applicant's husband whom the first named applicant claimed had been violently abusive towards her and the children."
0,Asylum Definition And Assessment,170_chunk001,435,0.5831002,94,"The Court ruled that with the rules on distribution and allocation (§§ 50, 51 AsylG), the law takes into account the regularly particularly important public interest , the burden associated with the reception of asylum seekers in terms of accommodation, food and supervision, evenly on the Federal states and municipalities (see § 45 AsylG). In that regard, an asylum seeker - such as the..."
0,Asylum Definition And Assessment,3168_chunk000,82,0.58288735,95,"The applicants, a Kazakh woman and her two children, born in 2009 and 2011, applied for international protection in Austria in 2012. Their applications were rejected and their deportation to Kazakhstan was ordered by the Federal Office for Foreign Affairs and Asylum, who, in weighting public and private interests, considered that the mother's integration in Austria was insufficient."
0,Asylum Definition And Assessment,4167_chunk000,64,0.5827688,96,"An applicant of Syrian nationality and Sunni Islamic religion requested international protection on 24 November 2021 in Austria. The Federal Office for Immigration and Asylum (BFA) did not grant him refugee status but subsidiary protection, a decision which he appealed to the Federal Administrative Court."
0,Asylum Definition And Assessment,256_chunk000,579,0.58260924,97,"According to the EDAL, the Council for Alien Law Litigation confirmed that those who enjoy subsidiary protection are equivalent to recognised refugees, for the purposes of family reunification and are exempted from additional conditions in relation to housing, health insurance, and means of subsistence provided that the application for family reunification is submitted within one year and the fami"
0,Asylum Definition And Assessment,200_chunk001,429,0.58249885,98,During the course of the Refugee Application Commissioner's examination of the applicants' file under Dublin III the applicants requested that the Commissioner exercise discretion under art.17 of the Regulation to...
0,Asylum Definition And Assessment,197_chunk001,483,0.58249885,99,During the course of the Refugee Application Commissioner's examination of the applicants' file under Dublin III the applicants requested that the Commissioner exercise discretion under art.17 of the Regulation to...
1,Credibility Assessment Definition,61_chunk001,559,0.5006737,0,...
1,Credibility Assessment Definition,996_chunk001,191,0.5006737,1,...
1,Credibility Assessment Definition,989_chunk001,271,0.46888632,2,"The Council of State upheld the CNDA's decision and rejected OFPRA's appeal on the grounds that the Court's sovereign assessment on the applicant's inadequate understanding and mastery of the English language could not be denatured. In this case, the Office's inadmissibility decision on the grounds of late submission was..."
1,Credibility Assessment Definition,57_chunk001,411,0.46149075,3,The Refugee Appeals Tribunal made adverse credibility findings based on matters that had not been put to the applicant and concluded that cumulatively the applicant had not proved that she was a refugee. The applicant challenged the decision by way of judicial review. The High Court...
1,Credibility Assessment Definition,175_chunk000,470,0.45355248,4,The Upper Tribunal Ruled that: i) There is no general duty of inquiry upon the examiner to authenticate documents produced in support of a protection claim. There may be exceptional situations when a document can be authenticated by a simple process of inquiry which will conclusively resolve the authenticity and reliability of a document.
1,Credibility Assessment Definition,45_chunk001,443,0.4533655,5,The administrative authority concluded that no new elements or findings have arisen or have been presented by the applicant. As regards the situation in the country of origin (Ukraine) the...
1,Credibility Assessment Definition,582_chunk000,291,0.45094663,6,The High Court refused an application for judicial review by the applicant of a decision refusing him subsidiary protection. The national decision maker did not find the applicant's assertions that he was “not mentally ok” to be credible.
1,Credibility Assessment Definition,201_chunk001,423,0.44444215,7,"It was submitted on behalf of the applicant that a family could be a social group, and that the Tribunal had failed to assess whether..."
1,Credibility Assessment Definition,5442_chunk001,1,0.44211888,8,The Constitutional Court considered that the Federal Administrative Court duly assessed both the security and supply...
1,Credibility Assessment Definition,505_chunk000,322,0.43595698,9,Judgment 1.
1,Credibility Assessment Definition,654_chunk001,352,0.434579,10,"The examination concluded that the applicant was 18 years old, with a standard deviation of 6 months, meaning that..."
1,Credibility Assessment Definition,972_chunk001,193,0.4267544,11,"Inter alia, the applicant challenged the incorrect legal assessment of the genuineness of his conversion, while mainly reprehending the non-application of the ‘benefit of doubt' principle, insufficient verification of his faith resulting from the fact that only one interview was carried out, during which the defendant failed to focus to a sufficient..."
1,Credibility Assessment Definition,3240_chunk001,99,0.42586356,12,"- the State Secretariat for Migration (SEM) and the Federal Administrative Court (TAF), in both first and second instance procedures, have based their decisions to reject the application for international protection on claims that the applicant's testimony lacked credibility and that the authenticity of the documents he presented was..."
1,Credibility Assessment Definition,584_chunk001,298,0.42580697,13,The Court held that there is no obligation on the decision makers to contact bodies within the countries of origin to verify individual...
1,Credibility Assessment Definition,366_chunk000,312,0.42550933,14,"In this case the applicant (Nigeria) arrived to Ireland in October 2016. He claimed to be bisexual and that he was the subject of an attempt to force him to join a cult in Nigeria. On May 2017, the International Protection Office informed him the refusal of his application for protection on the ground of lack of credibility. He appealed the decision."
1,Credibility Assessment Definition,3964_chunk001,55,0.4178648,15,During the interview it was noted that the interpreter had to explain the questions multiple times and that even the interpreter admitted that his interpretation was not always accurate. Although the...
1,Credibility Assessment Definition,3231_chunk000,126,0.4156594,16,"In January 2022, the Cassation Court of France ruled that a bone examination was insufficient to confirm the applicant's majority. The court specified that, for such examinations to be considered conclusive, they should be corroborated by civil status records and social assessments."
1,Credibility Assessment Definition,146_chunk000,419,0.41205648,17,The case concerns the issuance of Convention Travel Documents.
1,Credibility Assessment Definition,151_chunk001,403,0.41066086,18,"None of them possessed documentary evidence supporting their claimed ages and were referred for medical age assessments consisting of an X-ray of the left hand and wrist and a dental X-ray (Liversidge and Haavikko methods).

Following the assessments, in..."
1,Credibility Assessment Definition,978_chunk001,208,0.4083392,19,The Court of Cassation is of the opinion that in the plaintiff's case defining conceptual elements of a social group were not accomplished as stipulated in the provision of Art. 19a par. 4 (c) of the Act on Asylum. Performance of a work activity by a plaintiff or his education and qualifications do not...
1,Credibility Assessment Definition,43_chunk001,548,0.40766382,20,The administrative authority then concluded that the applicant “constitutes a danger to...
1,Credibility Assessment Definition,643_chunk000,388,0.40575266,21,As per the published press release: The Council of State validates the criteria to be met by a new asylum application to be admissible.
1,Credibility Assessment Definition,4233_chunk001,43,0.40213555,22,The applicant complained of the legality of the administrative detention and of the procedural issues related to this...
1,Credibility Assessment Definition,656_chunk000,505,0.4018976,23,The case concerns an appeal against the decision of the Court of The Hague of 5 October 2016 in case no. 16/20135. The Administrative Jurisdiction Division of the Council of State clarified that the Immigration and Naturalisation Service (IND ) is required to assess in an individual manner whether the criteria for protection still exist.
1,Credibility Assessment Definition,171_chunk000,534,0.4010362,24,The Upper Tribunal had been justified in rejecting an asylum seeker's account that scarring on his body had been caused by torture administered by the Sri Lankan authorities and in inferring that it was self-inflicted.
1,Credibility Assessment Definition,148_chunk000,523,0.4004406,25,The case concerns “sur place” asylum claims.
1,Credibility Assessment Definition,2511_chunk000,140,0.39871442,26,"The Federal Administrative Court allowed an appeal on points of law in order to clarify the  requirements for the assessment of a 'strong presumption' (European Union, Court of Justice of the European Union [CJEU], EZ v Bundesrepublik Deutschland (Federal Republic of Germany), C-238/19, ECLI:EU:C:2020:945, 19 November 2020 - paragraph 57) for a link between the refusal of military service..."
1,Credibility Assessment Definition,510_chunk000,385,0.39797646,27,"The Court of Sessions found there was no unlawful discrimination arising from a reduction in the amount of asylum support payable to asylum seekers with one or more dependent children, following a government review. ..."
1,Credibility Assessment Definition,366_chunk001,313,0.39656278,28,Relief sought The relief sought in the proceedings is certiorari of the decision of the tribunal. The grounds of challenge essentially fell...
1,Credibility Assessment Definition,4729_chunk001,25,0.39604372,29,"By decision of 23 December 2021, his request was rejected as unfounded on the ground that his statements lacked credibility and was ordered to leave the territory within 30 days. He appealed the decision, and the appeal was dismissed..."
1,Credibility Assessment Definition,643_chunk001,389,0.3959025,30,"Article L.723-16 of the CESEDA makes the admissibility of a request for reconsideration of an asylum application subject, on the one hand, to the presentation of new facts which have occurred or revealed after the rejection of the previous application or new evidence and, secondly, the finding that their probative value is capable of modifying the..."
1,Credibility Assessment Definition,4231_chunk000,34,0.39557403,31,"The case concerned the question whether the State Secretary had correctly established the date from which the applicant benefits of asylum, how to establish the date of application."
1,Credibility Assessment Definition,183_chunk001,578,0.39291367,32,"In all five judgments, the European Court found that the applicants did not have at their disposal an effective and speedy..."
1,Credibility Assessment Definition,976_chunk001,183,0.39151353,33,The Court of Cassation due to the low-profile status of the plaintiff as one of the many construction workers involved in the construction of flood protection structures without a sufficient level of individualizing elements concerning the plaintiff and with respect to the story provided by him did not find the conclusion...
1,Credibility Assessment Definition,650_chunk000,295,0.38795698,34,The case concerns the suspension of the implementation of a decision on refusal of international protection.
1,Credibility Assessment Definition,168_chunk000,575,0.38777992,35,"The Court confirmed that based on information from the UNHCR, the US Department of State and the Foreign Office, the Administrative Court has stated that the findings of the Bihari situation in Bangladesh do not provide any evidence for group persecution."
1,Credibility Assessment Definition,582_chunk001,292,0.38536698,36,"The applicant submitted that in dismissing his explanation of suffering a mental disability, the Tribunal acted in breach of the national protection legislation, the EU Charter of Fundamental Freedoms and the European Convention on Human..."
1,Credibility Assessment Definition,995_chunk001,239,0.38478178,37,"Persons from the West Bank can claim to have legitimate fears with regard to Israel, which is not a third State vis-a-vis the West Bank. In this case, the CNDA had rejected the appeal of an applicant from the West Bank after having ruled that he came exclusively under the jurisdiction of the Palestinian Authority. Yet the Council of State..."
1,Credibility Assessment Definition,141_chunk001,512,0.38454258,38,"Second, the High Court concurred with the SSHD that confidentiality is a vital element for the working of the asylum system and the fulfilment of obligations under the Refugee Convention, the EU Qualification Directive and the European Convention on Human Rights (ECHR). The disclosure of information revealed during the asylum..."
1,Credibility Assessment Definition,37_chunk000,541,0.384323,39,"This request for a preliminary ruling concerns the interpretation of Articles 3(2) and 17(1) of the Dublin III Regulation, Article 267 TFEU and Article 4 of the EU Charter of Fundamental Rights."
1,Credibility Assessment Definition,4037_chunk001,49,0.3817427,40,"The application was rejected based on a written opinion of the State Agency for National Security (SANS), which concluded that the applicant constitutes a threat to national security and should not be granted protection in Bulgaria. The Administrative Court of Sofia city validated the negative decision, and the applicant..."
1,Credibility Assessment Definition,3250_chunk001,89,0.37985247,41,"Thus, the repealed provision, which states that the absence of proof of possession of the means to support oneself constitutes a threat to public order or safety and is a factor to be taken into account when assessing the duration of an entry ban of up..."
1,Credibility Assessment Definition,4167_chunk001,65,0.37974235,42,"The Court dismissed the appeal without an oral hearing considering that, although the applicant was still of military service age, there was no greater risk of..."
1,Credibility Assessment Definition,585_chunk001,364,0.37956738,43,"15(c) of the qualification directive, an internal armed conflict involves a conflict between the state and an armed group, or between two or more armed groups confronting each other. With regards to the UNHCR “Guidelines on International Protection No. 12:..."
1,Credibility Assessment Definition,175_chunk001,471,0.37906605,44,"(ii) There is a general duty of confidentiality during the process of examining a protection claim, including appellate and judicial review proceedings. If..."
1,Credibility Assessment Definition,927_chunk000,246,0.37845516,45,"In the Senate's conviction, a comprehensive assessment of the current state of knowledge now lacks sufficient evidence to suggest that Syrian retired military-age returnees (conscripts, reservists) who have evaded from military service due to flight abroad are likely to be linked to ( alleged) oppositional or anti-regime sentiments of Syrian security forces to fear persecution (change in the Senat"
1,Credibility Assessment Definition,24_chunk001,522,0.3781283,46,A has requested permission from her own and her minor children to appeal the administrative...
1,Credibility Assessment Definition,964_chunk001,221,0.37705892,47,"The line of reasoning of the defendant who claims that the plaintiff had a legal representative present during the hearing who, unlike the plaintiff, is well versed in the law, could not hold, since the examination of the asylum seeker in the court proceedings represents one of the most important..."
1,Credibility Assessment Definition,3270_chunk001,103,0.3758372,48,The Council of State held that the appeal against a refusal to examine the request for international protection in the regular procedure is admissible only if the person concerned is able to establish that the transfer period has expired and the transfer can no...
1,Credibility Assessment Definition,938_chunk001,200,0.37481305,49,"The foreign national argues that the objectivity of decision-making is at stake and that the state secretary has acted in violation of the so-called four-eyes principle.

According to the..."
1,Credibility Assessment Definition,1086_chunk001,235,0.37414724,50,"Specifically, the assessment consisted of an initial observation by two officers from the Aliens Police, Identification and Human Trafficking Department (AVIM) on 22 January 2018, recorded in an official report, and a subsequent..."
1,Credibility Assessment Definition,196_chunk001,473,0.37413275,51,"Based on Chapter III of the Dublin III Regulation, the Office of the Refugee Applications Commissioner determined that the United Kingdom was responsible to assess applicant's applications. At this point, the..."
1,Credibility Assessment Definition,993_chunk001,253,0.37139034,52,"The Council of State reaffirmed its jurisprudence concerning application of Article L. 733-5 of the CESEDA (CE, 22 June 2017, N° 400366) in which the CNDA may refer cases back to OFPRA if the applicants had not been able to make themselves understood during their interview with the Office and if the Office was responsible for this lack of..."
1,Credibility Assessment Definition,636_chunk001,375,0.37097996,53,A different interpretation may also lead to a situation which constitutes a violation of Article 1 of the...
1,Credibility Assessment Definition,88_chunk000,438,0.37091833,54,"The Court of Appeal confirmed that the First-tier Tribunal had been entitled to refuse an asylum seeker's appeal against the refusal of her claims for asylum and humanitarian protection. She had failed to establish a well-founded fear of persecution if returned to Iran on the basis of her political activities, conversion to Christianity, and the risk of domestic violence from her husband..."
1,Credibility Assessment Definition,951_chunk000,188,0.37022704,55,The case concerns the risk situation in case of return to the country of origin as well as fear of persecution by the Taliban forces.
1,Credibility Assessment Definition,988_chunk001,269,0.36942405,56,"In this case, the CNDA had annulled the Office's decision to end protection on the basis of Article L. 711-6 (1) of the CESEDA, holding that the Note Blanche from the intelligence services tendered in the course of adversarial proceedings was insufficiently specific (jihadist profile). The Council of State annulled the Court's decision on..."
1,Credibility Assessment Definition,86_chunk000,532,0.3693215,57,"According the Court's Press Release, Article 1 of Regulation (EC) No 810/2009 of the European Parliament and of the Council of 13 July 2009 establishing a Community Code on Visas (Visa Code), as amended by Regulation (EU) No 610/2013 of the European Parliament and of the Council of 26 June 2013, must be interpreted as meaning that an application for a visa with limited territorial validity made on"
1,Credibility Assessment Definition,3276_chunk001,77,0.36897004,58,The court noted that Romania was already unprepared to accommodate asylum applicants before the Ukrainian crisis and that with the high influx of persons...
1,Credibility Assessment Definition,3272_chunk000,116,0.36855853,59,The Bavarian Higher Administrative Court decided on a case regarding the criminal liability of religious orders when providing support for an unauthorised stay by granting church asylum to individuals under the Dublin procedure.
1,Credibility Assessment Definition,3286_chunk001,123,0.36709884,60,"The Supreme Court confirmed that the application for international protection implies the suspension of the removal procedure for irregular stay that could affect the applicant, until the Administration issues an initial decision..."
1,Credibility Assessment Definition,992_chunk001,259,0.36663795,61,"The Council of State rejected OFPRA's appeal in a case concerning an Iraqi national, who was involved with the Peshmerga, that the Court had recognised as a refugee on the grounds of his fears of persecution from the Islamic State organisation on account of his political opinions. In its appeal, the Office reproached the..."
1,Credibility Assessment Definition,984_chunk001,290,0.364576,62,"The Council ruled that, indeed, the burden of the proof on whether an applicant has been granted an international protection in another MS or not lies on the CGRS, nonetheless, this proof being made, it is up to the applicant to provide evidence when he challenges the actuality or the effectiveness of his protection.Also, the question whether the applicant may be readmit by..."
1,Credibility Assessment Definition,583_chunk000,340,0.3643651,63,Two related cases involved applicants applying for asylum on the basis of claiming persecution because of their sexual orientation. The applicants submited that the correct standard of proof required should be a reasonable degree of likelihood.
1,Credibility Assessment Definition,173_chunk000,540,0.3639724,64,"A Sri Lankan national's appeal against the refusal of his asylum claim based on his membership of proscribed groups and participation in political demonstrations was allowed. The First-tier Tribunal and Upper Tribunal had not been referred to 2014 Home Office policy guidance entitled ""Tamil Separatism"" which was material to the decision and might realistically have affected the outcome...."
1,Credibility Assessment Definition,4036_chunk001,39,0.3629462,65,The Supreme Administrative Corut had to determine whether the administrative court could have assessed the application of the exclusion clause in the case without holding an oral...
1,Credibility Assessment Definition,178_chunk000,460,0.3615548,66,"The Court gave guidance on the general approach to be adopted in law and practice by the First-tier Tribunal and Upper Tribunal where claims for asylum were made by children, young people, and other incapacitated or vulnerable persons whose ability to participate effectively in proceedings might be limited."
1,Credibility Assessment Definition,125_chunk000,414,0.36150464,67,"The Supreme Administrative Court finds that the mere fact that the appellant is told to be in regular contact with the families, not in itself be regarded as evidence that he was required by the return of the Directive any degree of certainty would be returned to any family member or designated guardian, or that for him would be adequate reception at home at home .

..."
1,Credibility Assessment Definition,176_chunk001,529,0.36142743,68,The suggestion that the Article 17 discretion falls to be exercised only where the family reunification criteria in Article 8 are not satisfied is misconceived. ...
1,Credibility Assessment Definition,137_chunk000,570,0.36065567,69,"In a case of a Somali applicant related to family reunification, the Supreme Court held that the trial judge was incorrect in forming the view that the potential financial consequences for the State of allowing a discretionary family reunification application cannot be taken into account in the overall assessment as to how the Minister's discretion under the 1996 Act should be exercised."
1,Credibility Assessment Definition,4960_chunk001,33,0.36059135,70,"In a letter provided to the Migration Department of the Ministry of the Interior on 30 October 2023, the State Security Department of Lithuania established that the applicant was a member of a radical Islamist organisation whose ideology was contrary to the country's democratic principles and..."
1,Credibility Assessment Definition,5443_chunk001,3,0.36043817,71,"It noted also that the lower court duly considered the admissibility of the removal on basis of current country of origin reports on Syria, by assessing both the security and supply situation in Syria as well as the..."
1,Credibility Assessment Definition,3957_chunk001,67,0.35954544,72,"The ministry collected ten documents with COI, which were not commented on by the applicant. By decision of 3 January..."
1,Credibility Assessment Definition,68_chunk001,510,0.35952127,73,The Court found that the separation of the children from their parents constituted a violation of the right to family life (art 8 ECHR) and that the...
1,Credibility Assessment Definition,1573_chunk001,146,0.35924095,74,The Chamber for Contentious Administrative Proceedings of the Audiencia Nacional (Fourth Chamber)...
1,Credibility Assessment Definition,3231_chunk001,127,0.3592202,75,"Finally, it stated that if bone examinations contravene such records and assessments, creating a doubt concerning the applicant's minority, then the applicant should be given the..."
1,Credibility Assessment Definition,4998_chunk001,17,0.3590141,76,The Ministry for Home Affairs...
1,Credibility Assessment Definition,633_chunk001,358,0.3585394,77,According to the judgment these kind of grounds for application do not mean that the application could not be subject to...
1,Credibility Assessment Definition,3207_chunk001,87,0.35851997,78,"The determining authority considered that there is no risk for the applicant as his father died in 2017, he was a former professional soldier, and his mother..."
1,Credibility Assessment Definition,1088_chunk001,339,0.35793662,79,The Council of State held that if the applicants would be refused travel vouchers such a situation is likely to amount to a serious and manifestly unlawful interference with their right to enjoy a procedure for examining...
1,Credibility Assessment Definition,112_chunk000,444,0.3563309,80,According the Court's Information Note :
1,Credibility Assessment Definition,991_chunk001,263,0.35429236,81,"The Council of State rejected the applicant's appeal (for which the Office entered an appearance in defence), thus confirming the denial of international protection to a Rwandan national, a senior officer of the Rwandan armed forces since 1993 who had been acquitted on appeal at the ICTR in 2014. The Council of State held that, in particular, res..."
1,Credibility Assessment Definition,573_chunk001,360,0.35420868,82,"By judgment of 7 August 2017, the court dismissed the appeal lodged by the alien, in so far as it was directed against the rejection of the asylum application, as inadmissible, and dismissed his..."
1,Credibility Assessment Definition,1086_chunk000,234,0.3540833,83,"A national of Ivory Coast applied for international protection on 22 January 2018, claiming that he was born on 2001 but did not submit documents to prove his date of birth. Following an age assessment, the State Secretary concluded that the applicant was not a minor."
1,Credibility Assessment Definition,935_chunk001,159,0.35359067,84,The woman experienced various...
1,Credibility Assessment Definition,4037_chunk000,48,0.35354963,85,"The case concerned the cassation appeal submitted by H.A., Syrian national, against the negative decision on his asylum application issued by the State Agency for Refugees."
1,Credibility Assessment Definition,504_chunk000,308,0.35340548,86,The judgement dealt with the application of Article 5(2) of Commission Regulation (EC) No 1560/2003 of 2 September 2003 laying down detailed rules for the application of the Dublin II Regulation.
1,Credibility Assessment Definition,608_chunk000,344,0.35230672,87,"Three country nationals, C, J, and S, had their applications for international protection rejected in the Netherlands and were detained with a view to preparing their return. C's application for international protection was rejected on 11 April 2017, and C was detained on 13 April."
1,Credibility Assessment Definition,576_chunk000,355,0.35187358,88,"The First Instance Administrative Court took a decision related to the no existence of sanctions if the maximum period of 21 months for the procedure of examination of an application for international protection is surpassed. In this case, an applicant for international protection whose application had been rejected appealed the decision of refusal."
1,Credibility Assessment Definition,1000_chunk000,173,0.35175475,89,"The CNDA overturned the decision of the OFPRA who rejected the asylum request of three female applicants belonging to the Wolof ethnic group in Gambia, on the basis that the prevalence rate of FGM/C in this ethnic group is low (12.3%)."
1,Credibility Assessment Definition,505_chunk001,323,0.35149747,90,"This request for a preliminary ruling concerns the interpretation of Article 4(2) and (5)(b), Article 9(1) and (2) and Article 10(1) and (2) of Directive 2011/95/EU of the European Parliament and of the Council of 13 December 2011 on standards for the qualification of third-country nationals or stateless persons as beneficiaries of international protection, for a uniform status for refugees or for"
1,Credibility Assessment Definition,925_chunk001,227,0.35145813,91,", due to systemic weaknesses in accordance with Article 3(2) of the Dublin III..."
1,Credibility Assessment Definition,52_chunk000,563,0.35084316,92,"On 13 April 2010, Ms. Danqua, a Ghanaian national, applied for refugee status in Ireland arguing that she feared trokosi practices, a form of ritual servitude practised in Ghana predominantly affecting women. In a report dated 16 June 2010, the Refugee Applications Commissioner (Ireland) issued a negative recommendation in respect of that application because of its lack of credibility."
1,Credibility Assessment Definition,1648_chunk001,152,0.35060263,93,"On 17 November 2011, the Federal Asylum Office rejected again the application, after having found also that the applicant was from Nigeria and ordered the return...."
1,Credibility Assessment Definition,513_chunk001,311,0.34999812,94,The Supreme Court narrowed the scope of their assessment to be that of whether the revocation violated their right to private life cf. the European Convention of Human Rights Article 8 and Paragraph 102 of the Norwegian...
1,Credibility Assessment Definition,511_chunk001,377,0.3498004,95,"When the application was granted, it was assumed that the conditions in their home country were unstable and that the women and her daughter risked being subjected to inhuman treatment. The revocation was justified by the fact..."
1,Credibility Assessment Definition,994_chunk001,243,0.34871346,96,"The Council of State overturned the CNDA's decision, ruling directly for the first time on the legal characterisation of facts in a case regarding application of Article L. 711-6. The Council of State had already extended control over the decisions of the CNDA as to the legal characterisation of facts on exclusion issues (CE, 9 November 2016,..."
1,Credibility Assessment Definition,2506_chunk001,113,0.34827256,97,The applicant also had a child and invoked the protection of family life and best interests of the child as a...
1,Credibility Assessment Definition,85_chunk001,487,0.34803998,98,(iii) The dilution and disapplication of the procedural fairness and kindred protections enshrined in...
1,Credibility Assessment Definition,607_chunk001,332,0.34795246,99,The Council of State subsequently dismissed the appeal brought by X against that judgment. Since X had been granted advances on the financial contributions to rental...
2,Credibility Assessment & Interpretation,996_chunk001,191,0.57493824,0,...
2,Credibility Assessment & Interpretation,61_chunk001,559,0.57493824,1,...
2,Credibility Assessment & Interpretation,3964_chunk001,55,0.5162271,2,During the interview it was noted that the interpreter had to explain the questions multiple times and that even the interpreter admitted that his interpretation was not always accurate. Although the...
2,Credibility Assessment & Interpretation,989_chunk001,271,0.5027566,3,"The Council of State upheld the CNDA's decision and rejected OFPRA's appeal on the grounds that the Court's sovereign assessment on the applicant's inadequate understanding and mastery of the English language could not be denatured. In this case, the Office's inadmissibility decision on the grounds of late submission was..."
2,Credibility Assessment & Interpretation,582_chunk000,291,0.493506,4,The High Court refused an application for judicial review by the applicant of a decision refusing him subsidiary protection. The national decision maker did not find the applicant's assertions that he was “not mentally ok” to be credible.
2,Credibility Assessment & Interpretation,584_chunk001,298,0.48691952,5,The Court held that there is no obligation on the decision makers to contact bodies within the countries of origin to verify individual...
2,Credibility Assessment & Interpretation,45_chunk001,443,0.48452765,6,The administrative authority concluded that no new elements or findings have arisen or have been presented by the applicant. As regards the situation in the country of origin (Ukraine) the...
2,Credibility Assessment & Interpretation,175_chunk000,470,0.4800374,7,The Upper Tribunal Ruled that: i) There is no general duty of inquiry upon the examiner to authenticate documents produced in support of a protection claim. There may be exceptional situations when a document can be authenticated by a simple process of inquiry which will conclusively resolve the authenticity and reliability of a document.
2,Credibility Assessment & Interpretation,654_chunk001,352,0.472556,8,"The examination concluded that the applicant was 18 years old, with a standard deviation of 6 months, meaning that..."
2,Credibility Assessment & Interpretation,146_chunk000,419,0.47209138,9,The case concerns the issuance of Convention Travel Documents.
2,Credibility Assessment & Interpretation,37_chunk000,541,0.46761888,10,"This request for a preliminary ruling concerns the interpretation of Articles 3(2) and 17(1) of the Dublin III Regulation, Article 267 TFEU and Article 4 of the EU Charter of Fundamental Rights."
2,Credibility Assessment & Interpretation,972_chunk001,193,0.46560937,11,"Inter alia, the applicant challenged the incorrect legal assessment of the genuineness of his conversion, while mainly reprehending the non-application of the ‘benefit of doubt' principle, insufficient verification of his faith resulting from the fact that only one interview was carried out, during which the defendant failed to focus to a sufficient..."
2,Credibility Assessment & Interpretation,3240_chunk001,99,0.46214014,12,"- the State Secretariat for Migration (SEM) and the Federal Administrative Court (TAF), in both first and second instance procedures, have based their decisions to reject the application for international protection on claims that the applicant's testimony lacked credibility and that the authenticity of the documents he presented was..."
2,Credibility Assessment & Interpretation,5442_chunk001,1,0.46213335,13,The Constitutional Court considered that the Federal Administrative Court duly assessed both the security and supply...
2,Credibility Assessment & Interpretation,151_chunk001,403,0.46032807,14,"None of them possessed documentary evidence supporting their claimed ages and were referred for medical age assessments consisting of an X-ray of the left hand and wrist and a dental X-ray (Liversidge and Haavikko methods).

Following the assessments, in..."
2,Credibility Assessment & Interpretation,3231_chunk000,126,0.45946318,15,"In January 2022, the Cassation Court of France ruled that a bone examination was insufficient to confirm the applicant's majority. The court specified that, for such examinations to be considered conclusive, they should be corroborated by civil status records and social assessments."
2,Credibility Assessment & Interpretation,505_chunk000,322,0.45358858,16,Judgment 1.
2,Credibility Assessment & Interpretation,57_chunk001,411,0.45241016,17,The Refugee Appeals Tribunal made adverse credibility findings based on matters that had not been put to the applicant and concluded that cumulatively the applicant had not proved that she was a refugee. The applicant challenged the decision by way of judicial review. The High Court...
2,Credibility Assessment & Interpretation,650_chunk000,295,0.4516446,18,The case concerns the suspension of the implementation of a decision on refusal of international protection.
2,Credibility Assessment & Interpretation,366_chunk000,312,0.44725698,19,"In this case the applicant (Nigeria) arrived to Ireland in October 2016. He claimed to be bisexual and that he was the subject of an attempt to force him to join a cult in Nigeria. On May 2017, the International Protection Office informed him the refusal of his application for protection on the ground of lack of credibility. He appealed the decision."
2,Credibility Assessment & Interpretation,4233_chunk001,43,0.44688484,20,The applicant complained of the legality of the administrative detention and of the procedural issues related to this...
2,Credibility Assessment & Interpretation,636_chunk001,375,0.44238842,21,A different interpretation may also lead to a situation which constitutes a violation of Article 1 of the...
2,Credibility Assessment & Interpretation,3957_chunk001,67,0.4415958,22,"The ministry collected ten documents with COI, which were not commented on by the applicant. By decision of 3 January..."
2,Credibility Assessment & Interpretation,168_chunk000,575,0.43889463,23,"The Court confirmed that based on information from the UNHCR, the US Department of State and the Foreign Office, the Administrative Court has stated that the findings of the Bihari situation in Bangladesh do not provide any evidence for group persecution."
2,Credibility Assessment & Interpretation,148_chunk000,523,0.4384573,24,The case concerns “sur place” asylum claims.
2,Credibility Assessment & Interpretation,4036_chunk001,39,0.43821654,25,The Supreme Administrative Corut had to determine whether the administrative court could have assessed the application of the exclusion clause in the case without holding an oral...
2,Credibility Assessment & Interpretation,510_chunk000,385,0.43679005,26,"The Court of Sessions found there was no unlawful discrimination arising from a reduction in the amount of asylum support payable to asylum seekers with one or more dependent children, following a government review. ..."
2,Credibility Assessment & Interpretation,183_chunk001,578,0.4363889,27,"In all five judgments, the European Court found that the applicants did not have at their disposal an effective and speedy..."
2,Credibility Assessment & Interpretation,201_chunk001,423,0.43167144,28,"It was submitted on behalf of the applicant that a family could be a social group, and that the Tribunal had failed to assess whether..."
2,Credibility Assessment & Interpretation,3270_chunk001,103,0.43094772,29,The Council of State held that the appeal against a refusal to examine the request for international protection in the regular procedure is admissible only if the person concerned is able to establish that the transfer period has expired and the transfer can no...
2,Credibility Assessment & Interpretation,938_chunk001,200,0.4303626,30,"The foreign national argues that the objectivity of decision-making is at stake and that the state secretary has acted in violation of the so-called four-eyes principle.

According to the..."
2,Credibility Assessment & Interpretation,171_chunk000,534,0.42969,31,The Upper Tribunal had been justified in rejecting an asylum seeker's account that scarring on his body had been caused by torture administered by the Sri Lankan authorities and in inferring that it was self-inflicted.
2,Credibility Assessment & Interpretation,4231_chunk000,34,0.42812335,32,"The case concerned the question whether the State Secretary had correctly established the date from which the applicant benefits of asylum, how to establish the date of application."
2,Credibility Assessment & Interpretation,176_chunk001,529,0.4272787,33,The suggestion that the Article 17 discretion falls to be exercised only where the family reunification criteria in Article 8 are not satisfied is misconceived. ...
2,Credibility Assessment & Interpretation,86_chunk000,532,0.42725307,34,"According the Court's Press Release, Article 1 of Regulation (EC) No 810/2009 of the European Parliament and of the Council of 13 July 2009 establishing a Community Code on Visas (Visa Code), as amended by Regulation (EU) No 610/2013 of the European Parliament and of the Council of 26 June 2013, must be interpreted as meaning that an application for a visa with limited territorial validity made on"
2,Credibility Assessment & Interpretation,925_chunk001,227,0.42572385,35,", due to systemic weaknesses in accordance with Article 3(2) of the Dublin III..."
2,Credibility Assessment & Interpretation,3231_chunk001,127,0.42374685,36,"Finally, it stated that if bone examinations contravene such records and assessments, creating a doubt concerning the applicant's minority, then the applicant should be given the..."
2,Credibility Assessment & Interpretation,927_chunk000,246,0.42324764,37,"In the Senate's conviction, a comprehensive assessment of the current state of knowledge now lacks sufficient evidence to suggest that Syrian retired military-age returnees (conscripts, reservists) who have evaded from military service due to flight abroad are likely to be linked to ( alleged) oppositional or anti-regime sentiments of Syrian security forces to fear persecution (change in the Senat"
2,Credibility Assessment & Interpretation,3286_chunk001,123,0.421865,38,"The Supreme Court confirmed that the application for international protection implies the suspension of the removal procedure for irregular stay that could affect the applicant, until the Administration issues an initial decision..."
2,Credibility Assessment & Interpretation,656_chunk000,505,0.42181882,39,The case concerns an appeal against the decision of the Court of The Hague of 5 October 2016 in case no. 16/20135. The Administrative Jurisdiction Division of the Council of State clarified that the Immigration and Naturalisation Service (IND ) is required to assess in an individual manner whether the criteria for protection still exist.
2,Credibility Assessment & Interpretation,964_chunk001,221,0.42072177,40,"The line of reasoning of the defendant who claims that the plaintiff had a legal representative present during the hearing who, unlike the plaintiff, is well versed in the law, could not hold, since the examination of the asylum seeker in the court proceedings represents one of the most important..."
2,Credibility Assessment & Interpretation,3272_chunk000,116,0.42070845,41,The Bavarian Higher Administrative Court decided on a case regarding the criminal liability of religious orders when providing support for an unauthorised stay by granting church asylum to individuals under the Dublin procedure.
2,Credibility Assessment & Interpretation,582_chunk001,292,0.42046517,42,"The applicant submitted that in dismissing his explanation of suffering a mental disability, the Tribunal acted in breach of the national protection legislation, the EU Charter of Fundamental Freedoms and the European Convention on Human..."
2,Credibility Assessment & Interpretation,137_chunk000,570,0.41874963,43,"In a case of a Somali applicant related to family reunification, the Supreme Court held that the trial judge was incorrect in forming the view that the potential financial consequences for the State of allowing a discretionary family reunification application cannot be taken into account in the overall assessment as to how the Minister's discretion under the 1996 Act should be exercised."
2,Credibility Assessment & Interpretation,643_chunk000,388,0.41783914,44,As per the published press release: The Council of State validates the criteria to be met by a new asylum application to be admissible.
2,Credibility Assessment & Interpretation,196_chunk001,473,0.41696107,45,"Based on Chapter III of the Dublin III Regulation, the Office of the Refugee Applications Commissioner determined that the United Kingdom was responsible to assess applicant's applications. At this point, the..."
2,Credibility Assessment & Interpretation,2511_chunk000,140,0.41649956,46,"The Federal Administrative Court allowed an appeal on points of law in order to clarify the  requirements for the assessment of a 'strong presumption' (European Union, Court of Justice of the European Union [CJEU], EZ v Bundesrepublik Deutschland (Federal Republic of Germany), C-238/19, ECLI:EU:C:2020:945, 19 November 2020 - paragraph 57) for a link between the refusal of military service..."
2,Credibility Assessment & Interpretation,993_chunk001,253,0.41617554,47,"The Council of State reaffirmed its jurisprudence concerning application of Article L. 733-5 of the CESEDA (CE, 22 June 2017, N° 400366) in which the CNDA may refer cases back to OFPRA if the applicants had not been able to make themselves understood during their interview with the Office and if the Office was responsible for this lack of..."
2,Credibility Assessment & Interpretation,4999_chunk001,13,0.4156323,48,"The Ministry of Home Affairs found that the responsible State for examining the application under the Dublin III Regulation was Hungary, as the applicant had a Hungarian..."
2,Credibility Assessment & Interpretation,668_chunk000,371,0.41464353,49,"The Council of State rules on personal interview realised on ones native language. The CNDA decision is annulled as in the contested decision the Court failed to answer the plea regarding the absence of Chechen interpretation in the asylum interview and consequently, the impossibility of the applicant to be understood.

..."
2,Credibility Assessment & Interpretation,4729_chunk001,25,0.41422778,50,"By decision of 23 December 2021, his request was rejected as unfounded on the ground that his statements lacked credibility and was ordered to leave the territory within 30 days. He appealed the decision, and the appeal was dismissed..."
2,Credibility Assessment & Interpretation,951_chunk000,188,0.41402566,51,The case concerns the risk situation in case of return to the country of origin as well as fear of persecution by the Taliban forces.
2,Credibility Assessment & Interpretation,24_chunk001,522,0.41308838,52,A has requested permission from her own and her minor children to appeal the administrative...
2,Credibility Assessment & Interpretation,608_chunk000,344,0.41307175,53,"Three country nationals, C, J, and S, had their applications for international protection rejected in the Netherlands and were detained with a view to preparing their return. C's application for international protection was rejected on 11 April 2017, and C was detained on 13 April."
2,Credibility Assessment & Interpretation,935_chunk001,159,0.41290003,54,The woman experienced various...
2,Credibility Assessment & Interpretation,4167_chunk001,65,0.41183248,55,"The Court dismissed the appeal without an oral hearing considering that, although the applicant was still of military service age, there was no greater risk of..."
2,Credibility Assessment & Interpretation,43_chunk001,548,0.41127896,56,The administrative authority then concluded that the applicant “constitutes a danger to...
2,Credibility Assessment & Interpretation,643_chunk001,389,0.41074282,57,"Article L.723-16 of the CESEDA makes the admissibility of a request for reconsideration of an asylum application subject, on the one hand, to the presentation of new facts which have occurred or revealed after the rejection of the previous application or new evidence and, secondly, the finding that their probative value is capable of modifying the..."
2,Credibility Assessment & Interpretation,636_chunk000,374,0.41052788,58,"The Supreme Court ruled that a decision to transfer from Article 26 of the Dublin III Regulation does not constitute a ""final decision"" on an application for international protection within the meaning of Article 2 (b) of the Reception Directive and Article 2 (c) of the Dublin III Regulation, and consequently it can not entail the cessation of rights arising from the Reception Directive."
2,Credibility Assessment & Interpretation,52_chunk000,563,0.40971577,59,"On 13 April 2010, Ms. Danqua, a Ghanaian national, applied for refugee status in Ireland arguing that she feared trokosi practices, a form of ritual servitude practised in Ghana predominantly affecting women. In a report dated 16 June 2010, the Refugee Applications Commissioner (Ireland) issued a negative recommendation in respect of that application because of its lack of credibility."
2,Credibility Assessment & Interpretation,505_chunk001,323,0.4093666,60,"This request for a preliminary ruling concerns the interpretation of Article 4(2) and (5)(b), Article 9(1) and (2) and Article 10(1) and (2) of Directive 2011/95/EU of the European Parliament and of the Council of 13 December 2011 on standards for the qualification of third-country nationals or stateless persons as beneficiaries of international protection, for a uniform status for refugees or for"
2,Credibility Assessment & Interpretation,504_chunk000,308,0.40846837,61,The judgement dealt with the application of Article 5(2) of Commission Regulation (EC) No 1560/2003 of 2 September 2003 laying down detailed rules for the application of the Dublin II Regulation.
2,Credibility Assessment & Interpretation,1010_chunk001,210,0.40765527,62,"Under the Dublin III proceedings, the applicant was interviewed and stated that he had left Libya because of the war and..."
2,Credibility Assessment & Interpretation,995_chunk001,239,0.40744194,63,"Persons from the West Bank can claim to have legitimate fears with regard to Israel, which is not a third State vis-a-vis the West Bank. In this case, the CNDA had rejected the appeal of an applicant from the West Bank after having ruled that he came exclusively under the jurisdiction of the Palestinian Authority. Yet the Council of State..."
2,Credibility Assessment & Interpretation,3269_chunk001,129,0.40705264,64,"After a new consultation of the Eurodac file, the German authorities were again seized with a..."
2,Credibility Assessment & Interpretation,1647_chunk001,150,0.40694773,65,"On 18 March 2020, the Federal Office for Foreign Affairs and Asylum conducted the interview remotely, by video-conference..."
2,Credibility Assessment & Interpretation,197_chunk001,483,0.40489,66,During the course of the Refugee Application Commissioner's examination of the applicants' file under Dublin III the applicants requested that the Commissioner exercise discretion under art.17 of the Regulation to...
2,Credibility Assessment & Interpretation,200_chunk001,429,0.40489,67,During the course of the Refugee Application Commissioner's examination of the applicants' file under Dublin III the applicants requested that the Commissioner exercise discretion under art.17 of the Regulation to...
2,Credibility Assessment & Interpretation,3276_chunk001,77,0.4047681,68,The court noted that Romania was already unprepared to accommodate asylum applicants before the Ukrainian crisis and that with the high influx of persons...
2,Credibility Assessment & Interpretation,20_chunk001,395,0.40453202,69,"According to a medical opinion, treatment requires uninterrupted and controlled daily recurrence of medication and, in addition, a regular injection of medication, so that tuberculosis does not reactivate and become infectious. When assessing the issue, the Supreme..."
2,Credibility Assessment & Interpretation,125_chunk000,414,0.40390426,70,"The Supreme Administrative Court finds that the mere fact that the appellant is told to be in regular contact with the families, not in itself be regarded as evidence that he was required by the return of the Directive any degree of certainty would be returned to any family member or designated guardian, or that for him would be adequate reception at home at home .

..."
2,Credibility Assessment & Interpretation,141_chunk001,512,0.40384927,71,"Second, the High Court concurred with the SSHD that confidentiality is a vital element for the working of the asylum system and the fulfilment of obligations under the Refugee Convention, the EU Qualification Directive and the European Convention on Human Rights (ECHR). The disclosure of information revealed during the asylum..."
2,Credibility Assessment & Interpretation,68_chunk001,510,0.40306664,72,The Court found that the separation of the children from their parents constituted a violation of the right to family life (art 8 ECHR) and that the...
2,Credibility Assessment & Interpretation,1088_chunk001,339,0.4029284,73,The Council of State held that if the applicants would be refused travel vouchers such a situation is likely to amount to a serious and manifestly unlawful interference with their right to enjoy a procedure for examining...
2,Credibility Assessment & Interpretation,4037_chunk001,49,0.40285522,74,"The application was rejected based on a written opinion of the State Agency for National Security (SANS), which concluded that the applicant constitutes a threat to national security and should not be granted protection in Bulgaria. The Administrative Court of Sofia city validated the negative decision, and the applicant..."
2,Credibility Assessment & Interpretation,576_chunk000,355,0.4024419,75,"The First Instance Administrative Court took a decision related to the no existence of sanctions if the maximum period of 21 months for the procedure of examination of an application for international protection is surpassed. In this case, an applicant for international protection whose application had been rejected appealed the decision of refusal."
2,Credibility Assessment & Interpretation,2506_chunk001,113,0.40104818,76,The applicant also had a child and invoked the protection of family life and best interests of the child as a...
2,Credibility Assessment & Interpretation,1573_chunk001,146,0.40091574,77,The Chamber for Contentious Administrative Proceedings of the Audiencia Nacional (Fourth Chamber)...
2,Credibility Assessment & Interpretation,178_chunk000,460,0.40061313,78,"The Court gave guidance on the general approach to be adopted in law and practice by the First-tier Tribunal and Upper Tribunal where claims for asylum were made by children, young people, and other incapacitated or vulnerable persons whose ability to participate effectively in proceedings might be limited."
2,Credibility Assessment & Interpretation,994_chunk001,243,0.40035176,79,"The Council of State overturned the CNDA's decision, ruling directly for the first time on the legal characterisation of facts in a case regarding application of Article L. 711-6. The Council of State had already extended control over the decisions of the CNDA as to the legal characterisation of facts on exclusion issues (CE, 9 November 2016,..."
2,Credibility Assessment & Interpretation,984_chunk001,290,0.39973563,80,"The Council ruled that, indeed, the burden of the proof on whether an applicant has been granted an international protection in another MS or not lies on the CGRS, nonetheless, this proof being made, it is up to the applicant to provide evidence when he challenges the actuality or the effectiveness of his protection.Also, the question whether the applicant may be readmit by..."
2,Credibility Assessment & Interpretation,1000_chunk000,173,0.39922515,81,"The CNDA overturned the decision of the OFPRA who rejected the asylum request of three female applicants belonging to the Wolof ethnic group in Gambia, on the basis that the prevalence rate of FGM/C in this ethnic group is low (12.3%)."
2,Credibility Assessment & Interpretation,366_chunk001,313,0.39864936,82,Relief sought The relief sought in the proceedings is certiorari of the decision of the tribunal. The grounds of challenge essentially fell...
2,Credibility Assessment & Interpretation,547_chunk000,372,0.39737254,83,"In response to a legal remedy filed against the Federal Office for Immigration and Asylum, the Supreme Administrative Court ruled that, in accordance with Art 13 para 1 of the Dublin III Regulation (604/2013), the Member State whose border an individual applying for international protection had crossed irregularly is responsible for examining that application (ruling in case Ra 2017/19/0169-9 of 5"
2,Credibility Assessment & Interpretation,976_chunk001,183,0.3973512,84,The Court of Cassation due to the low-profile status of the plaintiff as one of the many construction workers involved in the construction of flood protection structures without a sufficient level of individualizing elements concerning the plaintiff and with respect to the story provided by him did not find the conclusion...
2,Credibility Assessment & Interpretation,583_chunk000,340,0.39681435,85,Two related cases involved applicants applying for asylum on the basis of claiming persecution because of their sexual orientation. The applicants submited that the correct standard of proof required should be a reasonable degree of likelihood.
2,Credibility Assessment & Interpretation,4998_chunk001,17,0.3966747,86,The Ministry for Home Affairs...
2,Credibility Assessment & Interpretation,3964_chunk000,54,0.39666605,87,"The case concerned a family from Azerbaijan who unsuccessfully applied for international protection. In their subsequent application, they requested interpretation in Turkish language because of concerns that Azerbaijan interpreters may be in contact with the domestic authorities."
2,Credibility Assessment & Interpretation,988_chunk001,269,0.39567733,88,"In this case, the CNDA had annulled the Office's decision to end protection on the basis of Article L. 711-6 (1) of the CESEDA, holding that the Note Blanche from the intelligence services tendered in the course of adversarial proceedings was insufficiently specific (jihadist profile). The Council of State annulled the Court's decision on..."
2,Credibility Assessment & Interpretation,173_chunk000,540,0.39503485,89,"A Sri Lankan national's appeal against the refusal of his asylum claim based on his membership of proscribed groups and participation in political demonstrations was allowed. The First-tier Tribunal and Upper Tribunal had not been referred to 2014 Home Office policy guidance entitled ""Tamil Separatism"" which was material to the decision and might realistically have affected the outcome...."
2,Credibility Assessment & Interpretation,5890_chunk001,7,0.3948726,90,"On 22 August 2018, at the applicants' request, the ECtHR, under the interim measure procedure, ordered the Hungarian Government to ensure that the environment in which the applicants were placed..."
2,Credibility Assessment & Interpretation,1648_chunk001,152,0.3944802,91,"On 17 November 2011, the Federal Asylum Office rejected again the application, after having found also that the applicant was from Nigeria and ordered the return...."
2,Credibility Assessment & Interpretation,932_chunk000,254,0.39372504,92,The case concerns a take charge request from Greece to Austria which was rejected by Austria. The Federal Office reasoned that the Dublin consultation procedure is a process between the Member States.
2,Credibility Assessment & Interpretation,3276_chunk000,76,0.39274874,93,"On 12 January 2023, the Rome Tribunal confirmed its previous case law of 13 October 2022, and annulled a Dublin transfer to Romania according to Article 3(2) of the Dublin Regulation and to Article 4 of the EU Charter of Fundamental Rights of the European Union, considering that there are systemic deficiencies in the asylum system."
2,Credibility Assessment & Interpretation,204_chunk000,530,0.3920983,94,"On the facts of this case, the applicant's solicitor informed the Tribunal that the applicant would prefer not to attend his hearing because he was concerned that his attendance would have an adverse effect on him in the light of his post-traumatic stress disorder."
2,Credibility Assessment & Interpretation,204_chunk001,531,0.39208573,95,"The Tribunal, applying reg.8(11)(b) of the European Union (Subsidiary Protection) Regulations 2013, decided it was in the interests of justice to hold an oral hearing (the Tribunal wished to raise in person with the applicant..."
2,Credibility Assessment & Interpretation,3957_chunk000,66,0.3912886,96,"An applicant from Transnistria, with Moldovan nationality, who applied for international protection in Czechia, stated at the end of the interview, when asked by the case officer, that he would waive the right to comment on the country of origin (COI) documents which would be used in the case file as evidence, noting that he knew the situation in Moldova and Transnistria."
2,Credibility Assessment & Interpretation,119_chunk001,397,0.39044118,97,"Nevertheless, the National High Court considered, in line with UNHCR's report presented at the Eligibility Commission in this..."
2,Credibility Assessment & Interpretation,85_chunk001,487,0.39042366,98,(iii) The dilution and disapplication of the procedural fairness and kindred protections enshrined in...
2,Credibility Assessment & Interpretation,985_chunk001,285,0.39039135,99,"The Council of State reminded the CNDA of its duty to utilise, if it receives information regarding the existence of an “S” card for the appellant in question, its power to investigate and deemed that “by basing its opinion solely on the content of the “S” card, [...] without gathering, in order to reach its..."
3,Subsidiary Protection Definition,505_chunk002,324,0.6802741,0," persons eligible for subsidiary protection, and for the content of the protection..."
3,Subsidiary Protection Definition,136_chunk001,550,0.6209021,1,"By decision dated 5 November 2013 the Minister for Justice and Equality refused to entertain this application for subsidiary protection, contending that she had not made the application within the administrative deadline of 15 days from the date of the issuing of a proposal to..."
3,Subsidiary Protection Definition,218_chunk001,553,0.60655904,2,"By decision dated 5th November 2013 the Minister for Justice and Equality refused to entertain this belated application for subsidiary protection, contending that she had not made the application within..."
3,Subsidiary Protection Definition,43_chunk000,547,0.6008419,3,"The applicant from Belarus had been granted subsidiary protection for 12 months. The subsidiary protection was then once prolonged for another 24 months upon applicant's request. However, the second request was dismissed because of applicant's criminal activity. The administrative authority found out that he had been sentenced seven times for less serious criminal offences (mostly thefts)."
3,Subsidiary Protection Definition,204_chunk001,531,0.5824071,4,"The Tribunal, applying reg.8(11)(b) of the European Union (Subsidiary Protection) Regulations 2013, decided it was in the interests of justice to hold an oral hearing (the Tribunal wished to raise in person with the applicant..."
3,Subsidiary Protection Definition,97_chunk000,480,0.58098453,5,"As of 2016, beneficiaries of subsidiary protection in Lower Austria differ from persons granted asylum in that they are entitled only to benefits under basic welfare support. The Constitutional Court ruled in June 2017 that this rule is constitutional, since sufficient factual and legal differences exist to justify differing treatment with respect to social benefits."
3,Subsidiary Protection Definition,585_chunk000,363,0.5791751,6,The applicant (Venezuela) had applied for subsidiary protection on the basis that he would be at risk due to his activism and his membership of a politic party; that application was refused. The court held that in the context of art.
3,Subsidiary Protection Definition,582_chunk000,291,0.5294486,7,The High Court refused an application for judicial review by the applicant of a decision refusing him subsidiary protection. The national decision maker did not find the applicant's assertions that he was “not mentally ok” to be credible.
3,Subsidiary Protection Definition,256_chunk000,579,0.5279,8,"According to the EDAL, the Council for Alien Law Litigation confirmed that those who enjoy subsidiary protection are equivalent to recognised refugees, for the purposes of family reunification and are exempted from additional conditions in relation to housing, health insurance, and means of subsistence provided that the application for family reunification is submitted within one year and the fami"
3,Subsidiary Protection Definition,2506_chunk001,113,0.5105141,9,The applicant also had a child and invoked the protection of family life and best interests of the child as a...
3,Subsidiary Protection Definition,99_chunk001,441,0.50753355,10,"76 para 2 subpara 1 Aliens Police Act, could not be subsumed under one of the conditions defined in..."
3,Subsidiary Protection Definition,650_chunk000,295,0.50383365,11,The case concerns the suspension of the implementation of a decision on refusal of international protection.
3,Subsidiary Protection Definition,218_chunk000,552,0.4949429,12,"In the present case the applicant, Ms. Danqua, (Ghanaian national), made a very belated application for subsidiary protection on 8th October 2013, having first applied for refugee status in 2010 and having been refused asylum following a decision of the Refugee Appeal Tribunal in January 2011."
3,Subsidiary Protection Definition,931_chunk001,241,0.4890273,13,The appellant had been granted subsidiary protection status in Denmark in 2015. The individual's family was granted asylum in...
3,Subsidiary Protection Definition,4709_chunk001,31,0.48894405,14,"By decision of 16 August 2017, the Federal Office for Migration and Refugees (BAMF) granted subsidiary protection to the applicant, and also to his wife and their four children, noting the serious risks posed by the civil war throughout all regions of Syria. However, it..."
3,Subsidiary Protection Definition,953_chunk000,236,0.48829547,15,"This case concerned whether, for the purposes of an application for family reunification by a beneficiary of subsidiary protection, “child” could include a non-biological child for whom the applicant had acted in loco parentis."
3,Subsidiary Protection Definition,117_chunk000,400,0.4746616,16,Syrian refugee family resettled from Lebanon were granted subsidiary protection. This decision was appealed before the National High Court.
3,Subsidiary Protection Definition,35_chunk001,485,0.47436687,17,"The Court ruled that EU legislation provides for the subsistence of children rather than their welfare, notably articles 13.2 and 17 RCD. The Court mentioned that: 'The test, as already decided, is one of subsistence. Many..."
3,Subsidiary Protection Definition,1573_chunk000,145,0.47318122,18,"The applicants, nationals of Syria, are members of a family who arrived in Spain through the resettlement programme 2015 for refugees. By decisions of 4 October 2017 of the Deputy Secretary of the Interior, they were granted subsidiary protection. They appealed that decision arguing that they should be granted refugee status and not subsidiary protection."
3,Subsidiary Protection Definition,3239_chunk000,114,0.46898228,19,"The applicant was refused refugee protection and granted subsidiary protection by national authorities. He appealed against this decision before the Municipal Court, requesting the annulment of the part of the decision rejecting his request for refugee protection."
3,Subsidiary Protection Definition,145_chunk000,439,0.46836814,20,"The Administrative Court confirmed the Administrative Tribunal's ruling that there was a situation of generalized violence in Afghanistan leading to the grant of subsidiary protection to the asylum seeker. The Ministry of Foreign and European Affairs had appealed the Administrative Tribunal fearing a pull factor.

..."
3,Subsidiary Protection Definition,58_chunk000,426,0.46639442,21,"In this case the Court of Appeal considered the question of whether, where an applicant for subsidiary protection is considered by the decision maker to be a national of Country A, and also to have been granted refugee status and lived in each of Countries B and C, may the application be decided upon the basis that he is a stateless person within the meaning of the Qualification Directive and the "
3,Subsidiary Protection Definition,981_chunk000,167,0.46598452,22,The applicant is a Palestinian stateless from the Gaza strip and applied for international protection in Belgium. His application was rejected but he was granted subsidiary protection.
3,Subsidiary Protection Definition,175_chunk000,470,0.46584892,23,The Upper Tribunal Ruled that: i) There is no general duty of inquiry upon the examiner to authenticate documents produced in support of a protection claim. There may be exceptional situations when a document can be authenticated by a simple process of inquiry which will conclusively resolve the authenticity and reliability of a document.
3,Subsidiary Protection Definition,24_chunk001,522,0.46538317,24,A has requested permission from her own and her minor children to appeal the administrative...
3,Subsidiary Protection Definition,175_chunk001,471,0.46415251,25,"(ii) There is a general duty of confidentiality during the process of examining a protection claim, including appellate and judicial review proceedings. If..."
3,Subsidiary Protection Definition,589_chunk001,294,0.4613669,26,II – The aforementioned Article 17 (1 and 2) is applicable to situations where the request for international protection is considered inadmissible and the...
3,Subsidiary Protection Definition,989_chunk001,271,0.4591326,27,"The Council of State upheld the CNDA's decision and rejected OFPRA's appeal on the grounds that the Court's sovereign assessment on the applicant's inadequate understanding and mastery of the English language could not be denatured. In this case, the Office's inadmissibility decision on the grounds of late submission was..."
3,Subsidiary Protection Definition,3286_chunk001,123,0.45710424,28,"The Supreme Court confirmed that the application for international protection implies the suspension of the removal procedure for irregular stay that could affect the applicant, until the Administration issues an initial decision..."
3,Subsidiary Protection Definition,85_chunk001,487,0.45708966,29,(iii) The dilution and disapplication of the procedural fairness and kindred protections enshrined in...
3,Subsidiary Protection Definition,645_chunk000,325,0.45631287,30,"As per CNDA press release: When the ECtHR concludes that there is a real risk of inhuman or degrading treatment if returned to the country of origin, the CNDA is obliged not only to consider as admissible a request for review by the person concerned but also to grant him at least the benefit of subsidiary protection within the meaning of Article L. 712-1 (b) of the CESEDA."
3,Subsidiary Protection Definition,590_chunk000,350,0.45410037,31,"In an urgent action for the «granting of asylum or of a residence permit for subsidiary protection» the use of «official international reports on the political and social situation of the applicant's country of origin», by the court of appeal is not in breach of Articles 412 and 662 of the Civil Procedure Code.

..."
3,Subsidiary Protection Definition,505_chunk001,323,0.4538641,32,"This request for a preliminary ruling concerns the interpretation of Article 4(2) and (5)(b), Article 9(1) and (2) and Article 10(1) and (2) of Directive 2011/95/EU of the European Parliament and of the Council of 13 December 2011 on standards for the qualification of third-country nationals or stateless persons as beneficiaries of international protection, for a uniform status for refugees or for"
3,Subsidiary Protection Definition,45_chunk001,443,0.45277804,33,The administrative authority concluded that no new elements or findings have arisen or have been presented by the applicant. As regards the situation in the country of origin (Ukraine) the...
3,Subsidiary Protection Definition,585_chunk001,364,0.4519096,34,"15(c) of the qualification directive, an internal armed conflict involves a conflict between the state and an armed group, or between two or more armed groups confronting each other. With regards to the UNHCR “Guidelines on International Protection No. 12:..."
3,Subsidiary Protection Definition,3268_chunk001,81,0.45137072,35,The applicant argued that he had a family life with a wife and minor daughter who were provided...
3,Subsidiary Protection Definition,953_chunk001,237,0.45060533,36,Barrett J held that there is a wide diversity of familial structures and the relationship of father/child was not confined by the International Protection Act 2015 to a biological father and accordingly quashed the Minister's refusal of family...
3,Subsidiary Protection Definition,510_chunk000,385,0.45049644,37,"The Court of Sessions found there was no unlawful discrimination arising from a reduction in the amount of asylum support payable to asylum seekers with one or more dependent children, following a government review. ..."
3,Subsidiary Protection Definition,3230_chunk000,96,0.4498919,38,"The applicant, an Afghan national, was denied subsidiary protection on exclusion grounds, namely that there were serious reasons for considering that he had committed a serious crime. The decision was upheld by the National Court of Asylum (CNDA), and the applicant subsequently appealed to the Council of State."
3,Subsidiary Protection Definition,606_chunk000,329,0.44777986,39,"1. This request for a preliminary ruling concerns the interpretation of Article 46 of Directive 2013/32/EU of the European Parliament and of the Council of 26 June 2013 on common procedures for granting and withdrawing international protection (OJ 2013 L 180, p."
3,Subsidiary Protection Definition,111_chunk001,537,0.44576538,40,"This also meets the requirements of Article 46 (6) of Directive 2013/32 / EU, according to which, at the request of the applicant concerned or on its own..."
3,Subsidiary Protection Definition,579_chunk001,321,0.44486767,41,The issue now is whether the present applicants in other cases raising the same or similar points should get the benefit of a stay restraining the International Protection Appeals Tribunal from carrying out its statutory duty to hear their appeals from the IPO recommendations...
3,Subsidiary Protection Definition,974_chunk001,181,0.44339043,42,A situation when legal consequences of a contested decision of the regional court represented a threat of serious harm and the granting of suspensive effect is not contrary to public interest is a fundamental and unavoidable condition that has to be met in order for the Court of Cassation to grant suspensive effect of a...
3,Subsidiary Protection Definition,996_chunk001,191,0.44304654,43,...
3,Subsidiary Protection Definition,61_chunk001,559,0.44304654,44,...
3,Subsidiary Protection Definition,4036_chunk001,39,0.44124886,45,The Supreme Administrative Corut had to determine whether the administrative court could have assessed the application of the exclusion clause in the case without holding an oral...
3,Subsidiary Protection Definition,649_chunk000,318,0.43983412,46,"If an affiliate with a time-limited residence permit and status as an alternative person in need of protection can be considered to have well-founded prospects of being granted a permanent residence permit, it can be judged on the basis of how likely it is that the need for protection remains when the current permit expires."
3,Subsidiary Protection Definition,2510_chunk001,139,0.43973356,47,On 16 March 2018 the applicant contested the decision and requested an order for suspensive effect. The German authorities informed the Spanish authorities about the lodging of an appeal with...
3,Subsidiary Protection Definition,148_chunk000,523,0.43931985,48,The case concerns “sur place” asylum claims.
3,Subsidiary Protection Definition,636_chunk000,374,0.43620634,49,"The Supreme Court ruled that a decision to transfer from Article 26 of the Dublin III Regulation does not constitute a ""final decision"" on an application for international protection within the meaning of Article 2 (b) of the Reception Directive and Article 2 (c) of the Dublin III Regulation, and consequently it can not entail the cessation of rights arising from the Reception Directive."
3,Subsidiary Protection Definition,504_chunk000,308,0.43609902,50,The judgement dealt with the application of Article 5(2) of Commission Regulation (EC) No 1560/2003 of 2 September 2003 laying down detailed rules for the application of the Dublin II Regulation.
3,Subsidiary Protection Definition,636_chunk001,375,0.4355717,51,A different interpretation may also lead to a situation which constitutes a violation of Article 1 of the...
3,Subsidiary Protection Definition,576_chunk000,355,0.43540698,52,"The First Instance Administrative Court took a decision related to the no existence of sanctions if the maximum period of 21 months for the procedure of examination of an application for international protection is surpassed. In this case, an applicant for international protection whose application had been rejected appealed the decision of refusal."
3,Subsidiary Protection Definition,37_chunk000,541,0.43429208,53,"This request for a preliminary ruling concerns the interpretation of Articles 3(2) and 17(1) of the Dublin III Regulation, Article 267 TFEU and Article 4 of the EU Charter of Fundamental Rights."
3,Subsidiary Protection Definition,4037_chunk001,49,0.4339038,54,"The application was rejected based on a written opinion of the State Agency for National Security (SANS), which concluded that the applicant constitutes a threat to national security and should not be granted protection in Bulgaria. The Administrative Court of Sofia city validated the negative decision, and the applicant..."
3,Subsidiary Protection Definition,988_chunk001,269,0.43348318,55,"In this case, the CNDA had annulled the Office's decision to end protection on the basis of Article L. 711-6 (1) of the CESEDA, holding that the Note Blanche from the intelligence services tendered in the course of adversarial proceedings was insufficiently specific (jihadist profile). The Council of State annulled the Court's decision on..."
3,Subsidiary Protection Definition,5442_chunk001,1,0.43143195,56,The Constitutional Court considered that the Federal Administrative Court duly assessed both the security and supply...
3,Subsidiary Protection Definition,650_chunk001,296,0.43063062,57,"The Supreme Court considering that the Polish provisions on granting international protection do not explicitly provide for the right to stay of a foreigner applying for international protection in proceedings before the court of first instance, rules that the fulfillment of the obligation under Art. 46 ust. 5 of the procedural directive 2013/32, must take place through the decision..."
3,Subsidiary Protection Definition,582_chunk001,292,0.4283073,58,"The applicant submitted that in dismissing his explanation of suffering a mental disability, the Tribunal acted in breach of the national protection legislation, the EU Charter of Fundamental Freedoms and the European Convention on Human..."
3,Subsidiary Protection Definition,3270_chunk001,103,0.4280579,59,The Council of State held that the appeal against a refusal to examine the request for international protection in the regular procedure is admissible only if the person concerned is able to establish that the transfer period has expired and the transfer can no...
3,Subsidiary Protection Definition,579_chunk000,320,0.42777568,60,The applicants in each of these six cases have brought proceedings making the technical objection that the International Protection Office used contractors in the process of coming up with a negative recommendation.
3,Subsidiary Protection Definition,115_chunk000,408,0.42730138,61,"The National High Court noted that there are indications that the applicant and his family have actually been victims of persecution on the part of the Mara Salvatrucha (gang) for their resistance to being extorted, as well as that, in spite of informing the Honduran authorities, these they have not dispensed the applicant and his family effective protection."
3,Subsidiary Protection Definition,4998_chunk001,17,0.42701524,62,The Ministry for Home Affairs...
3,Subsidiary Protection Definition,993_chunk001,253,0.4268564,63,"The Council of State reaffirmed its jurisprudence concerning application of Article L. 733-5 of the CESEDA (CE, 22 June 2017, N° 400366) in which the CNDA may refer cases back to OFPRA if the applicants had not been able to make themselves understood during their interview with the Office and if the Office was responsible for this lack of..."
3,Subsidiary Protection Definition,146_chunk000,419,0.42676806,64,The case concerns the issuance of Convention Travel Documents.
3,Subsidiary Protection Definition,3265_chunk000,94,0.42439276,65,"The applicants, a family with children, nationals of Georgia, applied for international protection in Spain on 3 July 2018, stating that the husband had a traffic accident with an employee of a hotel near his home, that he received compensation from the hotel, and in turn, the hotel claimed the money from the employee for being the culprit."
3,Subsidiary Protection Definition,176_chunk001,529,0.42412212,66,The suggestion that the Article 17 discretion falls to be exercised only where the family reunification criteria in Article 8 are not satisfied is misconceived. ...
3,Subsidiary Protection Definition,4728_chunk001,29,0.4235397,67,"On 20 February 2024, the applicant lodged a second application for international protection with the Ministry and on the same day she was heard by..."
3,Subsidiary Protection Definition,68_chunk001,510,0.42281228,68,The Court found that the separation of the children from their parents constituted a violation of the right to family life (art 8 ECHR) and that the...
3,Subsidiary Protection Definition,633_chunk001,358,0.42239267,69,According to the judgment these kind of grounds for application do not mean that the application could not be subject to...
3,Subsidiary Protection Definition,201_chunk001,423,0.4223127,70,"It was submitted on behalf of the applicant that a family could be a social group, and that the Tribunal had failed to assess whether..."
3,Subsidiary Protection Definition,4167_chunk000,64,0.42119223,71,"An applicant of Syrian nationality and Sunni Islamic religion requested international protection on 24 November 2021 in Austria. The Federal Office for Immigration and Asylum (BFA) did not grant him refugee status but subsidiary protection, a decision which he appealed to the Federal Administrative Court."
3,Subsidiary Protection Definition,1088_chunk001,339,0.42046565,72,The Council of State held that if the applicants would be refused travel vouchers such a situation is likely to amount to a serious and manifestly unlawful interference with their right to enjoy a procedure for examining...
3,Subsidiary Protection Definition,51_chunk001,451,0.41976845,73,"rst application for international protection lodged in 2006.

Those elements that could have..."
3,Subsidiary Protection Definition,689_chunk001,249,0.41902494,74,They provided the court a list of deficiencies contained in the Royal Decree regarding the protection and safeguards in place for families and children. The applicants...
3,Subsidiary Protection Definition,203_chunk001,489,0.4178187,75,The husband has a subsisting relationship with each wife and there are children of both marriages. All...
3,Subsidiary Protection Definition,981_chunk001,168,0.417479,76,"Upon appeal, the applicant argued that he is a Palestinian refugee, and that he is eligible of UNRWA protection despite not having been registered with and not having received material assistance from UNRWA or lived in its area of operation. The applicant claimed to fall within the personal scope of Article 1D..."
3,Subsidiary Protection Definition,4231_chunk000,34,0.41699812,77,"The case concerned the question whether the State Secretary had correctly established the date from which the applicant benefits of asylum, how to establish the date of application."
3,Subsidiary Protection Definition,633_chunk000,357,0.41676795,78,"The legal question concerned a situation in which the applicant (a third country national) claimed asylum based on events that had happened in another EU MS in which the applicant had lived and towards which the Dublin Regulation was applicable. In the current case, a Nigerian national claimed she was in danger of persecution and serious harm in Spain due to her ex-husband."
3,Subsidiary Protection Definition,987_chunk001,283,0.41666847,79,"For the Council of State, the State is bound to cover the costs of any civil sentence against its public officials, to protect them if they are the subject of criminal proceedings and protect them against threats, violence, assault, verbal abuse, defamation or insult to which they may be subjected in the course of their duties. This overarching..."
3,Subsidiary Protection Definition,4233_chunk001,43,0.41664112,80,The applicant complained of the legality of the administrative detention and of the procedural issues related to this...
3,Subsidiary Protection Definition,658_chunk000,303,0.4140426,81,"On November 2018, the Supreme Court of Madrid ruled that the Spanish authorities had to ensure the access to a reception centers to an international protection applicant who previously abandon the assigned center to travel to the Netherlands."
3,Subsidiary Protection Definition,584_chunk001,298,0.41319215,82,The Court held that there is no obligation on the decision makers to contact bodies within the countries of origin to verify individual...
3,Subsidiary Protection Definition,44_chunk001,496,0.41241345,83,The administrative authority (Ministry of Interior) refused to grant the applicants the international protection. It concluded that according to the...
3,Subsidiary Protection Definition,1013_chunk001,261,0.41192332,84,"The Supreme Administrative Court held that where, at the request of a Regional Court, a complainant delivers submissions that complete the action to a different court (without territorial jurisdiction), the timeliness of such submission is maintained only where the Regional Court without territorial jurisdiction passes on or sends on the submission by means of a..."
3,Subsidiary Protection Definition,5890_chunk001,7,0.41189027,85,"On 22 August 2018, at the applicants' request, the ECtHR, under the interim measure procedure, ordered the Hungarian Government to ensure that the environment in which the applicants were placed..."
3,Subsidiary Protection Definition,178_chunk000,460,0.40806946,86,"The Court gave guidance on the general approach to be adopted in law and practice by the First-tier Tribunal and Upper Tribunal where claims for asylum were made by children, young people, and other incapacitated or vulnerable persons whose ability to participate effectively in proceedings might be limited."
3,Subsidiary Protection Definition,125_chunk000,414,0.40789896,87,"The Supreme Administrative Court finds that the mere fact that the appellant is told to be in regular contact with the families, not in itself be regarded as evidence that he was required by the return of the Directive any degree of certainty would be returned to any family member or designated guardian, or that for him would be adequate reception at home at home .

..."
3,Subsidiary Protection Definition,3168_chunk001,83,0.4078412,88,"In the first appeal procedure, the Administrative Court noted that the balance of interests shall account..."
3,Subsidiary Protection Definition,656_chunk000,505,0.40709028,89,The case concerns an appeal against the decision of the Court of The Hague of 5 October 2016 in case no. 16/20135. The Administrative Jurisdiction Division of the Council of State clarified that the Immigration and Naturalisation Service (IND ) is required to assess in an individual manner whether the criteria for protection still exist.
3,Subsidiary Protection Definition,932_chunk000,254,0.40705296,90,The case concerns a take charge request from Greece to Austria which was rejected by Austria. The Federal Office reasoned that the Dublin consultation procedure is a process between the Member States.
3,Subsidiary Protection Definition,3250_chunk001,89,0.4069664,91,"Thus, the repealed provision, which states that the absence of proof of possession of the means to support oneself constitutes a threat to public order or safety and is a factor to be taken into account when assessing the duration of an entry ban of up..."
3,Subsidiary Protection Definition,3964_chunk000,54,0.40620568,92,"The case concerned a family from Azerbaijan who unsuccessfully applied for international protection. In their subsequent application, they requested interpretation in Turkish language because of concerns that Azerbaijan interpreters may be in contact with the domestic authorities."
3,Subsidiary Protection Definition,955_chunk001,177,0.40439487,93,In September 2018 the application was refused by the Minister for Justice on the basis that it had not been submitted within 12 months of the grant of refugee status as required by section 56(8) of the International Protection Act 2015. The applicant then...
3,Subsidiary Protection Definition,3240_chunk001,99,0.40374914,94,"- the State Secretariat for Migration (SEM) and the Federal Administrative Court (TAF), in both first and second instance procedures, have based their decisions to reject the application for international protection on claims that the applicant's testimony lacked credibility and that the authenticity of the documents he presented was..."
3,Subsidiary Protection Definition,45_chunk000,442,0.4013096,95,The administrative authority considered applicant's another subsequent application (third application) for international protection inadmissible and terminated the proceedings according to the provisions of the Act on Asylum implementing Art. 33(2)(d) and Art. 40 of the Recast Asylum Procedures Directive.
3,Subsidiary Protection Definition,119_chunk000,396,0.401199,96,The case concerns the request to extend international protection to the parents of the applicant (Syrian father and a Palestinian mother) who was granted refugee status in Spain. Spanish authorities rejected the case as they considered that the dependency criteria requested by the Asylum Law in cases of family reunification of ascendants was not accredit in this case.
3,Subsidiary Protection Definition,85_chunk000,486,0.40104985,97,Main issues may be summarized as follows: i) Regulation 604/13/EU (the Dublin Regulation) occupies the field to which it applies and operates as a measure of supreme EU law therein. (ii) It is not open to the Secretary of State to unilaterally and selectively disapply certain provisions of the Dublin Regulation and its sister implementing Commission Regulation as this is contrary to EU law.
3,Subsidiary Protection Definition,576_chunk001,356,0.40006852,98,"The applicant advanced a number of grounds for annulment in support of the plea, for instance, the fact that the duration of 21 months for the..."
3,Subsidiary Protection Definition,976_chunk001,183,0.39981365,99,The Court of Cassation due to the low-profile status of the plaintiff as one of the many construction workers involved in the construction of flood protection structures without a sufficient level of individualizing elements concerning the plaintiff and with respect to the story provided by him did not find the conclusion...
4,Perceived Plausibility Of Past Events,996_chunk001,191,0.641067,0,...
4,Perceived Plausibility Of Past Events,61_chunk001,559,0.641067,1,...
4,Perceived Plausibility Of Past Events,951_chunk000,188,0.507604,2,The case concerns the risk situation in case of return to the country of origin as well as fear of persecution by the Taliban forces.
4,Perceived Plausibility Of Past Events,584_chunk001,298,0.49124348,3,The Court held that there is no obligation on the decision makers to contact bodies within the countries of origin to verify individual...
4,Perceived Plausibility Of Past Events,927_chunk000,246,0.4852119,4,"In the Senate's conviction, a comprehensive assessment of the current state of knowledge now lacks sufficient evidence to suggest that Syrian retired military-age returnees (conscripts, reservists) who have evaded from military service due to flight abroad are likely to be linked to ( alleged) oppositional or anti-regime sentiments of Syrian security forces to fear persecution (change in the Senat"
4,Perceived Plausibility Of Past Events,45_chunk001,443,0.48315227,5,The administrative authority concluded that no new elements or findings have arisen or have been presented by the applicant. As regards the situation in the country of origin (Ukraine) the...
4,Perceived Plausibility Of Past Events,168_chunk000,575,0.46839702,6,"The Court confirmed that based on information from the UNHCR, the US Department of State and the Foreign Office, the Administrative Court has stated that the findings of the Bihari situation in Bangladesh do not provide any evidence for group persecution."
4,Perceived Plausibility Of Past Events,148_chunk000,523,0.4615307,7,The case concerns “sur place” asylum claims.
4,Perceived Plausibility Of Past Events,935_chunk001,159,0.45956394,8,The woman experienced various...
4,Perceived Plausibility Of Past Events,972_chunk001,193,0.45616686,9,"Inter alia, the applicant challenged the incorrect legal assessment of the genuineness of his conversion, while mainly reprehending the non-application of the ‘benefit of doubt' principle, insufficient verification of his faith resulting from the fact that only one interview was carried out, during which the defendant failed to focus to a sufficient..."
4,Perceived Plausibility Of Past Events,650_chunk000,295,0.45585197,10,The case concerns the suspension of the implementation of a decision on refusal of international protection.
4,Perceived Plausibility Of Past Events,583_chunk000,340,0.45298755,11,Two related cases involved applicants applying for asylum on the basis of claiming persecution because of their sexual orientation. The applicants submited that the correct standard of proof required should be a reasonable degree of likelihood.
4,Perceived Plausibility Of Past Events,4231_chunk000,34,0.44800156,12,"The case concerned the question whether the State Secretary had correctly established the date from which the applicant benefits of asylum, how to establish the date of application."
4,Perceived Plausibility Of Past Events,964_chunk001,221,0.44518167,13,"The line of reasoning of the defendant who claims that the plaintiff had a legal representative present during the hearing who, unlike the plaintiff, is well versed in the law, could not hold, since the examination of the asylum seeker in the court proceedings represents one of the most important..."
4,Perceived Plausibility Of Past Events,19_chunk001,413,0.44412026,14,"In connection with the return to home country, the reunification with the family could, in the light of the evidence presented in the case, in itself be considered to be in A's interest. To return home to A's..."
4,Perceived Plausibility Of Past Events,183_chunk001,578,0.44245106,15,"In all five judgments, the European Court found that the applicants did not have at their disposal an effective and speedy..."
4,Perceived Plausibility Of Past Events,992_chunk001,259,0.44155276,16,"The Council of State rejected OFPRA's appeal in a case concerning an Iraqi national, who was involved with the Peshmerga, that the Court had recognised as a refugee on the grounds of his fears of persecution from the Islamic State organisation on account of his political opinions. In its appeal, the Office reproached the..."
4,Perceived Plausibility Of Past Events,4233_chunk001,43,0.4387229,17,The applicant complained of the legality of the administrative detention and of the procedural issues related to this...
4,Perceived Plausibility Of Past Events,926_chunk001,382,0.4381972,18,"ization, when returning to Ethiopia, there is in principle no significant fear of persecution..."
4,Perceived Plausibility Of Past Events,582_chunk000,291,0.43683663,19,The High Court refused an application for judicial review by the applicant of a decision refusing him subsidiary protection. The national decision maker did not find the applicant's assertions that he was “not mentally ok” to be credible.
4,Perceived Plausibility Of Past Events,4992_chunk001,19,0.4352718,20,"In support of his application, the applicant claimed that he feared persecution in Russia due to his previous participation in demonstrations against the war in Ukraine and his support to the opposition."
4,Perceived Plausibility Of Past Events,366_chunk000,312,0.43430626,21,"In this case the applicant (Nigeria) arrived to Ireland in October 2016. He claimed to be bisexual and that he was the subject of an attempt to force him to join a cult in Nigeria. On May 2017, the International Protection Office informed him the refusal of his application for protection on the ground of lack of credibility. He appealed the decision."
4,Perceived Plausibility Of Past Events,938_chunk001,200,0.43426853,22,"The foreign national argues that the objectivity of decision-making is at stake and that the state secretary has acted in violation of the so-called four-eyes principle.

According to the..."
4,Perceived Plausibility Of Past Events,3250_chunk001,89,0.43352354,23,"Thus, the repealed provision, which states that the absence of proof of possession of the means to support oneself constitutes a threat to public order or safety and is a factor to be taken into account when assessing the duration of an entry ban of up..."
4,Perceived Plausibility Of Past Events,175_chunk000,470,0.43325192,24,The Upper Tribunal Ruled that: i) There is no general duty of inquiry upon the examiner to authenticate documents produced in support of a protection claim. There may be exceptional situations when a document can be authenticated by a simple process of inquiry which will conclusively resolve the authenticity and reliability of a document.
4,Perceived Plausibility Of Past Events,2506_chunk001,113,0.42975593,25,The applicant also had a child and invoked the protection of family life and best interests of the child as a...
4,Perceived Plausibility Of Past Events,505_chunk000,322,0.42910147,26,Judgment 1.
4,Perceived Plausibility Of Past Events,2511_chunk000,140,0.42856616,27,"The Federal Administrative Court allowed an appeal on points of law in order to clarify the  requirements for the assessment of a 'strong presumption' (European Union, Court of Justice of the European Union [CJEU], EZ v Bundesrepublik Deutschland (Federal Republic of Germany), C-238/19, ECLI:EU:C:2020:945, 19 November 2020 - paragraph 57) for a link between the refusal of military service..."
4,Perceived Plausibility Of Past Events,4709_chunk000,30,0.42714086,28,"A Syrian national requested international protection in Germany, alleging a well-founded fear of persecution in his country of origin due to the ongoing civil war and a risk of forced conscription."
4,Perceived Plausibility Of Past Events,146_chunk000,419,0.42666113,29,The case concerns the issuance of Convention Travel Documents.
4,Perceived Plausibility Of Past Events,1010_chunk001,210,0.42642903,30,"Under the Dublin III proceedings, the applicant was interviewed and stated that he had left Libya because of the war and..."
4,Perceived Plausibility Of Past Events,633_chunk000,357,0.42605132,31,"The legal question concerned a situation in which the applicant (a third country national) claimed asylum based on events that had happened in another EU MS in which the applicant had lived and towards which the Dublin Regulation was applicable. In the current case, a Nigerian national claimed she was in danger of persecution and serious harm in Spain due to her ex-husband."
4,Perceived Plausibility Of Past Events,3964_chunk001,55,0.42519566,32,During the interview it was noted that the interpreter had to explain the questions multiple times and that even the interpreter admitted that his interpretation was not always accurate. Although the...
4,Perceived Plausibility Of Past Events,51_chunk001,451,0.423926,33,"rst application for international protection lodged in 2006.

Those elements that could have..."
4,Perceived Plausibility Of Past Events,204_chunk000,530,0.4235314,34,"On the facts of this case, the applicant's solicitor informed the Tribunal that the applicant would prefer not to attend his hearing because he was concerned that his attendance would have an adverse effect on him in the light of his post-traumatic stress disorder."
4,Perceived Plausibility Of Past Events,4036_chunk000,38,0.42323893,35,The case concerned an application for asylum submitted by an applicant from Iraq and for which the Finnish Immigration Service considered that he had a well-founded fear of persecution based on religious grounds but excluded him from protection for alleged commission of a serious non-political crime.
4,Perceived Plausibility Of Past Events,3231_chunk000,126,0.42262602,36,"In January 2022, the Cassation Court of France ruled that a bone examination was insufficient to confirm the applicant's majority. The court specified that, for such examinations to be considered conclusive, they should be corroborated by civil status records and social assessments."
4,Perceived Plausibility Of Past Events,24_chunk001,522,0.42190468,37,A has requested permission from her own and her minor children to appeal the administrative...
4,Perceived Plausibility Of Past Events,137_chunk000,570,0.42164895,38,"In a case of a Somali applicant related to family reunification, the Supreme Court held that the trial judge was incorrect in forming the view that the potential financial consequences for the State of allowing a discretionary family reunification application cannot be taken into account in the overall assessment as to how the Minister's discretion under the 1996 Act should be exercised."
4,Perceived Plausibility Of Past Events,511_chunk001,377,0.4216196,39,"When the application was granted, it was assumed that the conditions in their home country were unstable and that the women and her daughter risked being subjected to inhuman treatment. The revocation was justified by the fact..."
4,Perceived Plausibility Of Past Events,576_chunk001,356,0.41859898,40,"The applicant advanced a number of grounds for annulment in support of the plea, for instance, the fact that the duration of 21 months for the..."
4,Perceived Plausibility Of Past Events,989_chunk001,271,0.41778767,41,"The Council of State upheld the CNDA's decision and rejected OFPRA's appeal on the grounds that the Court's sovereign assessment on the applicant's inadequate understanding and mastery of the English language could not be denatured. In this case, the Office's inadmissibility decision on the grounds of late submission was..."
4,Perceived Plausibility Of Past Events,4999_chunk001,13,0.41741186,42,"The Ministry of Home Affairs found that the responsible State for examining the application under the Dublin III Regulation was Hungary, as the applicant had a Hungarian..."
4,Perceived Plausibility Of Past Events,976_chunk001,183,0.41710615,43,The Court of Cassation due to the low-profile status of the plaintiff as one of the many construction workers involved in the construction of flood protection structures without a sufficient level of individualizing elements concerning the plaintiff and with respect to the story provided by him did not find the conclusion...
4,Perceived Plausibility Of Past Events,4036_chunk001,39,0.414773,44,The Supreme Administrative Corut had to determine whether the administrative court could have assessed the application of the exclusion clause in the case without holding an oral...
4,Perceived Plausibility Of Past Events,37_chunk000,541,0.4141754,45,"This request for a preliminary ruling concerns the interpretation of Articles 3(2) and 17(1) of the Dublin III Regulation, Article 267 TFEU and Article 4 of the EU Charter of Fundamental Rights."
4,Perceived Plausibility Of Past Events,5890_chunk001,7,0.41363794,46,"On 22 August 2018, at the applicants' request, the ECtHR, under the interim measure procedure, ordered the Hungarian Government to ensure that the environment in which the applicants were placed..."
4,Perceived Plausibility Of Past Events,3240_chunk001,99,0.4127285,47,"- the State Secretariat for Migration (SEM) and the Federal Administrative Court (TAF), in both first and second instance procedures, have based their decisions to reject the application for international protection on claims that the applicant's testimony lacked credibility and that the authenticity of the documents he presented was..."
4,Perceived Plausibility Of Past Events,171_chunk000,534,0.41252762,48,The Upper Tribunal had been justified in rejecting an asylum seeker's account that scarring on his body had been caused by torture administered by the Sri Lankan authorities and in inferring that it was self-inflicted.
4,Perceived Plausibility Of Past Events,84_chunk001,544,0.41169867,49,The applicant's family home was attacked three times in 2008 by masked men demanding money. The applicant believes those...
4,Perceived Plausibility Of Past Events,6098_chunk000,8,0.41154152,50,"An Egyptian national lodged a subsequent application for international protection, claiming that he feared persecution in the event of return to Egypt on account of his sexual orientation. The Office for the Protection of Refugees and Stateless Persons (OFPRA) rejected the application on 27 April 2022."
4,Perceived Plausibility Of Past Events,654_chunk001,352,0.4102818,51,"The examination concluded that the applicant was 18 years old, with a standard deviation of 6 months, meaning that..."
4,Perceived Plausibility Of Past Events,3270_chunk001,103,0.4102539,52,The Council of State held that the appeal against a refusal to examine the request for international protection in the regular procedure is admissible only if the person concerned is able to establish that the transfer period has expired and the transfer can no...
4,Perceived Plausibility Of Past Events,932_chunk000,254,0.4101743,53,The case concerns a take charge request from Greece to Austria which was rejected by Austria. The Federal Office reasoned that the Dublin consultation procedure is a process between the Member States.
4,Perceived Plausibility Of Past Events,48_chunk001,518,0.4100546,54,The Police found out from the Eurodac database of fingerprints that the applicant applied for...
4,Perceived Plausibility Of Past Events,201_chunk001,423,0.40991384,55,"It was submitted on behalf of the applicant that a family could be a social group, and that the Tribunal had failed to assess whether..."
4,Perceived Plausibility Of Past Events,115_chunk000,408,0.40868407,56,"The National High Court noted that there are indications that the applicant and his family have actually been victims of persecution on the part of the Mara Salvatrucha (gang) for their resistance to being extorted, as well as that, in spite of informing the Honduran authorities, these they have not dispensed the applicant and his family effective protection."
4,Perceived Plausibility Of Past Events,52_chunk000,563,0.40801606,57,"On 13 April 2010, Ms. Danqua, a Ghanaian national, applied for refugee status in Ireland arguing that she feared trokosi practices, a form of ritual servitude practised in Ghana predominantly affecting women. In a report dated 16 June 2010, the Refugee Applications Commissioner (Ireland) issued a negative recommendation in respect of that application because of its lack of credibility."
4,Perceived Plausibility Of Past Events,994_chunk001,243,0.40762213,58,"The Council of State overturned the CNDA's decision, ruling directly for the first time on the legal characterisation of facts in a case regarding application of Article L. 711-6. The Council of State had already extended control over the decisions of the CNDA as to the legal characterisation of facts on exclusion issues (CE, 9 November 2016,..."
4,Perceived Plausibility Of Past Events,88_chunk000,438,0.4059139,59,"The Court of Appeal confirmed that the First-tier Tribunal had been entitled to refuse an asylum seeker's appeal against the refusal of her claims for asylum and humanitarian protection. She had failed to establish a well-founded fear of persecution if returned to Iran on the basis of her political activities, conversion to Christianity, and the risk of domestic violence from her husband..."
4,Perceived Plausibility Of Past Events,3963_chunk000,72,0.40479493,60,"On 7 January 2021, the applicant submitted a subsequent application for international protection, stating that his activities in the country of origin were related to religion, not politics, as he had converted to Christianity in Iran. As a result of this he had problems with the police and with his family, even though he was not baptized."
4,Perceived Plausibility Of Past Events,656_chunk000,505,0.40434313,61,The case concerns an appeal against the decision of the Court of The Hague of 5 October 2016 in case no. 16/20135. The Administrative Jurisdiction Division of the Council of State clarified that the Immigration and Naturalisation Service (IND ) is required to assess in an individual manner whether the criteria for protection still exist.
4,Perceived Plausibility Of Past Events,1088_chunk001,339,0.40406722,62,The Council of State held that if the applicants would be refused travel vouchers such a situation is likely to amount to a serious and manifestly unlawful interference with their right to enjoy a procedure for examining...
4,Perceived Plausibility Of Past Events,636_chunk001,375,0.40375894,63,A different interpretation may also lead to a situation which constitutes a violation of Article 1 of the...
4,Perceived Plausibility Of Past Events,608_chunk000,344,0.40356612,64,"Three country nationals, C, J, and S, had their applications for international protection rejected in the Netherlands and were detained with a view to preparing their return. C's application for international protection was rejected on 11 April 2017, and C was detained on 13 April."
4,Perceived Plausibility Of Past Events,3207_chunk001,87,0.40299028,65,"The determining authority considered that there is no risk for the applicant as his father died in 2017, he was a former professional soldier, and his mother..."
4,Perceived Plausibility Of Past Events,151_chunk001,403,0.40296185,66,"None of them possessed documentary evidence supporting their claimed ages and were referred for medical age assessments consisting of an X-ray of the left hand and wrist and a dental X-ray (Liversidge and Haavikko methods).

Following the assessments, in..."
4,Perceived Plausibility Of Past Events,4019_chunk000,58,0.40291315,67,"The applicant is a girl born in Denmark to parents who are ethnically Somali and Sunni Muslims. The applicant's parents have referred to the fact that they, on the applicant's behalf, fear that the applicant will be at risk of being exposed to FGM/C if returned to Somalia."
4,Perceived Plausibility Of Past Events,2505_chunk000,141,0.40286165,68,"The applicant, national of Mali, applied for international protection in Germany but based on EURODAC findings his application was rejected as inadmissible as Italy was responsible to process his application."
4,Perceived Plausibility Of Past Events,649_chunk000,318,0.40226275,69,"If an affiliate with a time-limited residence permit and status as an alternative person in need of protection can be considered to have well-founded prospects of being granted a permanent residence permit, it can be judged on the basis of how likely it is that the need for protection remains when the current permit expires."
4,Perceived Plausibility Of Past Events,995_chunk001,239,0.4015239,70,"Persons from the West Bank can claim to have legitimate fears with regard to Israel, which is not a third State vis-a-vis the West Bank. In this case, the CNDA had rejected the appeal of an applicant from the West Bank after having ruled that he came exclusively under the jurisdiction of the Palestinian Authority. Yet the Council of State..."
4,Perceived Plausibility Of Past Events,4998_chunk001,17,0.4004749,71,The Ministry for Home Affairs...
4,Perceived Plausibility Of Past Events,4167_chunk001,65,0.4003136,72,"The Court dismissed the appeal without an oral hearing considering that, although the applicant was still of military service age, there was no greater risk of..."
4,Perceived Plausibility Of Past Events,176_chunk001,529,0.3991352,73,The suggestion that the Article 17 discretion falls to be exercised only where the family reunification criteria in Article 8 are not satisfied is misconceived. ...
4,Perceived Plausibility Of Past Events,957_chunk001,172,0.39823654,74,"The appellant claimed her stalker enjoyed political influence and/or protection in Albania so her complaints to the police were not effective, and therefore she fled Albania and claimed asylum in Ireland."
4,Perceived Plausibility Of Past Events,3957_chunk001,67,0.39745855,75,"The ministry collected ten documents with COI, which were not commented on by the applicant. By decision of 3 January..."
4,Perceived Plausibility Of Past Events,84_chunk000,543,0.39716855,76,"In summary, the applicant claims as follows. He is a national of the Democratic Republic of Congo. He has a well-founded fear of persecution if returned to that country on the ground of his membership of a particular social group, specifically his family, and of his political opinion, specifically his membership of, and involvement with, the UDPS political party there."
4,Perceived Plausibility Of Past Events,3957_chunk000,66,0.39669836,77,"An applicant from Transnistria, with Moldovan nationality, who applied for international protection in Czechia, stated at the end of the interview, when asked by the case officer, that he would waive the right to comment on the country of origin (COI) documents which would be used in the case file as evidence, noting that he knew the situation in Moldova and Transnistria."
4,Perceived Plausibility Of Past Events,4729_chunk000,24,0.39655387,78,"A national of Tajikistan from the Pamiri ethnic group requested international protection in Luxembourg on 16 January 2020, claiming a risk of persecution due to his political activities related to revealing unlawful practices and abuses of power within the State."
4,Perceived Plausibility Of Past Events,2507_chunk001,133,0.3965091,79,"On 24 April 2018 the attempted transfer was unsuccessful as the applicant was not found in his room in the accommodation, but the transfer..."
4,Perceived Plausibility Of Past Events,3955_chunk001,47,0.39648205,80,A woman T. offered to help and organise her travel to Europe for which in return E.A. was asked to pay once she reached Europe. E.A. was first smuggled to Libya in 2016 and then sold twice to organised...
4,Perceived Plausibility Of Past Events,3272_chunk000,116,0.3962745,81,The Bavarian Higher Administrative Court decided on a case regarding the criminal liability of religious orders when providing support for an unauthorised stay by granting church asylum to individuals under the Dublin procedure.
4,Perceived Plausibility Of Past Events,997_chunk001,187,0.39556444,82,"The Council of State, in its rejection of the applicant's appeal, opined that only the women who managed to effectively escape the trafficking ring could be considered as belonging to the social group of Nigerian women from the State of Edo who were victims of a human trafficking network for sexual exploitation. With this decision, the Council..."
4,Perceived Plausibility Of Past Events,951_chunk001,189,0.3953315,83,"The Regional Court had dismissed the administrative action for the following reasons:
- there are no individual circumstances which the applicant should reasonably assess a well founded fear of persecution. It has not been shown in the proceedings that the applicant had certain political views, nor has it been shown that the Taliban..."
4,Perceived Plausibility Of Past Events,4729_chunk001,25,0.39510375,84,"By decision of 23 December 2021, his request was rejected as unfounded on the ground that his statements lacked credibility and was ordered to leave the territory within 30 days. He appealed the decision, and the appeal was dismissed..."
4,Perceived Plausibility Of Past Events,4037_chunk001,49,0.39509457,85,"The application was rejected based on a written opinion of the State Agency for National Security (SANS), which concluded that the applicant constitutes a threat to national security and should not be granted protection in Bulgaria. The Administrative Court of Sofia city validated the negative decision, and the applicant..."
4,Perceived Plausibility Of Past Events,1648_chunk001,152,0.39487952,86,"On 17 November 2011, the Federal Asylum Office rejected again the application, after having found also that the applicant was from Nigeria and ordered the return...."
4,Perceived Plausibility Of Past Events,943_chunk000,257,0.3946844,87,"In its rulings of 1 February 2017, ECLI:NL:RVS:2017:209 and ECLI:NL:RVS:2017:210, the Council of State found that the Minister for Migration had rightly designated Morocco as a safe country of origin and that the information provided in this case does not lead to a..."
4,Perceived Plausibility Of Past Events,3269_chunk001,129,0.39445844,88,"After a new consultation of the Eurodac file, the German authorities were again seized with a..."
4,Perceived Plausibility Of Past Events,947_chunk000,244,0.393228,89,This ruling is about the position of supporters of the Gülen movement (hereinafter: Gülenists) in Turkey after the attempted coup d'état of 15 July 2016. It is evident from the information submitted that a considerable number of persons have been put in prison.
4,Perceived Plausibility Of Past Events,204_chunk001,531,0.39318034,90,"The Tribunal, applying reg.8(11)(b) of the European Union (Subsidiary Protection) Regulations 2013, decided it was in the interests of justice to hold an oral hearing (the Tribunal wished to raise in person with the applicant..."
4,Perceived Plausibility Of Past Events,654_chunk000,351,0.39290094,91,"F.L., a Cameroonian national claiming to be a minor, applied for international protection in Belgium on 8 January 2018. On the same day, based on his physical appearance and statements, the Minors and Victims of Trafficking in Human Beings Unit of the Belgian Immigration Office expressed doubts as to his claimed minority and referred him for an immediate medical age assessment."
4,Perceived Plausibility Of Past Events,1000_chunk000,173,0.39284933,92,"The CNDA overturned the decision of the OFPRA who rejected the asylum request of three female applicants belonging to the Wolof ethnic group in Gambia, on the basis that the prevalence rate of FGM/C in this ethnic group is low (12.3%)."
4,Perceived Plausibility Of Past Events,3286_chunk001,123,0.39240956,93,"The Supreme Court confirmed that the application for international protection implies the suspension of the removal procedure for irregular stay that could affect the applicant, until the Administration issues an initial decision..."
4,Perceived Plausibility Of Past Events,959_chunk001,251,0.39222062,94,"The evidence before the court was that between 2010 and 2017 the Minister for Justice accepted applications for family reunification from refugees who had acquired Irish citizenship by naturalisation, but on foot of legal advice in 2017 the..."
4,Perceived Plausibility Of Past Events,3968_chunk001,75,0.39185703,95,"After other unsuccessful applications, the SEM allowed the reconsideration of the case in 2018 and the applicant was allowed to submit evidence and replies. His application was rejected, and he appealed..."
4,Perceived Plausibility Of Past Events,542_chunk000,466,0.3908673,96,"On 22 October 2022, Mr. Ouhrami, an Algerian national, was considered a threat to public policy and declared undesirable by a decision from the Minister for Immigration and Integration in the Netherlands. The Minister indicated in the decision that in the years 2000 to 2002, Mr."
4,Perceived Plausibility Of Past Events,925_chunk001,227,0.3902761,97,", due to systemic weaknesses in accordance with Article 3(2) of the Dublin III..."
4,Perceived Plausibility Of Past Events,196_chunk001,473,0.38946488,98,"Based on Chapter III of the Dublin III Regulation, the Office of the Refugee Applications Commissioner determined that the United Kingdom was responsible to assess applicant's applications. At this point, the..."
4,Perceived Plausibility Of Past Events,3276_chunk001,77,0.38858432,99,The court noted that Romania was already unprepared to accommodate asylum applicants before the Ukrainian crisis and that with the high influx of persons...
