docno,text
5442_chunk000,The Constitutional Court rejected the complaint submitted by a Syrian national on grounds of a potential violation of Articles 2 and 3 of the European Convention on Human Rights (ECHR) due to the decision to remove the applicant and return him to Syria. The Constitutional Court did not find procedural deficiencies in the Federal Administrative Court decision.
5442_chunk001,The Constitutional Court considered that the Federal Administrative Court duly assessed both the security and supply...
5443_chunk000,The Constitutional Court dismissed a complaint against the decision of the Federal Administrative Court concerning detention of a Syrian applicant pending return. It found that the lower court correctly assessed that the detention pending return and its extension were lawful.
5443_chunk001,"It noted also that the lower court duly considered the admissibility of the removal on basis of current country of origin reports on Syria, by assessing both the security and supply situation in Syria as well as the..."
5889_chunk000,"The applicants, F.S. and A.S., two brothers who fled Afghanistan after losing their parents in a bombing, travelled through Pakistan, Iran, Turkey, Bulgaria and Serbia before arriving in the Hungarian transit zone in Röszke on 24 October 2017. There, they were detained in a 5-person container on their own and applied for asylum."
5889_chunk001,"Upon registration, they were asked their ages by the authorities and claimed to be 14 and 7 years old respectively. As they were undocumented, they..."
5890_chunk000,"Six Iraqi nationals, a family of two parents and their four minor children, entered the Hungarian transit zone bordering Serbia on 10 July 2018 and submitted an asylum application. On the same day, the asylum authority designated the transit zone in Tompa as the applicants' place of stay."
5890_chunk001,"On 22 August 2018, at the applicants' request, the ECtHR, under the interim measure procedure, ordered the Hungarian Government to ensure that the environment in which the applicants were placed..."
6098_chunk000,"An Egyptian national lodged a subsequent application for international protection, claiming that he feared persecution in the event of return to Egypt on account of his sexual orientation. The Office for the Protection of Refugees and Stateless Persons (OFPRA) rejected the application on 27 April 2022."
6098_chunk001,"The applicant appealed that decision before the National Court of Asylum (CNDA), which dismissed the appeal on 9 May 2023 on the ground that Egyptian criminal law does not criminalise same-sex..."
5761_chunk000,"A. and B., together with their two children, requested international protection in Romania on 12 July 2023 and in Switzerland on 26 July 2023. On 11 August 2023, they submitted an application for recognition of statelessness in Switzerland, claiming to be stateless Maktumin from Syria."
5761_chunk001,"On 7 November 2023, the State Secretariat for Migration (SEM) rejected their asylum application and ordered their transfer to Romania. By separate decision, also dated 7 November 2023, the SEM rejected the..."
4999_chunk000,"The applicant is a national from Ethiopia. On 26 January 2024, the applicant requested international protection in Luxembourg. In support of her application, she claimed that she feared persecution and rape on account of her membership of the Ahmara ethnic group."
4999_chunk001,"The Ministry of Home Affairs found that the responsible State for examining the application under the Dublin III Regulation was Hungary, as the applicant had a Hungarian..."
4997_chunk000,"The applicants were a married couple and their child, of Armenian ethnicity, originating from the autonomous region of Nagorno-Karabakh. On 31 August 2021 they applied for international protection in Germany. In support of their application they claimed that the husband (applicant 1) had been drafted to the army in Nagorno-Karabakh after the outbreak of the war in September 2020."
4997_chunk001,"After his wife (applicant 2) moved to Yerevan (Armenia), he decided to leave the army..."
4998_chunk000,"The applicant is a national of Iran. On 27 December 2023, he requested international protection in Luxembourg. In support of his application, he claimed he feared persecution, inhumane and degrading treatment or even the death penalty because of his homosexuality, his opposition to the Iranian government and his support to the “organisation of the Mujahedin of the Iranian People”."
4998_chunk001,The Ministry for Home Affairs...
4992_chunk000,"The applicant is a national of Russia. In December 2023, he travelled to Czechia after receiving a Schengen tourist visa at the Hungarian embassy in Russia. On 24 December 2023, he requested international protection in Czechia."
4992_chunk001,"In support of his application, the applicant claimed that he feared persecution in Russia due to his previous participation in demonstrations against the war in Ukraine and his support to the opposition."
4962_chunk000,"On 17 March 2021, the applicant applied for recognition of statelessness. In support of her application, she claimed that she was a Latvian non-citizen, which represents a category of people who lived in Latvia when it was still a part of the Soviet Union and then remained there after 1991 without acquiring Latvian citizenship."
4962_chunk001,"On 19 July 2022, the Ministry of the Interior denied the request for statelessness. The applicant..."
4828_chunk000,"A Burundian national belonging to the Tutsi community applied for asylum on 18 March 2022. He fled Burundi in 2015 because he feared persecution based on his work as an independent consultant and supporter/translator for journalists. Before arriving in the Netherlands, the applicant resided in Rwanda and Kenya. However, he did not feel safe in either country and feared refoulement to Burundi."
4828_chunk001,"On 1 August 2023, the Minister for Asylum and Migration declared..."
4729_chunk000,"A national of Tajikistan from the Pamiri ethnic group requested international protection in Luxembourg on 16 January 2020, claiming a risk of persecution due to his political activities related to revealing unlawful practices and abuses of power within the State."
4729_chunk001,"By decision of 23 December 2021, his request was rejected as unfounded on the ground that his statements lacked credibility and was ordered to leave the territory within 30 days. He appealed the decision, and the appeal was dismissed..."
4730_chunk000,"A national of Guinea requested international protection in Luxembourg on 31 May 2022, relying on his political activism, and in particular on his participation in various demonstrations severely repressed by the political power in place, which led to him being imprisoned and tortured by the Guinean authorities."
4730_chunk001,"By decision of 8 December 2022, his request was rejected as unfounded and was ordered to leave the territory within 30 days. He appealed the decision, and the appeal was dismissed by..."
4728_chunk000,"A national of Belarus requested international protection in Luxembourg on 7 February 2020. By decision of 27 September 2019, her request was rejected as unfounded and she was ordered to leave the territory within 30 days. She appealed the decision, and her appeal was dismissed by final decision of the Administrative Court on 28 June 2022."
4728_chunk001,"On 20 February 2024, the applicant lodged a second application for international protection with the Ministry and on the same day she was heard by..."
4709_chunk000,"A Syrian national requested international protection in Germany, alleging a well-founded fear of persecution in his country of origin due to the ongoing civil war and a risk of forced conscription."
4709_chunk001,"By decision of 16 August 2017, the Federal Office for Migration and Refugees (BAMF) granted subsidiary protection to the applicant, and also to his wife and their four children, noting the serious risks posed by the civil war throughout all regions of Syria. However, it..."
4960_chunk000,The applicant entered the Republic of Lithuania on 12 November 2021 via Riga International Airport and was issued a temporary residence permit valid until 11 August 2025.
4960_chunk001,"In a letter provided to the Migration Department of the Ministry of the Interior on 30 October 2023, the State Security Department of Lithuania established that the applicant was a member of a radical Islamist organisation whose ideology was contrary to the country's democratic principles and..."
4231_chunk000,"The case concerned the question whether the State Secretary had correctly established the date from which the applicant benefits of asylum, how to establish the date of application."
4231_chunk001,"In fact, the State Secretary rejected as inadmissible the first asylum application and did not process it on the merits because it determined that Germany was the Member State responsible to process it, according to the Dublin III Regulation. Since the time limit to transfer the applicant to Germany..."
4229_chunk000,The Higher Administrative Court of Saxony ruled on 12 January 2024 that a 37 year-old Russian national from Chechnya would not face conscription for military service as he is not a reservist (he was not a member of the Russian armed forces before his departure) and had already exceeded the age limit of 30 years for compulsory military service.
4229_chunk001,"The court held that only reservists, professional soldiers and volunteers would face conscription into the military. Moreover, the court noted..."
4036_chunk000,The case concerned an application for asylum submitted by an applicant from Iraq and for which the Finnish Immigration Service considered that he had a well-founded fear of persecution based on religious grounds but excluded him from protection for alleged commission of a serious non-political crime.
4036_chunk001,The Supreme Administrative Corut had to determine whether the administrative court could have assessed the application of the exclusion clause in the case without holding an oral...
4232_chunk000,"The Justice of the Peace of Naples ruled on the right to stay of a national from Peru, who lacked a legal basis for a regular stay in Italy until the application for asylum has been formalised."
4232_chunk001,"The Public Prosecutor brought an action against the applicant before the Justice of Peace of Naples for the offence provided by Legislative Decree No 286/1998, on grounds that the applicant entered and remained in the territory of the State in breach of the provisions concerning immigration rules and..."
4233_chunk000,"The case concerned an applicant from Iraq, D.S., who was residing in Samos Greece and complained of the living conditions during the administrative detention in the police office of Sidirokastro, the PROKEKA (detention center for foreigners pending expulsion) in Tavros and the Samos camp, as well as for an alleged lack of an effective remedy to contest the abovementioned."
4233_chunk001,The applicant complained of the legality of the administrative detention and of the procedural issues related to this...
4235_chunk000,"The case concerned two Iranian applicant, a father and his minor child, who entered the Röszke transit zone and applied for asylum on 5 December 2018. The asylum authority rejected the application as inadmissible and considered that Serbia was a safe third country where the applicants should have requested asylum. The decision was confirmed in court."
4235_chunk001,"Consequently, the applicants were kept in the Röszke transit zone pending their return to Serbia and the father did not receive food..."
3955_chunk000,The applicant E.A. originally comes from a farmer family in the Edo state in Nigeria and moved to live with her uncle when she was 16. The uncle threatened and sexually abused her. She became pregnant and had a forced abortion before fleeing her uncle´s place and living on the streets.
3955_chunk001,A woman T. offered to help and organise her travel to Europe for which in return E.A. was asked to pay once she reached Europe. E.A. was first smuggled to Libya in 2016 and then sold twice to organised...
4037_chunk000,"The case concerned the cassation appeal submitted by H.A., Syrian national, against the negative decision on his asylum application issued by the State Agency for Refugees."
4037_chunk001,"The application was rejected based on a written opinion of the State Agency for National Security (SANS), which concluded that the applicant constitutes a threat to national security and should not be granted protection in Bulgaria. The Administrative Court of Sofia city validated the negative decision, and the applicant..."
3960_chunk000,"The applicant, an Uzbek and Tajik national, requested international protection in Czechia on 30 September 2020, after he was arrested following a vehicle check when it was found that he was the subject of an arrest warrant in Uzbekistan. The Ministry of the Interior rejected the request by decision of 30 May 2023."
3960_chunk001,The applicant contested this decision first by appeal before the Municipal Court of Prague and subsequently by cassation complaint before the Supreme Administrative...
4184_chunk000,A third country national arrived at Schiphol Airport on 28 March 2023 and she submitted an asylum application the next day.
4184_chunk001,"The State Secretary for Justice and Security postponed the decision on her entry to the Netherlands and by decision of 29 March 2023, the State Secretary imposed a custodial measure for the duration of the processing of her asylum application in the border procedure (Article 6, third paragraph, of the Aliens Act 2000). The applicant..."
3964_chunk000,"The case concerned a family from Azerbaijan who unsuccessfully applied for international protection. In their subsequent application, they requested interpretation in Turkish language because of concerns that Azerbaijan interpreters may be in contact with the domestic authorities."
3964_chunk001,During the interview it was noted that the interpreter had to explain the questions multiple times and that even the interpreter admitted that his interpretation was not always accurate. Although the...
4164_chunk000,"VR arrived in Lithuania on 25 April 2022, with the assistance of Freedom House Foundation. He requested asylum in Lithuania after his visa for special humanitarian reasons had expired. In his asylum request, the applicant argued that he had a well-founded fear of being persecuted for his political beliefs."
4164_chunk001,The decision on his request for asylum was postponed by the Migration Department under the Ministry of the Interior until the third quarter of 2023. VR appealed against this written...
4019_chunk000,"The applicant is a girl born in Denmark to parents who are ethnically Somali and Sunni Muslims. The applicant's parents have referred to the fact that they, on the applicant's behalf, fear that the applicant will be at risk of being exposed to FGM/C if returned to Somalia."
4019_chunk001,"The applicant's parents have also referred to the fact that she and her siblings, as a result of their upbringing in Denmark have been westernized.

The Refugee Appeals Board noted about the risk of..."
3924_chunk000,The applicant contested a return decision issued on 21 December 2022 where the authorities ordered deportation to an unspecified country and requested also protection against refoulement based on Articles 2 and 3 of the ECHR.
3924_chunk001,"The applicant, a Palestinian national arrived in Cyprus via the occupied territories and was detained pursuant to the Aliens and Immigration Law and a deportation order was issued. He applied for asylum but was granted a supplementary protection status..."
3981_chunk000,"The case concerned an applicant from Belarus, a mother with her minor son who applied for asylum in Slovakia claiming a fear of persecution upon return to her home country due to opposition to the current regime. She claimed to have publicly and actively participated in anti-government protests following the 2020 presidential elections, within the territory of Slovakia."
3981_chunk001,"Furthermore, she added to have actively expressed her views as a public speaker on a stage during the demonstrations and to..."
4167_chunk000,"An applicant of Syrian nationality and Sunni Islamic religion requested international protection on 24 November 2021 in Austria. The Federal Office for Immigration and Asylum (BFA) did not grant him refugee status but subsidiary protection, a decision which he appealed to the Federal Administrative Court."
4167_chunk001,"The Court dismissed the appeal without an oral hearing considering that, although the applicant was still of military service age, there was no greater risk of..."
3957_chunk000,"An applicant from Transnistria, with Moldovan nationality, who applied for international protection in Czechia, stated at the end of the interview, when asked by the case officer, that he would waive the right to comment on the country of origin (COI) documents which would be used in the case file as evidence, noting that he knew the situation in Moldova and Transnistria."
3957_chunk001,"The ministry collected ten documents with COI, which were not commented on by the applicant. By decision of 3 January..."
4150_chunk000,The case concerned an applicant from Morocco who alleged to have fled from his country due to fear for his life. He arrived in Milan and tried since December 2022 to access the Milan Police Headquarters in order to formalise his application for international protection.
4150_chunk001,"In January 2023, he sought support from the association NAGA (Association of Voluntary Assistance to Health and the Rights of Foreigners and Nomads), to which he gave mandate to the association to express the wish of the..."
3313_chunk000,The case concerned a second appeal submitted by the BAMF after the Regional Administrative Court of Hannover dismissed a Dublin transfer to Slovenia on 21 December 2022.
3313_chunk001,"The Regional Administrative Court of Hannover, upholding the applicants submissions, had decided that the Dublin transfer would put the applicant at risk of indirect refoulment and treatment contrary to Article 3 ECHR and 4 EU Charter due to pushbacks by Slovenian authorities.

The Higher Administrative Court of..."
3963_chunk000,"On 7 January 2021, the applicant submitted a subsequent application for international protection, stating that his activities in the country of origin were related to religion, not politics, as he had converted to Christianity in Iran. As a result of this he had problems with the police and with his family, even though he was not baptized."
3963_chunk001,"He left Iran for Turkey in 2015 (where he applied for asylum) and from there he travelled to Czechia in 2019. In support of his request, the..."
3968_chunk000,The case concerned an applicant from Pakistan who applied unsuccessfully for asylum in 2012 and return was ordered. He applied for reconsideration which was assessed as subsequent application which was rejected and again an expulsion order was adopted. An appeal was again rejected.
3968_chunk001,"After other unsuccessful applications, the SEM allowed the reconsideration of the case in 2018 and the applicant was allowed to submit evidence and replies. His application was rejected, and he appealed..."
3276_chunk000,"On 12 January 2023, the Rome Tribunal confirmed its previous case law of 13 October 2022, and annulled a Dublin transfer to Romania according to Article 3(2) of the Dublin Regulation and to Article 4 of the EU Charter of Fundamental Rights of the European Union, considering that there are systemic deficiencies in the asylum system."
3276_chunk001,The court noted that Romania was already unprepared to accommodate asylum applicants before the Ukrainian crisis and that with the high influx of persons...
3406_chunk000,"The applicants, Afghan nationals including pregnant women with minor children and family members living in Germany, contested a Dublin transfer to Croatia. They entered Germany on 18 June 2022 and were apprehended during the entry check of a train traveling from Zurich to Munich."
3406_chunk001,"The Federal Office for Migration and Refugees (BAMF) confirmed a Eurodac hit with regard to Croatia, where the applicants also applied for asylum.

The applicants argued that in Croatia they were receiving..."
3268_chunk000,"The applicant, an Iraqi national, requested international protection in Austria. On 14 May 2022, the Federal Office for Immigration and Asylum (Bundesamt für Fremdenwesen und Asyl‚ BFA) dismissed the request as inadmissible, considering that Lithuania was the responsible Member State to examine the application in accordance with Article 18(1)(b) of the Dublin III Regulation."
3268_chunk001,The applicant argued that he had a family life with a wife and minor daughter who were provided...
3168_chunk000,"The applicants, a Kazakh woman and her two children, born in 2009 and 2011, applied for international protection in Austria in 2012. Their applications were rejected and their deportation to Kazakhstan was ordered by the Federal Office for Foreign Affairs and Asylum, who, in weighting public and private interests, considered that the mother's integration in Austria was insufficient."
3168_chunk001,"In the first appeal procedure, the Administrative Court noted that the balance of interests shall account..."
3166_chunk000,"In 2019, the Government Delegate in Madrid ordered the expulsion and a five-year prohibition of entry into the Schengen area for the applicant, a Ukrainian national who was convicted and imprisoned several times for theft and robbery. The applicant appealed against this decision but his request was rejected both in first and in second instance."
3166_chunk001,"Before the Supreme Court, the applicant's appeal was grounded on Council Implementation Decision (EU) 2022/382 of 4 March 2022 and associated..."
3207_chunk000,"The applicant, Afghan national, applied for international protection and received a negative decision because the authorities considered that he did not fulfil the eligibility criteria and that the fact of leaving the country due to fear of an unstable political and security situation after the Taliban took overpower in August 2021."
3207_chunk001,"The determining authority considered that there is no risk for the applicant as his father died in 2017, he was a former professional soldier, and his mother..."
3250_chunk000,"In this judgment, concerning Iraqi nationals against whom a two year entry ban was imposed, the Constitutional Court overturned Art. 53 para 2 subpar. 6 of the Aliens Police Act on the grounds of a violation of the requirement of objectivity."
3250_chunk001,"Thus, the repealed provision, which states that the absence of proof of possession of the means to support oneself constitutes a threat to public order or safety and is a factor to be taken into account when assessing the duration of an entry ban of up..."
3965_chunk000,"The applicants submitted applications for temporary protection in April 2022 and at the interview they mentioned to have moved to Canada in 2012 and lived there until 2020. They acquired Canadian citizenship around 2018. The children were both born in Canada, but probably also have Ukrainian citizenship."
3965_chunk001,"They returned to Ukraine in 2020 and are no longer willing to return there for multiple reasons, including that the COVID-19 vaccination is compulsory there and they oppose to..."
3427_chunk000,"The applicant, an Iranian national, of Azerbaijani origin and Christian, entered Germany on 23 January 2016. On 11 May 2016, the person applied for international protection with the Federal Office for Migration and Refugees (BAMF). BAMF rejected the application by decision of 30 January 2017 and did not provide any prohibition to deportation."
3427_chunk001,The applicant filed an appeal on 13 February 2017 before the Bavarian Administrative Court in Bayreuth which was rejected with the judgment of 7...
3265_chunk000,"The applicants, a family with children, nationals of Georgia, applied for international protection in Spain on 3 July 2018, stating that the husband had a traffic accident with an employee of a hotel near his home, that he received compensation from the hotel, and in turn, the hotel claimed the money from the employee for being the culprit."
3265_chunk001,"The husband indicated that the employee appeared at the applicants' home and claimed the amount of compensation, harassed his wife and threatened..."
3230_chunk000,"The applicant, an Afghan national, was denied subsidiary protection on exclusion grounds, namely that there were serious reasons for considering that he had committed a serious crime. The decision was upheld by the National Court of Asylum (CNDA), and the applicant subsequently appealed to the Council of State."
3230_chunk001,"The Council of State noted that, according to the CNDA's findings, between 2006 and 2011, when he was aged between 16 and 21, the applicant had cultivated cannabis or..."
3240_chunk000,The UN Committee Against Torture ruled that Switzerland has violated its procedural obligations under article 3 of the Convention Against Torture:
3240_chunk001,"- the State Secretariat for Migration (SEM) and the Federal Administrative Court (TAF), in both first and second instance procedures, have based their decisions to reject the application for international protection on claims that the applicant's testimony lacked credibility and that the authenticity of the documents he presented was..."
3137_chunk000,"The applicant, Colombian national, applied for international protection on 4 September 2019 and he was informed on the same day of his rights in the asylum procedure, including the right to free legal aid from the state in case he lacked sufficient financial resources. The applicant was handed over a form where he could tick the services he requires."
3137_chunk001,"He requested an interpreter, but the form was left blank on the part of lawyer assistance.

The application for asylum was rejected as..."
3270_chunk000,"The applicant, whose Dublin transfer time limit was extended, appealed the decision of 8 November 2021 of the Police Prefect which refused the registration of the request for international protection in the regular procedure."
3270_chunk001,The Council of State held that the appeal against a refusal to examine the request for international protection in the regular procedure is admissible only if the person concerned is able to establish that the transfer period has expired and the transfer can no...
3275_chunk000,"The applicant, a Syrian national, applied for international protection on 2 October 2021 in Austria. As he had already applied for international protection in Malta in September 2021, the Federal Office for Immigration and Asylum (BFA) requested the Maltese authorities to take back the applicant, which Malta accepted."
3275_chunk001,"By decision of 25 November 2021, the BFA rejected the application for international protection as inadmissible and ordered the applicant's removal to Malta. The applicant..."
3315_chunk000,"The case concerned a request for urgent interim measures submitted by an Afghan national against a Dublin transfer to Austria. The Dublin transfer was accepted by Austria, but it has been annulled in court by decision of 20 January 2021, when the judicial authority decided that Italy had the competence to process the asylum application."
3315_chunk001,"In that decision, the court also urged the competent authority to close the proceedings for determining the responsible member State and to start processing..."
3409_chunk000,"The applicant contested a Dublin transfer to Lithuania, which was determined by the Federal Office for Migration and Refugees (BAMF) as the state responsible for the examination of the application based on Article 18(1)(b) of the Dublin III Regulation, as the applicant, according to documents submitted, applied for asylum in Lithuania."
3409_chunk001,The Regional Administrative Court of Düsseldorf rejected the appeal holding that there were no impediments to transferring the applicant to...
3284_chunk000,The case concerned an appeal against the decision of the Administrative Court by which the court urged the Delegacion del Gobierno of Ceuta to take all the necessary measures for the cessation of the proceedings and the immediate transfer to Spain to all unaccompanied minors previously returned to Morocco.
3284_chunk001,"In the appealed decision, the Administrative Court found the returns of minors to Morocco violated articles 3, 13 and 5 of the ECHR and corresponding articles 7, 10, 2, 14, 9 and..."
2506_chunk000,"The applicant, A, Ethiopian national, requested residence permit on the basis of family reunification with his cohabitation spouse B, who had a permanent residence permit issued on individual reasons. The FIS rejected the request by decision of 2 May 2019 and ordered the repatriation of A, considering that he did not meet the requirements as he did not present a valid travel document."
2506_chunk001,The applicant also had a child and invoked the protection of family life and best interests of the child as a...
3239_chunk000,"The applicant was refused refugee protection and granted subsidiary protection by national authorities. He appealed against this decision before the Municipal Court, requesting the annulment of the part of the decision rejecting his request for refugee protection."
3239_chunk001,"The Municipal Court stated that the authorities' decision to reject his application for refugee protection was unlawful and annulled the decision in its entirety, claiming that annulling only part of it would lead to an..."
3272_chunk000,The Bavarian Higher Administrative Court decided on a case regarding the criminal liability of religious orders when providing support for an unauthorised stay by granting church asylum to individuals under the Dublin procedure.
3272_chunk001,"The case concerned the accused monk B., who granted church asylum to A., from the Gaza strip, on 25 August 2020 and provided him accommodation and care with the knowledge that A. was a rejected asylum applicant.

A. applied for asylum on 22 April..."
3277_chunk000,The applicant is an Algerian national who applied for international protection in the Netherlands and the State Secretary decided on 30 November 2021 not to process the application in the regular procedure. The applicant claimed that during the registration phase he was not informed of the possibility to apply for legal assistance.
3277_chunk001,"When the asylum procedure starts, applicants are usually assigned a lawyer through the Legal Aid Board. The applicant claimed that he received the contested..."
3232_chunk000,The Council of State cancelled the new article L. 554-1 of the entry and residence code for foreigners (CESEDA) for restricting access to the labour market for Dublin applicants.
3232_chunk001,"This provision authorised access to the labour market to applicants who did not receive a decision from OFPRA within six months from their application, due to circumstances beyond their control, excluding Dublin applicants awaiting for their transfer to the Member State responsible to examine their asylum..."
3286_chunk000,"The General Administration of the State brought an appeal on points of law against the judgment of 3 October 2019 delivered by the Second Section of the Administrative Chamber of the High Court of Justice of Andalusia, located in Málaga."
3286_chunk001,"The Supreme Court confirmed that the application for international protection implies the suspension of the removal procedure for irregular stay that could affect the applicant, until the Administration issues an initial decision..."
3434_chunk000,"The German Federal Administrative Court confirmed on 27 January 2022 the decision of the Higher Administrative Court of North Rhine Westphalia of July 2021, halting the Dublin transfer of a single man to Italy."
3434_chunk001,"The transfer was ruled to be unlawful due to the lack of accommodation in Italy, the fact that the person will not find a job within the foreseeable future that offers him an income sufficient to finance decent accommodation and living expenses, which would result..."
3231_chunk000,"In January 2022, the Cassation Court of France ruled that a bone examination was insufficient to confirm the applicant's majority. The court specified that, for such examinations to be considered conclusive, they should be corroborated by civil status records and social assessments."
3231_chunk001,"Finally, it stated that if bone examinations contravene such records and assessments, creating a doubt concerning the applicant's minority, then the applicant should be given the..."
3269_chunk000,"The applicant, a national of Somalia, applied for international protection in France on 18 December 2020 and he was placed under the Dublin procedure while a request was sent to Germany, considered the Member State responsible to examine the request for international protection. The applicant returned to Germany, and thereafter returned to France and asked for asylum a second time on 26 May 2021."
3269_chunk001,"After a new consultation of the Eurodac file, the German authorities were again seized with a..."
3321_chunk000,"The applicant applied for international protection in 2017, claiming that he had to flee Bangladesh after being subjected to ill-treatment from state authorities due to his belonging to the Rohingya ethnic group. The BFA rejected the applicant's request and issued a removal order against him. The applicant appealed against this decision."
3321_chunk001,"The Federal Administrative Court dismissed his appeal, arguing that his claim that he was abused and extorted by the police and had to flee Bangladesh..."
2507_chunk000,"The case concerned an Afghan applicant who contested an inadmissible decision based on Paragraph 29(1)(1)(a) of the AsylG because he had previously applied for asylum in Denmark. The Danish authorities agreed to a readmission on 9 November 2017, and the BAMF ordered the transfer and found no prohibition for the deportation."
2507_chunk001,"On 24 April 2018 the attempted transfer was unsuccessful as the applicant was not found in his room in the accommodation, but the transfer..."
2508_chunk000,"The applicant, national of Philippine, contested an inadmissibility decision issued by BAMF on 21 February 2018 on the basis of Paragraph 29(1)(1)(a) AsylG, because he has previously applied for international protection in France. It was decided that there are ni prohibitions to deportation and ordered a 9 months entry ban."
2508_chunk001,On 13 July 2018 the Federal Office and Foreigners Registration Office was informed that the applicant resided in a church asylum since 12 July 2018. By letter of...
2509_chunk000,"The applicant, Guinean national, contested the inadmissibility decision adopted based on Paragraph 29(1)(1)(a) of the AsylG, because he entered Germany and applied for international protection on 11 April 2018 but he had previously applied in Spain (Eurodac hit report). The BAMF also found no prohibition to deportation and issued a 6 months entry ban."
2509_chunk001,The applicant resided in a shared accommodation and the notification letter of the decision was received by him and also by his legal...
2510_chunk000,"The applicant, Guinea national, was rejected the application of asylum as inadmissible by decision of 7 March 2018 because he has already applied in Spain, according to a Eurodac hit report. The Spanish authorities agreed to the transfer on 6 March 2018 and the BAMF decision was adopted on 7 March 2018."
2510_chunk001,On 16 March 2018 the applicant contested the decision and requested an order for suspensive effect. The German authorities informed the Spanish authorities about the lodging of an appeal with...
2511_chunk000,"The Federal Administrative Court allowed an appeal on points of law in order to clarify the  requirements for the assessment of a 'strong presumption' (European Union, Court of Justice of the European Union [CJEU], EZ v Bundesrepublik Deutschland (Federal Republic of Germany), C-238/19, ECLI:EU:C:2020:945, 19 November 2020 - paragraph 57) for a link between the refusal of military service..."
2505_chunk000,"The applicant, national of Mali, applied for international protection in Germany but based on EURODAC findings his application was rejected as inadmissible as Italy was responsible to process his application."
2505_chunk001,"Upon appeal, the administrative court annulled the contested decision and stated that vulnerable Dublin returnees are entirely dependent on state support which is insufficient in terms of housing and minimum living standard, thus amounting to a risk of treatment contrary to the Article 4..."
2471_chunk000,"A national from Lithuania applied for international protection in Austria on 15 April 2019. The applicant claimed he was a lawyer and human rights activist who had defaced a plaque honouring a General who was responsible for the murder of 14,000 Jews, 22 of whom were related to him."
2471_chunk001,"The applicant stated that he was detained by the police for 54 hours where he was beaten and fed pork that he was unable to eat as he is Jewish. He was released and fined 33,000 euros to..."
1573_chunk000,"The applicants, nationals of Syria, are members of a family who arrived in Spain through the resettlement programme 2015 for refugees. By decisions of 4 October 2017 of the Deputy Secretary of the Interior, they were granted subsidiary protection. They appealed that decision arguing that they should be granted refugee status and not subsidiary protection."
1573_chunk001,The Chamber for Contentious Administrative Proceedings of the Audiencia Nacional (Fourth Chamber)...
1705_chunk000,"The applicants are stateless persons, who were born on the territory of the former Soviet Union and left the later before its dissolution, and none of the successor countries recognised them as their citizens. Following an expulsion order, they were included in the national list of undesirable persons."
1705_chunk001,"In September 2019 the applicants applied for the status of stateless persons under the Convention for the Status of Stateless Persons, and a..."
1647_chunk000,"MM and F, nationals of Pakistan, applied for international protection on 4 October 2015, but it was rejected  and the Federal Administrative Court confirmed it by decision of 22 October 2018, jointly with the issuance of a return order against the applicants. A subsequent application was submitted from detention centre by the second applicant, on 3 March 2020."
1647_chunk001,"On 18 March 2020, the Federal Office for Foreign Affairs and Asylum conducted the interview remotely, by video-conference..."
1648_chunk000,"The applicant applied for international protection on 13 January 2010, claiming to be a minor from Zimbabwe and by decision of 29 September 2010 the Federal Office for Asylum rejected the application as unfounded. Upon appeal, the Court of Asylum referred the matter back to the Federal Asylum Office for a new hearing and assessment."
1648_chunk001,"On 17 November 2011, the Federal Asylum Office rejected again the application, after having found also that the applicant was from Nigeria and ordered the return...."
933_chunk000,"The Division finds that the general safety situation in Afghanistan, particularly in Nangarhar and Ghazni, remains unabatedly alarming. In certain respects, the safety situation in Afghanistan has even worsened compared to June 2018, the end point of the reporting period dealt with in the earlier ruling of the Division of 1 October 2018. On the other hand, however, the..."
934_chunk000,"The Division is of the opinion that there are reasons to assume that the situation in Afghanistan for Hazara is now less safe than in the past. The information now available shows that, for all kinds of reasons, Hazara could have problems with different combating groups in Afghanistan."
934_chunk001,"This could be because a certain faith and therefore also a certain political affiliation is ascribed to them, but also for example because of a certain socio-economic position. According to..."
920_chunk000,"Between 26 July and 1 October 2015, 5 Afghan nationals applied for international protection in Norway, claiming to be 15-16 years old. After further assessments, which also included medical age examinations, the immigration authorities considered that they were all older than 18 years."
920_chunk001,"Consequently, their applications were rejected by the Norwegian Directorate of Immigration (UDI) and later confirmed on appeal before the Immigration Appeals Board (UNE). One of the..."
935_chunk000,"The woman, known as an LGBTI activist in Surinam, did not obtain an asylum residence permit from the Minister for Migration in March 2018. She had asked for the residence permit in the Netherlands because, in her own words, she runs a risk in Surinam because of her transsexuality. A previous appeal to the court against rejection of the permit failed, after which the woman appealed to the ABRvS."
935_chunk001,The woman experienced various...
980_chunk000,"According to the national contribution to the EMN Annual Report on Migration and Asylum 2019:

In these judgments (no. 230.067 and no. 230.068) the Council states that the principle of ""family unity"" does not give rise to a right to..."
921_chunk000,"The case concerns the validity of the Immigration Board's decision on expulsion with two years of entry ban after serious violations of the Immigration Act. The question is whether the expulsion is disproportionate to the foreigner's children, cf. the Immigration Act section 70, Article 8 of the European Convention on Human Rights (ECHR) and Article 3 of the Convention on the Rights of the Child."
921_chunk001,"More analytically, a female asylum seeker had upon arrival to Norway..."
937_chunk000,"By decision of 26 July 2019, the State Secretary for Justice and Security established a so-called decision and departure moratorium for asylum seekers from Libya (Government Gazette 26 July 2019, no. 40679). This ruling is about a decision to establish a decision moratorium for Libya."
937_chunk001,A decision moratorium means that the period within which asylum applications from Libyan foreign nationals must be processed by the state secretary is extended. This decision is important for all...
958_chunk000,"The appellants were Afghan nationals who arrived in Ireland in 2008. They lived in direct provision and had four children, three of whom were born in Ireland. The entire family applied for asylum in 2013. In December 2014, the Refugee Appeals Tribunal issued a decision declaring their youngest son to be a refugee and this was communicated to the family by letter dated 8 January 2015."
958_chunk001,"Upon receipt of this decision, the entire family applied for family..."
981_chunk000,The applicant is a Palestinian stateless from the Gaza strip and applied for international protection in Belgium. His application was rejected but he was granted subsidiary protection.
981_chunk001,"Upon appeal, the applicant argued that he is a Palestinian refugee, and that he is eligible of UNRWA protection despite not having been registered with and not having received material assistance from UNRWA or lived in its area of operation. The applicant claimed to fall within the personal scope of Article 1D..."
970_chunk000,According to the national contribution to the EMN Annual Report on Migration and Asylum 2019 (information provided by the MO MoI SR):
970_chunk001,"With respect to the plaintiff's objections, the Court of Cassation states that these are unjustified. It is clear from the defendant's administrative file that the plaintiff's legal representative was allowed to be present during the interview and she was given an opportunity to comment as stipulated in Art. 23 of the Directive 2013/32/EU..."
957_chunk000,An Albanian national was stalked by a co-worker who vandalised her husband's car and subsequently fired shots at her husband. The appellant subsequently moved to Tirana but her stalker found her and further intimidated her there.
957_chunk001,"The appellant claimed her stalker enjoyed political influence and/or protection in Albania so her complaints to the police were not effective, and therefore she fled Albania and claimed asylum in Ireland."
1000_chunk000,"The CNDA overturned the decision of the OFPRA who rejected the asylum request of three female applicants belonging to the Wolof ethnic group in Gambia, on the basis that the prevalence rate of FGM/C in this ethnic group is low (12.3%)."
1000_chunk001,"The CNDA noted that children and women who have not undergone FGM/C, constitute a social group in a population in which FGM/C is commonly practiced to the point of constituting a social norm. The court emphasized that the existence of a social group..."
936_chunk000,"This is linked to Joined Cases C‑582/17 and C‑583/17

By order for reference of 27 September 2017, the Division asked the Court of Justice to give a preliminary ruling on the question asked about the interpretation of the Dublin Regulation (OJ 2013, L180). The Division thereby suspended..."
955_chunk000,"The applicant was granted refugee status as a minor on 25 September 2014. In July 2018, when the applicant was aged 17, an application for family reunification in respect of her mother, father and sister was submitted by her social worker."
955_chunk001,In September 2018 the application was refused by the Minister for Justice on the basis that it had not been submitted within 12 months of the grant of refugee status as required by section 56(8) of the International Protection Act 2015. The applicant then...
913_chunk000,The case concerns the calculation of the maximum time that a person may spend in detention for the purpose of removal. In the present case the applicant had been in detention for more than twenty months.
913_chunk001,"The Swedish Migration Court of Appeal referred to Article 15 (5) and (6) of the Return Directive as well as to the relevant provisions of the Swedish law and it held that within the same enforcement of a removal decision, an applicant can be held in detention for a maximum of..."
974_chunk000,According to the national contribution to the EMN Annual Report on Migration and Asylum 2019 (information provided by the MO MoI SR):
974_chunk001,A situation when legal consequences of a contested decision of the regional court represented a threat of serious harm and the granting of suspensive effect is not contrary to public interest is a fundamental and unavoidable condition that has to be met in order for the Court of Cassation to grant suspensive effect of a...
976_chunk000,According to the national contribution to the EMN Annual Report on Migration and Asylum 2019 (information provided by the MO MoI of SR):
976_chunk001,The Court of Cassation due to the low-profile status of the plaintiff as one of the many construction workers involved in the construction of flood protection structures without a sufficient level of individualizing elements concerning the plaintiff and with respect to the story provided by him did not find the conclusion...
979_chunk000,According to the national contribution to the EMN Annual Report on Migration and Asylum 2019:
979_chunk001,"The Council for Alien Law Litigation (CALL) has annulled several Immigration Office's “decisions” to extend the transfer time limit due to the fact the applicant had absconded. The CALL stated that Article 26 in conjunction with Article 29 (2) of the Dublin III Regulation, in view of Article 47 of the Charter of Fundamental Rights..."
997_chunk000,According to the national contribution to the EMN Annual Report on Migration and Asylum 2019:
997_chunk001,"The Council of State, in its rejection of the applicant's appeal, opined that only the women who managed to effectively escape the trafficking ring could be considered as belonging to the social group of Nigerian women from the State of Edo who were victims of a human trafficking network for sexual exploitation. With this decision, the Council..."
951_chunk000,The case concerns the risk situation in case of return to the country of origin as well as fear of persecution by the Taliban forces.
951_chunk001,"The Regional Court had dismissed the administrative action for the following reasons:
- there are no individual circumstances which the applicant should reasonably assess a well founded fear of persecution. It has not been shown in the proceedings that the applicant had certain political views, nor has it been shown that the Taliban..."
996_chunk000,"According to the national contribution to the EMN Annual Report on Migration and Asylum 2019:

For the Council of State, the civil registry records reconstituted by the French Office for the Protection of Refugees and Stateless Persons (OFPRA) have identical value to the official originals, which precludes consular authorities contesting the particulars contained therein, except in cases of fraud."
996_chunk001,...
972_chunk000,According to the national contribution to the EMN Annual Report on Migration and Asylum 2019:
972_chunk001,"Inter alia, the applicant challenged the incorrect legal assessment of the genuineness of his conversion, while mainly reprehending the non-application of the ‘benefit of doubt' principle, insufficient verification of his faith resulting from the fact that only one interview was carried out, during which the defendant failed to focus to a sufficient..."
1091_chunk000,"The case concerns a Nigerian applicant who made unsuccessful applications for international protection in April 2015, January 2017 and May 2018, and decisions to return him were issued."
1091_chunk001,"The applicant was arrested on 6 June 2019 in execution of a detention order that had since been issued and, after being questioned, received a notification from the Federal Office for Foreign Affairs and Asylum (BFA) on the same day on detention pending deportation. During detention pending..."
1084_chunk000,"The case concerns the evidence (documents and declarations) necessary for a family reunification application.

By decision of 31 July 2017, the State Secretary rejected the applicants' request for a provisional residence permit. On 18 July 2018, the State Secretary declared the the applicants' objection as unfounded and on 1 March 2019, the court dismissed the appeal brought by the..."
961_chunk000,According to the national contribution to the EMN Annual Report on Migration and Asylum 2019 (information provided by MO MoI SR):
961_chunk001,"It is beyond doubt that if a person cannot exercise his/her rights in front of an administrative court in the language he/she understands, such exercise of the right would be ineffective and the basic objective of the right to a fair trial would not be fulfilled. The right to carry..."
938_chunk000,IThe foreign national has submitted a subsequent asylum application. The decision on that application was taken on behalf of the State Secretary by the employee of the Immigration and Naturalization Service (hereinafter: the IND) who heard the alien and also issued the intention.
938_chunk001,"The foreign national argues that the objectivity of decision-making is at stake and that the state secretary has acted in violation of the so-called four-eyes principle.

According to the..."
1012_chunk000,The applicant arrived as a transit passenger on 18 March 2019 by air from Moscow to the Czech Republic and applied for international protection at the Václav Havel Airport Prague. The applicant was refused entry into the territory as she was registered in the Schengen Information System (SIS) as an undesirable alien to whom refusal of entry into the Schengen area was to be made.
1012_chunk001,"It was considered that if admitted, the applicant could pose a..."
1564_chunk000,HA applied for asylum in May 2015 alleging that he is registered with UNRWA and that upon return to Gaza he is at risk of being killed or subjected to inhuman or degrading treatment.
1564_chunk001,"By decision of 28 February 2017, the Swedish Migration Agency rejected his application, considering that although HA may have received assistance from UNRWA, he did not prove the risk invoked upon return and he does not fulfil the requirements for international protection. However, he..."
928_chunk000,Returning Syrian asylum seekers who have withdrawn from compulsory military service in Syria by traveling abroad are currently not likely to face political persecution by the Syrian state because of an at least anti-regime attitude attributed to them.
928_chunk001,"Due to the deprivation of military service, they cannot be granted refugee status (this is a change in previous case law due to changed circumstances).

See also judgment about this case in the"
978_chunk000,According to the national contribution to the EMN Annual Report on Migration and Asylum 2019 (information provided by the MO MoI of SR):
978_chunk001,The Court of Cassation is of the opinion that in the plaintiff's case defining conceptual elements of a social group were not accomplished as stipulated in the provision of Art. 19a par. 4 (c) of the Act on Asylum. Performance of a work activity by a plaintiff or his education and qualifications do not...
1010_chunk000,"On 10 October 2018 the applicant was detained for illegal stay in the Czech Republic and placed in detention. Through EURODAC information, it was confirmed that the applicant had applied for international protection in Germany, Denmark and Switzerland. In addition, according to a communication from Germany, the complainant had at least six other identities."
1010_chunk001,"Under the Dublin III proceedings, the applicant was interviewed and stated that he had left Libya because of the war and..."
967_chunk000,According to the national contribution to the EMN Annual Report on Migration and Asylum 2019 (information provided by MO MoI SR):
967_chunk001,The Decision of the Court of Cassation on the granting of suspensive effect of the cassation appeal shall be seen as an extraordinary decision. The extraordinary nature of this procedural act of an administrative court resides in the fact that such action by the judiciary paralyses effects of the valid...
939_chunk000,"This is linked to Case C‑652/16, C- 586/17

By order for reference of 4 October 2017, the Division asked the Court of Justice to give a preliminary ruling..."
940_chunk000,The third-country national is an ethnic Arab (hereinafter: Ahwazi) coming from Iran. The third-country national stated that in the Netherlands he has stood up for the rights of the Ahwazi in Iran and therefore cannot return.
940_chunk001,The Minister for Migration considers it credible that the third-country national has become politically active in the Netherlands and stands up for the rights of Ahwazi in Iran....
983_chunk000,According to the national contribution to the EMN Annual Report on Migration and Asylum 2019:
983_chunk001,"The Council notes that it nevertheless emerges sufficiently from the judgment [CJEU, judgment of 14 May 2019]- which the defendant does not fail to point out in its observation note - that the Court stated, at the very least, that the use, in the French version, of the terms ""exclusion from the status of refugee"" referred to in..."
998_chunk000,According to the national contribution to the EMN Annual Report on Migration and Asylum 2019:
998_chunk001,"In this decision, the Court, sitting in full formation, firstly made the assertion, as had the Office, that human trafficking, because it violates the prohibition of all forms of slavery, forced labour or servitude, constitutes a particularly serious affront to human dignity. The Court then established that trafficking organised by transnational..."
964_chunk000,According to the national contribution to the EMN Annual Report on Migration and Asylum 2019 (information provided by MO MoI SR):
964_chunk001,"The line of reasoning of the defendant who claims that the plaintiff had a legal representative present during the hearing who, unlike the plaintiff, is well versed in the law, could not hold, since the examination of the asylum seeker in the court proceedings represents one of the most important..."
914_chunk000,A. applied for asylum in Sweden in April 2015. The application was rejected and the applicant excluded from asylum for having committed crimes against humanity while working as a guard in Eritrea. An expulsion order had also been issued.
914_chunk001,The Migration Court of Appeal assessed whether the applicant had acted under duress and held that this was not the case as the applicant had benefitted from three permits and always came back to the place of employment. The applicant chose to flee...
941_chunk000,"The case concerns the implementation of Dublin transfer to Italy. The applicant argues that the Netherlands is responsible because it will be treated inhumanely in Italy (Article 3 of the ECHR) due to the reception conditions.

The Court distanced the present case from ECHR Taraskehl and Upper Tribunal of the UK ruling.

..."
942_chunk000,"The case concerns the possibility of detention when the asylum application is rejected but the time frame to submit an appeal has not expired. The judgments in Gnandi and the order in C., J. and S. do not envisage that the..."
925_chunk000,"Healthy refugees who are fit for work are not currently exposed to a ""real risk"" of inhuman or degrading treatment in Bulgaria within the meaning of Article 4 of the Charter of Fundamental Rights of the European Union, either at the time of their return, during the asylum procedure, or indeed after the presumed granting of international protection, irrespective of their wishes and personal choices"
925_chunk001,", due to systemic weaknesses in accordance with Article 3(2) of the Dublin III..."
960_chunk000,"The appellants were Albanian nationals who previously lived in Kosovo (*). They arrived in Ireland on 12 December 2014 and two days later they made an application for asylum. They did not disclose a full account of the circumstances of their arrival in Ireland, in particular that they had previously been issued with a visa for the United Kingdom."
960_chunk001,On 15 January 2015 the Office of the Refugee Applications Commissioner made an information request to the United Kingdom...
930_chunk000,An Iraqi national applied for international protection in Austria on 16 May 2016 stating he had been employed as a guard in a prison near Baghdad where terrorists were incarcerated and was threatened by them. He suffers from a serious heart condition and other health problems. The Federal Office for Immigration and Asylum rejected his request on 16 December 2016.
930_chunk001,His appeal to the Federal Administrative Court was dismissed as...
1090_chunk000,"The applicant, a Nigerian national, requested international protection after entering Austria on 21 September 2015. This application was rejected by decision of the Federal Office for Aliens and Asylum (BFA) on 31 October 2017. A return decision was issued against the applicant and it was not contested."
1090_chunk001,"The applicant, who subsequently traveled to Germany, made a further request for international protection after returning to Austria on 15 January..."
1086_chunk000,"A national of Ivory Coast applied for international protection on 22 January 2018, claiming that he was born on 2001 but did not submit documents to prove his date of birth. Following an age assessment, the State Secretary concluded that the applicant was not a minor."
1086_chunk001,"Specifically, the assessment consisted of an initial observation by two officers from the Aliens Police, Identification and Human Trafficking Department (AVIM) on 22 January 2018, recorded in an official report, and a subsequent..."
953_chunk000,"This case concerned whether, for the purposes of an application for family reunification by a beneficiary of subsidiary protection, “child” could include a non-biological child for whom the applicant had acted in loco parentis."
953_chunk001,Barrett J held that there is a wide diversity of familial structures and the relationship of father/child was not confined by the International Protection Act 2015 to a biological father and accordingly quashed the Minister's refusal of family...
995_chunk000,According to the national contribution to the EMN Annual Report on Migration and Asylum 2019:
995_chunk001,"Persons from the West Bank can claim to have legitimate fears with regard to Israel, which is not a third State vis-a-vis the West Bank. In this case, the CNDA had rejected the appeal of an applicant from the West Bank after having ruled that he came exclusively under the jurisdiction of the Palestinian Authority. Yet the Council of State..."
931_chunk000,"Pursuant to Art. 4a of the Asylum Act 2005, an application for international protection is to be rejected as inadmissible where the foreign person has been granted asylum or subsidiary protection status in another EEA Member State or Switzerland. In the specific case, the appellant, a Syrian citizen, filed an application for international protection in April 2018."
931_chunk001,The appellant had been granted subsidiary protection status in Denmark in 2015. The individual's family was granted asylum in...
994_chunk000,According to the national contribution to the EMN Annual Report on Migration and Asylum 2019:
994_chunk001,"The Council of State overturned the CNDA's decision, ruling directly for the first time on the legal characterisation of facts in a case regarding application of Article L. 711-6. The Council of State had already extended control over the decisions of the CNDA as to the legal characterisation of facts on exclusion issues (CE, 9 November 2016,..."
947_chunk000,This ruling is about the position of supporters of the Gülen movement (hereinafter: Gülenists) in Turkey after the attempted coup d'état of 15 July 2016. It is evident from the information submitted that a considerable number of persons have been put in prison.
947_chunk001,"The third-country national submitted information on the risk that, during arrest and detention, Gülenists will be exposed to treatment in conflict with..."
927_chunk000,"In the Senate's conviction, a comprehensive assessment of the current state of knowledge now lacks sufficient evidence to suggest that Syrian retired military-age returnees (conscripts, reservists) who have evaded from military service due to flight abroad are likely to be linked to ( alleged) oppositional or anti-regime sentiments of Syrian security forces to fear persecution (change in the Senat"
927_chunk001,"e case law.

Refer also to the appeal of this case against the"
689_chunk000,"The applicants, a coalition of Belgian NGOs, filed an appeal claiming the suspension of the Royal Decree of 22 July 2018 due to the reception condition of children in detention, with special concern to the children detained in 127bis Centre, located near Brussels Airport."
689_chunk001,They provided the court a list of deficiencies contained in the Royal Decree regarding the protection and safeguards in place for families and children. The applicants...
959_chunk000,The issue raised in these proceedings was effectively whether a refugee who subsequently acquires Irish citizenship by naturalisation lost the right to family reunification pursuant to section 18 of the Refugee Act 1996.
959_chunk001,"The evidence before the court was that between 2010 and 2017 the Minister for Justice accepted applications for family reunification from refugees who had acquired Irish citizenship by naturalisation, but on foot of legal advice in 2017 the..."
993_chunk000,According to the national contribution to the EMN Report on Migration and Asylum 2019:
993_chunk001,"The Council of State reaffirmed its jurisprudence concerning application of Article L. 733-5 of the CESEDA (CE, 22 June 2017, N° 400366) in which the CNDA may refer cases back to OFPRA if the applicants had not been able to make themselves understood during their interview with the Office and if the Office was responsible for this lack of..."
932_chunk000,The case concerns a take charge request from Greece to Austria which was rejected by Austria. The Federal Office reasoned that the Dublin consultation procedure is a process between the Member States.
932_chunk001,"In case the requesting Member State is not satisfied with the rejection, the requesting Member State may submit a request for re-examination in accordance with Art 5.2. of the Implementing Regulation. The Federal Administrative Court and the Supreme Administrative Court confirmed this..."
1011_chunk000,"The case concerns a challenge to detention under the recast Reception Conditions Directive. The applicant requested international protection after being found illegally working in the Czech Republic and using fake documents to obtain such work.

..."
943_chunk000,"In its rulings of 1 February 2017, ECLI:NL:RVS:2017:209 and ECLI:NL:RVS:2017:210, the Council of State found that the Minister for Migration had rightly designated Morocco as a safe country of origin and that the information provided in this case does not lead to a..."
992_chunk000,According to the national contribution to the EMN Report on Migration and Asylum 2019:
992_chunk001,"The Council of State rejected OFPRA's appeal in a case concerning an Iraqi national, who was involved with the Peshmerga, that the Court had recognised as a refugee on the grounds of his fears of persecution from the Islamic State organisation on account of his political opinions. In its appeal, the Office reproached the..."
1013_chunk000,The case was dismissed for failure to complete the action within the time-limit despite the court's request.
1013_chunk001,"The Supreme Administrative Court held that where, at the request of a Regional Court, a complainant delivers submissions that complete the action to a different court (without territorial jurisdiction), the timeliness of such submission is maintained only where the Regional Court without territorial jurisdiction passes on or sends on the submission by means of a..."
991_chunk000,According to the national contribution to the EMN Report on Migration and Asylum 2019:
991_chunk001,"The Council of State rejected the applicant's appeal (for which the Office entered an appearance in defence), thus confirming the denial of international protection to a Rwandan national, a senior officer of the Rwandan armed forces since 1993 who had been acquitted on appeal at the ICTR in 2014. The Council of State held that, in particular, res..."
923_chunk000,An applicant must submit a request for protection with which he asserts target-country-related dangers that are objectively suitable in their nature for recognition as a person entitled to asylum or an award for international protection (material asylum request within the meaning of Section 13 (1) Asylum Act) refer the asylum procedure to the Federal Office.
923_chunk001,He has no right to choose between an examination by the immigration authority and an examination by the...
944_chunk000,"The Council of State decides on this case following the CJEU Judgment on the request for a preliminary ruling (C-180/17) originated in this regard.

Dutch law does not provide for automatic suspensive effect in asylum cases before the Council of State. Suspensive effect only applies to proceedings at the district court. This means that..."
945_chunk000,"This case concerns the consequences of an appeal with no automatic suspensive effect.

Following the CJEU ruling in C-180/17, the Council of State held that foreign nationals do not automatically have to be given the opportunity to await their appeal in the Netherlands. In the meantime, they also have no right of residence on the basis of which they can claim..."
988_chunk000,According to the national contribution to the EMN Annual Report on Migration and Asylum 2019:
988_chunk001,"In this case, the CNDA had annulled the Office's decision to end protection on the basis of Article L. 711-6 (1) of the CESEDA, holding that the Note Blanche from the intelligence services tendered in the course of adversarial proceedings was insufficiently specific (jihadist profile). The Council of State annulled the Court's decision on..."
989_chunk000,According to the national contribution to the EMN Annual Report on Migration and Asylum 2019:
989_chunk001,"The Council of State upheld the CNDA's decision and rejected OFPRA's appeal on the grounds that the Court's sovereign assessment on the applicant's inadequate understanding and mastery of the English language could not be denatured. In this case, the Office's inadmissibility decision on the grounds of late submission was..."
990_chunk000,According to the national contribution to the EMN Annual Report on Migration and Asylum 2019:
990_chunk001,"The Council of State overturned the CNDA's decision on the grounds of procedural irregularities, because the Court's decision had failed to address the Office's brief, tendered after the date of closure, and had instead based its decision, without scheduling a new hearing, on a statement produced by the appellant after the hearing in a note during the..."
647_chunk000,"According to EDAL, On 14 February, the Administrative Tribunal of Paris ruled in an urgent procedure regarding practical complications in the registration of asylum applications in the Île-de-France region."
647_chunk001,"The urgent action was initiated by several civil society organisations against complications that amounted to obstacles to the registration of applications for international protection through a telephone platform. The platform, established by the French Office for Immigration and..."
948_chunk000,"This case concerns the legal consequences following an entry ban, in case the third-country national has returned to the Netherlands twice and what this means for his request to lift that entry ban."
948_chunk001,The Court finds that the entry ban is suspended if a third-country national enters the European Union contrary to a valid entry ban. This means that the course of the period is temporarily interrupted and starts to run again as soon as...
956_chunk000,The applicant was a national of Afghanistan who was granted subsidiary protection in Ireland in 2016. He subsequently applied for family reunification for his wife whom he married in 2017.
956_chunk001,The Minister for Justice refused the application on the basis that section 56(9)(a) of the 2015 Act only provided for refugee family reunification for spouses where the marriage pre-dated the application for international protection. The applicant subsequently instituted...
986_chunk000,According to the national contribution to the EMN Annual Report on Migration and Asylum 2019:
986_chunk001,"The Council of State recalled the principle of confidentiality as mentioned in its decision dating from 27 July 2016 (N° 386797) according to which the Office is bound to guarantee the confidentiality of any information that could endanger persons seeking asylum, as well as the respect for privacy and for doctor-patient confidentiality. The..."
987_chunk000,According to the national contribution to the EMN Annual Report on Migration and Asylum 2019:
987_chunk001,"For the Council of State, the State is bound to cover the costs of any civil sentence against its public officials, to protect them if they are the subject of criminal proceedings and protect them against threats, violence, assault, verbal abuse, defamation or insult to which they may be subjected in the course of their duties. This overarching..."
985_chunk000,According to the national contribution to the EMN Annual Report on Migration and Asylum 2019:
985_chunk001,"The Council of State reminded the CNDA of its duty to utilise, if it receives information regarding the existence of an “S” card for the appellant in question, its power to investigate and deemed that “by basing its opinion solely on the content of the “S” card, [...] without gathering, in order to reach its..."
954_chunk000,The applicants were an Albanian mother and her two daughters whose applications for asylum were refused by the Refugee Applications Commissioner.
954_chunk001,"They subsequently brought judicial review proceedings challenging the manner in which their applications had been processed by the Refugee Applications Commissioner, arising from the fact that the Commissioner had established a “case processing panel of legal graduates” to perform “case processing” in relation to applications..."
922_chunk000,"Dublin transfer of a Maritanian applicant to Austria. Official suspension of the execution of the transfer decision issued in the Dublin procedure is also possible, and will then interrupt the transfer period.

..."
984_chunk000,According to the national contribution to the EMN Annual Report on Migration and Asylum 2019:
984_chunk001,"The Council ruled that, indeed, the burden of the proof on whether an applicant has been granted an international protection in another MS or not lies on the CGRS, nonetheless, this proof being made, it is up to the applicant to provide evidence when he challenges the actuality or the effectiveness of his protection.Also, the question whether the applicant may be readmit by..."
582_chunk000,The High Court refused an application for judicial review by the applicant of a decision refusing him subsidiary protection. The national decision maker did not find the applicant's assertions that he was “not mentally ok” to be credible.
582_chunk001,"The applicant submitted that in dismissing his explanation of suffering a mental disability, the Tribunal acted in breach of the national protection legislation, the EU Charter of Fundamental Freedoms and the European Convention on Human..."
589_chunk000,"I – Notification to the applicant for international protection, to account for the content of his statement, does not comply with the formalities required by Article 17 (1 and 2) of the Asylum law under which a written report, containing all the essential information regarding the case and to which the applicant can respond, must be drawn up."
589_chunk001,II – The aforementioned Article 17 (1 and 2) is applicable to situations where the request for international protection is considered inadmissible and the...
650_chunk000,The case concerns the suspension of the implementation of a decision on refusal of international protection.
650_chunk001,"The Supreme Court considering that the Polish provisions on granting international protection do not explicitly provide for the right to stay of a foreigner applying for international protection in proceedings before the court of first instance, rules that the fulfillment of the obligation under Art. 46 ust. 5 of the procedural directive 2013/32, must take place through the decision..."
584_chunk000,"The applicant sought judicial review of the decision to refuse him asylum in Ireland, which he had applied for on the basis of fear of persecution due to issues with the Taliban and Lashkar-e-Islam. The applicant had tactically not applied for asylum in another Member State, which was a factor the decision maker was permitted to take into consideration."
584_chunk001,The Court held that there is no obligation on the decision makers to contact bodies within the countries of origin to verify individual...
634_chunk000,"As per EDAL, On 7 December 2018, the Superior Court of Madrid ruled that the Spanish authorities had to ensure that an asylum seeker transferred to Spain from Germany under the Dublin Regulation would have access to the reception system."
634_chunk001,"The Ministry of Labour, Migration and Social Security had withdrawn access to the reception system for the applicant on the ground that he had renounced the right to reception by leaving the country. The applicant, who was living in a shelter for homeless..."
541_chunk000,"A group of 18 Senators of the Senate of the Parliament of the Czech Republic (hereinafter referred to as ""the petitioners"") proposed to the Constitutional Court that in the Act No. 326/1999 Coll., On the Residence of Foreign Nationals in the Czech Republic and on Amendments to Certain Acts, hereinafter referred to as the ""Aliens Act""), repealed the provisions of Section 169r (1) j) and § 172 para."
541_chunk001,6. The Senators also proposed that the Constitutional Court should annul the provisions of Section...
658_chunk000,"On November 2018, the Supreme Court of Madrid ruled that the Spanish authorities had to ensure the access to a reception centers to an international protection applicant who previously abandon the assigned center to travel to the Netherlands."
658_chunk001,The Ministry of Labour and Social Security had withdrawn access to the reception system based on the ground that the applicant lost his right to stay there when left his previous center without previous communication. According to the Spanish...
554_chunk000,"Appeal against case no. 16/23224 of the Court of The Hague issued on the 1st June 2017. By decision of 10 October 2016, the State Secretary rejected an application from the foreign national to grant her a temporary asylum residence permit and issued an entry ban against her. By judgment of 1 June 2017, the court dismissed the appeal against this decision by the foreign national as unfounded."
554_chunk001,The foreign national then decided to appeal the Court of The Hague decision. ...
557_chunk000,"Appeal against the decision of the Court of The Hague, Middelburg seat, of January 12, 2017 in case no. 16/29461 by which the State Secretary for Justice and Security rejected an application from the foreign national to grant her a temporary asylum residence permit and issued an entry ban against her. ..."
504_chunk000,The judgement dealt with the application of Article 5(2) of Commission Regulation (EC) No 1560/2003 of 2 September 2003 laying down detailed rules for the application of the Dublin II Regulation.
504_chunk001,"A Member State which has earlier denied a request of take charge or take back according to Articles 21 or 23 of the Dublin III Regulation within the time limits and which, thereafter, receives a re-examination request under Article 5(2) of Regulation No 1560/2003, must..."
513_chunk000,"The case concerned revocation of a residence permit and refugee status granted to an Afghan woman and her child cf. the Immigration Act Section 37 first paragraph, letter e). The husband arrived in Norway and thus the basis for their permits no longer existed."
513_chunk001,The Supreme Court narrowed the scope of their assessment to be that of whether the revocation violated their right to private life cf. the European Convention of Human Rights Article 8 and Paragraph 102 of the Norwegian...
366_chunk000,"In this case the applicant (Nigeria) arrived to Ireland in October 2016. He claimed to be bisexual and that he was the subject of an attempt to force him to join a cult in Nigeria. On May 2017, the International Protection Office informed him the refusal of his application for protection on the ground of lack of credibility. He appealed the decision."
366_chunk001,Relief sought The relief sought in the proceedings is certiorari of the decision of the tribunal. The grounds of challenge essentially fell...
577_chunk000,"This case concerns the validity of asylum application in accordance with § 29 para. 1 no. 5 i. V. m. Section 71a (1) Asylum Act, in accordance with Section 31 (3) Sentence 1 AsylG. It also refers to the examination of a prohibition on removal according to § 60 Abs. 5 AufenthG i. V. m."
577_chunk001,"Article 3 ECHR, depending on the circumstances of the individual case - firstly - asserted individual threats in the country of origin, - secondly - the existence of a situation of generalized violence in the..."
591_chunk000,"I- Matters regarding the hearing of the interested party with respect to inadmissibility decisions on a request for international protection and the transfer of an applicant for international protection, rendered further to a decision to accept the taking back request by another member state, are governed by Article 5 of Regulation (EU) No 604/2013 of the European Parliament and of the Council of "
591_chunk001,"26 June 2013.

II – The aforesaid Article 5 of the Regulation (EU) No 604/2013 does not provide for..."
649_chunk000,"If an affiliate with a time-limited residence permit and status as an alternative person in need of protection can be considered to have well-founded prospects of being granted a permanent residence permit, it can be judged on the basis of how likely it is that the need for protection remains when the current permit expires."
649_chunk001,"Here, both the individual protection reasons and the current land information must be considered. The possibility of obtaining a residence permit due to work or qualifying..."
579_chunk000,The applicants in each of these six cases have brought proceedings making the technical objection that the International Protection Office used contractors in the process of coming up with a negative recommendation.
579_chunk001,The issue now is whether the present applicants in other cases raising the same or similar points should get the benefit of a stay restraining the International Protection Appeals Tribunal from carrying out its statutory duty to hear their appeals from the IPO recommendations...
505_chunk000,Judgment 1.
505_chunk001,"This request for a preliminary ruling concerns the interpretation of Article 4(2) and (5)(b), Article 9(1) and (2) and Article 10(1) and (2) of Directive 2011/95/EU of the European Parliament and of the Council of 13 December 2011 on standards for the qualification of third-country nationals or stateless persons as beneficiaries of international protection, for a uniform status for refugees or for"
505_chunk002," persons eligible for subsidiary protection, and for the content of the protection..."
645_chunk000,"As per CNDA press release: When the ECtHR concludes that there is a real risk of inhuman or degrading treatment if returned to the country of origin, the CNDA is obliged not only to consider as admissible a request for review by the person concerned but also to grant him at least the benefit of subsidiary protection within the meaning of Article L. 712-1 (b) of the CESEDA."
645_chunk001,"By this decision, the Conseil d'Etat applies its Vernes case-law, in which it acknowledged the obligation of..."
651_chunk000,According to the Press Release: In its decision in the case of Saidani v. Germany (application no. 17675/18) the European Court of Human Rights has unanimously declared the application inadmissible. The decision is final.
651_chunk001,"The case concerned the applicant's deportation from Germany to Tunisia because he was deemed to be a potential offender who posed a threat to national security (so-called “Gefährder”), based on his activities for “Islamic State”. The Court..."
606_chunk000,"1. This request for a preliminary ruling concerns the interpretation of Article 46 of Directive 2013/32/EU of the European Parliament and of the Council of 26 June 2013 on common procedures for granting and withdrawing international protection (OJ 2013 L 180, p."
606_chunk001,60) and of Article 13 of Directive 2008/115/EC of the European Parliament and of the Council of 16 December 2008 on common standards and procedures in Member States for returning illegally staying third-country nationals (OJ 2008 L...
607_chunk000,"X, an Iraqi national, was notified of the withdrawal of his fixed-period residence permit, the rejection of his application for international protection, and an obligation to return. X appealed against that decision before the District Court of The Hague in the Netherlands, which annulled it whilst maintaining its legal effects."
607_chunk001,The Council of State subsequently dismissed the appeal brought by X against that judgment. Since X had been granted advances on the financial contributions to rental...
657_chunk000,"A citizen of Eritrea and her child applied for family reunification with the husband/father of the child, who held a residence permit in Norway as a refugee. The applicant appeared personally at the foreign service mission approximately one year and three weeks after the sponsor was granted his residence permit."
657_chunk001,She had registered the application online and paid the fee about 10 months after the permit was granted. The Immigration Regulations Section 10-8 states that in order to be granted...
635_chunk000,"This judgment stated that when the administration has completed all the procedures with its obligations under a controlled transfer and that the applicant, even though he had complied with the terms of his house arrest and was present several times in the prefecture during this period of summons, refused to board a flight in which a place was reserved for him, this refusal to embark must be regard"
635_chunk001,"ed as an intentional subtraction to the implementation of his transfer, and consequently the..."
640_chunk000,"The case relates to the transfer of an asylum seeker to Germany under Dublin Regulation. The applicant requests the annulment of the decision refusing his stay and ordering his leave on medical grounds (diabetes and Parkinson's disease).

..."
1088_chunk000,"The decision concerns two joined cases 422159 and 422160, in which the applicants requested from the OFPRA the allowance for asylum applicants and transport vouchers necessary for them to travel to a hearing for the purpose of the Dublin procedure."
1088_chunk001,The Council of State held that if the applicants would be refused travel vouchers such a situation is likely to amount to a serious and manifestly unlawful interference with their right to enjoy a procedure for examining...
583_chunk000,Two related cases involved applicants applying for asylum on the basis of claiming persecution because of their sexual orientation. The applicants submited that the correct standard of proof required should be a reasonable degree of likelihood.
583_chunk001,"The point raised was not adequately or properly pleaded and failed to specify whether the appropriate standard derived from EU law, international law or domestic law. The applicants also gave no legal basis for the test contended for; there was no..."
652_chunk000,"According to the Press Release: The applicant, Mr X, is a Moroccan national who was born in 1988 and is currently in the Netherlands. The case concerned his possible expulsion from the Netherlands to Morocco. He left Morocco in 2012 and went to stay with family in the Netherlands, overstaying his tourist visa."
652_chunk001,In 2014 he was arrested on suspicion of planning terrorist attacks in the Netherlands and placed in police custody. In June 2016 he was convicted of preparing terrorist offences and...
608_chunk000,"Three country nationals, C, J, and S, had their applications for international protection rejected in the Netherlands and were detained with a view to preparing their return. C's application for international protection was rejected on 11 April 2017, and C was detained on 13 April."
608_chunk001,"The judge at first instance found that the detention was based on an incorrect legal basis, and the Secretary of State appealed to the Council of State. On 31 July, the district court of the Hague, sitting in..."
562_chunk000,The case raises the issue of whether a subsequent application for asylum has been submitted at the time when the foreign national applies in writing by expressing the wish to submit an application for a temporary asylum residence permit or at the time when he/she uses the appropriate form to submit the application for asylum.
562_chunk001,"This moment is important for the commencement date of the temporary asylum residence permit granted to the foreign national.

By decision..."
563_chunk000,"The case concerns the moment at which an asylum application is lodged, in particular with regard to a subsequent asylum application. This moment is important for the entitlement to reception by the foreign national."
563_chunk001,"On 6 June 2017, the Central Agency for the Reception of Asylum Seekers (COA) rejected an application from a foreign national to allow the benefit of reception conditions. By decision of 5 July 2017, the Court of the Hague upheld the appeal lodged by the foreign..."
590_chunk000,"In an urgent action for the «granting of asylum or of a residence permit for subsidiary protection» the use of «official international reports on the political and social situation of the applicant's country of origin», by the court of appeal is not in breach of Articles 412 and 662 of the Civil Procedure Code.

..."
654_chunk000,"F.L., a Cameroonian national claiming to be a minor, applied for international protection in Belgium on 8 January 2018. On the same day, based on his physical appearance and statements, the Minors and Victims of Trafficking in Human Beings Unit of the Belgian Immigration Office expressed doubts as to his claimed minority and referred him for an immediate medical age assessment."
654_chunk001,"The examination concluded that the applicant was 18 years old, with a standard deviation of 6 months, meaning that..."
564_chunk000,"By decision of 13 July 2016, the State Secretary declared an application from the foreign national to grant him a temporary asylum residence permit inadmissible."
564_chunk001,"By decision of 21 September 2016, the court upheld the appeal lodged by the foreign national, annulled that decision and determined that the State Secretary would take a new decision on the application, taking into account what was considered in the decision. The State Secretary has appealed against this decision. The foreign..."
576_chunk000,"The First Instance Administrative Court took a decision related to the no existence of sanctions if the maximum period of 21 months for the procedure of examination of an application for international protection is surpassed. In this case, an applicant for international protection whose application had been rejected appealed the decision of refusal."
576_chunk001,"The applicant advanced a number of grounds for annulment in support of the plea, for instance, the fact that the duration of 21 months for the..."
633_chunk000,"The legal question concerned a situation in which the applicant (a third country national) claimed asylum based on events that had happened in another EU MS in which the applicant had lived and towards which the Dublin Regulation was applicable. In the current case, a Nigerian national claimed she was in danger of persecution and serious harm in Spain due to her ex-husband."
633_chunk001,According to the judgment these kind of grounds for application do not mean that the application could not be subject to...
573_chunk000,"Appeal against the decision of the court of The Hague, Haarlem seat, of August 7, 2017 in case no. 17/2027. By decision of 19 January 2017, the State Secretary rejected an application from the foreign national to grant him a temporary asylum residence permit, and issued an entry ban against him."
573_chunk001,"By judgment of 7 August 2017, the court dismissed the appeal lodged by the alien, in so far as it was directed against the rejection of the asylum application, as inadmissible, and dismissed his..."
639_chunk000,"This case refers to the transfer of an asylum applicant with a new-born child to Spain under Dublin Regulation. In absence of information for adequate reception conditions and individual guarantees for their transfer back, the authorities didn't review closely the evidence regarding a real risk of treatment prohibited by Article 3 of the ECHR

..."
642_chunk000,"The case concerns the transfer to Spain under Dublin procedure of a single woman with children due to lack of information on the reception modalities for the minors even if they are accompanied by their parent. For further information on the case, please refer to the original document mentioned below.

..."
585_chunk000,The applicant (Venezuela) had applied for subsidiary protection on the basis that he would be at risk due to his activism and his membership of a politic party; that application was refused. The court held that in the context of art.
585_chunk001,"15(c) of the qualification directive, an internal armed conflict involves a conflict between the state and an armed group, or between two or more armed groups confronting each other. With regards to the UNHCR “Guidelines on International Protection No. 12:..."
512_chunk000,"The Supreme Court ruled that Article 31 of the 1951 Geneva Convention (stating no penalties for illegal entry if refugees arrive directly from a country where there are threats to their life or freedom, and they present themselves for the authorities without delay) did not preclude that an asylum seeker could be convicted for violation of an entry ban."
512_chunk001,"An asylum seeker from Afghanistan had been expelled and issued with a five year entry ban to Norway in 2012, due to not leaving the country..."
550_chunk000,"The case involved an asylum seeker upon whom detention was imposed as a measure to ensure a Dublin procedure. The asylum seeker lodged a complaint against a decision that had been issued based on Art. 5 of the Asylum Act 2005, rejecting the application as inadmissible."
550_chunk001,"The Federal Administrative Court subsequently denied the complaint, whereupon the asylum seeker lodged a complaint against detention. The court proceedings dealing with the individual's detention addressed the question of..."
653_chunk000,"According to the press release: The case concerned the expulsion to Morocco of a Moroccan national who had been convicted in France of conspiracy to carry out terrorist acts, and who had previously been deprived of his French nationality for the same reason. The Court noted in particular that Morocco had adopted general measures to prevent risks of treatment contrary to Article 3."
653_chunk001,"The present application was therefore different from the case of M. A. v. France. Furthermore, despite his..."
668_chunk000,"The Council of State rules on personal interview realised on ones native language. The CNDA decision is annulled as in the contested decision the Court failed to answer the plea regarding the absence of Chechen interpretation in the asylum interview and consequently, the impossibility of the applicant to be understood.

..."
547_chunk000,"In response to a legal remedy filed against the Federal Office for Immigration and Asylum, the Supreme Administrative Court ruled that, in accordance with Art 13 para 1 of the Dublin III Regulation (604/2013), the Member State whose border an individual applying for international protection had crossed irregularly is responsible for examining that application (ruling in case Ra 2017/19/0169-9 of 5"
547_chunk001,"April 2018).

The court furthermore ruled that this rule applied even if the individual did not..."
636_chunk000,"The Supreme Court ruled that a decision to transfer from Article 26 of the Dublin III Regulation does not constitute a ""final decision"" on an application for international protection within the meaning of Article 2 (b) of the Reception Directive and Article 2 (c) of the Dublin III Regulation, and consequently it can not entail the cessation of rights arising from the Reception Directive."
636_chunk001,A different interpretation may also lead to a situation which constitutes a violation of Article 1 of the...
511_chunk000,"In a case regarding the validity of revocation of residence permit for a mother and daughter from Afghanistan, see the Immigration Act section 37 subsection 1 e, the Supreme Court found, similar to lower instances, that the Immigration Appeal Board's decision was invalid."
511_chunk001,"When the application was granted, it was assumed that the conditions in their home country were unstable and that the women and her daughter risked being subjected to inhuman treatment. The revocation was justified by the fact..."
565_chunk000,"Appeal against the judgment of the Court of the Hague on October 16, 2017 in Case no. NL17.1729. By decision of 21 March 2017, the State Secretary rejected, insofar as currently relevant, an application from the foreign national to grant him a temporary asylum residence permit. By judgment of 16 October 2017, the court dismissed the appeal against this by the foreign national as unfounded."
565_chunk001,The foreign national has appealed against this decision. This statement concerns whether the...
641_chunk000,"This case relates to the transfer to Italy under Dublin procedure of an asylum seeker with medical condition. For further information on the case, please refer to the original document indicated below.

..."
926_chunk000,"As a result of the fundamental change in the political situation in Ethiopia since April 2018, people need because of their membership in an organization active in exile policy in Germany that is closely related to one of the organizations of the Ginbot7, OLF or ONLF that was classified as a terrorist organization in Ethiopia by summer 2018, or because of an exile policy activity for such an organ"
926_chunk001,"ization, when returning to Ethiopia, there is in principle no significant fear of persecution..."
646_chunk000,"According to EDAL's summary:

""On 8 February 2018, the Swiss Federal Administrative Tribunal ruled in a case concerning a Turkish journalist of Kurdish ethnicity who lodged an application for international protection in Zurich after arriving from Brazil. She claimed that she had been arrested and convicted in Turkey due to her profession and alleged connection with a terrorist organisation."
646_chunk001,The State Secretariat for Migration decided not to examine the merits of her...
510_chunk000,"The Court of Sessions found there was no unlawful discrimination arising from a reduction in the amount of asylum support payable to asylum seekers with one or more dependent children, following a government review. ..."
506_chunk000,"The applicant claimed to be registered with UNRWA, to have received help from relatives in Syria too. He claimed that the assistance he has previously received from UNRWA has ceased because he was forced out of Syria because of the general situation in the country."
506_chunk001,"He claimed to therefore qualify to obtain an ipso facto refugee declaration under the 1951 Convention relating to the Status of Refugees (Geneva Convention).

The Migration Court of Appeal relied on the CJEU jurisprudence,..."
643_chunk000,As per the published press release: The Council of State validates the criteria to be met by a new asylum application to be admissible.
643_chunk001,"Article L.723-16 of the CESEDA makes the admissibility of a request for reconsideration of an asylum application subject, on the one hand, to the presentation of new facts which have occurred or revealed after the rejection of the previous application or new evidence and, secondly, the finding that their probative value is capable of modifying the..."
572_chunk000,"Appeal against the judgement of the Court of The Hague, Rotterdam seat instead of August 14, 2017 in Case No. NL17.705 at stake. By decision of 20 January 2017, the State Secretary rejected an application from the foreign national to grant her a temporary asylum residence permit."
572_chunk001,"By decision of 14 August 2017, the court upheld the appeal lodged by the foreign national, annulled that decision and determined that the State Secretary would take a new decision on the application, taking into account..."
108_chunk000,According the ECHR's Information Note 213 (December 2017): The applicant entered Switzerland in 2009 and applied for asylum on the grounds that he had been imprisoned and tortured in his country of origin (Iran) after taking part in a demonstration there. His application was rejected after the Swiss authorities found that his account was not credible.
108_chunk001,The applicant subsequently lodged a request for his asylum application to be reconsidered followed by an application for temporary admission on...
20_chunk000,"A citizen of Afghanistan had a drug-resistant tuberculosis after arriving in Finland. According to a medical statement, his tuberculosis treatment was started in January 2016 and the duration of treatment is at least 20 months."
20_chunk001,"According to a medical opinion, treatment requires uninterrupted and controlled daily recurrence of medication and, in addition, a regular injection of medication, so that tuberculosis does not reactivate and become infectious. When assessing the issue, the Supreme..."
119_chunk000,The case concerns the request to extend international protection to the parents of the applicant (Syrian father and a Palestinian mother) who was granted refugee status in Spain. Spanish authorities rejected the case as they considered that the dependency criteria requested by the Asylum Law in cases of family reunification of ascendants was not accredit in this case.
119_chunk001,"Nevertheless, the National High Court considered, in line with UNHCR's report presented at the Eligibility Commission in this..."
102_chunk000,"The applicant is an Afghan national (Hazara), who was born in Iran, where he spent his whole life before applying for international protection in Austria in October 2015. His application was rejected by the first and second instance and the applicant was handed a return order to AFG (no well-founded fear of persecution for a Convention reason in AFG; no risk of violation of Art."
102_chunk001,"2, 3 ECHR upon deportation to Kabul). The Constitutional Court upheld this decision, stating that it would be..."
117_chunk000,Syrian refugee family resettled from Lebanon were granted subsidiary protection. This decision was appealed before the National High Court.
117_chunk001,"The National high Court recognized them as refugees because a. the father was subject to persecution in Syria, b. the family was recognized as refugees in Lebanon by UNHCR and were resettled within the National Resettlement Program for the year 2015, by agreement of the Council of Ministers. The National High Court followed the ruling of the Supreme Court..."
151_chunk000,"A., B., C., D., and E., five young Afghan nationals, arrived separately in Norway between 26 July 2015 and 1 October 2015. Each applied for international protection, claiming to be between 15 and 16 years old at the time of arrival."
151_chunk001,"None of them possessed documentary evidence supporting their claimed ages and were referred for medical age assessments consisting of an X-ray of the left hand and wrist and a dental X-ray (Liversidge and Haavikko methods).

Following the assessments, in..."
50_chunk000,The applicant (Tunisian national) was detained by the Police of the Czech Republic for the purpose of the removal enforcement. The applicant challenged the decision on detention before the Municipal Court of Prague.
50_chunk001,"The Municipal Court found out that the applicant during his detention lodged the application for international protection, he was re-detained under the provisions of the Act on Asylum implementing Art. 8(3)(d) of the Recast Reception Directive and for this reason his original..."
36_chunk000,"The appellants in this case are asylum seekers who came to the UK via Bulgaria. They are nationals of Afghanistan (SK and FK), Iraq (HK) and Iran (HH)."
36_chunk001,"This appeal is concerned with the proposal of the Secretary of State to remove the appellants from the UK to Bulgaria under the Dublin III Regulation arrangements (Regulation 604/2013), on grounds that they entered into the territory of the European Union in Bulgaria and may be sent back there to make their asylum claims. The Court dismissed..."
115_chunk000,"The National High Court noted that there are indications that the applicant and his family have actually been victims of persecution on the part of the Mara Salvatrucha (gang) for their resistance to being extorted, as well as that, in spite of informing the Honduran authorities, these they have not dispensed the applicant and his family effective protection."
115_chunk001,The National High Court reversed its former and very consolidated jurisprudence in similar cases (where all cases were rejected). Based...
57_chunk000,The applicant came to Ireland in 2007. She applied for refugee status in 2011. Her application was unsuccessful. She appealed to the first respondent. The appeal was a papers only appeal. The appeal was unsuccessful.
57_chunk001,The Refugee Appeals Tribunal made adverse credibility findings based on matters that had not been put to the applicant and concluded that cumulatively the applicant had not proved that she was a refugee. The applicant challenged the decision by way of judicial review. The High Court...
19_chunk000,"A 13-year-old A had arrived in Finland together with his uncle. A had told his family to reside in Baghdad. He had been in regular contact with his parents. The Supreme Administrative Court stated that the benefit of the child is, in principle, to live with her own family."
19_chunk001,"In connection with the return to home country, the reunification with the family could, in the light of the evidence presented in the case, in itself be considered to be in A's interest. To return home to A's..."
125_chunk000,"The Supreme Administrative Court finds that the mere fact that the appellant is told to be in regular contact with the families, not in itself be regarded as evidence that he was required by the return of the Directive any degree of certainty would be returned to any family member or designated guardian, or that for him would be adequate reception at home at home .

..."
21_chunk000,The case concerns the request of the applicant to extend the auxiliary order regarding her legal assistance in the re-examination of her case before the Finnish Immigration Service.
21_chunk001,"The Supreme Administrative Court took a stand on using a private legal aid counsel in a matter falling under the Aliens Act. Pursuant to an amendment that entered into force on 1 September 2016, legal aid paid out of State funds shall primarily be provided by public legal aid attorneys when handling..."
105_chunk000,"According to the Supreme Court, it was not contrary to the Human Rights Convention that a man from Syria who had been granted temporary protection status in Denmark should wait 3 years for family reunification with his spouse The case concerned the review of the Immigration Board's decision, after which A and B, who were spouses, had been refused family reunification in Denmark."
105_chunk001,"A had a residence in Denmark in accordance with the Immigration Act's rules on temporary protection, based on the..."
146_chunk000,The case concerns the issuance of Convention Travel Documents.
146_chunk001,"Questions answered by the Court: What obligations do Contracting States have to provide administrative assistance, pursuant to Article 25 of the 1951 Convention, if a refugee does not have recourse to the authorities of a foreign country?; What obligations do Contracting States have to issue ‘identity papers' to a refugee who does not possess a valid travel document, pursuant to Article 27 of the "
146_chunk002,1951 Convention?; and...
201_chunk000,"The applicant claimed that after he sought to end a relationship with a woman in Albania in 2012, he was confronted by the woman's brothers who threatened, beat and tortured him, and murdered his father. He moved to Ireland in July 2013 and applied for asylum in April 2014, the application was rejected. An appeal to the tribunal was also rejected in May 2016."
201_chunk001,"It was submitted on behalf of the applicant that a family could be a social group, and that the Tribunal had failed to assess whether..."
32_chunk000,"Majid Shiri, an Iranian national, has brought a challenge before the Austrian courts in relation to the decision refusing his application for international protection in Austria and his removal to Bulgaria."
32_chunk001,"Mr Shiri sclaimed that Mr Shiri submits that, pursuant to the Dublin III Regulation, Austria is now responsible for examining his application because he was not transferred to Bulgaria within a period of six months from the Bulgarian authorities' agreement to take him back. The Court..."
58_chunk000,"In this case the Court of Appeal considered the question of whether, where an applicant for subsidiary protection is considered by the decision maker to be a national of Country A, and also to have been granted refugee status and lived in each of Countries B and C, may the application be decided upon the basis that he is a stateless person within the meaning of the Qualification Directive and the "
58_chunk001,"regulations transposing that Directive into Irish law.

The applicant was born in Cameroon in..."
200_chunk000,"The applicants, a woman and her three children, were nationals of Pakistan who applied for asylum in the State. They had lived in the UK with the first applicant's husband whom the first named applicant claimed had been violently abusive towards her and the children."
200_chunk001,During the course of the Refugee Application Commissioner's examination of the applicants' file under Dublin III the applicants requested that the Commissioner exercise discretion under art.17 of the Regulation to...
69_chunk000,"If it is not clear whether an asylum applicant has already been granted international protection in another European Union member state (here: Italy), the administrative courts must find out whether this is the case if the admissibility of a new application for protection depends on it."
69_chunk001,This also applies if the other member state fails to respond to a request for information in accordance to the Dublin rules. ...
22_chunk000,"The Finnish Immigration Service had rejected asylum seeker A's application for asylum and residence permit and decided to return him to his country of origin, Iraq. On 29 June 2017 A. requested permission to appeal the decision of the Administrative Court and to be granted international protection."
22_chunk001,"Although A. had voluntarily returned to Iraq, he expressed his will to continue until the end of the appeal process and, if necessary, use all normal remedies as the..."
170_chunk000,Administrative Court Düsseldorf The plaintiff is an asylum seeker and claims to be from Bangladesh.
170_chunk001,"The Court ruled that with the rules on distribution and allocation (§§ 50, 51 AsylG), the law takes into account the regularly particularly important public interest , the burden associated with the reception of asylum seekers in terms of accommodation, food and supervision, evenly on the Federal states and municipalities (see § 45 AsylG). In that regard, an asylum seeker - such as the..."
66_chunk000,(abstract provided by UNHCR) The FAC comes to the conclusion that the humanitarian situation in Kabul has deteriorated compared to the FAC's last analysis of the situation in 2011 (BVGE 2011/7 ). The situation is life-threatening and a removal to Kabul is in principle not reasonable.
66_chunk001,"However, the FAC states that in exceptional cases, a removal to Kabul could be reasonable if there were particular factors enabling it (healthy single young men with a sustainable social network, a..."
88_chunk000,"The Court of Appeal confirmed that the First-tier Tribunal had been entitled to refuse an asylum seeker's appeal against the refusal of her claims for asylum and humanitarian protection. She had failed to establish a well-founded fear of persecution if returned to Iran on the basis of her political activities, conversion to Christianity, and the risk of domestic violence from her husband..."
145_chunk000,"The Administrative Court confirmed the Administrative Tribunal's ruling that there was a situation of generalized violence in Afghanistan leading to the grant of subsidiary protection to the asylum seeker. The Ministry of Foreign and European Affairs had appealed the Administrative Tribunal fearing a pull factor.

..."
99_chunk000,"In its judgement, the Supreme Administrative Court stated that, under current law and where the specific case falls under the Reception Directive, individuals must not be detained pending removal, except where the conditions specified in the Dublin Regulation are met (Dublin-related cases). The court's reasoning was that the “risk of absconding”, the criterion specified in Art."
99_chunk001,"76 para 2 subpara 1 Aliens Police Act, could not be subsumed under one of the conditions defined in..."
45_chunk000,The administrative authority considered applicant's another subsequent application (third application) for international protection inadmissible and terminated the proceedings according to the provisions of the Act on Asylum implementing Art. 33(2)(d) and Art. 40 of the Recast Asylum Procedures Directive.
45_chunk001,The administrative authority concluded that no new elements or findings have arisen or have been presented by the applicant. As regards the situation in the country of origin (Ukraine) the...
112_chunk000,According the Court's Information Note :
112_chunk001,"In August 2014 a group of about 80 sub-Saharan migrants, including the applicants, attempted to enter Spain by scaling the barriers surrounding the town of Melilla, a Spanish enclave on the North African coast. Having climbed the fences, they were arrested by members of the Guardia Civil, who handcuffed them and returned them to the other side of the border without..."
4705_chunk000,"Judgment concerning the freedom of movement of asylum seekers in Ceuta and Melilla, although his application for international protection was admitted for examination.

..."
129_chunk000,"In the absence of legally binding criteria to assess risk of absconding, applicants may not be detained while waiting for a transfer under the Dublin Regulation.

..."
100_chunk000,"The case concerns to Afghani sisters who reached Austria through Croatia and applied for international protection. The authorities considered Croatia as the responsible MS for examining the applications of all family members. The Court followed he judgment of the ECJ, C-490/16, adopted on 26 July 2017, deciding on the reference for a preliminary ruling made by the Slovene Supreme Court."
100_chunk001,"In this regard, it restates that regardless of the behavior of the Croatian authorities who tolerated the..."
51_chunk000,"Subsequent application for international protection lodged by the applicant (national of Cameroon) in 2014 was declared inadmissible and asylum proceedings was terminated by the decision of the administrative authority, which came to the conclusion that the applicant had not presented any new elements or findings which she would be incapable to present in the previous procedure initiated by her fi"
51_chunk001,"rst application for international protection lodged in 2006.

Those elements that could have..."
167_chunk000,"The applicant was born in 1984 in Myanmar and is a member of the ethnic group ""Rohingya"" / ""Bengali"". In 1992, he fled with his family after a military action against the village to Bangladesh. There, as evidenced by his documents, his relatives and he were registered as refugees from Myanmar in February 1992 and placed in a refugee camp."
167_chunk001,"After having lived outside the refugee camp for some years since 1999, the applicant left Bangladesh in 2015 and, according to his own..."
23_chunk000,"The Finnish Immigration Service had rejected A 's application for asylum and residence permit on the basis of the conflict between A and his father' s claims for asylum. Although the father's report has thus affected A's case, he or she has not been given the opportunity to give an explanation of the report and contradictions that it has in relation to his or her report."
23_chunk001,"The Supreme Administrative Court granted the appeal, annulled the decisions of the Administrative Court and..."
62_chunk000,"(Abstract provided by UNHCR) Eritrean persons who have not yet been called for National Service, or are exempted from National Service or who have been released from National Service, are no longer being recognized as refugees. In such cases, they do not face punishment and forced conscription upon return and hence their removal is lawful."
62_chunk001,"Eritreans who have not yet served the National Service and who were not exempted from it, particularly those who have left the country before reaching the..."
138_chunk000,"The Supreme Administrative Court of Lithuania ruled that, under the Return Directive, priority should be given to voluntary return against forced return, and an alien should be issued a return decision and granted a period for voluntary departure, aside from in exceptional circumstances (for example, when there is a ground for believing that an alien may abscond, represents a threat to national se"
138_chunk001,"curity).

The court has ruled that the current legal regulation, under which a return decision in..."
178_chunk000,"The Court gave guidance on the general approach to be adopted in law and practice by the First-tier Tribunal and Upper Tribunal where claims for asylum were made by children, young people, and other incapacitated or vulnerable persons whose ability to participate effectively in proceedings might be limited."
178_chunk001,"The guidance was designed to ensure that such persons had an effective right of access to the tribunal and a voice in the proceedings, and that their claims were fairly determined...."
34_chunk000,"On 14 September 2015, Mr Tsegezab Mengesteab, an Eritrean national, requested asylum in Munich (Germany) with the Government of Upper Bavaria, which issued to him, on the same day, a certificate of registration as an asylum seeker. On 22 July 2016, Mr Mengesteab was heard by the Bundesamt and was able to lodge an official application for asylum."
34_chunk001,"A search in the Eurodac system however revealed that Mr Mengesteab's fingerprints had been taken in Italy. In general, such a hit constitutes..."
38_chunk000,"A..S. left Syria for Lebanon, before travelling across Turkey, Greece, the former Yugoslav Republic of Macedonia, and Serbia. He crossed the border between that last State and Croatia in 2016. The Croatian authorities arranged for him to be transported to the Slovenian border. A.S. entered Slovenia on 20 February 2016. The Slovenian authorities then handed him over to the Austrian authorities."
38_chunk001,"The latter, however, refused him entry to Austria. On 23 February 2016, A.S. lodged an..."
542_chunk000,"On 22 October 2022, Mr. Ouhrami, an Algerian national, was considered a threat to public policy and declared undesirable by a decision from the Minister for Immigration and Integration in the Netherlands. The Minister indicated in the decision that in the years 2000 to 2002, Mr."
542_chunk001,"Ouhrami had on five occasions been sentenced by the criminal courts to a total of more than 13 months imprisonment for aggravated theft, handling stolen property, and possession of hard drugs. The decision obliged him..."
130_chunk000,The Council ruled that to be able to transfer an applicant to another member state the administrative authority must obtain the consent of the State responsible for examining the asylum application before it can take a decision to transfer the asylum seeker to that State.
130_chunk001,"Such a transfer decision can not therefore be taken, let alone notified to the person concerned, until after acceptance by the requested State. The Council also issued an opinion on the possibility of administrative detention..."
175_chunk000,The Upper Tribunal Ruled that: i) There is no general duty of inquiry upon the examiner to authenticate documents produced in support of a protection claim. There may be exceptional situations when a document can be authenticated by a simple process of inquiry which will conclusively resolve the authenticity and reliability of a document.
175_chunk001,"(ii) There is a general duty of confidentiality during the process of examining a protection claim, including appellate and judicial review proceedings. If..."
196_chunk000,The applicant applied for asylum in two occasions: in the United Kingdom in 2009 and in Northern Ireland in 2014 and both applications were refused by the corresponding British Authorities. The applicant moved to Ireland in August 2016 where he submitted a new asylum application.
196_chunk001,"Based on Chapter III of the Dublin III Regulation, the Office of the Refugee Applications Commissioner determined that the United Kingdom was responsible to assess applicant's applications. At this point, the..."
198_chunk000,The applicant had previously applied for asylum in the UK. He appealed unsuccessfully to the Tribunal the decision of the Refugee Applications Commissioner that he be transferred to the UK under Dublin III.
198_chunk001,He then requested that the Minister exercise discretion under art.17 of the Dublin III Regulation not to transfer him to the UK because he had serious medical issues for which he was being treated in the State (he required operations to remove a blockage and to fit a pacemaker). The Minister...
186_chunk000,"According the WLR Daily case summaries The asylum claimant, an Iraqi national, entered the United Kingdom and claimed asylum. His claim was refused by the Secretary of State and he appealed pursuant to section 82 of the Nationality, Immigration and Asylum Act 2002. His appeal was dismissed by the First-tier Tribunal."
186_chunk001,He appealed to the Upper Tribunal on the grounds that if returned to Iraq he would be at risk of suffering serious harm falling within article 15(c) of Council Directive...
49_chunk000,"Despite of previous decisions on return (administrative expulsion) issued against the applicant (Ukrainian national), she did not leave the territory of the Czech Republic where she has stayed irregularly since 2001."
49_chunk001,"The applicant was therefore detained for the purpose of her removal by the Police of the Czech Republic under the provisions of the Act on the Residence of Foreigners implementing Art. 15 of the Returns Directive. In the detention, the applicant lodged an application for..."
97_chunk000,"As of 2016, beneficiaries of subsidiary protection in Lower Austria differ from persons granted asylum in that they are entitled only to benefits under basic welfare support. The Constitutional Court ruled in June 2017 that this rule is constitutional, since sufficient factual and legal differences exist to justify differing treatment with respect to social benefits."
97_chunk001,"The Constitutional Court nonetheless insisted that benefits had to be granted ""...so that the individuals affected are not subject..."
197_chunk000,"The applicants, a woman and her three children, were nationals of Pakistan who applied for asylum in the State. They had lived in the UK with the first applicant's husband whom the first named applicant claimed had been violently abusive towards her and the children."
197_chunk001,During the course of the Refugee Application Commissioner's examination of the applicants' file under Dublin III the applicants requested that the Commissioner exercise discretion under art.17 of the Regulation to...
35_chunk000,"! With regard to reception, UK implements Council Directive 2003/9/EC. This case concerns a challenge to a decision by the Secretary of State for the Home Department (""the Respondent"") as to the weekly rate of asylum support paid for child dependants of asylum seekers."
35_chunk001,"The Court ruled that EU legislation provides for the subsistence of children rather than their welfare, notably articles 13.2 and 17 RCD. The Court mentioned that: 'The test, as already decided, is one of subsistence. Many..."
85_chunk000,Main issues may be summarized as follows: i) Regulation 604/13/EU (the Dublin Regulation) occupies the field to which it applies and operates as a measure of supreme EU law therein. (ii) It is not open to the Secretary of State to unilaterally and selectively disapply certain provisions of the Dublin Regulation and its sister implementing Commission Regulation as this is contrary to EU law.
85_chunk001,(iii) The dilution and disapplication of the procedural fairness and kindred protections enshrined in...
203_chunk000,In this case the Court was asked to give full consideration to the legal consequences within this State of a polygamous marriage entered into another country and according to the law of the State where took place. The husband is a recognized refugee (since 2000) who is originally from the Lebanon. While domiciled there he contracted two marriages – the first in 1975 and the second in 1988.
203_chunk001,The husband has a subsisting relationship with each wife and there are children of both marriages. All...
56_chunk000,The applicants were two Albanian asylum seekers who challenged the decision of the Refugee Appeals Tribunal upholding the decision of the Office of the Refugee Applications Commissioner that the United Kingdom was the member state responsible for determining their applications for asylum.
56_chunk001,"The applicants claimed asylum in Ireland on 16 December 2014, and completed their asylum application questionnaires on 26 December 2014. An information request by the Office of the Refugee Applications..."
205_chunk000,"The applicant sought the leave of the Supreme Court to appeal against the decision of the High Court refusing leave to seek judicial review on two points: that there were substantial grounds necessary for leave to argue (1) that the RAC had unlawfully delegated the refugee status investigation to a contractor, and (2) that in circumstances where the High Court had granted leave on that point in ot"
205_chunk001,"her cases, a judge of the same court should only depart from such previous decisions in limited..."
177_chunk000,"The Court of Appeal (civil division) ruled that the Upper Tribunal had not erred in adjudicating on the legality of a decision by the Secretary of State to cease treating a foreign criminal as a refugee, and in holding that cessation of his refugee status had been unlawful.

..."
44_chunk000,"The applicants, family of Russian-speaking Ukrainian citizens, applied for international protection in the Czech Republic. In their application they stated that in the Dnepropetrovsk region, seriously influenced by war, they were threatened, treated as separatists and constantly controlled by the irregular combatants without uniforms or insignia."
44_chunk001,The administrative authority (Ministry of Interior) refused to grant the applicants the international protection. It concluded that according to the...
150_chunk000,"The Court examined whether it was legal to imprison a foreign family with children under 15 years of age. Until their expulsion, the family were detained for two weeks at the Immigration Police station at Trandum. In addition to the parents, four of their children, aged between 7 and 14 years old were detained."
150_chunk001,"The Court found that the two weeks detention of four children together with their parents violated Article 3 of the ECHR, and Articles 5, 8, and 37 of the Convention on the Rights of..."
54_chunk000,"Section 9 of the Refugee Act 1996 provided that a person seeking asylum is entitled to enter the State and remain while the application for refugee status is processed. Section 9(4) also provided however, that an applicant shall not seek or enter employment before final determination of his or her application for a declaration."
54_chunk001,"Pending the determination of an application for refugee status, applicants are required to live in State provided accommodation known as direct provision, and provided in..."
4707_chunk000,"In A.I. v. Switzerland the Court held in particular that, on account of his political activities in exile, it was possible that the applicant had attracted the attention of the Sudanese intelligence services. It found that there were therefore reasonable grounds for believing that the applicant ran the risk of being detained, interrogated and tortured on his arrival at Khartoum Airport.

..."
209_chunk000,"In this case, the applicant applied for asylum in his city of residence, Ceuta, and his application was admitted. At that point the Spanish authorities issued him the corresponding identity document valid for the entire national territory and until the resolution of his asylum application."
209_chunk001,"Despite having this document, the Police Officer on duty denied him to board when he tried to go to the Peninsula. The Administrative Court in this case recognized the applicant right to move freely..."
169_chunk000,"The Court ruled on the guidance set out in HJ (Iran) v Secretary of State for the Home Department [2010] UKSC 31 on the approach to sexual orientation asylum claims, including consideration of whether a gay applicant for international protection would conceal their sexual orientation upon return to their country of origin and the reasons for concealment, was compatible with Directive 2004/83..."
656_chunk000,The case concerns an appeal against the decision of the Court of The Hague of 5 October 2016 in case no. 16/20135. The Administrative Jurisdiction Division of the Council of State clarified that the Immigration and Naturalisation Service (IND ) is required to assess in an individual manner whether the criteria for protection still exist.
656_chunk001,"The fact that the permit has expired cannot lead to an automatic cessation of the status.

..."
46_chunk000,"The applicant (Ukrainian national) had arrived to the Czech Republic in 2006 on the basis of a work permit. In November 2016, he lodged the application for international protection which was dismissed by the administrative authority."
46_chunk001,The applicant filed the action for annulment of the decision before the Regional Court in Ostrava on the last day of 15 day time limit laid down by the Act on Asylum for the actions against administrative decisions concerning international protection. The action...
68_chunk000,"The case concerned the removal of an Afghan family under the Dublin regulation. Both parents were placed separately in administrative detention and weren't allowed to communicate. The mother stayed with her baby while the other children (3, 6 and 8) were placed in a children's home. After 20 days the family was removed to Norway."
68_chunk001,The Court found that the separation of the children from their parents constituted a violation of the right to family life (art 8 ECHR) and that the...
141_chunk000,"According the High Court, the grant of refugee status to a child by the SSHD is an absolute bar to any order by the Family Court seeking to effect the return of a child."
141_chunk001,"Second, the High Court concurred with the SSHD that confidentiality is a vital element for the working of the asylum system and the fulfilment of obligations under the Refugee Convention, the EU Qualification Directive and the European Convention on Human Rights (ECHR). The disclosure of information revealed during the asylum..."
181_chunk000,"According the Court's Press Release, Under section 25(1) of the Identity Cards Act 2006 (“2006 Act”) it was an offence for a person to be in possession of an identity card relating to someone else, with the intention of using it to establish his or her identity as that person's identity."
181_chunk001,"However, it is recognized that individuals fleeing persecution may have to resort to the use of false papers to make good their escape. Therefore, under section 31 of the Immigration and Asylum Act 1999..."
64_chunk000,"(Abstract provided by UNHCR) The FAC rejected the application of a family to be recognized as stateless. Despite the fact that Swiss authorities had unsuccessfully tried to return the applicants for the past 17 years, the Court found that the applicants had not done everything possible to obtain travel documents from their countries of origin...."
127_chunk000,The Administrative Court of Nice has ordered the Prefecture of Alpes-Maritimes to register asylum applications of persons entering via Italy....
48_chunk000,"The Police of the Czech Republic found the applicant (Pakistani national) on the Czech territory hiding in a Serbian truck together with other 17 persons of different nationalities. Applicant said that he left his country of origin because of the fear from Taliban and passed through Iran, Turkey, Bulgaria, Serbia to the Czech Republic, from where he wanted to continue his journey to Germany."
48_chunk001,The Police found out from the Eurodac database of fingerprints that the applicant applied for...
126_chunk000,"The Court recognised the refugee status of a Nigerian national from Edo State, who fled to France from the threats of a trafficking network. The Court based itself on different pieces of evidence from the file to establish that Ms."
126_chunk001,"F. was indeed the victim of a transnational human trafficking network and she managed to get out of this network: a receipt for filing a complaint for aggravated charge of abetting sex trafficking and for trafficking of human beings in an organised network, as well as..."
24_chunk000,"On 30 June 2015, the Finnish Immigration Service rejected the application for an international protection and residence permit issued by Nigerian citizen A ('the appellant') and her minor children B and C. The applicants claimed threats due to the Ebola virus and the Boko Haram terrorist group. The applicant also claimed to be a victim of trafficking due to forced prostitution in Italy."
24_chunk001,A has requested permission from her own and her minor children to appeal the administrative...
148_chunk000,The case concerns “sur place” asylum claims.
148_chunk001,The Court had to answer whether Contracting States have an obligation to grant refugee status to an asylum-seeker who can establish that he/she has a well-founded fear of persecution for reasons of one or more of the Convention grounds of the 1951 Convention [thus falling under the scope of the inclusion clauses] where the risk of persecution is based on circumstances created by the applicant's ‘o
148_chunk002,"wn acts', including those..."
121_chunk000,"The applicant, single woman, lived with her brother and his family (spouse and children) in Pakistan and ran away from the country because of his political problems."
121_chunk001,"Her brother was given refugee status and his family (spouse and children) the extension of the protection given to him (extension of the refugee status), while his sister was rejected based on the fact that the dependency criteria were not met according to art. 40.1.d. The National High Court interprets the dependency criteria and..."
176_chunk000,"The Upper Tribunal ruled that: I) The question of whether the Secretary of State has made a decision on the exercise of the discretionary power in Article 17 of the Dublin Regulation is one of fact which will be determined on the basis of evidence, direct or inferential. (II) Article 17 is an integral part of the Dublin regime."
176_chunk001,The suggestion that the Article 17 discretion falls to be exercised only where the family reunification criteria in Article 8 are not satisfied is misconceived. ...
204_chunk000,"On the facts of this case, the applicant's solicitor informed the Tribunal that the applicant would prefer not to attend his hearing because he was concerned that his attendance would have an adverse effect on him in the light of his post-traumatic stress disorder."
204_chunk001,"The Tribunal, applying reg.8(11)(b) of the European Union (Subsidiary Protection) Regulations 2013, decided it was in the interests of justice to hold an oral hearing (the Tribunal wished to raise in person with the applicant..."
86_chunk000,"According the Court's Press Release, Article 1 of Regulation (EC) No 810/2009 of the European Parliament and of the Council of 13 July 2009 establishing a Community Code on Visas (Visa Code), as amended by Regulation (EU) No 610/2013 of the European Parliament and of the Council of 26 June 2013, must be interpreted as meaning that an application for a visa with limited territorial validity made on"
86_chunk001," humanitarian grounds by a third-country national, on the basis of Article 25 of the code, to..."
171_chunk000,The Upper Tribunal had been justified in rejecting an asylum seeker's account that scarring on his body had been caused by torture administered by the Sri Lankan authorities and in inferring that it was self-inflicted.
171_chunk001,"However, its guidance as to how medical evidence should be presented in ""self-infliction by proxy"" cases was to be treated as having no effect, because the proper approach to the instruction of experts was contained in the Practice Direction of the Immigration and Asylum Chambers..."
111_chunk000,"The Court defines which decision should be regarded as 'final' in the course of asylum procedure. Accordingly, it notes that the right of a person to stay in Estonia during a litigation may, after the decision of the administrative court, be decided by the court by means of the application of provisional legal protection/interim measure."
111_chunk001,"This also meets the requirements of Article 46 (6) of Directive 2013/32 / EU, according to which, at the request of the applicant concerned or on its own..."
55_chunk000,The applicant was a Nigerian national who was born in May 1991. She arrived in the State on 9 January 2007 when she was 15 years old and applied for asylum. The applicant claimed to have been threatened with forced marriage and attempted rape. She said she was given assistance by the African Refugee Foundation (“AREF”) before ultimately leaving Nigeria.
55_chunk001,As part of her asylum claim the applicant submitted a refugee card and a letter from AREF to corroborate her account. The...
173_chunk000,"A Sri Lankan national's appeal against the refusal of his asylum claim based on his membership of proscribed groups and participation in political demonstrations was allowed. The First-tier Tribunal and Upper Tribunal had not been referred to 2014 Home Office policy guidance entitled ""Tamil Separatism"" which was material to the decision and might realistically have affected the outcome...."
37_chunk000,"This request for a preliminary ruling concerns the interpretation of Articles 3(2) and 17(1) of the Dublin III Regulation, Article 267 TFEU and Article 4 of the EU Charter of Fundamental Rights."
37_chunk001,"This request has been made in proceedings between, on the one hand, C. K., H. F. and their child A. S. and, on the other hand, the Republika Slovenija (Republic of Slovenia), represented by its Ministry of the Interior, concerning the transfer of those persons to Croatia, designated as the..."
84_chunk000,"In summary, the applicant claims as follows. He is a national of the Democratic Republic of Congo. He has a well-founded fear of persecution if returned to that country on the ground of his membership of a particular social group, specifically his family, and of his political opinion, specifically his membership of, and involvement with, the UDPS political party there."
84_chunk001,The applicant's family home was attacked three times in 2008 by masked men demanding money. The applicant believes those...
174_chunk000,Neither the First-tier Tribunal nor the Upper Tribunal had erred in refusing asylum to a 17-year-old Afghan. There was no evidence that he was at risk of physical retaliation by virtue of being the son of a policeman abducted by the Taliban in 2010. The tribunals had not considered his fear of persecution to be well-founded.
174_chunk001,"The UNHCR guidelines, which stated that the Afghan national police, and also the local police, were increasingly the object of targeted campaigns, did not support the son's..."
43_chunk000,"The applicant from Belarus had been granted subsidiary protection for 12 months. The subsidiary protection was then once prolonged for another 24 months upon applicant's request. However, the second request was dismissed because of applicant's criminal activity. The administrative authority found out that he had been sentenced seven times for less serious criminal offences (mostly thefts)."
43_chunk001,The administrative authority then concluded that the applicant “constitutes a danger to...
136_chunk000,"The applicant was a Ghanaian national who applied for refugee status in 2010, which was refused following a decision of the Refugee Appeal Tribunal in January 2011. She applied for subsidiary protection on 8 October 2013."
136_chunk001,"By decision dated 5 November 2013 the Minister for Justice and Equality refused to entertain this application for subsidiary protection, contending that she had not made the application within the administrative deadline of 15 days from the date of the issuing of a proposal to..."
179_chunk000,"The Court noted, based on the individual factors and characteristics of the applicant, that the Appellant would foreseeably be at risk including degrading sexual assault and rape, of which there may be multiple instances. It follows that the Appellant's return would invoke violation under Article 3 ECHR. ..."
218_chunk000,"In the present case the applicant, Ms. Danqua, (Ghanaian national), made a very belated application for subsidiary protection on 8th October 2013, having first applied for refugee status in 2010 and having been refused asylum following a decision of the Refugee Appeal Tribunal in January 2011."
218_chunk001,"By decision dated 5th November 2013 the Minister for Justice and Equality refused to entertain this belated application for subsidiary protection, contending that she had not made the application within..."
42_chunk000,The applicant was sentenced by a criminal court to two and half years for the crime of illicit production and possession of drugs.
42_chunk001,"This crime, under certain aggravating circumstances, may fall according to the Czech Criminal Code within the category of “particularly serious crimes”, which is defined as “intentional crimes for which the criminal law foresees the sentence of deprivation of liberty with the upper limit of at least 10 years”. The administrative authority..."
47_chunk000,"The applicant, national of the Republic of El Salvador, came from his country of origin to Spain in 2012 as the need for him to have entry visa was waived. From Spain he then moved to Switzerland where he has been staying (for the most of the time irregularly) for about two and half years."
47_chunk001,"Afterwards, he travelled via Germany to the Czech Republic where he lodged in 2015 the application for international protection. The administrative authority (the Ministry of Interior), found the application..."
61_chunk000,"(provided by UNHCR): The FAC ruled that Eritreans leaving their country illegally no longer face punishment upon return amounting to persecution. Without specifying this further, the Court held that “other factors” had to come to play to constitute a well-founded fear. The possibility of a recruitment could amount to a violation of Art. 3 and 4 ECHR, but was not relevant under the 1951 Convention."
61_chunk001,...
109_chunk000,"Acoording the ECHR's Press Release: the applicant, Bljerim Salija, is a Macedonian national, who was born in 1980 in the municipality of Tetovo (“the former Yugoslav Republic of Macedonia”). The case concerned the revocation of his permanent residence permit in Switzerland and his expulsion."
109_chunk001,Mr Salija arrived in Switzerland in 1989 aged nine to be reunited with his family and was granted a permanent residence permit. In 1999 he married a Macedonian national who also held a permanent residence...
143_chunk000,"The decision annulled the grand-ducal regulation of 24 August 2016, declaring compulsory the use of land in the frames of the plan entitled 'Provisional Emergency Reception Facility for International Protection Applicants, Rejected International Protection Applicants, and Beneficiaries of International Protection. ..."
52_chunk000,"On 13 April 2010, Ms. Danqua, a Ghanaian national, applied for refugee status in Ireland arguing that she feared trokosi practices, a form of ritual servitude practised in Ghana predominantly affecting women. In a report dated 16 June 2010, the Refugee Applications Commissioner (Ireland) issued a negative recommendation in respect of that application because of its lack of credibility."
52_chunk001,That recommendation was confirmed on appeal by the Refugee Appeals Tribunal (Ireland) by decision of 13...
134_chunk000,Limitation of an applicant's right to challenge a transfer order pursuant to the Dublin III Regulation to alleged breaches of the criteria for transfer. All other provisions of the Regulation such as provision of information or time limits for requests are addressed to the member states and an applicant is therefore not entitled to challenge a transfer on those grounds....
625_chunk000,"As per the press release: The State Secretary for Security and Justice has not provided sufficient reasons why the transfer of two foreign nationals to Hungary under the European Dublin Regulation is not contrary to the ECHR. This is apparent from two judgments from the Administrative Jurisdiction Division of the Council of State today (November 26, 2015)."
625_chunk001,No appeal is possible against these judgments. Background: Both aliens initially applied for asylum in Hungary. They then applied for...
254_chunk000,"In its Chamber judgment of 26 June 2014, the European Court of Human Rights, unanimously, declared inadmissible M.E.'s complaint under Article 8 of the Convention."
254_chunk001,"The Court further held, by six votes to one, that the implementation of the expulsion order against M.E. would not give rise to a violation of Article 3 of the Convention, finding that there were no substantial grounds for believing the applicant would be subjected to ill-treatment on account of his sexual orientation if he was..."
137_chunk000,"In a case of a Somali applicant related to family reunification, the Supreme Court held that the trial judge was incorrect in forming the view that the potential financial consequences for the State of allowing a discretionary family reunification application cannot be taken into account in the overall assessment as to how the Minister's discretion under the 1996 Act should be exercised."
137_chunk001,"However, it reaffirmed that it was correct to conclude that the decision of the Minister to refuse family..."
237_chunk000,"According to the press release of the ECtHR of 10 July 2014:

""The applicant is a Rwandan national who was born in 1950 and lives in Rouen (France). The applicant obtained refugee status and submitted an application for family reunion in March 2003 to be able to live with his children, who were then in Kenya. Although the principle of family reunification had been recognised..."
245_chunk000,"The applicant, Deo Tanda-Muzinga, is a Congolese national who was born in 1970 and lives in Vénissieux (Frnace). The applicant obtained refugee status and submitted application for family reunification in June 2007 to be able to live with his children, who were then in Cameroon."
245_chunk001,"Although the principle of family reunification had been recognized in his case, the consular authorities refused to issue visas for his children on account of difficulties in establishing the children's civil..."
168_chunk000,"The Court confirmed that based on information from the UNHCR, the US Department of State and the Foreign Office, the Administrative Court has stated that the findings of the Bihari situation in Bangladesh do not provide any evidence for group persecution."
168_chunk001,"In particular, the earlier open question of nationality was clarified by a decision of the High Court of May 2008 to the effect that all Bihari who were still underage or born in 1971 were nationals of Bangladesh. As a result, 80% to 90% of..."
183_chunk000,"These cases concern the detention of Syrian asylum seekers during different periods between 2010 and 2012. In the cases of M.A., A.H. and J.K., H.S. and Others and K.F. the detention occurred after a police operation in June 2010 removing them from an encampment outside government buildings where they were protesting against the Cypriot Government's asylum policy."
183_chunk001,"In all five judgments, the European Court found that the applicants did not have at their disposal an effective and speedy..."
256_chunk000,"According to the EDAL, the Council for Alien Law Litigation confirmed that those who enjoy subsidiary protection are equivalent to recognised refugees, for the purposes of family reunification and are exempted from additional conditions in relation to housing, health insurance, and means of subsistence provided that the application for family reunification is submitted within one year and the fami"
256_chunk001,ly ties existed before the arrival in Belgium of the reuniting person (who enjoys subsidiary...
140_chunk000,There is a high level of domestic violence in Bangladesh.
140_chunk001,"Despite the efforts of the government to improve the situation, due to the disinclination of the police to act upon complaints, women subjected to domestic violence may not be able to obtain an effective measure of state protection by reason of the fact that they are women and may be able to show a risk of serious harm for a Refugee Convention reason."
140_chunk002,"Each case, however, must be determined on its own facts. Under Muslim law, as..."
142_chunk000,"Prison conditions in Bangladesh, at least for ordinary prisoners, do not violate Article 3 ECHR. This conclusion does not mean that an individual who faces prison on return to Bangladesh can never succeed in showing a violation of Article 3 in the particular circumstances of his case."
142_chunk001,The individual facts of each case should be considered to determine whether detention will cause a particular individual in his particular circumstances to suffer treatment contrary to Article 3. In view of...
1087_chunk000,"According to the ECtHR Press release (available at http://hudoc.echr.coe.int/eng-press?i=003-2327920-2491345):

The applicants are: C.G., a Turkish national, born in 1968, and currently living in Turkey following his deportation from Bulgaria; and his wife and daughter, T.H.G. and T.C.G, both Bulgarian nationals, born in Bulgaria in 1968 and..."
