topic_id,chunk_id,doc_id,chunk_index,total_chunks,chunk_text,item_id,title,url,country,published_date,court,case_type,case_number,topic_keywords,topic_probability,credibility_score,determination_score,legal_ground_score,explanation_score,dominant_label,topic_name
0,5442_chunk000,5442,0,2,The Constitutional Court rejected the complaint submitted by a Syrian national on grounds of a potential violation of Articles 2 and 3 of the European Convention on Human Rights (ECHR) due to the decision to remove the applicant and return him to Syria. The Constitutional Court did not find procedural deficiencies in the Federal Administrative Court decision.,5442,AT: The Constitutional Court found that the assessment conducted by the Federal Administrative Court on return of a Syrian applicant was lawful as it was based on updated country of origin information on the security situation.,https://caselaw.euaa.europa.eu/pages/viewcaselaw.aspx?CaseLawID=5442&returnurl=%2fPages%2fsearch.aspx,Austria,18/09/2025,AT: Constitutional Court [Verfassungsgerichtshof Österreich],Decision,E1539/2025,"the, of, to, in, and, for, that, on, was, applicant",0.9601922020327468,0.85626554,0.7923262,0.84844834,0.7684646,CREDIBILITY,Applicant Detention and Asylum Claims
0,5442_chunk001,5442,1,2,The Constitutional Court considered that the Federal Administrative Court duly assessed both the security and supply...,5442,AT: The Constitutional Court found that the assessment conducted by the Federal Administrative Court on return of a Syrian applicant was lawful as it was based on updated country of origin information on the security situation.,https://caselaw.euaa.europa.eu/pages/viewcaselaw.aspx?CaseLawID=5442&returnurl=%2fPages%2fsearch.aspx,Austria,18/09/2025,AT: Constitutional Court [Verfassungsgerichtshof Österreich],Decision,E1539/2025,"the, of, to, in, and, for, that, on, was, applicant",0.9557124163461909,0.8585965,0.83184105,0.8486208,0.82193094,CREDIBILITY,Applicant Detention and Asylum Claims
0,5443_chunk000,5443,0,2,The Constitutional Court dismissed a complaint against the decision of the Federal Administrative Court concerning detention of a Syrian applicant pending return. It found that the lower court correctly assessed that the detention pending return and its extension were lawful.,5443,AT: The Constitutional Court confirmed that the current situation in Syria does not indicate a real risk of a violation of Articles 2 and 3 of the ECHR in case of return.,https://caselaw.euaa.europa.eu/pages/viewcaselaw.aspx?CaseLawID=5443&returnurl=%2fPages%2fsearch.aspx,Austria,18/09/2025,AT: Constitutional Court [Verfassungsgerichtshof Österreich],Decision,E2795/2025,"the, of, to, in, and, for, that, on, was, applicant",0.931363092667055,0.8346163,0.7860524,0.82005185,0.7548217,CREDIBILITY,Applicant Detention and Asylum Claims
0,5443_chunk001,5443,1,2,"It noted also that the lower court duly considered the admissibility of the removal on basis of current country of origin reports on Syria, by assessing both the security and supply situation in Syria as well as the...",5443,AT: The Constitutional Court confirmed that the current situation in Syria does not indicate a real risk of a violation of Articles 2 and 3 of the ECHR in case of return.,https://caselaw.euaa.europa.eu/pages/viewcaselaw.aspx?CaseLawID=5443&returnurl=%2fPages%2fsearch.aspx,Austria,18/09/2025,AT: Constitutional Court [Verfassungsgerichtshof Österreich],Decision,E2795/2025,"the, of, to, in, and, for, that, on, was, applicant",0.9571121135985641,0.8816299,0.8191745,0.85392815,0.80473244,CREDIBILITY,Applicant Detention and Asylum Claims
0,5889_chunk000,5889,0,2,"The applicants, F.S. and A.S., two brothers who fled Afghanistan after losing their parents in a bombing, travelled through Pakistan, Iran, Turkey, Bulgaria and Serbia before arriving in the Hungarian transit zone in Röszke on 24 October 2017. There, they were detained in a 5-person container on their own and applied for asylum.",5889,"The ECtHR examined the case of two Afghan brothers claiming to be minors who were detained in the Röszke transit zone, and found that their detention breached Articles 5(1) and 5(4) of the ECHR, while the detention conditions amounted to a violation of Article 3 in respect of the younger brother, who was confirmed to be underage. The court rejected the complaint under Article 13 concerning the lack of a direct appeal against the age assessment, finding that it had been lodged out of time.",https://caselaw.euaa.europa.eu/pages/viewcaselaw.aspx?CaseLawID=5889&returnurl=%2fPages%2fsearch.aspx,Council of Europe,19/06/2025,CoE: European Court of Human Rights [ECtHR],Judgment,No 50872/18,"the, of, to, in, and, for, that, on, was, applicant",1.0,0.83940256,0.78032225,0.81993127,0.7643776,CREDIBILITY,Applicant Detention and Asylum Claims
0,5889_chunk001,5889,1,2,"Upon registration, they were asked their ages by the authorities and claimed to be 14 and 7 years old respectively. As they were undocumented, they...",5889,"The ECtHR examined the case of two Afghan brothers claiming to be minors who were detained in the Röszke transit zone, and found that their detention breached Articles 5(1) and 5(4) of the ECHR, while the detention conditions amounted to a violation of Article 3 in respect of the younger brother, who was confirmed to be underage. The court rejected the complaint under Article 13 concerning the lack of a direct appeal against the age assessment, finding that it had been lodged out of time.",https://caselaw.euaa.europa.eu/pages/viewcaselaw.aspx?CaseLawID=5889&returnurl=%2fPages%2fsearch.aspx,Council of Europe,19/06/2025,CoE: European Court of Human Rights [ECtHR],Judgment,No 50872/18,"the, of, to, in, and, for, that, on, was, applicant",0.9672884137182945,0.8453089,0.8014315,0.81639373,0.76817954,CREDIBILITY,Applicant Detention and Asylum Claims
0,5890_chunk000,5890,0,2,"Six Iraqi nationals, a family of two parents and their four minor children, entered the Hungarian transit zone bordering Serbia on 10 July 2018 and submitted an asylum application. On the same day, the asylum authority designated the transit zone in Tompa as the applicants' place of stay.",5890,"Relying on R.R and Others v Hungary, the ECtHR found a violation of Article 3 of the ECHR regarding four Iraqi children held in the Tompa transit zone for more than six months due to the conditions therein, the minor applicants’ age and the fifth applicant’s spinal muscular atrophy and her vulnerability. The court also found a violation of Article 5(1) and (4) of the ECHR with regard to all applicants.",https://caselaw.euaa.europa.eu/pages/viewcaselaw.aspx?CaseLawID=5890&returnurl=%2fPages%2fsearch.aspx,Council of Europe,19/06/2025,CoE: European Court of Human Rights [ECtHR],Judgment,No 39498/18,"the, of, to, in, and, for, that, on, was, applicant",0.9438302000291866,0.8355169,0.7971138,0.8187747,0.78409094,CREDIBILITY,Applicant Detention and Asylum Claims
0,5890_chunk001,5890,1,2,"On 22 August 2018, at the applicants' request, the ECtHR, under the interim measure procedure, ordered the Hungarian Government to ensure that the environment in which the applicants were placed...",5890,"Relying on R.R and Others v Hungary, the ECtHR found a violation of Article 3 of the ECHR regarding four Iraqi children held in the Tompa transit zone for more than six months due to the conditions therein, the minor applicants’ age and the fifth applicant’s spinal muscular atrophy and her vulnerability. The court also found a violation of Article 5(1) and (4) of the ECHR with regard to all applicants.",https://caselaw.euaa.europa.eu/pages/viewcaselaw.aspx?CaseLawID=5890&returnurl=%2fPages%2fsearch.aspx,Council of Europe,19/06/2025,CoE: European Court of Human Rights [ECtHR],Judgment,No 39498/18,"the, of, to, in, and, for, that, on, was, applicant",0.9886448880398373,0.8323609,0.7853997,0.82370406,0.7877258,CREDIBILITY,Applicant Detention and Asylum Claims
0,6098_chunk000,6098,0,2,"An Egyptian national lodged a subsequent application for international protection, claiming that he feared persecution in the event of return to Egypt on account of his sexual orientation. The Office for the Protection of Refugees and Stateless Persons (OFPRA) rejected the application on 27 April 2022.",6098,"FR: The Council of State held that, in assessing a claim based on sexual orientation, the absence of specific criminal provisions penalising same-sex relations in the country of origin is irrelevant, as persecution may arise from the abusive application of general laws or from acts committed by or tolerated by the authorities.",https://caselaw.euaa.europa.eu/pages/viewcaselaw.aspx?CaseLawID=6098&returnurl=%2fPages%2fsearch.aspx,France,13/03/2025,FR: Council of State [Conseil d'État],Decision,No 489258,"the, of, to, in, and, for, that, on, was, applicant",0.9761660722025806,0.8358192,0.77517945,0.8160848,0.7451076,CREDIBILITY,Applicant Detention and Asylum Claims
0,6098_chunk001,6098,1,2,"The applicant appealed that decision before the National Court of Asylum (CNDA), which dismissed the appeal on 9 May 2023 on the ground that Egyptian criminal law does not criminalise same-sex...",6098,"FR: The Council of State held that, in assessing a claim based on sexual orientation, the absence of specific criminal provisions penalising same-sex relations in the country of origin is irrelevant, as persecution may arise from the abusive application of general laws or from acts committed by or tolerated by the authorities.",https://caselaw.euaa.europa.eu/pages/viewcaselaw.aspx?CaseLawID=6098&returnurl=%2fPages%2fsearch.aspx,France,13/03/2025,FR: Council of State [Conseil d'État],Decision,No 489258,"the, of, to, in, and, for, that, on, was, applicant",0.9192525460399867,0.8690011,0.8307702,0.85631925,0.79223424,CREDIBILITY,Applicant Detention and Asylum Claims
0,5761_chunk000,5761,0,2,"A. and B., together with their two children, requested international protection in Romania on 12 July 2023 and in Switzerland on 26 July 2023. On 11 August 2023, they submitted an application for recognition of statelessness in Switzerland, claiming to be stateless Maktumin from Syria.",5761,"CH: The Federal Administrative Court dismissed the appeal of a stateless Maktumin family from Syria, holding that the applicants, who were in Romania following a Dublin transfer, lacked a legally protected interest in Switzerland to access the statelessness determination procedure.",https://caselaw.euaa.europa.eu/pages/viewcaselaw.aspx?CaseLawID=5761&returnurl=%2fPages%2fsearch.aspx,Switzerland,12/03/2025,CH: Federal Administrative Court [Bundesverwaltungsgericht - Tribunal administratif fédéral - FAC],Judgment,F-6775/2023,"the, of, to, in, and, for, that, on, was, applicant",0.9686320890035451,0.8507165,0.7900942,0.8228588,0.77410316,CREDIBILITY,Applicant Detention and Asylum Claims
0,5761_chunk001,5761,1,2,"On 7 November 2023, the State Secretariat for Migration (SEM) rejected their asylum application and ordered their transfer to Romania. By separate decision, also dated 7 November 2023, the SEM rejected the...",5761,"CH: The Federal Administrative Court dismissed the appeal of a stateless Maktumin family from Syria, holding that the applicants, who were in Romania following a Dublin transfer, lacked a legally protected interest in Switzerland to access the statelessness determination procedure.",https://caselaw.euaa.europa.eu/pages/viewcaselaw.aspx?CaseLawID=5761&returnurl=%2fPages%2fsearch.aspx,Switzerland,12/03/2025,CH: Federal Administrative Court [Bundesverwaltungsgericht - Tribunal administratif fédéral - FAC],Judgment,F-6775/2023,"the, of, to, in, and, for, that, on, was, applicant",0.9821971890592469,0.8478198,0.8034373,0.8302199,0.77660775,CREDIBILITY,Applicant Detention and Asylum Claims
0,4999_chunk000,4999,0,2,"The applicant is a national from Ethiopia. On 26 January 2024, the applicant requested international protection in Luxembourg. In support of her application, she claimed that she feared persecution and rape on account of her membership of the Ahmara ethnic group.",4999,"LU: The Administrative Tribunal held that further examination of the Hungarian asylum system was needed in the case of a Dublin transfer to Hungary, and that, where the general situation of deficiencies is known to the authorities of the requesting Member State, there is no need to place the full burden of proof on the applicant; it further held that a transfer acceptance letter, without concrete individual assurances that a person returned under Dublin would be accepted in the asylum procedure, was not enough to guarantee the right to apply for international protection.",https://caselaw.euaa.europa.eu/pages/viewcaselaw.aspx?CaseLawID=4999&returnurl=%2fPages%2fsearch.aspx,Luxembourg,20/09/2024,LU: Administrative Tribunal [Tribunal administratif],Judgment,No 50977,"the, of, to, in, and, for, that, on, was, applicant",0.9537902934452585,0.8401548,0.78841597,0.82678574,0.7673188,CREDIBILITY,Applicant Detention and Asylum Claims
0,4999_chunk001,4999,1,2,"The Ministry of Home Affairs found that the responsible State for examining the application under the Dublin III Regulation was Hungary, as the applicant had a Hungarian...",4999,"LU: The Administrative Tribunal held that further examination of the Hungarian asylum system was needed in the case of a Dublin transfer to Hungary, and that, where the general situation of deficiencies is known to the authorities of the requesting Member State, there is no need to place the full burden of proof on the applicant; it further held that a transfer acceptance letter, without concrete individual assurances that a person returned under Dublin would be accepted in the asylum procedure, was not enough to guarantee the right to apply for international protection.",https://caselaw.euaa.europa.eu/pages/viewcaselaw.aspx?CaseLawID=4999&returnurl=%2fPages%2fsearch.aspx,Luxembourg,20/09/2024,LU: Administrative Tribunal [Tribunal administratif],Judgment,No 50977,"the, of, to, in, and, for, that, on, was, applicant",1.0,0.83245575,0.7763524,0.81847215,0.7482933,CREDIBILITY,Applicant Detention and Asylum Claims
0,4997_chunk000,4997,0,2,"The applicants were a married couple and their child, of Armenian ethnicity, originating from the autonomous region of Nagorno-Karabakh. On 31 August 2021 they applied for international protection in Germany. In support of their application they claimed that the husband (applicant 1) had been drafted to the army in Nagorno-Karabakh after the outbreak of the war in September 2020.",4997,"DE: The Administrative Court of Kassel overturned a decision by the Federal Office for Migration and Refugees (BAMF) and ruled that a married couple and their child from Nagorno-Karabakh, who were effectively stateless, faced a well-founded risk of persecution if returned to Azerbaijan, as the refusal to recognise civil status and to issue travel documents to ethnic Armenians of Azerbaijani origin constituted an act of persecution.",https://caselaw.euaa.europa.eu/pages/viewcaselaw.aspx?CaseLawID=4997&returnurl=%2fPages%2fsearch.aspx,Germany,16/09/2024,DE: Regional Administrative Court [Verwaltungsgericht],Judgment,1 K 1819/23.KS.A,"the, of, to, in, and, for, that, on, was, applicant",0.9736536075913321,0.8314868,0.7832942,0.82038766,0.7567125,CREDIBILITY,Applicant Detention and Asylum Claims
0,4997_chunk001,4997,1,2,"After his wife (applicant 2) moved to Yerevan (Armenia), he decided to leave the army...",4997,"DE: The Administrative Court of Kassel overturned a decision by the Federal Office for Migration and Refugees (BAMF) and ruled that a married couple and their child from Nagorno-Karabakh, who were effectively stateless, faced a well-founded risk of persecution if returned to Azerbaijan, as the refusal to recognise civil status and to issue travel documents to ethnic Armenians of Azerbaijani origin constituted an act of persecution.",https://caselaw.euaa.europa.eu/pages/viewcaselaw.aspx?CaseLawID=4997&returnurl=%2fPages%2fsearch.aspx,Germany,16/09/2024,DE: Regional Administrative Court [Verwaltungsgericht],Judgment,1 K 1819/23.KS.A,"the, of, to, in, and, for, that, on, was, applicant",0.9832672116070444,0.83421606,0.7998924,0.81987804,0.7636758,CREDIBILITY,Applicant Detention and Asylum Claims
0,4998_chunk000,4998,0,2,"The applicant is a national of Iran. On 27 December 2023, he requested international protection in Luxembourg. In support of his application, he claimed he feared persecution, inhumane and degrading treatment or even the death penalty because of his homosexuality, his opposition to the Iranian government and his support to the “organisation of the Mujahedin of the Iranian People”.",4998,"LU: The Administrative Tribunal held that further examination of the Hungarian asylum system was needed in the case of a Dublin transfer to Hungary, and that, where the general situation of deficiencies is known to the authorities of the requesting Member State, there is no need to place the full burden of proof on the applicant; it further held that a transfer acceptance letter, without concrete individual assurances that a person returned under Dublin would be accepted in the asylum procedure, was not enough to guarantee the right to apply for international protection.",https://caselaw.euaa.europa.eu/pages/viewcaselaw.aspx?CaseLawID=4998&returnurl=%2fPages%2fsearch.aspx,Luxembourg,30/08/2024,LU: Administrative Tribunal [Tribunal administratif],Judgment,No 50847,"the, of, to, in, and, for, that, on, was, applicant",0.9979621884388591,0.84206194,0.79010874,0.83014274,0.7594572,CREDIBILITY,Applicant Detention and Asylum Claims
0,4998_chunk001,4998,1,2,The Ministry for Home Affairs...,4998,"LU: The Administrative Tribunal held that further examination of the Hungarian asylum system was needed in the case of a Dublin transfer to Hungary, and that, where the general situation of deficiencies is known to the authorities of the requesting Member State, there is no need to place the full burden of proof on the applicant; it further held that a transfer acceptance letter, without concrete individual assurances that a person returned under Dublin would be accepted in the asylum procedure, was not enough to guarantee the right to apply for international protection.",https://caselaw.euaa.europa.eu/pages/viewcaselaw.aspx?CaseLawID=4998&returnurl=%2fPages%2fsearch.aspx,Luxembourg,30/08/2024,LU: Administrative Tribunal [Tribunal administratif],Judgment,No 50847,"the, of, to, in, and, for, that, on, was, applicant",1.0,0.68089503,0.6600496,0.6771837,0.714154,EXPLANATION,Applicant Detention and Asylum Claims
0,4992_chunk000,4992,0,2,"The applicant is a national of Russia. In December 2023, he travelled to Czechia after receiving a Schengen tourist visa at the Hungarian embassy in Russia. On 24 December 2023, he requested international protection in Czechia.",4992,"CZ: The Supreme Administrative Court ruled that, while Hungary's asylum system exhibits systemic deficiencies, the Ministry of the Interior had failed to prove whether these deficiencies affected persons transferred under the Dublin III Regulation. The court found that the evidence presented did not establish whether the possibility of continuing an application after a transfer to Hungary was a legally binding practice and consequently returned the case to the Ministry for further analysis.",https://caselaw.euaa.europa.eu/pages/viewcaselaw.aspx?CaseLawID=4992&returnurl=%2fPages%2fsearch.aspx,Czech Republic,28/08/2024,CZ: Supreme Administrative Court [Nejvyšší správní soud],Decision,2 Azs 134/2024 - 31,"the, of, to, in, and, for, that, on, was, applicant",0.9680951007759587,0.83759844,0.79814464,0.8223124,0.7718951,CREDIBILITY,Applicant Detention and Asylum Claims
0,4992_chunk001,4992,1,2,"In support of his application, the applicant claimed that he feared persecution in Russia due to his previous participation in demonstrations against the war in Ukraine and his support to the opposition.",4992,"CZ: The Supreme Administrative Court ruled that, while Hungary's asylum system exhibits systemic deficiencies, the Ministry of the Interior had failed to prove whether these deficiencies affected persons transferred under the Dublin III Regulation. The court found that the evidence presented did not establish whether the possibility of continuing an application after a transfer to Hungary was a legally binding practice and consequently returned the case to the Ministry for further analysis.",https://caselaw.euaa.europa.eu/pages/viewcaselaw.aspx?CaseLawID=4992&returnurl=%2fPages%2fsearch.aspx,Czech Republic,28/08/2024,CZ: Supreme Administrative Court [Nejvyšší správní soud],Decision,2 Azs 134/2024 - 31,"the, of, to, in, and, for, that, on, was, applicant",1.0,0.83915377,0.7826625,0.8240646,0.7741395,CREDIBILITY,Applicant Detention and Asylum Claims
0,4962_chunk000,4962,0,2,"On 17 March 2021, the applicant applied for recognition of statelessness. In support of her application, she claimed that she was a Latvian non-citizen, which represents a category of people who lived in Latvia when it was still a part of the Soviet Union and then remained there after 1991 without acquiring Latvian citizenship.",4962,"CZ: The Municipal Court in Prague ruled that the applicant, as a Latvian non-citizen, could be considered a stateless individual, as non-citizens are not considered nationals of Latvia or any other State, and, although they reside in Latvia, they do not enjoy the same rights and obligations associated with Latvian citizenship. Moreover, the court ruled that the status of non-citizens was not of a temporary nature.",https://caselaw.euaa.europa.eu/pages/viewcaselaw.aspx?CaseLawID=4962&returnurl=%2fPages%2fsearch.aspx,Czech Republic,18/07/2024,CZ: Regional Court [Krajský soud],Decision,11 A 52/2022-57,"the, of, to, in, and, for, that, on, was, applicant",1.0,0.849942,0.8107784,0.8325787,0.78436077,CREDIBILITY,Applicant Detention and Asylum Claims
0,4962_chunk001,4962,1,2,"On 19 July 2022, the Ministry of the Interior denied the request for statelessness. The applicant...",4962,"CZ: The Municipal Court in Prague ruled that the applicant, as a Latvian non-citizen, could be considered a stateless individual, as non-citizens are not considered nationals of Latvia or any other State, and, although they reside in Latvia, they do not enjoy the same rights and obligations associated with Latvian citizenship. Moreover, the court ruled that the status of non-citizens was not of a temporary nature.",https://caselaw.euaa.europa.eu/pages/viewcaselaw.aspx?CaseLawID=4962&returnurl=%2fPages%2fsearch.aspx,Czech Republic,18/07/2024,CZ: Regional Court [Krajský soud],Decision,11 A 52/2022-57,"the, of, to, in, and, for, that, on, was, applicant",0.9334910443466565,0.8173823,0.7630262,0.79668796,0.7240097,CREDIBILITY,Applicant Detention and Asylum Claims
0,4828_chunk000,4828,0,2,"A Burundian national belonging to the Tutsi community applied for asylum on 18 March 2022. He fled Burundi in 2015 because he feared persecution based on his work as an independent consultant and supporter/translator for journalists. Before arriving in the Netherlands, the applicant resided in Rwanda and Kenya. However, he did not feel safe in either country and feared refoulement to Burundi.",4828,"NL: The District Court of the Hague, seated in Roermond, annulled the Minister for Asylum and Migration’s decision declaring inadmissible an application of a Burundian national on the basis that Rwanda was considered a safe third country.",https://caselaw.euaa.europa.eu/pages/viewcaselaw.aspx?CaseLawID=4828&returnurl=%2fPages%2fsearch.aspx,Netherlands,12/07/2024,NL: Court of The Hague [Rechtbank Den Haag],Judgment,NL23.22717,"the, of, to, in, and, for, that, on, was, applicant",0.9962691647934125,0.85901093,0.8085715,0.835373,0.7900374,CREDIBILITY,Applicant Detention and Asylum Claims
0,4828_chunk001,4828,1,2,"On 1 August 2023, the Minister for Asylum and Migration declared...",4828,"NL: The District Court of the Hague, seated in Roermond, annulled the Minister for Asylum and Migration’s decision declaring inadmissible an application of a Burundian national on the basis that Rwanda was considered a safe third country.",https://caselaw.euaa.europa.eu/pages/viewcaselaw.aspx?CaseLawID=4828&returnurl=%2fPages%2fsearch.aspx,Netherlands,12/07/2024,NL: Court of The Hague [Rechtbank Den Haag],Judgment,NL23.22717,"the, of, to, in, and, for, that, on, was, applicant",1.0,0.82275265,0.79728997,0.81976604,0.8063119,CREDIBILITY,Applicant Detention and Asylum Claims
0,4729_chunk000,4729,0,2,"A national of Tajikistan from the Pamiri ethnic group requested international protection in Luxembourg on 16 January 2020, claiming a risk of persecution due to his political activities related to revealing unlawful practices and abuses of power within the State.",4729,"LU: The Administrative Tribunal examined a second application lodged by a Tajik national and held that the applicant did not prove that the evidence submitted could be regarded as new elements significantly increasing the likelihood that he would qualify for international protection or that he was unable to rely on them during the previous procedure, including during the litigation phase.",https://caselaw.euaa.europa.eu/pages/viewcaselaw.aspx?CaseLawID=4729&returnurl=%2fPages%2fsearch.aspx,Luxembourg,08/07/2024,LU: Administrative Tribunal [Tribunal administratif],Judgment,No 50568,"the, of, to, in, and, for, that, on, was, applicant",1.0,0.8652947,0.8206413,0.8459724,0.8092147,CREDIBILITY,Applicant Detention and Asylum Claims
0,4729_chunk001,4729,1,2,"By decision of 23 December 2021, his request was rejected as unfounded on the ground that his statements lacked credibility and was ordered to leave the territory within 30 days. He appealed the decision, and the appeal was dismissed...",4729,"LU: The Administrative Tribunal examined a second application lodged by a Tajik national and held that the applicant did not prove that the evidence submitted could be regarded as new elements significantly increasing the likelihood that he would qualify for international protection or that he was unable to rely on them during the previous procedure, including during the litigation phase.",https://caselaw.euaa.europa.eu/pages/viewcaselaw.aspx?CaseLawID=4729&returnurl=%2fPages%2fsearch.aspx,Luxembourg,08/07/2024,LU: Administrative Tribunal [Tribunal administratif],Judgment,No 50568,"the, of, to, in, and, for, that, on, was, applicant",0.972960599631289,0.8603899,0.8092831,0.8392275,0.7795978,CREDIBILITY,Applicant Detention and Asylum Claims
0,4730_chunk000,4730,0,2,"A national of Guinea requested international protection in Luxembourg on 31 May 2022, relying on his political activism, and in particular on his participation in various demonstrations severely repressed by the political power in place, which led to him being imprisoned and tortured by the Guinean authorities.",4730,"LU: The Administrative Tribunal examined a second application lodged by a national of Guinea and held that the applicant did not prove that the evidence submitted could be regarded as new elements significantly increasing the likelihood that he would qualify for international protection or that he was unable to rely on them during the previous procedure, including during the litigation phase.",https://caselaw.euaa.europa.eu/pages/viewcaselaw.aspx?CaseLawID=4730&returnurl=%2fPages%2fsearch.aspx,Luxembourg,08/07/2024,LU: Administrative Tribunal [Tribunal administratif],Judgment,No 50742,"the, of, to, in, and, for, that, on, was, applicant",0.9943555828463255,0.84678245,0.7921953,0.8256448,0.77342325,CREDIBILITY,Applicant Detention and Asylum Claims
0,4730_chunk001,4730,1,2,"By decision of 8 December 2022, his request was rejected as unfounded and was ordered to leave the territory within 30 days. He appealed the decision, and the appeal was dismissed by...",4730,"LU: The Administrative Tribunal examined a second application lodged by a national of Guinea and held that the applicant did not prove that the evidence submitted could be regarded as new elements significantly increasing the likelihood that he would qualify for international protection or that he was unable to rely on them during the previous procedure, including during the litigation phase.",https://caselaw.euaa.europa.eu/pages/viewcaselaw.aspx?CaseLawID=4730&returnurl=%2fPages%2fsearch.aspx,Luxembourg,08/07/2024,LU: Administrative Tribunal [Tribunal administratif],Judgment,No 50742,"the, of, to, in, and, for, that, on, was, applicant",0.9665490966399646,0.8564909,0.8180809,0.8349772,0.7868713,CREDIBILITY,Applicant Detention and Asylum Claims
0,4728_chunk000,4728,0,2,"A national of Belarus requested international protection in Luxembourg on 7 February 2020. By decision of 27 September 2019, her request was rejected as unfounded and she was ordered to leave the territory within 30 days. She appealed the decision, and her appeal was dismissed by final decision of the Administrative Court on 28 June 2022.",4728,"LU: The Administrative Tribunal examined a second application lodged by a Belarusian national and held that the applicant did not prove that her new claims could be regarded as new elements significantly increasing the likelihood that she would qualify for international protection or that she was unable to rely on them during the previous procedure, including during the litigation phase.",https://caselaw.euaa.europa.eu/pages/viewcaselaw.aspx?CaseLawID=4728&returnurl=%2fPages%2fsearch.aspx,Luxembourg,28/06/2024,LU: Administrative Tribunal [Tribunal administratif],Judgment,No 50524,"the, of, to, in, and, for, that, on, was, applicant",0.9610475593315537,0.8661688,0.83213556,0.8407886,0.80218875,CREDIBILITY,Applicant Detention and Asylum Claims
0,4728_chunk001,4728,1,2,"On 20 February 2024, the applicant lodged a second application for international protection with the Ministry and on the same day she was heard by...",4728,"LU: The Administrative Tribunal examined a second application lodged by a Belarusian national and held that the applicant did not prove that her new claims could be regarded as new elements significantly increasing the likelihood that she would qualify for international protection or that she was unable to rely on them during the previous procedure, including during the litigation phase.",https://caselaw.euaa.europa.eu/pages/viewcaselaw.aspx?CaseLawID=4728&returnurl=%2fPages%2fsearch.aspx,Luxembourg,28/06/2024,LU: Administrative Tribunal [Tribunal administratif],Judgment,No 50524,"the, of, to, in, and, for, that, on, was, applicant",0.9480556838897374,0.8346622,0.8018671,0.81891346,0.7793074,CREDIBILITY,Applicant Detention and Asylum Claims
0,4709_chunk000,4709,0,2,"A Syrian national requested international protection in Germany, alleging a well-founded fear of persecution in his country of origin due to the ongoing civil war and a risk of forced conscription.",4709,"DE: The Regional Administrative Court of Sigmaringen granted refugee status to a Syrian national in a reopening after referral to the CJEU and found that the applicant would likely face persecution upon return to Syria, where the regime would perceive him as a political opponent and penalise him for evading military conscription.",https://caselaw.euaa.europa.eu/pages/viewcaselaw.aspx?CaseLawID=4709&returnurl=%2fPages%2fsearch.aspx,Germany,30/04/2024,DE: Regional Administrative Court [Verwaltungsgericht],Follow-up CJEU preliminary ruling,A 4 K 537/24,"the, of, to, in, and, for, that, on, was, applicant",1.0,0.84946966,0.8013557,0.8435853,0.7803344,CREDIBILITY,Applicant Detention and Asylum Claims
0,4709_chunk001,4709,1,2,"By decision of 16 August 2017, the Federal Office for Migration and Refugees (BAMF) granted subsidiary protection to the applicant, and also to his wife and their four children, noting the serious risks posed by the civil war throughout all regions of Syria. However, it...",4709,"DE: The Regional Administrative Court of Sigmaringen granted refugee status to a Syrian national in a reopening after referral to the CJEU and found that the applicant would likely face persecution upon return to Syria, where the regime would perceive him as a political opponent and penalise him for evading military conscription.",https://caselaw.euaa.europa.eu/pages/viewcaselaw.aspx?CaseLawID=4709&returnurl=%2fPages%2fsearch.aspx,Germany,30/04/2024,DE: Regional Administrative Court [Verwaltungsgericht],Follow-up CJEU preliminary ruling,A 4 K 537/24,"the, of, to, in, and, for, that, on, was, applicant",0.9531324936556393,0.8508195,0.7871219,0.8294925,0.7735546,CREDIBILITY,Applicant Detention and Asylum Claims
0,4960_chunk000,4960,0,2,The applicant entered the Republic of Lithuania on 12 November 2021 via Riga International Airport and was issued a temporary residence permit valid until 11 August 2025.,4960,"LT: The Supreme Administrative Court ruled that, in accordance with the CJEU judgment in M.A. (C-72/22), restricting the freedom of movement within a reception facility should be considered detention and not an alternative to detention.",https://caselaw.euaa.europa.eu/pages/viewcaselaw.aspx?CaseLawID=4960&returnurl=%2fPages%2fsearch.aspx,Lithuania,20/03/2024,LT: Supreme Administrative Court of Lithuania [Lietuvos vyriausiasis administracinis teismas],Decision,A-1456-624/2024,"the, of, to, in, and, for, that, on, was, applicant",0.959506141094905,0.83798957,0.8094662,0.82475954,0.79411614,CREDIBILITY,Applicant Detention and Asylum Claims
0,4960_chunk001,4960,1,2,"In a letter provided to the Migration Department of the Ministry of the Interior on 30 October 2023, the State Security Department of Lithuania established that the applicant was a member of a radical Islamist organisation whose ideology was contrary to the country's democratic principles and...",4960,"LT: The Supreme Administrative Court ruled that, in accordance with the CJEU judgment in M.A. (C-72/22), restricting the freedom of movement within a reception facility should be considered detention and not an alternative to detention.",https://caselaw.euaa.europa.eu/pages/viewcaselaw.aspx?CaseLawID=4960&returnurl=%2fPages%2fsearch.aspx,Lithuania,20/03/2024,LT: Supreme Administrative Court of Lithuania [Lietuvos vyriausiasis administracinis teismas],Decision,A-1456-624/2024,"the, of, to, in, and, for, that, on, was, applicant",1.0,0.8400065,0.79028696,0.83174676,0.78496623,CREDIBILITY,Applicant Detention and Asylum Claims
0,4231_chunk000,4231,0,2,"The case concerned the question whether the State Secretary had correctly established the date from which the applicant benefits of asylum, how to establish the date of application.",4231,"NL: The Council of State clarified that, when Netherlands became responsible to examine an application according to Article 29(2) of the Dublin III Regulation, for failing to transfer the applicant within the deadline, the applicant does not have to submit a new application and the date of the original application is effective for the status granted",https://caselaw.euaa.europa.eu/pages/viewcaselaw.aspx?CaseLawID=4231&returnurl=%2fPages%2fsearch.aspx,Netherlands,04/03/2024,NL: Council of State [Afdeling Bestuursrechtspraak van de Raad van State],Judgment,202107377/1/V1,"the, of, to, in, and, for, that, on, was, applicant",1.0,0.8799992,0.8463046,0.8471592,0.79037076,CREDIBILITY,Applicant Detention and Asylum Claims
0,4231_chunk001,4231,1,2,"In fact, the State Secretary rejected as inadmissible the first asylum application and did not process it on the merits because it determined that Germany was the Member State responsible to process it, according to the Dublin III Regulation. Since the time limit to transfer the applicant to Germany...",4231,"NL: The Council of State clarified that, when Netherlands became responsible to examine an application according to Article 29(2) of the Dublin III Regulation, for failing to transfer the applicant within the deadline, the applicant does not have to submit a new application and the date of the original application is effective for the status granted",https://caselaw.euaa.europa.eu/pages/viewcaselaw.aspx?CaseLawID=4231&returnurl=%2fPages%2fsearch.aspx,Netherlands,04/03/2024,NL: Council of State [Afdeling Bestuursrechtspraak van de Raad van State],Judgment,202107377/1/V1,"the, of, to, in, and, for, that, on, was, applicant",1.0,0.87076634,0.83169603,0.84992015,0.796297,CREDIBILITY,Applicant Detention and Asylum Claims
0,4229_chunk000,4229,0,2,The Higher Administrative Court of Saxony ruled on 12 January 2024 that a 37 year-old Russian national from Chechnya would not face conscription for military service as he is not a reservist (he was not a member of the Russian armed forces before his departure) and had already exceeded the age limit of 30 years for compulsory military service.,4229,"DE: The Higher Administrative Court of Saxony ruled that a 37-year-old Russian national from Chechnya would not face conscription for military service as he was not a reservist, he had already exceeded the age limit for compulsory military service and he could avoid forced conscription by moving to another part of Russia.",https://caselaw.euaa.europa.eu/pages/viewcaselaw.aspx?CaseLawID=4229&returnurl=%2fPages%2fsearch.aspx,Germany,12/01/2024,DE: Higher Administrative Court (Oberverwaltungsgericht/Verwaltungsgerichtshof),Decision,2 A 1107/19.A,"the, of, to, in, and, for, that, on, was, applicant",0.989154871736204,0.8395432,0.790782,0.8339941,0.75296515,CREDIBILITY,Applicant Detention and Asylum Claims
0,4229_chunk001,4229,1,2,"The court held that only reservists, professional soldiers and volunteers would face conscription into the military. Moreover, the court noted...",4229,"DE: The Higher Administrative Court of Saxony ruled that a 37-year-old Russian national from Chechnya would not face conscription for military service as he was not a reservist, he had already exceeded the age limit for compulsory military service and he could avoid forced conscription by moving to another part of Russia.",https://caselaw.euaa.europa.eu/pages/viewcaselaw.aspx?CaseLawID=4229&returnurl=%2fPages%2fsearch.aspx,Germany,12/01/2024,DE: Higher Administrative Court (Oberverwaltungsgericht/Verwaltungsgerichtshof),Decision,2 A 1107/19.A,"the, of, to, in, and, for, that, on, was, applicant",0.99015282595773,0.8615878,0.82588685,0.8551598,0.7990957,CREDIBILITY,Applicant Detention and Asylum Claims
0,4036_chunk000,4036,0,2,The case concerned an application for asylum submitted by an applicant from Iraq and for which the Finnish Immigration Service considered that he had a well-founded fear of persecution based on religious grounds but excluded him from protection for alleged commission of a serious non-political crime.,4036,FI: The Supreme Administrative Court clarified the determining authority obligations when applying the exclusion clause as well as the requirements to organise an oral hearing in the first instance appeal.,https://caselaw.euaa.europa.eu/pages/viewcaselaw.aspx?CaseLawID=4036&returnurl=%2fPages%2fsearch.aspx,Finland,18/12/2023,FI: Supreme Administrative Court [Korkein hallinto-oikeus],Judgment,KHO:2023:119,"the, of, to, in, and, for, that, on, was, applicant",0.9851874831579182,0.86037356,0.8040288,0.8453019,0.7741436,CREDIBILITY,Applicant Detention and Asylum Claims
0,4036_chunk001,4036,1,2,The Supreme Administrative Corut had to determine whether the administrative court could have assessed the application of the exclusion clause in the case without holding an oral...,4036,FI: The Supreme Administrative Court clarified the determining authority obligations when applying the exclusion clause as well as the requirements to organise an oral hearing in the first instance appeal.,https://caselaw.euaa.europa.eu/pages/viewcaselaw.aspx?CaseLawID=4036&returnurl=%2fPages%2fsearch.aspx,Finland,18/12/2023,FI: Supreme Administrative Court [Korkein hallinto-oikeus],Judgment,KHO:2023:119,"the, of, to, in, and, for, that, on, was, applicant",0.9829045292159025,0.86454165,0.84376913,0.8591904,0.8090247,CREDIBILITY,Applicant Detention and Asylum Claims
0,4232_chunk000,4232,0,2,"The Justice of the Peace of Naples ruled on the right to stay of a national from Peru, who lacked a legal basis for a regular stay in Italy until the application for asylum has been formalised.",4232,IT: The Justice of the Peace of Naples ruled that delays in formalisation of the application cannot justify an action to determine the irregular stay of the applicant in the territory.,https://caselaw.euaa.europa.eu/pages/viewcaselaw.aspx?CaseLawID=4232&returnurl=%2fPages%2fsearch.aspx,Italy,04/12/2023,IT: Justices of the Peace [giudice di pace],Judgment,RG 101196/2023,"the, of, to, in, and, for, that, on, was, applicant",0.9583764973180853,0.8805634,0.8399408,0.85337496,0.80863374,CREDIBILITY,Applicant Detention and Asylum Claims
0,4232_chunk001,4232,1,2,"The Public Prosecutor brought an action against the applicant before the Justice of Peace of Naples for the offence provided by Legislative Decree No 286/1998, on grounds that the applicant entered and remained in the territory of the State in breach of the provisions concerning immigration rules and...",4232,IT: The Justice of the Peace of Naples ruled that delays in formalisation of the application cannot justify an action to determine the irregular stay of the applicant in the territory.,https://caselaw.euaa.europa.eu/pages/viewcaselaw.aspx?CaseLawID=4232&returnurl=%2fPages%2fsearch.aspx,Italy,04/12/2023,IT: Justices of the Peace [giudice di pace],Judgment,RG 101196/2023,"the, of, to, in, and, for, that, on, was, applicant",0.9461596024601161,0.83735883,0.80784774,0.83850473,0.78335303,LEGAL_GROUND,Applicant Detention and Asylum Claims
0,4233_chunk000,4233,0,2,"The case concerned an applicant from Iraq, D.S., who was residing in Samos Greece and complained of the living conditions during the administrative detention in the police office of Sidirokastro, the PROKEKA (detention center for foreigners pending expulsion) in Tavros and the Samos camp, as well as for an alleged lack of an effective remedy to contest the abovementioned.",4233,"The ECtHR found a violation of Article 3 separately and jointly with Article 13 of the Convention with regard to living conditions of an Iraqi national, young unaccompanied female, in the Samos camp",https://caselaw.euaa.europa.eu/pages/viewcaselaw.aspx?CaseLawID=4233&returnurl=%2fPages%2fsearch.aspx,Council of Europe,30/11/2023,CoE: European Court of Human Rights [ECtHR],Judgment,2080/19,"the, of, to, in, and, for, that, on, was, applicant",0.9450802519348593,0.8492889,0.7987893,0.8312932,0.76354265,CREDIBILITY,Applicant Detention and Asylum Claims
0,4233_chunk001,4233,1,2,The applicant complained of the legality of the administrative detention and of the procedural issues related to this...,4233,"The ECtHR found a violation of Article 3 separately and jointly with Article 13 of the Convention with regard to living conditions of an Iraqi national, young unaccompanied female, in the Samos camp",https://caselaw.euaa.europa.eu/pages/viewcaselaw.aspx?CaseLawID=4233&returnurl=%2fPages%2fsearch.aspx,Council of Europe,30/11/2023,CoE: European Court of Human Rights [ECtHR],Judgment,2080/19,"the, of, to, in, and, for, that, on, was, applicant",0.9900588421216833,0.827427,0.7955901,0.82172513,0.7452437,CREDIBILITY,Applicant Detention and Asylum Claims
0,4235_chunk000,4235,0,2,"The case concerned two Iranian applicant, a father and his minor child, who entered the Röszke transit zone and applied for asylum on 5 December 2018. The asylum authority rejected the application as inadmissible and considered that Serbia was a safe third country where the applicants should have requested asylum. The decision was confirmed in court.",4235,The ECtHR found a violation of Articles 3 and 5 of the Convention with regard to a father and his minor child who were placed in Röszke transit pending their outcome of their asylum application and their expulsion procedure,https://caselaw.euaa.europa.eu/pages/viewcaselaw.aspx?CaseLawID=4235&returnurl=%2fPages%2fsearch.aspx,Council of Europe,30/11/2023,CoE: European Court of Human Rights [ECtHR],Judgment,17089/19,"the, of, to, in, and, for, that, on, was, applicant",0.9547391439518302,0.8641718,0.81487316,0.84691775,0.7951797,CREDIBILITY,Applicant Detention and Asylum Claims
0,4235_chunk001,4235,1,2,"Consequently, the applicants were kept in the Röszke transit zone pending their return to Serbia and the father did not receive food...",4235,The ECtHR found a violation of Articles 3 and 5 of the Convention with regard to a father and his minor child who were placed in Röszke transit pending their outcome of their asylum application and their expulsion procedure,https://caselaw.euaa.europa.eu/pages/viewcaselaw.aspx?CaseLawID=4235&returnurl=%2fPages%2fsearch.aspx,Council of Europe,30/11/2023,CoE: European Court of Human Rights [ECtHR],Judgment,17089/19,"the, of, to, in, and, for, that, on, was, applicant",1.0,0.8451778,0.7938212,0.8361908,0.77285177,CREDIBILITY,Applicant Detention and Asylum Claims
0,3955_chunk000,3955,0,2,The applicant E.A. originally comes from a farmer family in the Edo state in Nigeria and moved to live with her uncle when she was 16. The uncle threatened and sexually abused her. She became pregnant and had a forced abortion before fleeing her uncle´s place and living on the streets.,3955,"CZ: The Regional Court of Ostrava referred a case back to the Ministry of the Interior after examining in detail a subsequent asylum application of a Nigerian woman, who was victim of human trafficking and sexual exploitation, and referred to relevant COI and international law to conclude that she had already fallen victim of trafficking in her country of origin and could be at risk of persecution if returned.",https://caselaw.euaa.europa.eu/pages/viewcaselaw.aspx?CaseLawID=3955&returnurl=%2fPages%2fsearch.aspx,Czech Republic,23/11/2023,CZ: Regional Court [Krajský soud],Judgment,18 Az 31/2023 - 38,"the, of, to, in, and, for, that, on, was, applicant",0.9745175051100303,0.8409912,0.793912,0.8176311,0.74673045,CREDIBILITY,Applicant Detention and Asylum Claims
0,3955_chunk001,3955,1,2,A woman T. offered to help and organise her travel to Europe for which in return E.A. was asked to pay once she reached Europe. E.A. was first smuggled to Libya in 2016 and then sold twice to organised...,3955,"CZ: The Regional Court of Ostrava referred a case back to the Ministry of the Interior after examining in detail a subsequent asylum application of a Nigerian woman, who was victim of human trafficking and sexual exploitation, and referred to relevant COI and international law to conclude that she had already fallen victim of trafficking in her country of origin and could be at risk of persecution if returned.",https://caselaw.euaa.europa.eu/pages/viewcaselaw.aspx?CaseLawID=3955&returnurl=%2fPages%2fsearch.aspx,Czech Republic,23/11/2023,CZ: Regional Court [Krajský soud],Judgment,18 Az 31/2023 - 38,"the, of, to, in, and, for, that, on, was, applicant",1.0,0.8550658,0.7891348,0.8411948,0.7598854,CREDIBILITY,Applicant Detention and Asylum Claims
0,4037_chunk000,4037,0,2,"The case concerned the cassation appeal submitted by H.A., Syrian national, against the negative decision on his asylum application issued by the State Agency for Refugees.",4037,"BG: The Supreme Administrative Court confirmed, based on a CJEU ruling, that the determining authority cannot rely solely on a written opinion from a specialised authority on national security to exclude an applicant from international protection",https://caselaw.euaa.europa.eu/pages/viewcaselaw.aspx?CaseLawID=4037&returnurl=%2fPages%2fsearch.aspx,Bulgaria,22/11/2023,BG: Supreme Administrative Court [Върховен административен съд],Judgment,No 11467,"the, of, to, in, and, for, that, on, was, applicant",0.9451091562766554,0.84937185,0.80753875,0.8341564,0.780858,CREDIBILITY,Applicant Detention and Asylum Claims
0,4037_chunk001,4037,1,2,"The application was rejected based on a written opinion of the State Agency for National Security (SANS), which concluded that the applicant constitutes a threat to national security and should not be granted protection in Bulgaria. The Administrative Court of Sofia city validated the negative decision, and the applicant...",4037,"BG: The Supreme Administrative Court confirmed, based on a CJEU ruling, that the determining authority cannot rely solely on a written opinion from a specialised authority on national security to exclude an applicant from international protection",https://caselaw.euaa.europa.eu/pages/viewcaselaw.aspx?CaseLawID=4037&returnurl=%2fPages%2fsearch.aspx,Bulgaria,22/11/2023,BG: Supreme Administrative Court [Върховен административен съд],Judgment,No 11467,"the, of, to, in, and, for, that, on, was, applicant",0.964131240046994,0.86034626,0.8106544,0.84885454,0.7958519,CREDIBILITY,Applicant Detention and Asylum Claims
0,3960_chunk000,3960,0,2,"The applicant, an Uzbek and Tajik national, requested international protection in Czechia on 30 September 2020, after he was arrested following a vehicle check when it was found that he was the subject of an arrest warrant in Uzbekistan. The Ministry of the Interior rejected the request by decision of 30 May 2023.",3960,"CZ: The Supreme Administrative Court applied the CJEU Torubarov judgment, holding that the court can provide international protection on appeal, even though national law does not otherwise confer such power on the administrative court.",https://caselaw.euaa.europa.eu/pages/viewcaselaw.aspx?CaseLawID=3960&returnurl=%2fPages%2fsearch.aspx,Czech Republic,01/11/2023,CZ: Supreme Administrative Court [Nejvyšší správní soud],Judgment,5 Azs 192/2023 - 28,"the, of, to, in, and, for, that, on, was, applicant",0.95053544918235,0.8580284,0.79713786,0.835913,0.770386,CREDIBILITY,Applicant Detention and Asylum Claims
0,3960_chunk001,3960,1,2,The applicant contested this decision first by appeal before the Municipal Court of Prague and subsequently by cassation complaint before the Supreme Administrative...,3960,"CZ: The Supreme Administrative Court applied the CJEU Torubarov judgment, holding that the court can provide international protection on appeal, even though national law does not otherwise confer such power on the administrative court.",https://caselaw.euaa.europa.eu/pages/viewcaselaw.aspx?CaseLawID=3960&returnurl=%2fPages%2fsearch.aspx,Czech Republic,01/11/2023,CZ: Supreme Administrative Court [Nejvyšší správní soud],Judgment,5 Azs 192/2023 - 28,"the, of, to, in, and, for, that, on, was, applicant",0.9762914953954155,0.80940175,0.8040057,0.80861527,0.7618098,CREDIBILITY,Applicant Detention and Asylum Claims
0,4184_chunk000,4184,0,2,A third country national arrived at Schiphol Airport on 28 March 2023 and she submitted an asylum application the next day.,4184,"NL: The Council of State overturned the judgment of the Court of The Hague seated in Amsterdam and held that by hearing the third country national on the third day after submitting her asylum application and then screening on the third day of the rest and preparation period, the State Secretary acted expeditiously to ensure that the border detention lasted as short as possible.",https://caselaw.euaa.europa.eu/pages/viewcaselaw.aspx?CaseLawID=4184&returnurl=%2fPages%2fsearch.aspx,Netherlands,01/11/2023,NL: Council of State [Afdeling Bestuursrechtspraak van de Raad van State],Judgment,202302778/1/V3,"the, of, to, in, and, for, that, on, was, applicant",0.9624687546561648,0.8337138,0.786794,0.8167597,0.74258494,CREDIBILITY,Applicant Detention and Asylum Claims
0,4184_chunk001,4184,1,2,"The State Secretary for Justice and Security postponed the decision on her entry to the Netherlands and by decision of 29 March 2023, the State Secretary imposed a custodial measure for the duration of the processing of her asylum application in the border procedure (Article 6, third paragraph, of the Aliens Act 2000). The applicant...",4184,"NL: The Council of State overturned the judgment of the Court of The Hague seated in Amsterdam and held that by hearing the third country national on the third day after submitting her asylum application and then screening on the third day of the rest and preparation period, the State Secretary acted expeditiously to ensure that the border detention lasted as short as possible.",https://caselaw.euaa.europa.eu/pages/viewcaselaw.aspx?CaseLawID=4184&returnurl=%2fPages%2fsearch.aspx,Netherlands,01/11/2023,NL: Council of State [Afdeling Bestuursrechtspraak van de Raad van State],Judgment,202302778/1/V3,"the, of, to, in, and, for, that, on, was, applicant",0.9811399485828342,0.86024135,0.81598914,0.8427485,0.7785411,CREDIBILITY,Applicant Detention and Asylum Claims
0,3964_chunk000,3964,0,2,"The case concerned a family from Azerbaijan who unsuccessfully applied for international protection. In their subsequent application, they requested interpretation in Turkish language because of concerns that Azerbaijan interpreters may be in contact with the domestic authorities.",3964,CZ: The regional court of Hradec Králové allowed an appeal against a negative decision due to serious deficiencies in the proceedings related to interpretation provided to the applicant during the interviews,https://caselaw.euaa.europa.eu/pages/viewcaselaw.aspx?CaseLawID=3964&returnurl=%2fPages%2fsearch.aspx,Czech Republic,13/09/2023,CZ: Regional Court [Krajský soud],Decision,No. 61 Az 2/2023-58,"the, of, to, in, and, for, that, on, was, applicant",1.0,0.86890113,0.82856643,0.84886414,0.8110544,CREDIBILITY,Applicant Detention and Asylum Claims
0,3964_chunk001,3964,1,2,During the interview it was noted that the interpreter had to explain the questions multiple times and that even the interpreter admitted that his interpretation was not always accurate. Although the...,3964,CZ: The regional court of Hradec Králové allowed an appeal against a negative decision due to serious deficiencies in the proceedings related to interpretation provided to the applicant during the interviews,https://caselaw.euaa.europa.eu/pages/viewcaselaw.aspx?CaseLawID=3964&returnurl=%2fPages%2fsearch.aspx,Czech Republic,13/09/2023,CZ: Regional Court [Krajský soud],Decision,No. 61 Az 2/2023-58,"the, of, to, in, and, for, that, on, was, applicant",0.953546597751791,0.8762737,0.8256851,0.8234248,0.7809966,CREDIBILITY,Applicant Detention and Asylum Claims
0,4164_chunk000,4164,0,2,"VR arrived in Lithuania on 25 April 2022, with the assistance of Freedom House Foundation. He requested asylum in Lithuania after his visa for special humanitarian reasons had expired. In his asylum request, the applicant argued that he had a well-founded fear of being persecuted for his political beliefs.",4164,LT: The Supreme Administrative Court ruled that the Migration Department’s arguments concerning the migration crisis at the border with Belarus and the mass influx of persons displaced from Ukraine were not sufficient to justify the delays beyond 6 months to provide an administrative decision on asylum requests.,https://caselaw.euaa.europa.eu/pages/viewcaselaw.aspx?CaseLawID=4164&returnurl=%2fPages%2fsearch.aspx,Lithuania,16/08/2023,LT: Supreme Administrative Court of Lithuania [Lietuvos vyriausiasis administracinis teismas],Judgment,eA-2137-575/2023,"the, of, to, in, and, for, that, on, was, applicant",1.0,0.8476127,0.7927471,0.83518034,0.7873049,CREDIBILITY,Applicant Detention and Asylum Claims
0,4164_chunk001,4164,1,2,The decision on his request for asylum was postponed by the Migration Department under the Ministry of the Interior until the third quarter of 2023. VR appealed against this written...,4164,LT: The Supreme Administrative Court ruled that the Migration Department’s arguments concerning the migration crisis at the border with Belarus and the mass influx of persons displaced from Ukraine were not sufficient to justify the delays beyond 6 months to provide an administrative decision on asylum requests.,https://caselaw.euaa.europa.eu/pages/viewcaselaw.aspx?CaseLawID=4164&returnurl=%2fPages%2fsearch.aspx,Lithuania,16/08/2023,LT: Supreme Administrative Court of Lithuania [Lietuvos vyriausiasis administracinis teismas],Judgment,eA-2137-575/2023,"the, of, to, in, and, for, that, on, was, applicant",0.9457450726557668,0.8554584,0.8252316,0.84209174,0.7891362,CREDIBILITY,Applicant Detention and Asylum Claims
0,4019_chunk000,4019,0,2,"The applicant is a girl born in Denmark to parents who are ethnically Somali and Sunni Muslims. The applicant's parents have referred to the fact that they, on the applicant's behalf, fear that the applicant will be at risk of being exposed to FGM/C if returned to Somalia.",4019,DK: Refugee Appeals Board granted a residence permit based on the risk of FGM/C if returned to Somalia.,https://caselaw.euaa.europa.eu/pages/viewcaselaw.aspx?CaseLawID=4019&returnurl=%2fPages%2fsearch.aspx,Denmark,08/08/2023,DK: Refugee Appeals Board [Flygtningenævnet],Decision,soma202318,"the, of, to, in, and, for, that, on, was, applicant",0.954958902715249,0.8228817,0.7537156,0.8086311,0.72352123,CREDIBILITY,Applicant Detention and Asylum Claims
0,4019_chunk001,4019,1,2,"The applicant's parents have also referred to the fact that she and her siblings, as a result of their upbringing in Denmark have been westernized.

The Refugee Appeals Board noted about the risk of...",4019,DK: Refugee Appeals Board granted a residence permit based on the risk of FGM/C if returned to Somalia.,https://caselaw.euaa.europa.eu/pages/viewcaselaw.aspx?CaseLawID=4019&returnurl=%2fPages%2fsearch.aspx,Denmark,08/08/2023,DK: Refugee Appeals Board [Flygtningenævnet],Decision,soma202318,"the, of, to, in, and, for, that, on, was, applicant",1.0,0.8654923,0.80111736,0.85197234,0.7794523,CREDIBILITY,Applicant Detention and Asylum Claims
0,3924_chunk000,3924,0,2,The applicant contested a return decision issued on 21 December 2022 where the authorities ordered deportation to an unspecified country and requested also protection against refoulement based on Articles 2 and 3 of the ECHR.,3924,CY: The Administrative Court of International Protection annulled a return decision for procedural deficiencies and also for lacking a specific country of return in order to examine any risk of refoulement.,https://caselaw.euaa.europa.eu/pages/viewcaselaw.aspx?CaseLawID=3924&returnurl=%2fPages%2fsearch.aspx,Cyprus,14/07/2023,CY: International Protection Administrative Court [Διοικητικό Δικαστήριο Διεθνούς Προστασίας],Judgment,No 321/23,"the, of, to, in, and, for, that, on, was, applicant",0.9373303782557906,0.8769224,0.8399221,0.8586144,0.81082845,CREDIBILITY,Applicant Detention and Asylum Claims
0,3924_chunk001,3924,1,2,"The applicant, a Palestinian national arrived in Cyprus via the occupied territories and was detained pursuant to the Aliens and Immigration Law and a deportation order was issued. He applied for asylum but was granted a supplementary protection status...",3924,CY: The Administrative Court of International Protection annulled a return decision for procedural deficiencies and also for lacking a specific country of return in order to examine any risk of refoulement.,https://caselaw.euaa.europa.eu/pages/viewcaselaw.aspx?CaseLawID=3924&returnurl=%2fPages%2fsearch.aspx,Cyprus,14/07/2023,CY: International Protection Administrative Court [Διοικητικό Δικαστήριο Διεθνούς Προστασίας],Judgment,No 321/23,"the, of, to, in, and, for, that, on, was, applicant",0.9568341472427137,0.83515596,0.7762402,0.815033,0.742284,CREDIBILITY,Applicant Detention and Asylum Claims
0,3981_chunk000,3981,0,2,"The case concerned an applicant from Belarus, a mother with her minor son who applied for asylum in Slovakia claiming a fear of persecution upon return to her home country due to opposition to the current regime. She claimed to have publicly and actively participated in anti-government protests following the 2020 presidential elections, within the territory of Slovakia.",3981,SK: The Supreme Administrative Court annulled a negative decision and referred the case for re-examination concerning an applicant from Belarus who participated in an active and public manner in demonstrations against the regime,https://caselaw.euaa.europa.eu/pages/viewcaselaw.aspx?CaseLawID=3981&returnurl=%2fPages%2fsearch.aspx,Slovakia,23/06/2023,SK: Supreme Court of the Slovak Republic [Najvyšší súd Slovenskej Republiky],Judgment,1Sak/10/2023,"the, of, to, in, and, for, that, on, was, applicant",0.9963573205731903,0.8534121,0.80138475,0.83608437,0.7738868,CREDIBILITY,Applicant Detention and Asylum Claims
0,3981_chunk001,3981,1,2,"Furthermore, she added to have actively expressed her views as a public speaker on a stage during the demonstrations and to...",3981,SK: The Supreme Administrative Court annulled a negative decision and referred the case for re-examination concerning an applicant from Belarus who participated in an active and public manner in demonstrations against the regime,https://caselaw.euaa.europa.eu/pages/viewcaselaw.aspx?CaseLawID=3981&returnurl=%2fPages%2fsearch.aspx,Slovakia,23/06/2023,SK: Supreme Court of the Slovak Republic [Najvyšší súd Slovenskej Republiky],Judgment,1Sak/10/2023,"the, of, to, in, and, for, that, on, was, applicant",1.0,0.84701854,0.8434447,0.83257496,0.8323271,CREDIBILITY,Applicant Detention and Asylum Claims
0,4167_chunk000,4167,0,2,"An applicant of Syrian nationality and Sunni Islamic religion requested international protection on 24 November 2021 in Austria. The Federal Office for Immigration and Asylum (BFA) did not grant him refugee status but subsidiary protection, a decision which he appealed to the Federal Administrative Court.",4167,AT: The Constitutional Court allowed an appeal lodged by a Syrian applicant who claimed a fear of being conscripted into the army if returned to Syria and held that the Federal Administrative Court had not properly taken into account country-of-origin information which established that there was a high probability of being involved in war crimes as a member of the Syrian army.,https://caselaw.euaa.europa.eu/pages/viewcaselaw.aspx?CaseLawID=4167&returnurl=%2fPages%2fsearch.aspx,Austria,13/06/2023,AT: Constitutional Court [Verfassungsgerichtshof Österreich],Judgment,E588/2023,"the, of, to, in, and, for, that, on, was, applicant",1.0,0.84286964,0.7902852,0.8082345,0.7596567,CREDIBILITY,Applicant Detention and Asylum Claims
0,4167_chunk001,4167,1,2,"The Court dismissed the appeal without an oral hearing considering that, although the applicant was still of military service age, there was no greater risk of...",4167,AT: The Constitutional Court allowed an appeal lodged by a Syrian applicant who claimed a fear of being conscripted into the army if returned to Syria and held that the Federal Administrative Court had not properly taken into account country-of-origin information which established that there was a high probability of being involved in war crimes as a member of the Syrian army.,https://caselaw.euaa.europa.eu/pages/viewcaselaw.aspx?CaseLawID=4167&returnurl=%2fPages%2fsearch.aspx,Austria,13/06/2023,AT: Constitutional Court [Verfassungsgerichtshof Österreich],Judgment,E588/2023,"the, of, to, in, and, for, that, on, was, applicant",0.735092850973664,0.85863686,0.8185246,0.8518677,0.79052424,CREDIBILITY,Applicant Detention and Asylum Claims
0,3957_chunk000,3957,0,2,"An applicant from Transnistria, with Moldovan nationality, who applied for international protection in Czechia, stated at the end of the interview, when asked by the case officer, that he would waive the right to comment on the country of origin (COI) documents which would be used in the case file as evidence, noting that he knew the situation in Moldova and Transnistria.",3957,CZ: The Regional Court of Brno determined as unlawful the practice of the Ministry of the Interior of asking applicants at the end of the interview if they wish to waive the right to comment on country of origin documents.,https://caselaw.euaa.europa.eu/pages/viewcaselaw.aspx?CaseLawID=3957&returnurl=%2fPages%2fsearch.aspx,Czech Republic,17/05/2023,CZ: Regional Court [Krajský soud],Judgment,41 Az 4/2023 - 58,"the, of, to, in, and, for, that, on, was, applicant",0.9780202431594457,0.8792293,0.8189599,0.84164095,0.79561126,CREDIBILITY,Applicant Detention and Asylum Claims
0,3957_chunk001,3957,1,2,"The ministry collected ten documents with COI, which were not commented on by the applicant. By decision of 3 January...",3957,CZ: The Regional Court of Brno determined as unlawful the practice of the Ministry of the Interior of asking applicants at the end of the interview if they wish to waive the right to comment on country of origin documents.,https://caselaw.euaa.europa.eu/pages/viewcaselaw.aspx?CaseLawID=3957&returnurl=%2fPages%2fsearch.aspx,Czech Republic,17/05/2023,CZ: Regional Court [Krajský soud],Judgment,41 Az 4/2023 - 58,"the, of, to, in, and, for, that, on, was, applicant",0.9531592539774604,0.84963423,0.8338827,0.847312,0.82269853,CREDIBILITY,Applicant Detention and Asylum Claims
0,4150_chunk000,4150,0,2,The case concerned an applicant from Morocco who alleged to have fled from his country due to fear for his life. He arrived in Milan and tried since December 2022 to access the Milan Police Headquarters in order to formalise his application for international protection.,4150,IT: The Tribunal of Milan ordered the Police Headquarters to formalise the application for international protection of a Moroccan applicant,https://caselaw.euaa.europa.eu/pages/viewcaselaw.aspx?CaseLawID=4150&returnurl=%2fPages%2fsearch.aspx,Italy,06/04/2023,IT: Civil Court [Tribunale],Judgment,,"the, of, to, in, and, for, that, on, was, applicant",1.0,0.8637373,0.8167419,0.84658694,0.7876216,CREDIBILITY,Applicant Detention and Asylum Claims
0,4150_chunk001,4150,1,2,"In January 2023, he sought support from the association NAGA (Association of Voluntary Assistance to Health and the Rights of Foreigners and Nomads), to which he gave mandate to the association to express the wish of the...",4150,IT: The Tribunal of Milan ordered the Police Headquarters to formalise the application for international protection of a Moroccan applicant,https://caselaw.euaa.europa.eu/pages/viewcaselaw.aspx?CaseLawID=4150&returnurl=%2fPages%2fsearch.aspx,Italy,06/04/2023,IT: Civil Court [Tribunale],Judgment,,"the, of, to, in, and, for, that, on, was, applicant",0.9901586077232307,0.86611664,0.8273927,0.8477895,0.81281346,CREDIBILITY,Applicant Detention and Asylum Claims
0,3313_chunk000,3313,0,2,The case concerned a second appeal submitted by the BAMF after the Regional Administrative Court of Hannover dismissed a Dublin transfer to Slovenia on 21 December 2022.,3313,DE: The Higher Administrative Court of Lower Saxony allowed an onward appeal by the BAMF against a judgement rejecting a Dublin transfer to Slovenia due to a potential risk of pushbacks and inhuman or degrading treatment,https://caselaw.euaa.europa.eu/pages/viewcaselaw.aspx?CaseLawID=3313&returnurl=%2fPages%2fsearch.aspx,Germany,22/02/2023,DE: Higher Administrative Court (Oberverwaltungsgericht/Verwaltungsgerichtshof),Decision,No 10 LA 9/23,"the, of, to, in, and, for, that, on, was, applicant",0.9378794253594088,0.84733886,0.8341123,0.84423417,0.8031184,CREDIBILITY,Applicant Detention and Asylum Claims
0,3313_chunk001,3313,1,2,"The Regional Administrative Court of Hannover, upholding the applicants submissions, had decided that the Dublin transfer would put the applicant at risk of indirect refoulment and treatment contrary to Article 3 ECHR and 4 EU Charter due to pushbacks by Slovenian authorities.

The Higher Administrative Court of...",3313,DE: The Higher Administrative Court of Lower Saxony allowed an onward appeal by the BAMF against a judgement rejecting a Dublin transfer to Slovenia due to a potential risk of pushbacks and inhuman or degrading treatment,https://caselaw.euaa.europa.eu/pages/viewcaselaw.aspx?CaseLawID=3313&returnurl=%2fPages%2fsearch.aspx,Germany,22/02/2023,DE: Higher Administrative Court (Oberverwaltungsgericht/Verwaltungsgerichtshof),Decision,No 10 LA 9/23,"the, of, to, in, and, for, that, on, was, applicant",1.0,0.85939807,0.8072315,0.85096824,0.7735331,CREDIBILITY,Applicant Detention and Asylum Claims
0,3963_chunk000,3963,0,2,"On 7 January 2021, the applicant submitted a subsequent application for international protection, stating that his activities in the country of origin were related to religion, not politics, as he had converted to Christianity in Iran. As a result of this he had problems with the police and with his family, even though he was not baptized.",3963,"CZ: The Supreme Administrative Court provided a detailed account on how to assess the credibility of applicants, especially for Iranian applicants who claim religious conversion.",https://caselaw.euaa.europa.eu/pages/viewcaselaw.aspx?CaseLawID=3963&returnurl=%2fPages%2fsearch.aspx,Czech Republic,10/02/2023,CZ: Supreme Administrative Court [Nejvyšší správní soud],Judgment,5 Azs 208/2022 - 52,"the, of, to, in, and, for, that, on, was, applicant",1.0,0.86545134,0.8036164,0.830382,0.78351516,CREDIBILITY,Applicant Detention and Asylum Claims
0,3963_chunk001,3963,1,2,"He left Iran for Turkey in 2015 (where he applied for asylum) and from there he travelled to Czechia in 2019. In support of his request, the...",3963,"CZ: The Supreme Administrative Court provided a detailed account on how to assess the credibility of applicants, especially for Iranian applicants who claim religious conversion.",https://caselaw.euaa.europa.eu/pages/viewcaselaw.aspx?CaseLawID=3963&returnurl=%2fPages%2fsearch.aspx,Czech Republic,10/02/2023,CZ: Supreme Administrative Court [Nejvyšší správní soud],Judgment,5 Azs 208/2022 - 52,"the, of, to, in, and, for, that, on, was, applicant",0.9694355669634482,0.8453427,0.7924084,0.828742,0.76280063,CREDIBILITY,Applicant Detention and Asylum Claims
0,3968_chunk000,3968,0,2,The case concerned an applicant from Pakistan who applied unsuccessfully for asylum in 2012 and return was ordered. He applied for reconsideration which was assessed as subsequent application which was rejected and again an expulsion order was adopted. An appeal was again rejected.,3968,CH: The Federal Administrative Court granted refugee status to an applicant from Pakistan on grounds of religious beliefs as active member of the Ahmadiyya community,https://caselaw.euaa.europa.eu/pages/viewcaselaw.aspx?CaseLawID=3968&returnurl=%2fPages%2fsearch.aspx,Switzerland,08/02/2023,CH: Federal Administrative Court [Bundesverwaltungsgericht - Tribunal administratif fédéral - FAC],Judgment,D-6869/2018,"the, of, to, in, and, for, that, on, was, applicant",0.9606148053478626,0.86325943,0.8314834,0.84232485,0.787981,CREDIBILITY,Applicant Detention and Asylum Claims
0,3968_chunk001,3968,1,2,"After other unsuccessful applications, the SEM allowed the reconsideration of the case in 2018 and the applicant was allowed to submit evidence and replies. His application was rejected, and he appealed...",3968,CH: The Federal Administrative Court granted refugee status to an applicant from Pakistan on grounds of religious beliefs as active member of the Ahmadiyya community,https://caselaw.euaa.europa.eu/pages/viewcaselaw.aspx?CaseLawID=3968&returnurl=%2fPages%2fsearch.aspx,Switzerland,08/02/2023,CH: Federal Administrative Court [Bundesverwaltungsgericht - Tribunal administratif fédéral - FAC],Judgment,D-6869/2018,"the, of, to, in, and, for, that, on, was, applicant",0.9755069084845701,0.8344172,0.81637,0.8225809,0.77896816,CREDIBILITY,Applicant Detention and Asylum Claims
0,3276_chunk000,3276,0,2,"On 12 January 2023, the Rome Tribunal confirmed its previous case law of 13 October 2022, and annulled a Dublin transfer to Romania according to Article 3(2) of the Dublin Regulation and to Article 4 of the EU Charter of Fundamental Rights of the European Union, considering that there are systemic deficiencies in the asylum system.",3276,IT: The Rome Tribunal annulled a Dublin transfer to Romania due to systemic deficiencies in the asylum system.,https://caselaw.euaa.europa.eu/pages/viewcaselaw.aspx?CaseLawID=3276&returnurl=%2fPages%2fsearch.aspx,Italy,12/01/2023,IT: Civil Court [Tribunale],Judgment,R.G. 50879/2022,"the, of, to, in, and, for, that, on, was, applicant",1.0,0.85762733,0.8102097,0.83968526,0.7879141,CREDIBILITY,Applicant Detention and Asylum Claims
0,3276_chunk001,3276,1,2,The court noted that Romania was already unprepared to accommodate asylum applicants before the Ukrainian crisis and that with the high influx of persons...,3276,IT: The Rome Tribunal annulled a Dublin transfer to Romania due to systemic deficiencies in the asylum system.,https://caselaw.euaa.europa.eu/pages/viewcaselaw.aspx?CaseLawID=3276&returnurl=%2fPages%2fsearch.aspx,Italy,12/01/2023,IT: Civil Court [Tribunale],Judgment,R.G. 50879/2022,"the, of, to, in, and, for, that, on, was, applicant",0.9896274244168505,0.8608258,0.79999465,0.8486791,0.7745014,CREDIBILITY,Applicant Detention and Asylum Claims
0,3406_chunk000,3406,0,2,"The applicants, Afghan nationals including pregnant women with minor children and family members living in Germany, contested a Dublin transfer to Croatia. They entered Germany on 18 June 2022 and were apprehended during the entry check of a train traveling from Zurich to Munich.",3406,"DE: The Regional Administrative Court of Ansbach confirmed a Dublin transfer to Croatia for Afghan applicants, including pregnant women and minor children.",https://caselaw.euaa.europa.eu/pages/viewcaselaw.aspx?CaseLawID=3406&returnurl=%2fPages%2fsearch.aspx,Germany,21/12/2022,DE: Regional Administrative Court [Verwaltungsgericht],Judgment,AN 14 S 22.50376,"the, of, to, in, and, for, that, on, was, applicant",0.9832222288609357,0.84077406,0.7950749,0.828889,0.7842103,CREDIBILITY,Applicant Detention and Asylum Claims
0,3406_chunk001,3406,1,2,"The Federal Office for Migration and Refugees (BAMF) confirmed a Eurodac hit with regard to Croatia, where the applicants also applied for asylum.

The applicants argued that in Croatia they were receiving...",3406,"DE: The Regional Administrative Court of Ansbach confirmed a Dublin transfer to Croatia for Afghan applicants, including pregnant women and minor children.",https://caselaw.euaa.europa.eu/pages/viewcaselaw.aspx?CaseLawID=3406&returnurl=%2fPages%2fsearch.aspx,Germany,21/12/2022,DE: Regional Administrative Court [Verwaltungsgericht],Judgment,AN 14 S 22.50376,"the, of, to, in, and, for, that, on, was, applicant",1.0,0.8284167,0.7577641,0.8062155,0.73044205,CREDIBILITY,Applicant Detention and Asylum Claims
0,3268_chunk000,3268,0,2,"The applicant, an Iraqi national, requested international protection in Austria. On 14 May 2022, the Federal Office for Immigration and Asylum (Bundesamt für Fremdenwesen und Asyl‚ BFA) dismissed the request as inadmissible, considering that Lithuania was the responsible Member State to examine the application in accordance with Article 18(1)(b) of the Dublin III Regulation.",3268,AT: The Supreme Administrative Court annulled a lower court judgment for failure to consider all relevant aspects concerning Article 9 of the Dublin III Regulation in the case of an Iraqi national for which Lithuania was considered the responsible Member State while he had family ties in Austria.,https://caselaw.euaa.europa.eu/pages/viewcaselaw.aspx?CaseLawID=3268&returnurl=%2fPages%2fsearch.aspx,Austria,15/12/2022,AT: Supreme Administrative Court [Verwaltungsgerichtshof - VwGH],Judgment,Ra 2022/18/0182,"the, of, to, in, and, for, that, on, was, applicant",0.9866861222802865,0.8457133,0.7875263,0.82197773,0.75308454,CREDIBILITY,Applicant Detention and Asylum Claims
0,3268_chunk001,3268,1,2,The applicant argued that he had a family life with a wife and minor daughter who were provided...,3268,AT: The Supreme Administrative Court annulled a lower court judgment for failure to consider all relevant aspects concerning Article 9 of the Dublin III Regulation in the case of an Iraqi national for which Lithuania was considered the responsible Member State while he had family ties in Austria.,https://caselaw.euaa.europa.eu/pages/viewcaselaw.aspx?CaseLawID=3268&returnurl=%2fPages%2fsearch.aspx,Austria,15/12/2022,AT: Supreme Administrative Court [Verwaltungsgerichtshof - VwGH],Judgment,Ra 2022/18/0182,"the, of, to, in, and, for, that, on, was, applicant",1.0,0.8340508,0.79399276,0.8293022,0.777848,CREDIBILITY,Applicant Detention and Asylum Claims
0,3168_chunk000,3168,0,2,"The applicants, a Kazakh woman and her two children, born in 2009 and 2011, applied for international protection in Austria in 2012. Their applications were rejected and their deportation to Kazakhstan was ordered by the Federal Office for Foreign Affairs and Asylum, who, in weighting public and private interests, considered that the mother's integration in Austria was insufficient.",3168,AT: The Constitutional Court annulled a Federal Administrative Court's decision which had confirmed the deportation of Kazakh children and their mother to their country of origin after it insufficiently investigated the best interests of the children.,https://caselaw.euaa.europa.eu/pages/viewcaselaw.aspx?CaseLawID=3168&returnurl=%2fPages%2fsearch.aspx,Austria,14/12/2022,AT: Constitutional Court [Verfassungsgerichtshof Österreich],Decision,E 1487-1489/2022-17,"the, of, to, in, and, for, that, on, was, applicant",0.9554207123678204,0.8363984,0.76719743,0.8026839,0.75915194,CREDIBILITY,Applicant Detention and Asylum Claims
0,3168_chunk001,3168,1,2,"In the first appeal procedure, the Administrative Court noted that the balance of interests shall account...",3168,AT: The Constitutional Court annulled a Federal Administrative Court's decision which had confirmed the deportation of Kazakh children and their mother to their country of origin after it insufficiently investigated the best interests of the children.,https://caselaw.euaa.europa.eu/pages/viewcaselaw.aspx?CaseLawID=3168&returnurl=%2fPages%2fsearch.aspx,Austria,14/12/2022,AT: Constitutional Court [Verfassungsgerichtshof Österreich],Decision,E 1487-1489/2022-17,"the, of, to, in, and, for, that, on, was, applicant",0.9643487642355422,0.8517789,0.83102167,0.84412843,0.81741595,CREDIBILITY,Applicant Detention and Asylum Claims
0,3166_chunk000,3166,0,2,"In 2019, the Government Delegate in Madrid ordered the expulsion and a five-year prohibition of entry into the Schengen area for the applicant, a Ukrainian national who was convicted and imprisoned several times for theft and robbery. The applicant appealed against this decision but his request was rejected both in first and in second instance.",3166,ES: The Supreme Court interpreted Council Implementing Decision 2022/382 of 4 March 2022 as not requiring persons displaced from Ukraine to submit a formal application in order to enjoy temporary protection.,https://caselaw.euaa.europa.eu/pages/viewcaselaw.aspx?CaseLawID=3166&returnurl=%2fPages%2fsearch.aspx,Spain,12/12/2022,ES: Supreme Court [Tribunal Supremo],Judgment,STS 4625/2022,"the, of, to, in, and, for, that, on, was, applicant",0.9423202375336084,0.8501502,0.8017318,0.8390347,0.7701296,CREDIBILITY,Applicant Detention and Asylum Claims
0,3166_chunk001,3166,1,2,"Before the Supreme Court, the applicant's appeal was grounded on Council Implementation Decision (EU) 2022/382 of 4 March 2022 and associated...",3166,ES: The Supreme Court interpreted Council Implementing Decision 2022/382 of 4 March 2022 as not requiring persons displaced from Ukraine to submit a formal application in order to enjoy temporary protection.,https://caselaw.euaa.europa.eu/pages/viewcaselaw.aspx?CaseLawID=3166&returnurl=%2fPages%2fsearch.aspx,Spain,12/12/2022,ES: Supreme Court [Tribunal Supremo],Judgment,STS 4625/2022,"the, of, to, in, and, for, that, on, was, applicant",0.980663645252966,0.8359208,0.81369793,0.82495564,0.7813407,CREDIBILITY,Applicant Detention and Asylum Claims
0,3207_chunk000,3207,0,2,"The applicant, Afghan national, applied for international protection and received a negative decision because the authorities considered that he did not fulfil the eligibility criteria and that the fact of leaving the country due to fear of an unstable political and security situation after the Taliban took overpower in August 2021.",3207,SK: The Supreme Administrative Court overturned a negative decision concerning an Afghan women who claimed asylum based on membership to a particular social group but the court considered that her claim is to be analysed under the ground of political opinion in view of the situation after the Taliban took over power,https://caselaw.euaa.europa.eu/pages/viewcaselaw.aspx?CaseLawID=3207&returnurl=%2fPages%2fsearch.aspx,Slovakia,09/12/2022,SK: Supreme Court of the Slovak Republic [Najvyšší súd Slovenskej Republiky],Judgment,,"the, of, to, in, and, for, that, on, was, applicant",0.9713700182642176,0.8728224,0.81390774,0.8527326,0.7927077,CREDIBILITY,Applicant Detention and Asylum Claims
0,3207_chunk001,3207,1,2,"The determining authority considered that there is no risk for the applicant as his father died in 2017, he was a former professional soldier, and his mother...",3207,SK: The Supreme Administrative Court overturned a negative decision concerning an Afghan women who claimed asylum based on membership to a particular social group but the court considered that her claim is to be analysed under the ground of political opinion in view of the situation after the Taliban took over power,https://caselaw.euaa.europa.eu/pages/viewcaselaw.aspx?CaseLawID=3207&returnurl=%2fPages%2fsearch.aspx,Slovakia,09/12/2022,SK: Supreme Court of the Slovak Republic [Najvyšší súd Slovenskej Republiky],Judgment,,"the, of, to, in, and, for, that, on, was, applicant",1.0,0.85819864,0.79267037,0.840898,0.75606066,CREDIBILITY,Applicant Detention and Asylum Claims
0,3250_chunk000,3250,0,2,"In this judgment, concerning Iraqi nationals against whom a two year entry ban was imposed, the Constitutional Court overturned Art. 53 para 2 subpar. 6 of the Aliens Police Act on the grounds of a violation of the requirement of objectivity.",3250,AT: The Constitutional Court ruled that the absence of proof of possession of the means to support oneself is not a factor to be taken into account when assessing the duration of an entry ban.,https://caselaw.euaa.europa.eu/pages/viewcaselaw.aspx?CaseLawID=3250&returnurl=%2fPages%2fsearch.aspx,Austria,06/12/2022,AT: Constitutional Court [Verfassungsgerichtshof Österreich],Judgment,FLG I No. 202/2022; G264/2022 (G264/2022-7),"the, of, to, in, and, for, that, on, was, applicant",0.9091396016969849,0.8645282,0.8163358,0.86584795,0.7977072,LEGAL_GROUND,Applicant Detention and Asylum Claims
0,3250_chunk001,3250,1,2,"Thus, the repealed provision, which states that the absence of proof of possession of the means to support oneself constitutes a threat to public order or safety and is a factor to be taken into account when assessing the duration of an entry ban of up...",3250,AT: The Constitutional Court ruled that the absence of proof of possession of the means to support oneself is not a factor to be taken into account when assessing the duration of an entry ban.,https://caselaw.euaa.europa.eu/pages/viewcaselaw.aspx?CaseLawID=3250&returnurl=%2fPages%2fsearch.aspx,Austria,06/12/2022,AT: Constitutional Court [Verfassungsgerichtshof Österreich],Judgment,FLG I No. 202/2022; G264/2022 (G264/2022-7),"the, of, to, in, and, for, that, on, was, applicant",0.9274573157607312,0.9013344,0.8430918,0.89587724,0.81239843,CREDIBILITY,Applicant Detention and Asylum Claims
0,3965_chunk000,3965,0,2,"The applicants submitted applications for temporary protection in April 2022 and at the interview they mentioned to have moved to Canada in 2012 and lived there until 2020. They acquired Canadian citizenship around 2018. The children were both born in Canada, but probably also have Ukrainian citizenship.",3965,CH: The Federal Administrative Court clarified that Ukrainian nationals holding another nationality in a safe country are not eligible for temporary protection,https://caselaw.euaa.europa.eu/pages/viewcaselaw.aspx?CaseLawID=3965&returnurl=%2fPages%2fsearch.aspx,Switzerland,05/12/2022,CH: Federal Administrative Court [Bundesverwaltungsgericht - Tribunal administratif fédéral - FAC],Judgment,E-3638/2022,"the, of, to, in, and, for, that, on, was, applicant",1.0,0.85431135,0.8018542,0.8274593,0.7787701,CREDIBILITY,Applicant Detention and Asylum Claims
0,3965_chunk001,3965,1,2,"They returned to Ukraine in 2020 and are no longer willing to return there for multiple reasons, including that the COVID-19 vaccination is compulsory there and they oppose to...",3965,CH: The Federal Administrative Court clarified that Ukrainian nationals holding another nationality in a safe country are not eligible for temporary protection,https://caselaw.euaa.europa.eu/pages/viewcaselaw.aspx?CaseLawID=3965&returnurl=%2fPages%2fsearch.aspx,Switzerland,05/12/2022,CH: Federal Administrative Court [Bundesverwaltungsgericht - Tribunal administratif fédéral - FAC],Judgment,E-3638/2022,"the, of, to, in, and, for, that, on, was, applicant",0.9618937397444601,0.8589177,0.7961807,0.8457997,0.77673674,CREDIBILITY,Applicant Detention and Asylum Claims
0,3427_chunk000,3427,0,2,"The applicant, an Iranian national, of Azerbaijani origin and Christian, entered Germany on 23 January 2016. On 11 May 2016, the person applied for international protection with the Federal Office for Migration and Refugees (BAMF). BAMF rejected the application by decision of 30 January 2017 and did not provide any prohibition to deportation.",3427,DE: The Regional Court of Coburg confirmed that detention was lawfully used pending deportation in the case of an Iranian national who had threatened with suicide if returned to the country of origin.,https://caselaw.euaa.europa.eu/pages/viewcaselaw.aspx?CaseLawID=3427&returnurl=%2fPages%2fsearch.aspx,Germany,24/11/2022,DE: Regional Court [Landgericht],Judgment,41 T 25/21,"the, of, to, in, and, for, that, on, was, applicant",1.0,0.8536858,0.79071474,0.8234224,0.7683301,CREDIBILITY,Applicant Detention and Asylum Claims
0,3427_chunk001,3427,1,2,The applicant filed an appeal on 13 February 2017 before the Bavarian Administrative Court in Bayreuth which was rejected with the judgment of 7...,3427,DE: The Regional Court of Coburg confirmed that detention was lawfully used pending deportation in the case of an Iranian national who had threatened with suicide if returned to the country of origin.,https://caselaw.euaa.europa.eu/pages/viewcaselaw.aspx?CaseLawID=3427&returnurl=%2fPages%2fsearch.aspx,Germany,24/11/2022,DE: Regional Court [Landgericht],Judgment,41 T 25/21,"the, of, to, in, and, for, that, on, was, applicant",0.9440164372439589,0.8239958,0.8007771,0.81639373,0.77088785,CREDIBILITY,Applicant Detention and Asylum Claims
0,3265_chunk000,3265,0,2,"The applicants, a family with children, nationals of Georgia, applied for international protection in Spain on 3 July 2018, stating that the husband had a traffic accident with an employee of a hotel near his home, that he received compensation from the hotel, and in turn, the hotel claimed the money from the employee for being the culprit.",3265,"ES: The Supreme Court highlighted that national authorities must assess a request for humanitarian protection within the asylum procedure, if requested by the applicant, and proprio motu if the applicant is vulnerable.",https://caselaw.euaa.europa.eu/pages/viewcaselaw.aspx?CaseLawID=3265&returnurl=%2fPages%2fsearch.aspx,Spain,16/11/2022,ES: Supreme Court [Tribunal Supremo],Judgment,STS 4338/2022,"the, of, to, in, and, for, that, on, was, applicant",0.9689979601161058,0.8683359,0.8112187,0.8451711,0.7918468,CREDIBILITY,Applicant Detention and Asylum Claims
0,3265_chunk001,3265,1,2,"The husband indicated that the employee appeared at the applicants' home and claimed the amount of compensation, harassed his wife and threatened...",3265,"ES: The Supreme Court highlighted that national authorities must assess a request for humanitarian protection within the asylum procedure, if requested by the applicant, and proprio motu if the applicant is vulnerable.",https://caselaw.euaa.europa.eu/pages/viewcaselaw.aspx?CaseLawID=3265&returnurl=%2fPages%2fsearch.aspx,Spain,16/11/2022,ES: Supreme Court [Tribunal Supremo],Judgment,STS 4338/2022,"the, of, to, in, and, for, that, on, was, applicant",0.9618617574238325,0.8472205,0.81102836,0.82837903,0.77354676,CREDIBILITY,Applicant Detention and Asylum Claims
0,3230_chunk000,3230,0,2,"The applicant, an Afghan national, was denied subsidiary protection on exclusion grounds, namely that there were serious reasons for considering that he had committed a serious crime. The decision was upheld by the National Court of Asylum (CNDA), and the applicant subsequently appealed to the Council of State.",3230,"FR: The Council of State ruled that the fact that the applicant had cultivated poppy in his country of origin, Afghanistan, did not justify his exclusion from international protection on the basis of the commission of serious crimes.",https://caselaw.euaa.europa.eu/pages/viewcaselaw.aspx?CaseLawID=3230&returnurl=%2fPages%2fsearch.aspx,France,15/11/2022,FR: Council of State [Conseil d'État],Decision,No 457799,"the, of, to, in, and, for, that, on, was, applicant",1.0,0.8637963,0.8086592,0.84548575,0.7900595,CREDIBILITY,Applicant Detention and Asylum Claims
0,3230_chunk001,3230,1,2,"The Council of State noted that, according to the CNDA's findings, between 2006 and 2011, when he was aged between 16 and 21, the applicant had cultivated cannabis or...",3230,"FR: The Council of State ruled that the fact that the applicant had cultivated poppy in his country of origin, Afghanistan, did not justify his exclusion from international protection on the basis of the commission of serious crimes.",https://caselaw.euaa.europa.eu/pages/viewcaselaw.aspx?CaseLawID=3230&returnurl=%2fPages%2fsearch.aspx,France,15/11/2022,FR: Council of State [Conseil d'État],Decision,No 457799,"the, of, to, in, and, for, that, on, was, applicant",0.9437083409988979,0.8506014,0.7971594,0.82994527,0.7808549,CREDIBILITY,Applicant Detention and Asylum Claims
0,3240_chunk000,3240,0,2,The UN Committee Against Torture ruled that Switzerland has violated its procedural obligations under article 3 of the Convention Against Torture:,3240,"The UN Committee Against Torture ruled that Switzerland had violated its procedural obligations under article 3 of the Convention Against Torture by not conducting prompt, effective and impartial investigations and preventing access to an effective remedy.",https://caselaw.euaa.europa.eu/pages/viewcaselaw.aspx?CaseLawID=3240&returnurl=%2fPages%2fsearch.aspx,United Nations,11/11/2022,UN: Committee against Torture [CAT],Individual Complaints/Views,No 972/2019,"the, of, to, in, and, for, that, on, was, applicant",1.0,0.79991174,0.7353734,0.7833484,0.7155304,CREDIBILITY,Applicant Detention and Asylum Claims
0,3240_chunk001,3240,1,2,"- the State Secretariat for Migration (SEM) and the Federal Administrative Court (TAF), in both first and second instance procedures, have based their decisions to reject the application for international protection on claims that the applicant's testimony lacked credibility and that the authenticity of the documents he presented was...",3240,"The UN Committee Against Torture ruled that Switzerland had violated its procedural obligations under article 3 of the Convention Against Torture by not conducting prompt, effective and impartial investigations and preventing access to an effective remedy.",https://caselaw.euaa.europa.eu/pages/viewcaselaw.aspx?CaseLawID=3240&returnurl=%2fPages%2fsearch.aspx,United Nations,11/11/2022,UN: Committee against Torture [CAT],Individual Complaints/Views,No 972/2019,"the, of, to, in, and, for, that, on, was, applicant",0.9646534689935873,0.88483864,0.8219468,0.8462407,0.8082835,CREDIBILITY,Applicant Detention and Asylum Claims
0,3137_chunk000,3137,0,2,"The applicant, Colombian national, applied for international protection on 4 September 2019 and he was informed on the same day of his rights in the asylum procedure, including the right to free legal aid from the state in case he lacked sufficient financial resources. The applicant was handed over a form where he could tick the services he requires.",3137,"ES: The Supreme Court clarified that, where legal aid is not mandatory, and the applicant was duly informed of his/her rights, failure to mark a box in the respective form amounts to tacit waiver of such right.",https://caselaw.euaa.europa.eu/pages/viewcaselaw.aspx?CaseLawID=3137&returnurl=%2fPages%2fsearch.aspx,Spain,02/11/2022,ES: Supreme Court [Tribunal Supremo],Judgment,STS 4002/2022,"the, of, to, in, and, for, that, on, was, applicant",1.0,0.8671155,0.8093499,0.83131915,0.78433865,CREDIBILITY,Applicant Detention and Asylum Claims
0,3137_chunk001,3137,1,2,"He requested an interpreter, but the form was left blank on the part of lawyer assistance.

The application for asylum was rejected as...",3137,"ES: The Supreme Court clarified that, where legal aid is not mandatory, and the applicant was duly informed of his/her rights, failure to mark a box in the respective form amounts to tacit waiver of such right.",https://caselaw.euaa.europa.eu/pages/viewcaselaw.aspx?CaseLawID=3137&returnurl=%2fPages%2fsearch.aspx,Spain,02/11/2022,ES: Supreme Court [Tribunal Supremo],Judgment,STS 4002/2022,"the, of, to, in, and, for, that, on, was, applicant",0.9323403751939656,0.8845286,0.83426744,0.8413152,0.79493105,CREDIBILITY,Applicant Detention and Asylum Claims
0,3270_chunk000,3270,0,2,"The applicant, whose Dublin transfer time limit was extended, appealed the decision of 8 November 2021 of the Police Prefect which refused the registration of the request for international protection in the regular procedure.",3270,FR: The Council of State provided an opinion on appeals lodged by Dublin transferees against refusals to examine a request for international procedure in the regular procedure.,https://caselaw.euaa.europa.eu/pages/viewcaselaw.aspx?CaseLawID=3270&returnurl=%2fPages%2fsearch.aspx,France,27/10/2022,FR: Council of State [Conseil d'État],Decision,No 465885,"the, of, to, in, and, for, that, on, was, applicant",0.9725953345956738,0.86723626,0.8474202,0.8539202,0.817761,CREDIBILITY,Applicant Detention and Asylum Claims
0,3270_chunk001,3270,1,2,The Council of State held that the appeal against a refusal to examine the request for international protection in the regular procedure is admissible only if the person concerned is able to establish that the transfer period has expired and the transfer can no...,3270,FR: The Council of State provided an opinion on appeals lodged by Dublin transferees against refusals to examine a request for international procedure in the regular procedure.,https://caselaw.euaa.europa.eu/pages/viewcaselaw.aspx?CaseLawID=3270&returnurl=%2fPages%2fsearch.aspx,France,27/10/2022,FR: Council of State [Conseil d'État],Decision,No 465885,"the, of, to, in, and, for, that, on, was, applicant",0.9356755968261495,0.8796991,0.84405017,0.86447,0.7897601,CREDIBILITY,Applicant Detention and Asylum Claims
0,3275_chunk000,3275,0,2,"The applicant, a Syrian national, applied for international protection on 2 October 2021 in Austria. As he had already applied for international protection in Malta in September 2021, the Federal Office for Immigration and Asylum (BFA) requested the Maltese authorities to take back the applicant, which Malta accepted.",3275,AT: The Constitutional Court overturned a decision to transfer a Syrian national from Germany to Malta.,https://caselaw.euaa.europa.eu/pages/viewcaselaw.aspx?CaseLawID=3275&returnurl=%2fPages%2fsearch.aspx,Austria,20/09/2022,AT: Constitutional Court [Verfassungsgerichtshof Österreich],Judgment,E622/2022,"the, of, to, in, and, for, that, on, was, applicant",1.0,0.846003,0.7802103,0.8124158,0.76150745,CREDIBILITY,Applicant Detention and Asylum Claims
0,3275_chunk001,3275,1,2,"By decision of 25 November 2021, the BFA rejected the application for international protection as inadmissible and ordered the applicant's removal to Malta. The applicant...",3275,AT: The Constitutional Court overturned a decision to transfer a Syrian national from Germany to Malta.,https://caselaw.euaa.europa.eu/pages/viewcaselaw.aspx?CaseLawID=3275&returnurl=%2fPages%2fsearch.aspx,Austria,20/09/2022,AT: Constitutional Court [Verfassungsgerichtshof Österreich],Judgment,E622/2022,"the, of, to, in, and, for, that, on, was, applicant",0.9449991890064396,0.84995556,0.79595214,0.8263737,0.77906066,CREDIBILITY,Applicant Detention and Asylum Claims
0,3315_chunk000,3315,0,2,"The case concerned a request for urgent interim measures submitted by an Afghan national against a Dublin transfer to Austria. The Dublin transfer was accepted by Austria, but it has been annulled in court by decision of 20 January 2021, when the judicial authority decided that Italy had the competence to process the asylum application.",3315,IT: The civil tribunal of Rome ordered the immediate access of the applicant to the international protection procedure following a judicial decision assessing in the Dublin procedure that Italy was responsible to process the application.,https://caselaw.euaa.europa.eu/pages/viewcaselaw.aspx?CaseLawID=3315&returnurl=%2fPages%2fsearch.aspx,Italy,02/09/2022,IT: Civil Court [Tribunale],Interim Measures,,"the, of, to, in, and, for, that, on, was, applicant",0.9695762440463053,0.86397296,0.83148336,0.84571445,0.7966889,CREDIBILITY,Applicant Detention and Asylum Claims
0,3315_chunk001,3315,1,2,"In that decision, the court also urged the competent authority to close the proceedings for determining the responsible member State and to start processing...",3315,IT: The civil tribunal of Rome ordered the immediate access of the applicant to the international protection procedure following a judicial decision assessing in the Dublin procedure that Italy was responsible to process the application.,https://caselaw.euaa.europa.eu/pages/viewcaselaw.aspx?CaseLawID=3315&returnurl=%2fPages%2fsearch.aspx,Italy,02/09/2022,IT: Civil Court [Tribunale],Interim Measures,,"the, of, to, in, and, for, that, on, was, applicant",0.8878893920867537,0.8485712,0.8299263,0.8371656,0.8001051,CREDIBILITY,Applicant Detention and Asylum Claims
0,3409_chunk000,3409,0,2,"The applicant contested a Dublin transfer to Lithuania, which was determined by the Federal Office for Migration and Refugees (BAMF) as the state responsible for the examination of the application based on Article 18(1)(b) of the Dublin III Regulation, as the applicant, according to documents submitted, applied for asylum in Lithuania.",3409,"DE: The Regional Administrative Court of Düsseldorf confirmed a Dublin transfer to Lithuania, examining the situation of Dublin returnees in this country in the context of the Lithuanian legislative package to change the asylum procedure due to the mass influx of refugees.",https://caselaw.euaa.europa.eu/pages/viewcaselaw.aspx?CaseLawID=3409&returnurl=%2fPages%2fsearch.aspx,Germany,26/08/2022,DE: Regional Administrative Court [Verwaltungsgericht],Judgment,29 L 1620/22.A,"the, of, to, in, and, for, that, on, was, applicant",1.0,0.85249585,0.7946308,0.8284837,0.7605288,CREDIBILITY,Applicant Detention and Asylum Claims
0,3409_chunk001,3409,1,2,The Regional Administrative Court of Düsseldorf rejected the appeal holding that there were no impediments to transferring the applicant to...,3409,"DE: The Regional Administrative Court of Düsseldorf confirmed a Dublin transfer to Lithuania, examining the situation of Dublin returnees in this country in the context of the Lithuanian legislative package to change the asylum procedure due to the mass influx of refugees.",https://caselaw.euaa.europa.eu/pages/viewcaselaw.aspx?CaseLawID=3409&returnurl=%2fPages%2fsearch.aspx,Germany,26/08/2022,DE: Regional Administrative Court [Verwaltungsgericht],Judgment,29 L 1620/22.A,"the, of, to, in, and, for, that, on, was, applicant",0.942983415861133,0.8294671,0.77736247,0.8184612,0.7466394,CREDIBILITY,Applicant Detention and Asylum Claims
0,3284_chunk000,3284,0,2,The case concerned an appeal against the decision of the Administrative Court by which the court urged the Delegacion del Gobierno of Ceuta to take all the necessary measures for the cessation of the proceedings and the immediate transfer to Spain to all unaccompanied minors previously returned to Morocco.,3284,ES: The High Court of Justice of Andalucía ruled that mass returns of minors from Ceuta to Morocco breached the returnees' fundamental rights due to violations of procedural requirements.,https://caselaw.euaa.europa.eu/pages/viewcaselaw.aspx?CaseLawID=3284&returnurl=%2fPages%2fsearch.aspx,Spain,24/06/2022,ES: High Court of Justice [Tribunal Superior de Justicia],Judgment,ST TSJ 139/2021,"the, of, to, in, and, for, that, on, was, applicant",0.956013670613596,0.8435642,0.809667,0.82724756,0.77313375,CREDIBILITY,Applicant Detention and Asylum Claims
0,3284_chunk001,3284,1,2,"In the appealed decision, the Administrative Court found the returns of minors to Morocco violated articles 3, 13 and 5 of the ECHR and corresponding articles 7, 10, 2, 14, 9 and...",3284,ES: The High Court of Justice of Andalucía ruled that mass returns of minors from Ceuta to Morocco breached the returnees' fundamental rights due to violations of procedural requirements.,https://caselaw.euaa.europa.eu/pages/viewcaselaw.aspx?CaseLawID=3284&returnurl=%2fPages%2fsearch.aspx,Spain,24/06/2022,ES: High Court of Justice [Tribunal Superior de Justicia],Judgment,ST TSJ 139/2021,"the, of, to, in, and, for, that, on, was, applicant",0.9569509363509972,0.8674403,0.80979097,0.85516423,0.7764613,CREDIBILITY,Applicant Detention and Asylum Claims
0,2506_chunk000,2506,0,2,"The applicant, A, Ethiopian national, requested residence permit on the basis of family reunification with his cohabitation spouse B, who had a permanent residence permit issued on individual reasons. The FIS rejected the request by decision of 2 May 2019 and ordered the repatriation of A, considering that he did not meet the requirements as he did not present a valid travel document.",2506,FI: The Supreme Administrative Court confirmed a negative decision on family reunification due to failure to provide a valid travel document.,https://caselaw.euaa.europa.eu/pages/viewcaselaw.aspx?CaseLawID=2506&returnurl=%2fPages%2fsearch.aspx,Finland,07/04/2022,FI: Supreme Administrative Court [Korkein hallinto-oikeus],Judgment,KHO:2022:45,"the, of, to, in, and, for, that, on, was, applicant",0.9535973782606949,0.8570199,0.80195665,0.83625424,0.790996,CREDIBILITY,Applicant Detention and Asylum Claims
0,2506_chunk001,2506,1,2,The applicant also had a child and invoked the protection of family life and best interests of the child as a...,2506,FI: The Supreme Administrative Court confirmed a negative decision on family reunification due to failure to provide a valid travel document.,https://caselaw.euaa.europa.eu/pages/viewcaselaw.aspx?CaseLawID=2506&returnurl=%2fPages%2fsearch.aspx,Finland,07/04/2022,FI: Supreme Administrative Court [Korkein hallinto-oikeus],Judgment,KHO:2022:45,"the, of, to, in, and, for, that, on, was, applicant",0.9709306539781501,0.83631647,0.7911734,0.8395165,0.7710386,LEGAL_GROUND,Applicant Detention and Asylum Claims
0,3239_chunk000,3239,0,2,"The applicant was refused refugee protection and granted subsidiary protection by national authorities. He appealed against this decision before the Municipal Court, requesting the annulment of the part of the decision rejecting his request for refugee protection.",3239,CZ: The Constitutional Court ruled that individuals may appeal against a decision which grants them subsidiary protection and request refugee protection without the risk of losing the already gained subsidiary protection status and being placed in the position of being an applicant for international protection while a new assessment takes place.,https://caselaw.euaa.europa.eu/pages/viewcaselaw.aspx?CaseLawID=3239&returnurl=%2fPages%2fsearch.aspx,Czech Republic,29/03/2022,CZ: Constitutional Court [Ústavní Soud],Judgment,IV. ÚS 1642/21,"the, of, to, in, and, for, that, on, was, applicant",0.9766205321388709,0.82897717,0.7893809,0.80764276,0.76431334,CREDIBILITY,Applicant Detention and Asylum Claims
0,3239_chunk001,3239,1,2,"The Municipal Court stated that the authorities' decision to reject his application for refugee protection was unlawful and annulled the decision in its entirety, claiming that annulling only part of it would lead to an...",3239,CZ: The Constitutional Court ruled that individuals may appeal against a decision which grants them subsidiary protection and request refugee protection without the risk of losing the already gained subsidiary protection status and being placed in the position of being an applicant for international protection while a new assessment takes place.,https://caselaw.euaa.europa.eu/pages/viewcaselaw.aspx?CaseLawID=3239&returnurl=%2fPages%2fsearch.aspx,Czech Republic,29/03/2022,CZ: Constitutional Court [Ústavní Soud],Judgment,IV. ÚS 1642/21,"the, of, to, in, and, for, that, on, was, applicant",0.9913307183806549,0.8504956,0.811071,0.82620245,0.7922281,CREDIBILITY,Applicant Detention and Asylum Claims
0,3272_chunk000,3272,0,2,The Bavarian Higher Administrative Court decided on a case regarding the criminal liability of religious orders when providing support for an unauthorised stay by granting church asylum to individuals under the Dublin procedure.,3272,DE: The Bavarian High Court ruled that granting shelter and food to persons obliged to leave Germany cannot be considered a criminal offence if the agreement on church asylum is followed and that there is no obligation on the host to actively end church asylum when the stay in unauthorised.,https://caselaw.euaa.europa.eu/pages/viewcaselaw.aspx?CaseLawID=3272&returnurl=%2fPages%2fsearch.aspx,Germany,25/02/2022,DE: Higher Administrative Court (Oberverwaltungsgericht/Verwaltungsgerichtshof),Judgment,201 StRR 95/21,"the, of, to, in, and, for, that, on, was, applicant",0.9645323239852465,0.8614232,0.8213581,0.85769737,0.78567296,CREDIBILITY,Applicant Detention and Asylum Claims
0,3272_chunk001,3272,1,2,"The case concerned the accused monk B., who granted church asylum to A., from the Gaza strip, on 25 August 2020 and provided him accommodation and care with the knowledge that A. was a rejected asylum applicant.

A. applied for asylum on 22 April...",3272,DE: The Bavarian High Court ruled that granting shelter and food to persons obliged to leave Germany cannot be considered a criminal offence if the agreement on church asylum is followed and that there is no obligation on the host to actively end church asylum when the stay in unauthorised.,https://caselaw.euaa.europa.eu/pages/viewcaselaw.aspx?CaseLawID=3272&returnurl=%2fPages%2fsearch.aspx,Germany,25/02/2022,DE: Higher Administrative Court (Oberverwaltungsgericht/Verwaltungsgerichtshof),Judgment,201 StRR 95/21,"the, of, to, in, and, for, that, on, was, applicant",0.9370074484680414,0.85459703,0.7994118,0.8387933,0.75887424,CREDIBILITY,Applicant Detention and Asylum Claims
0,3277_chunk000,3277,0,2,The applicant is an Algerian national who applied for international protection in the Netherlands and the State Secretary decided on 30 November 2021 not to process the application in the regular procedure. The applicant claimed that during the registration phase he was not informed of the possibility to apply for legal assistance.,3277,NL: The Court of the Hague (seated in Zwolle) found that the State Secretary violated the principle of due care by not providing legal aid to the applicant at the initial stage of the asylum procedure,https://caselaw.euaa.europa.eu/pages/viewcaselaw.aspx?CaseLawID=3277&returnurl=%2fPages%2fsearch.aspx,Netherlands,25/02/2022,NL: Court of The Hague [Rechtbank Den Haag],Judgment,NL21.19915,"the, of, to, in, and, for, that, on, was, applicant",1.0,0.8759921,0.8342957,0.853708,0.8008786,CREDIBILITY,Applicant Detention and Asylum Claims
0,3277_chunk001,3277,1,2,"When the asylum procedure starts, applicants are usually assigned a lawyer through the Legal Aid Board. The applicant claimed that he received the contested...",3277,NL: The Court of the Hague (seated in Zwolle) found that the State Secretary violated the principle of due care by not providing legal aid to the applicant at the initial stage of the asylum procedure,https://caselaw.euaa.europa.eu/pages/viewcaselaw.aspx?CaseLawID=3277&returnurl=%2fPages%2fsearch.aspx,Netherlands,25/02/2022,NL: Court of The Hague [Rechtbank Den Haag],Judgment,NL21.19915,"the, of, to, in, and, for, that, on, was, applicant",1.0,0.8553019,0.8125569,0.8307502,0.7704853,CREDIBILITY,Applicant Detention and Asylum Claims
0,3232_chunk000,3232,0,2,The Council of State cancelled the new article L. 554-1 of the entry and residence code for foreigners (CESEDA) for restricting access to the labour market for Dublin applicants.,3232,FR: The Council of State annulled the provisions of the entry and residence code for foreigners restricting access to the labour market for Dublin applicants awaiting their transfer.,https://caselaw.euaa.europa.eu/pages/viewcaselaw.aspx?CaseLawID=3232&returnurl=%2fPages%2fsearch.aspx,France,24/02/2022,FR: Council of State [Conseil d'État],Decision,No 450285,"the, of, to, in, and, for, that, on, was, applicant",0.9560884996063137,0.85440946,0.8148172,0.85238856,0.78768086,CREDIBILITY,Applicant Detention and Asylum Claims
0,3232_chunk001,3232,1,2,"This provision authorised access to the labour market to applicants who did not receive a decision from OFPRA within six months from their application, due to circumstances beyond their control, excluding Dublin applicants awaiting for their transfer to the Member State responsible to examine their asylum...",3232,FR: The Council of State annulled the provisions of the entry and residence code for foreigners restricting access to the labour market for Dublin applicants awaiting their transfer.,https://caselaw.euaa.europa.eu/pages/viewcaselaw.aspx?CaseLawID=3232&returnurl=%2fPages%2fsearch.aspx,France,24/02/2022,FR: Council of State [Conseil d'État],Decision,No 450285,"the, of, to, in, and, for, that, on, was, applicant",0.9801019720441281,0.8554263,0.8156476,0.8360738,0.78038657,CREDIBILITY,Applicant Detention and Asylum Claims
0,3286_chunk000,3286,0,2,"The General Administration of the State brought an appeal on points of law against the judgment of 3 October 2019 delivered by the Second Section of the Administrative Chamber of the High Court of Justice of Andalusia, located in Málaga.",3286,"ES: The Supreme Court stated that removal procedures for irregular stay should be suspended from the moment the subject submits an application for international protection, until the Administration issues an initial decision dismissing or rejecting it.",https://caselaw.euaa.europa.eu/pages/viewcaselaw.aspx?CaseLawID=3286&returnurl=%2fPages%2fsearch.aspx,Spain,03/02/2022,ES: Supreme Court [Tribunal Supremo],Judgment,STS 278/2022,"the, of, to, in, and, for, that, on, was, applicant",0.9693353728401354,0.7956949,0.7890974,0.7882108,0.7720654,CREDIBILITY,Applicant Detention and Asylum Claims
0,3286_chunk001,3286,1,2,"The Supreme Court confirmed that the application for international protection implies the suspension of the removal procedure for irregular stay that could affect the applicant, until the Administration issues an initial decision...",3286,"ES: The Supreme Court stated that removal procedures for irregular stay should be suspended from the moment the subject submits an application for international protection, until the Administration issues an initial decision dismissing or rejecting it.",https://caselaw.euaa.europa.eu/pages/viewcaselaw.aspx?CaseLawID=3286&returnurl=%2fPages%2fsearch.aspx,Spain,03/02/2022,ES: Supreme Court [Tribunal Supremo],Judgment,STS 278/2022,"the, of, to, in, and, for, that, on, was, applicant",1.0,0.8765054,0.8423168,0.86595124,0.8061644,CREDIBILITY,Applicant Detention and Asylum Claims
0,3434_chunk000,3434,0,2,"The German Federal Administrative Court confirmed on 27 January 2022 the decision of the Higher Administrative Court of North Rhine Westphalia of July 2021, halting the Dublin transfer of a single man to Italy.",3434,DE: The Federal Administrative Court confirmed the annulment of a Dublin transfer to Italy for a single man due to the the lack of access to accommodation and likelihood of not finding a job in the foreseeable future.,https://caselaw.euaa.europa.eu/pages/viewcaselaw.aspx?CaseLawID=3434&returnurl=%2fPages%2fsearch.aspx,Germany,17/01/2022,DE: Federal Administrative Court [Bundesverwaltungsgericht],,1 B 66.21,"the, of, to, in, and, for, that, on, was, applicant",0.9411985939837229,0.8328554,0.8015238,0.82552385,0.7698766,CREDIBILITY,Applicant Detention and Asylum Claims
0,3434_chunk001,3434,1,2,"The transfer was ruled to be unlawful due to the lack of accommodation in Italy, the fact that the person will not find a job within the foreseeable future that offers him an income sufficient to finance decent accommodation and living expenses, which would result...",3434,DE: The Federal Administrative Court confirmed the annulment of a Dublin transfer to Italy for a single man due to the the lack of access to accommodation and likelihood of not finding a job in the foreseeable future.,https://caselaw.euaa.europa.eu/pages/viewcaselaw.aspx?CaseLawID=3434&returnurl=%2fPages%2fsearch.aspx,Germany,17/01/2022,DE: Federal Administrative Court [Bundesverwaltungsgericht],,1 B 66.21,"the, of, to, in, and, for, that, on, was, applicant",0.9557584194413213,0.86944556,0.8163939,0.87027836,0.787739,LEGAL_GROUND,Applicant Detention and Asylum Claims
0,3231_chunk000,3231,0,2,"In January 2022, the Cassation Court of France ruled that a bone examination was insufficient to confirm the applicant's majority. The court specified that, for such examinations to be considered conclusive, they should be corroborated by civil status records and social assessments.",3231,FR: The Court of Cassation ruled that a bone examination was insufficient to confirm the applicant's majority and highlighted how the benefit of the doubt should be applied in such a case.,https://caselaw.euaa.europa.eu/pages/viewcaselaw.aspx?CaseLawID=3231&returnurl=%2fPages%2fsearch.aspx,France,12/01/2022,FR: Court of Cassation [Cour de cassation],Judgment,20-17.343,"the, of, to, in, and, for, that, on, was, applicant",0.9916572534881474,0.8812995,0.8282458,0.8393776,0.81059057,CREDIBILITY,Applicant Detention and Asylum Claims
0,3231_chunk001,3231,1,2,"Finally, it stated that if bone examinations contravene such records and assessments, creating a doubt concerning the applicant's minority, then the applicant should be given the...",3231,FR: The Court of Cassation ruled that a bone examination was insufficient to confirm the applicant's majority and highlighted how the benefit of the doubt should be applied in such a case.,https://caselaw.euaa.europa.eu/pages/viewcaselaw.aspx?CaseLawID=3231&returnurl=%2fPages%2fsearch.aspx,France,12/01/2022,FR: Court of Cassation [Cour de cassation],Judgment,20-17.343,"the, of, to, in, and, for, that, on, was, applicant",0.9424208234109641,0.8843419,0.83101135,0.8476131,0.81561416,CREDIBILITY,Applicant Detention and Asylum Claims
0,3269_chunk000,3269,0,2,"The applicant, a national of Somalia, applied for international protection in France on 18 December 2020 and he was placed under the Dublin procedure while a request was sent to Germany, considered the Member State responsible to examine the request for international protection. The applicant returned to Germany, and thereafter returned to France and asked for asylum a second time on 26 May 2021.",3269,FR: The Lyon Administrative Court of Appeal ruled that subsequent applications for international protection trigger new time limits for the purposes of the Dublin procedure.,https://caselaw.euaa.europa.eu/pages/viewcaselaw.aspx?CaseLawID=3269&returnurl=%2fPages%2fsearch.aspx,France,06/01/2022,FR: Administrative Courts of Appeal [Cours administratives d’appel],Judgment,No 21LY03266,"the, of, to, in, and, for, that, on, was, applicant",0.9818298079924674,0.8590387,0.8095958,0.8347941,0.77398735,CREDIBILITY,Applicant Detention and Asylum Claims
0,3269_chunk001,3269,1,2,"After a new consultation of the Eurodac file, the German authorities were again seized with a...",3269,FR: The Lyon Administrative Court of Appeal ruled that subsequent applications for international protection trigger new time limits for the purposes of the Dublin procedure.,https://caselaw.euaa.europa.eu/pages/viewcaselaw.aspx?CaseLawID=3269&returnurl=%2fPages%2fsearch.aspx,France,06/01/2022,FR: Administrative Courts of Appeal [Cours administratives d’appel],Judgment,No 21LY03266,"the, of, to, in, and, for, that, on, was, applicant",1.0,0.8518452,0.8159448,0.8464389,0.80444205,CREDIBILITY,Applicant Detention and Asylum Claims
0,3321_chunk000,3321,0,2,"The applicant applied for international protection in 2017, claiming that he had to flee Bangladesh after being subjected to ill-treatment from state authorities due to his belonging to the Rohingya ethnic group. The BFA rejected the applicant's request and issued a removal order against him. The applicant appealed against this decision.",3321,AT: The Constitutional Court ruled that refusal to grant refugee status to a member of the Rohingya ethnic group born in Bangladesh constituted a violation of the principle of equal treatment among foreigners.,https://caselaw.euaa.europa.eu/pages/viewcaselaw.aspx?CaseLawID=3321&returnurl=%2fPages%2fsearch.aspx,Austria,16/12/2021,AT: Constitutional Court [Verfassungsgerichtshof Österreich],Decision,E 1999/2021-19,"the, of, to, in, and, for, that, on, was, applicant",0.9827610693818453,0.8484034,0.78677547,0.8232669,0.76309246,CREDIBILITY,Applicant Detention and Asylum Claims
0,3321_chunk001,3321,1,2,"The Federal Administrative Court dismissed his appeal, arguing that his claim that he was abused and extorted by the police and had to flee Bangladesh...",3321,AT: The Constitutional Court ruled that refusal to grant refugee status to a member of the Rohingya ethnic group born in Bangladesh constituted a violation of the principle of equal treatment among foreigners.,https://caselaw.euaa.europa.eu/pages/viewcaselaw.aspx?CaseLawID=3321&returnurl=%2fPages%2fsearch.aspx,Austria,16/12/2021,AT: Constitutional Court [Verfassungsgerichtshof Österreich],Decision,E 1999/2021-19,"the, of, to, in, and, for, that, on, was, applicant",0.9555360890460197,0.8820195,0.8337253,0.8445198,0.8000988,CREDIBILITY,Applicant Detention and Asylum Claims
0,2507_chunk000,2507,0,2,"The case concerned an Afghan applicant who contested an inadmissible decision based on Paragraph 29(1)(1)(a) of the AsylG because he had previously applied for asylum in Denmark. The Danish authorities agreed to a readmission on 9 November 2017, and the BAMF ordered the transfer and found no prohibition for the deportation.",2507,DE: The Federal Administrative Court clarified the concept of absconding in the context of extending a Dublin transfer period.,https://caselaw.euaa.europa.eu/pages/viewcaselaw.aspx?CaseLawID=2507&returnurl=%2fPages%2fsearch.aspx,Germany,17/08/2021,DE: Federal Constitutional Court [Bundesverfassungsgericht],Judgment,No 1 C 38.20,"the, of, to, in, and, for, that, on, was, applicant",0.9404878428448242,0.86870015,0.824509,0.8583052,0.8018086,CREDIBILITY,Applicant Detention and Asylum Claims
0,2507_chunk001,2507,1,2,"On 24 April 2018 the attempted transfer was unsuccessful as the applicant was not found in his room in the accommodation, but the transfer...",2507,DE: The Federal Administrative Court clarified the concept of absconding in the context of extending a Dublin transfer period.,https://caselaw.euaa.europa.eu/pages/viewcaselaw.aspx?CaseLawID=2507&returnurl=%2fPages%2fsearch.aspx,Germany,17/08/2021,DE: Federal Constitutional Court [Bundesverfassungsgericht],Judgment,No 1 C 38.20,"the, of, to, in, and, for, that, on, was, applicant",0.9629095308039288,0.84749913,0.81051517,0.8315858,0.7711096,CREDIBILITY,Applicant Detention and Asylum Claims
0,2508_chunk000,2508,0,2,"The applicant, national of Philippine, contested an inadmissibility decision issued by BAMF on 21 February 2018 on the basis of Paragraph 29(1)(1)(a) AsylG, because he has previously applied for international protection in France. It was decided that there are ni prohibitions to deportation and ordered a 9 months entry ban.",2508,DE: The Federal Administrative Court clarified on the concept of absconding in the Dublin procedure and the criteria for inadmissibility decision,https://caselaw.euaa.europa.eu/pages/viewcaselaw.aspx?CaseLawID=2508&returnurl=%2fPages%2fsearch.aspx,Germany,17/08/2021,DE: Federal Administrative Court [Bundesverwaltungsgericht],Judgment,No 1 C 51.20,"the, of, to, in, and, for, that, on, was, applicant",0.930190169834324,0.87836206,0.832494,0.8652563,0.8129777,CREDIBILITY,Applicant Detention and Asylum Claims
0,2508_chunk001,2508,1,2,On 13 July 2018 the Federal Office and Foreigners Registration Office was informed that the applicant resided in a church asylum since 12 July 2018. By letter of...,2508,DE: The Federal Administrative Court clarified on the concept of absconding in the Dublin procedure and the criteria for inadmissibility decision,https://caselaw.euaa.europa.eu/pages/viewcaselaw.aspx?CaseLawID=2508&returnurl=%2fPages%2fsearch.aspx,Germany,17/08/2021,DE: Federal Administrative Court [Bundesverwaltungsgericht],Judgment,No 1 C 51.20,"the, of, to, in, and, for, that, on, was, applicant",0.951055493377311,0.849525,0.81890225,0.82598126,0.7821461,CREDIBILITY,Applicant Detention and Asylum Claims
0,2509_chunk000,2509,0,2,"The applicant, Guinean national, contested the inadmissibility decision adopted based on Paragraph 29(1)(1)(a) of the AsylG, because he entered Germany and applied for international protection on 11 April 2018 but he had previously applied in Spain (Eurodac hit report). The BAMF also found no prohibition to deportation and issued a 6 months entry ban.",2509,"DE: The Federal Administrative Court confirmed expiry of Dublin transfer deadline when the extension was not valid, and the absconding concept was wrongly applied",https://caselaw.euaa.europa.eu/pages/viewcaselaw.aspx?CaseLawID=2509&returnurl=%2fPages%2fsearch.aspx,Germany,17/08/2021,DE: Federal Administrative Court [Bundesverwaltungsgericht],Judgment,1 C 55.20,"the, of, to, in, and, for, that, on, was, applicant",0.9351450322734435,0.87434006,0.82189006,0.8580414,0.8053428,CREDIBILITY,Applicant Detention and Asylum Claims
0,2509_chunk001,2509,1,2,The applicant resided in a shared accommodation and the notification letter of the decision was received by him and also by his legal...,2509,"DE: The Federal Administrative Court confirmed expiry of Dublin transfer deadline when the extension was not valid, and the absconding concept was wrongly applied",https://caselaw.euaa.europa.eu/pages/viewcaselaw.aspx?CaseLawID=2509&returnurl=%2fPages%2fsearch.aspx,Germany,17/08/2021,DE: Federal Administrative Court [Bundesverwaltungsgericht],Judgment,1 C 55.20,"the, of, to, in, and, for, that, on, was, applicant",1.0,0.8402219,0.81546444,0.8360453,0.77375585,CREDIBILITY,Applicant Detention and Asylum Claims
0,2510_chunk000,2510,0,2,"The applicant, Guinea national, was rejected the application of asylum as inadmissible by decision of 7 March 2018 because he has already applied in Spain, according to a Eurodac hit report. The Spanish authorities agreed to the transfer on 6 March 2018 and the BAMF decision was adopted on 7 March 2018.",2510,DE: The Federal Administrative Court confirmed that failure to appear for self-presentation in the deportation day does not equal absconding,https://caselaw.euaa.europa.eu/pages/viewcaselaw.aspx?CaseLawID=2510&returnurl=%2fPages%2fsearch.aspx,Germany,17/08/2021,DE: Federal Administrative Court [Bundesverwaltungsgericht],Judgment,1 C 1.21,"the, of, to, in, and, for, that, on, was, applicant",1.0,0.8724787,0.8228242,0.8420647,0.79695374,CREDIBILITY,Applicant Detention and Asylum Claims
0,2510_chunk001,2510,1,2,On 16 March 2018 the applicant contested the decision and requested an order for suspensive effect. The German authorities informed the Spanish authorities about the lodging of an appeal with...,2510,DE: The Federal Administrative Court confirmed that failure to appear for self-presentation in the deportation day does not equal absconding,https://caselaw.euaa.europa.eu/pages/viewcaselaw.aspx?CaseLawID=2510&returnurl=%2fPages%2fsearch.aspx,Germany,17/08/2021,DE: Federal Administrative Court [Bundesverwaltungsgericht],Judgment,1 C 1.21,"the, of, to, in, and, for, that, on, was, applicant",1.0,0.8514671,0.82188445,0.84432447,0.7915288,CREDIBILITY,Applicant Detention and Asylum Claims
0,2511_chunk000,2511,0,1,"The Federal Administrative Court allowed an appeal on points of law in order to clarify the  requirements for the assessment of a 'strong presumption' (European Union, Court of Justice of the European Union [CJEU], EZ v Bundesrepublik Deutschland (Federal Republic of Germany), C-238/19, ECLI:EU:C:2020:945, 19 November 2020 - paragraph 57) for a link between the refusal of military service...",2511,DE: The Federal Administrative Court allowed an appeal on points of law in order to clarify the 'strong presumption' of persecution for refusal of military service,https://caselaw.euaa.europa.eu/pages/viewcaselaw.aspx?CaseLawID=2511&returnurl=%2fPages%2fsearch.aspx,Germany,22/07/2021,DE: Federal Administrative Court [Bundesverwaltungsgericht],Judgment,1 C 23.21,"the, of, to, in, and, for, that, on, was, applicant",1.0,0.84889936,0.8040969,0.8429905,0.76898324,CREDIBILITY,Applicant Detention and Asylum Claims
0,2505_chunk000,2505,0,2,"The applicant, national of Mali, applied for international protection in Germany but based on EURODAC findings his application was rejected as inadmissible as Italy was responsible to process his application.",2505,DE: The High Administrative Court confirmed annulment of BAMF decision to transfer an applicant to Italy under Dublin Regulation due to lack of access to accommodation,https://caselaw.euaa.europa.eu/pages/viewcaselaw.aspx?CaseLawID=2505&returnurl=%2fPages%2fsearch.aspx,Germany,20/07/2021,DE: Higher Administrative Court (Oberverwaltungsgericht/Verwaltungsgerichtshof),Judgment,11 A 1689/20.A,"the, of, to, in, and, for, that, on, was, applicant",1.0,0.8682873,0.80526406,0.8349586,0.78104794,CREDIBILITY,Applicant Detention and Asylum Claims
0,2505_chunk001,2505,1,2,"Upon appeal, the administrative court annulled the contested decision and stated that vulnerable Dublin returnees are entirely dependent on state support which is insufficient in terms of housing and minimum living standard, thus amounting to a risk of treatment contrary to the Article 4...",2505,DE: The High Administrative Court confirmed annulment of BAMF decision to transfer an applicant to Italy under Dublin Regulation due to lack of access to accommodation,https://caselaw.euaa.europa.eu/pages/viewcaselaw.aspx?CaseLawID=2505&returnurl=%2fPages%2fsearch.aspx,Germany,20/07/2021,DE: Higher Administrative Court (Oberverwaltungsgericht/Verwaltungsgerichtshof),Judgment,11 A 1689/20.A,"the, of, to, in, and, for, that, on, was, applicant",0.96732816707672,0.8771786,0.8228757,0.86925566,0.80095154,CREDIBILITY,Applicant Detention and Asylum Claims
0,2471_chunk000,2471,0,2,"A national from Lithuania applied for international protection in Austria on 15 April 2019. The applicant claimed he was a lawyer and human rights activist who had defaced a plaque honouring a General who was responsible for the murder of 14,000 Jews, 22 of whom were related to him.",2471,AT: The Constitutional Court ruled on applications submitted by EU citizens and Protocol No 24 on Asylum for Nationals of Member States of the European Union,https://caselaw.euaa.europa.eu/pages/viewcaselaw.aspx?CaseLawID=2471&returnurl=%2fPages%2fsearch.aspx,Austria,22/06/2021,AT: Constitutional Court [Verfassungsgerichtshof Österreich],Decision,E 2546/2020-27,"the, of, to, in, and, for, that, on, was, applicant",0.962151964851885,0.8356953,0.77759343,0.815782,0.76173747,CREDIBILITY,Applicant Detention and Asylum Claims
0,2471_chunk001,2471,1,2,"The applicant stated that he was detained by the police for 54 hours where he was beaten and fed pork that he was unable to eat as he is Jewish. He was released and fined 33,000 euros to...",2471,AT: The Constitutional Court ruled on applications submitted by EU citizens and Protocol No 24 on Asylum for Nationals of Member States of the European Union,https://caselaw.euaa.europa.eu/pages/viewcaselaw.aspx?CaseLawID=2471&returnurl=%2fPages%2fsearch.aspx,Austria,22/06/2021,AT: Constitutional Court [Verfassungsgerichtshof Österreich],Decision,E 2546/2020-27,"the, of, to, in, and, for, that, on, was, applicant",0.9524173671305827,0.8513488,0.79127586,0.82345724,0.75161904,CREDIBILITY,Applicant Detention and Asylum Claims
0,1573_chunk000,1573,0,2,"The applicants, nationals of Syria, are members of a family who arrived in Spain through the resettlement programme 2015 for refugees. By decisions of 4 October 2017 of the Deputy Secretary of the Interior, they were granted subsidiary protection. They appealed that decision arguing that they should be granted refugee status and not subsidiary protection.",1573,ES: The Supreme Court confirmed that refugees resettled in Spain are beneficiaries of refugee status.,https://caselaw.euaa.europa.eu/pages/viewcaselaw.aspx?CaseLawID=1573&returnurl=%2fPages%2fsearch.aspx,Spain,17/12/2020,ES: Supreme Court [Tribunal Supremo],Judgment,7923/2019,"the, of, to, in, and, for, that, on, was, applicant",0.9591788457603317,0.85777473,0.8121213,0.8303143,0.7973438,CREDIBILITY,Applicant Detention and Asylum Claims
0,1573_chunk001,1573,1,2,The Chamber for Contentious Administrative Proceedings of the Audiencia Nacional (Fourth Chamber)...,1573,ES: The Supreme Court confirmed that refugees resettled in Spain are beneficiaries of refugee status.,https://caselaw.euaa.europa.eu/pages/viewcaselaw.aspx?CaseLawID=1573&returnurl=%2fPages%2fsearch.aspx,Spain,17/12/2020,ES: Supreme Court [Tribunal Supremo],Judgment,7923/2019,"the, of, to, in, and, for, that, on, was, applicant",0.9700140190788089,0.7799454,0.78001994,0.7735204,0.7458786,DETERMINATION,Applicant Detention and Asylum Claims
0,1705_chunk000,1705,0,2,"The applicants are stateless persons, who were born on the territory of the former Soviet Union and left the later before its dissolution, and none of the successor countries recognised them as their citizens. Following an expulsion order, they were included in the national list of undesirable persons.",1705,CZ: Municipal Court finds unlawful the detention of two applicants for stateless status,https://caselaw.euaa.europa.eu/pages/viewcaselaw.aspx?CaseLawID=1705&returnurl=%2fPages%2fsearch.aspx,Czech Republic,14/09/2020,CZ: Administrative Court [Správní soud],Decision,No 14 A 8/2020-28,"the, of, to, in, and, for, that, on, was, applicant",1.0,0.83145714,0.78926545,0.81476873,0.7712558,CREDIBILITY,Applicant Detention and Asylum Claims
0,1705_chunk001,1705,1,2,"In September 2019 the applicants applied for the status of stateless persons under the Convention for the Status of Stateless Persons, and a...",1705,CZ: Municipal Court finds unlawful the detention of two applicants for stateless status,https://caselaw.euaa.europa.eu/pages/viewcaselaw.aspx?CaseLawID=1705&returnurl=%2fPages%2fsearch.aspx,Czech Republic,14/09/2020,CZ: Administrative Court [Správní soud],Decision,No 14 A 8/2020-28,"the, of, to, in, and, for, that, on, was, applicant",0.9618006146303907,0.7930949,0.73591787,0.7719154,0.7201027,CREDIBILITY,Applicant Detention and Asylum Claims
0,1647_chunk000,1647,0,2,"MM and F, nationals of Pakistan, applied for international protection on 4 October 2015, but it was rejected  and the Federal Administrative Court confirmed it by decision of 22 October 2018, jointly with the issuance of a return order against the applicants. A subsequent application was submitted from detention centre by the second applicant, on 3 March 2020.",1647,AT: The Supreme Administrative Court confirmed that the notification of a first instance administrative decision on asylum cannot be done remotely or by videoconference.,https://caselaw.euaa.europa.eu/pages/viewcaselaw.aspx?CaseLawID=1647&returnurl=%2fPages%2fsearch.aspx,Austria,07/09/2020,AT: Supreme Administrative Court [Verwaltungsgerichtshof - VwGH],Judgment,Ro 2020/01/0007,"the, of, to, in, and, for, that, on, was, applicant",0.9833576365547254,0.861062,0.8091229,0.8321594,0.7992634,CREDIBILITY,Applicant Detention and Asylum Claims
0,1647_chunk001,1647,1,2,"On 18 March 2020, the Federal Office for Foreign Affairs and Asylum conducted the interview remotely, by video-conference...",1647,AT: The Supreme Administrative Court confirmed that the notification of a first instance administrative decision on asylum cannot be done remotely or by videoconference.,https://caselaw.euaa.europa.eu/pages/viewcaselaw.aspx?CaseLawID=1647&returnurl=%2fPages%2fsearch.aspx,Austria,07/09/2020,AT: Supreme Administrative Court [Verwaltungsgerichtshof - VwGH],Judgment,Ro 2020/01/0007,"the, of, to, in, and, for, that, on, was, applicant",1.0,0.8575722,0.8244659,0.8234015,0.8074837,CREDIBILITY,Applicant Detention and Asylum Claims
0,1648_chunk000,1648,0,2,"The applicant applied for international protection on 13 January 2010, claiming to be a minor from Zimbabwe and by decision of 29 September 2010 the Federal Office for Asylum rejected the application as unfounded. Upon appeal, the Court of Asylum referred the matter back to the Federal Asylum Office for a new hearing and assessment.",1648,AT: The Federal Administrative Court rejects appeal against return order and entry ban based on multiple criminal offences and lack of risk upon return to Nigeria,https://caselaw.euaa.europa.eu/pages/viewcaselaw.aspx?CaseLawID=1648&returnurl=%2fPages%2fsearch.aspx,Austria,27/07/2020,AT: Federal Administrative Court [Bundesverwaltungsgericht - BVwG],Decision,,"the, of, to, in, and, for, that, on, was, applicant",0.9397486624682347,0.87037987,0.83092856,0.8411179,0.80564624,CREDIBILITY,Applicant Detention and Asylum Claims
0,1648_chunk001,1648,1,2,"On 17 November 2011, the Federal Asylum Office rejected again the application, after having found also that the applicant was from Nigeria and ordered the return....",1648,AT: The Federal Administrative Court rejects appeal against return order and entry ban based on multiple criminal offences and lack of risk upon return to Nigeria,https://caselaw.euaa.europa.eu/pages/viewcaselaw.aspx?CaseLawID=1648&returnurl=%2fPages%2fsearch.aspx,Austria,27/07/2020,AT: Federal Administrative Court [Bundesverwaltungsgericht - BVwG],Decision,,"the, of, to, in, and, for, that, on, was, applicant",0.9484381190024498,0.8630802,0.8108136,0.82955813,0.7819194,CREDIBILITY,Applicant Detention and Asylum Claims
0,933_chunk000,933,0,1,"The Division finds that the general safety situation in Afghanistan, particularly in Nangarhar and Ghazni, remains unabatedly alarming. In certain respects, the safety situation in Afghanistan has even worsened compared to June 2018, the end point of the reporting period dealt with in the earlier ruling of the Division of 1 October 2018. On the other hand, however, the...",933,"NL: Council of State rules that the situation in Afghanistan is worrying, but not so bad that every Afghan must be given asylum",https://caselaw.euaa.europa.eu/pages/viewcaselaw.aspx?CaseLawID=933&returnurl=%2fPages%2fsearch.aspx,Netherlands,18/12/2019,NL: Council of State [Afdeling Bestuursrechtspraak van de Raad van State],Judgment,201904651/1/V2,"the, of, to, in, and, for, that, on, was, applicant",1.0,0.8606414,0.82239676,0.839116,0.8124127,CREDIBILITY,Applicant Detention and Asylum Claims
0,934_chunk000,934,0,2,"The Division is of the opinion that there are reasons to assume that the situation in Afghanistan for Hazara is now less safe than in the past. The information now available shows that, for all kinds of reasons, Hazara could have problems with different combating groups in Afghanistan.",934,NL: Council of State rules on the position of Hazara in Afghanistan,https://caselaw.euaa.europa.eu/pages/viewcaselaw.aspx?CaseLawID=934&returnurl=%2fPages%2fsearch.aspx,Netherlands,18/12/2019,NL: Council of State [Afdeling Bestuursrechtspraak van de Raad van State],Judgment,201905739/1,"the, of, to, in, and, for, that, on, was, applicant",1.0,0.87197703,0.8188674,0.8513457,0.7990463,CREDIBILITY,Applicant Detention and Asylum Claims
0,934_chunk001,934,1,2,"This could be because a certain faith and therefore also a certain political affiliation is ascribed to them, but also for example because of a certain socio-economic position. According to...",934,NL: Council of State rules on the position of Hazara in Afghanistan,https://caselaw.euaa.europa.eu/pages/viewcaselaw.aspx?CaseLawID=934&returnurl=%2fPages%2fsearch.aspx,Netherlands,18/12/2019,NL: Council of State [Afdeling Bestuursrechtspraak van de Raad van State],Judgment,201905739/1,"the, of, to, in, and, for, that, on, was, applicant",1.0,0.88219976,0.83937234,0.88145113,0.8154941,CREDIBILITY,Applicant Detention and Asylum Claims
0,920_chunk000,920,0,2,"Between 26 July and 1 October 2015, 5 Afghan nationals applied for international protection in Norway, claiming to be 15-16 years old. After further assessments, which also included medical age examinations, the immigration authorities considered that they were all older than 18 years.",920,"NO: The Supreme Court held that the standard of a preponderance of probabilities applies to the assessment of an applicant’s age, and that no alternative evidentiary threshold can be derived from the Immigration Act, its preparatory works, or the principle of the best interests of the child.",https://caselaw.euaa.europa.eu/pages/viewcaselaw.aspx?CaseLawID=920&returnurl=%2fPages%2fsearch.aspx,Norway,12/12/2019,NO: Supreme Court [Noregs Høgsterett],Judgment,HR-2019-2344-A,"the, of, to, in, and, for, that, on, was, applicant",0.9648420039783425,0.8611755,0.7989817,0.8252445,0.7856647,CREDIBILITY,Applicant Detention and Asylum Claims
0,920_chunk001,920,1,2,"Consequently, their applications were rejected by the Norwegian Directorate of Immigration (UDI) and later confirmed on appeal before the Immigration Appeals Board (UNE). One of the...",920,"NO: The Supreme Court held that the standard of a preponderance of probabilities applies to the assessment of an applicant’s age, and that no alternative evidentiary threshold can be derived from the Immigration Act, its preparatory works, or the principle of the best interests of the child.",https://caselaw.euaa.europa.eu/pages/viewcaselaw.aspx?CaseLawID=920&returnurl=%2fPages%2fsearch.aspx,Norway,12/12/2019,NO: Supreme Court [Noregs Høgsterett],Judgment,HR-2019-2344-A,"the, of, to, in, and, for, that, on, was, applicant",0.916299186069515,0.86091995,0.83189243,0.840854,0.8185015,CREDIBILITY,Applicant Detention and Asylum Claims
0,935_chunk000,935,0,2,"The woman, known as an LGBTI activist in Surinam, did not obtain an asylum residence permit from the Minister for Migration in March 2018. She had asked for the residence permit in the Netherlands because, in her own words, she runs a risk in Surinam because of her transsexuality. A previous appeal to the court against rejection of the permit failed, after which the woman appealed to the ABRvS.",935,NL: Council of State refers case to District Court to rule again on asylum for a Surinamese transgender,https://caselaw.euaa.europa.eu/pages/viewcaselaw.aspx?CaseLawID=935&returnurl=%2fPages%2fsearch.aspx,Netherlands,11/12/2019,NL: Council of State [Afdeling Bestuursrechtspraak van de Raad van State],Judgment,201900219/1/V2.,"the, of, to, in, and, for, that, on, was, applicant",1.0,0.87124205,0.8204603,0.84849375,0.79506654,CREDIBILITY,Applicant Detention and Asylum Claims
0,935_chunk001,935,1,2,The woman experienced various...,935,NL: Council of State refers case to District Court to rule again on asylum for a Surinamese transgender,https://caselaw.euaa.europa.eu/pages/viewcaselaw.aspx?CaseLawID=935&returnurl=%2fPages%2fsearch.aspx,Netherlands,11/12/2019,NL: Council of State [Afdeling Bestuursrechtspraak van de Raad van State],Judgment,201900219/1/V2.,"the, of, to, in, and, for, that, on, was, applicant",0.9260204970368058,0.81691706,0.80885834,0.8238178,0.79121,LEGAL_GROUND,Applicant Detention and Asylum Claims
0,980_chunk000,980,0,1,"According to the national contribution to the EMN Annual Report on Migration and Asylum 2019:

In these judgments (no. 230.067 and no. 230.068) the Council states that the principle of ""family unity"" does not give rise to a right to...",980,BE: The CALL states that the principle of 'unity of the family' does not create any right to international protection,https://caselaw.euaa.europa.eu/pages/viewcaselaw.aspx?CaseLawID=980&returnurl=%2fPages%2fsearch.aspx,Belgium,11/12/2019,BE: Council for Alien Law Litigation [Conseil du Contentieux des Étrangers - CALL],Judgment,230.067 and 230.068,"the, of, to, in, and, for, that, on, was, applicant",0.9851018001141169,0.8757342,0.838877,0.86423635,0.80903643,CREDIBILITY,Applicant Detention and Asylum Claims
0,921_chunk000,921,0,2,"The case concerns the validity of the Immigration Board's decision on expulsion with two years of entry ban after serious violations of the Immigration Act. The question is whether the expulsion is disproportionate to the foreigner's children, cf. the Immigration Act section 70, Article 8 of the European Convention on Human Rights (ECHR) and Article 3 of the Convention on the Rights of the Child.",921,NO Supreme Court rules on expulsion and ban entry of female asylum seeker with minors,https://caselaw.euaa.europa.eu/pages/viewcaselaw.aspx?CaseLawID=921&returnurl=%2fPages%2fsearch.aspx,Norway,09/12/2019,NO: Supreme Court [Noregs Høgsterett],Judgment,"HR-2019-2286-A, (case no. 19-083349SIV-HRET).","the, of, to, in, and, for, that, on, was, applicant",0.9796015665463403,0.8817684,0.8238651,0.87106633,0.78877,CREDIBILITY,Applicant Detention and Asylum Claims
0,921_chunk001,921,1,2,"More analytically, a female asylum seeker had upon arrival to Norway...",921,NO Supreme Court rules on expulsion and ban entry of female asylum seeker with minors,https://caselaw.euaa.europa.eu/pages/viewcaselaw.aspx?CaseLawID=921&returnurl=%2fPages%2fsearch.aspx,Norway,09/12/2019,NO: Supreme Court [Noregs Høgsterett],Judgment,"HR-2019-2286-A, (case no. 19-083349SIV-HRET).","the, of, to, in, and, for, that, on, was, applicant",0.9852724904770268,0.8699684,0.83707917,0.85945946,0.7950808,CREDIBILITY,Applicant Detention and Asylum Claims
0,937_chunk000,937,0,2,"By decision of 26 July 2019, the State Secretary for Justice and Security established a so-called decision and departure moratorium for asylum seekers from Libya (Government Gazette 26 July 2019, no. 40679). This ruling is about a decision to establish a decision moratorium for Libya.",937,NL: Council of State confirms legality of moratorium for Libyan applicants,https://caselaw.euaa.europa.eu/pages/viewcaselaw.aspx?CaseLawID=937&returnurl=%2fPages%2fsearch.aspx,Netherlands,23/11/2019,NL: Council of State [Afdeling Bestuursrechtspraak van de Raad van State],,201905649/1/ V2,"the, of, to, in, and, for, that, on, was, applicant",1.0,0.86204606,0.8242726,0.8474724,0.7913874,CREDIBILITY,Applicant Detention and Asylum Claims
0,937_chunk001,937,1,2,A decision moratorium means that the period within which asylum applications from Libyan foreign nationals must be processed by the state secretary is extended. This decision is important for all...,937,NL: Council of State confirms legality of moratorium for Libyan applicants,https://caselaw.euaa.europa.eu/pages/viewcaselaw.aspx?CaseLawID=937&returnurl=%2fPages%2fsearch.aspx,Netherlands,23/11/2019,NL: Council of State [Afdeling Bestuursrechtspraak van de Raad van State],,201905649/1/ V2,"the, of, to, in, and, for, that, on, was, applicant",0.9943752864145451,0.8784856,0.84354854,0.85224503,0.8037241,CREDIBILITY,Applicant Detention and Asylum Claims
0,958_chunk000,958,0,2,"The appellants were Afghan nationals who arrived in Ireland in 2008. They lived in direct provision and had four children, three of whom were born in Ireland. The entire family applied for asylum in 2013. In December 2014, the Refugee Appeals Tribunal issued a decision declaring their youngest son to be a refugee and this was communicated to the family by letter dated 8 January 2015.",958,IE: The Supreme Court ruled on the right of family reunification of a refugee child.,https://caselaw.euaa.europa.eu/pages/viewcaselaw.aspx?CaseLawID=958&returnurl=%2fPages%2fsearch.aspx,Ireland,21/11/2019,IE: Supreme Court,Judgment,[2019] IESC 82 145/18 & 146/18,"the, of, to, in, and, for, that, on, was, applicant",1.0,0.84772354,0.7974961,0.8138774,0.78097963,CREDIBILITY,Applicant Detention and Asylum Claims
0,958_chunk001,958,1,2,"Upon receipt of this decision, the entire family applied for family...",958,IE: The Supreme Court ruled on the right of family reunification of a refugee child.,https://caselaw.euaa.europa.eu/pages/viewcaselaw.aspx?CaseLawID=958&returnurl=%2fPages%2fsearch.aspx,Ireland,21/11/2019,IE: Supreme Court,Judgment,[2019] IESC 82 145/18 & 146/18,"the, of, to, in, and, for, that, on, was, applicant",0.9544585649381969,0.84956205,0.82184786,0.8306955,0.82735485,CREDIBILITY,Applicant Detention and Asylum Claims
0,981_chunk000,981,0,2,The applicant is a Palestinian stateless from the Gaza strip and applied for international protection in Belgium. His application was rejected but he was granted subsidiary protection.,981,BE: The CALL concluded that UNRWA is currently still operational in Gaza and a return for residents of the Gaza Strip is possible,https://caselaw.euaa.europa.eu/pages/viewcaselaw.aspx?CaseLawID=981&returnurl=%2fPages%2fsearch.aspx,Belgium,18/11/2019,BE: Council for Alien Law Litigation [Conseil du Contentieux des Étrangers - CALL],Decision,No 228.889,"the, of, to, in, and, for, that, on, was, applicant",0.9576958921926587,0.80906767,0.75185496,0.7795917,0.69955623,CREDIBILITY,Applicant Detention and Asylum Claims
0,981_chunk001,981,1,2,"Upon appeal, the applicant argued that he is a Palestinian refugee, and that he is eligible of UNRWA protection despite not having been registered with and not having received material assistance from UNRWA or lived in its area of operation. The applicant claimed to fall within the personal scope of Article 1D...",981,BE: The CALL concluded that UNRWA is currently still operational in Gaza and a return for residents of the Gaza Strip is possible,https://caselaw.euaa.europa.eu/pages/viewcaselaw.aspx?CaseLawID=981&returnurl=%2fPages%2fsearch.aspx,Belgium,18/11/2019,BE: Council for Alien Law Litigation [Conseil du Contentieux des Étrangers - CALL],Decision,No 228.889,"the, of, to, in, and, for, that, on, was, applicant",0.9734545687528228,0.8698362,0.8233656,0.8484986,0.78670573,CREDIBILITY,Applicant Detention and Asylum Claims
2,970_chunk000,970,0,2,According to the national contribution to the EMN Annual Report on Migration and Asylum 2019 (information provided by the MO MoI SR):,970,The Supreme Court ruled on the removal of an additional interview as the previously conducted interview and subsequent evidence included in the administrative file did not result in any inconsistencies,https://caselaw.euaa.europa.eu/pages/viewcaselaw.aspx?CaseLawID=970&returnurl=%2fPages%2fsearch.aspx,Slovakia,15/11/2019,SK: Supreme Court of the Slovak Republic [Najvyšší súd Slovenskej Republiky],Judgment,10Sžak/17/2019,"emn, contribution, report, migration, sr, mo, moi, to, according, 2019",1.0,0.86850214,0.82946235,0.8535981,0.8460317,CREDIBILITY,Emigration And Asylum Reporting 2019
0,970_chunk001,970,1,2,"With respect to the plaintiff's objections, the Court of Cassation states that these are unjustified. It is clear from the defendant's administrative file that the plaintiff's legal representative was allowed to be present during the interview and she was given an opportunity to comment as stipulated in Art. 23 of the Directive 2013/32/EU...",970,The Supreme Court ruled on the removal of an additional interview as the previously conducted interview and subsequent evidence included in the administrative file did not result in any inconsistencies,https://caselaw.euaa.europa.eu/pages/viewcaselaw.aspx?CaseLawID=970&returnurl=%2fPages%2fsearch.aspx,Slovakia,15/11/2019,SK: Supreme Court of the Slovak Republic [Najvyšší súd Slovenskej Republiky],Judgment,10Sžak/17/2019,"the, of, to, in, and, for, that, on, was, applicant",0.9789623122261789,0.850658,0.81928205,0.84388775,0.7988361,CREDIBILITY,Applicant Detention and Asylum Claims
0,957_chunk000,957,0,2,An Albanian national was stalked by a co-worker who vandalised her husband's car and subsequently fired shots at her husband. The appellant subsequently moved to Tirana but her stalker found her and further intimidated her there.,957,IE: The High Court ruled on the concept of safe country of origin in the Irish Law.,https://caselaw.euaa.europa.eu/pages/viewcaselaw.aspx?CaseLawID=957&returnurl=%2fPages%2fsearch.aspx,Ireland,14/11/2019,IE: High Court,Judgment,"[2019] IEHC 763, 2019 203 JR","the, of, to, in, and, for, that, on, was, applicant",0.9507225236452801,0.8244159,0.7847687,0.8025836,0.72786325,CREDIBILITY,Applicant Detention and Asylum Claims
0,957_chunk001,957,1,2,"The appellant claimed her stalker enjoyed political influence and/or protection in Albania so her complaints to the police were not effective, and therefore she fled Albania and claimed asylum in Ireland.",957,IE: The High Court ruled on the concept of safe country of origin in the Irish Law.,https://caselaw.euaa.europa.eu/pages/viewcaselaw.aspx?CaseLawID=957&returnurl=%2fPages%2fsearch.aspx,Ireland,14/11/2019,IE: High Court,Judgment,"[2019] IEHC 763, 2019 203 JR","the, of, to, in, and, for, that, on, was, applicant",0.982976214213198,0.86596763,0.8089124,0.83670104,0.76896167,CREDIBILITY,Applicant Detention and Asylum Claims
0,1000_chunk000,1000,0,2,"The CNDA overturned the decision of the OFPRA who rejected the asylum request of three female applicants belonging to the Wolof ethnic group in Gambia, on the basis that the prevalence rate of FGM/C in this ethnic group is low (12.3%).",1000,"FR: CNDA ruled on the consideration of a social group of women and girls victims of FGM/C in Gambia, specifically women belonging to the Wolof ethnic group.",https://caselaw.euaa.europa.eu/pages/viewcaselaw.aspx?CaseLawID=1000&returnurl=%2fPages%2fsearch.aspx,France,14/11/2019,FR: National Court of Asylum [Cour Nationale du Droit d'Asile (CNDA)],Judgment,"19008521, 19008522 and 19008524","the, of, to, in, and, for, that, on, was, applicant",0.9528161891611197,0.88195515,0.8334498,0.86287767,0.8111668,CREDIBILITY,Applicant Detention and Asylum Claims
0,1000_chunk001,1000,1,2,"The CNDA noted that children and women who have not undergone FGM/C, constitute a social group in a population in which FGM/C is commonly practiced to the point of constituting a social norm. The court emphasized that the existence of a social group...",1000,"FR: CNDA ruled on the consideration of a social group of women and girls victims of FGM/C in Gambia, specifically women belonging to the Wolof ethnic group.",https://caselaw.euaa.europa.eu/pages/viewcaselaw.aspx?CaseLawID=1000&returnurl=%2fPages%2fsearch.aspx,France,14/11/2019,FR: National Court of Asylum [Cour Nationale du Droit d'Asile (CNDA)],Judgment,"19008521, 19008522 and 19008524","the, of, to, in, and, for, that, on, was, applicant",1.0,0.8876493,0.8585803,0.88066006,0.8217736,CREDIBILITY,Applicant Detention and Asylum Claims
0,936_chunk000,936,0,1,"This is linked to Joined Cases C‑582/17 and C‑583/17

By order for reference of 27 September 2017, the Division asked the Court of Justice to give a preliminary ruling on the question asked about the interpretation of the Dublin Regulation (OJ 2013, L180). The Division thereby suspended...",936,NL: Council of State rules on implementation of Chapter III criterion of Dublin Regulation following CJEU ruling,https://caselaw.euaa.europa.eu/pages/viewcaselaw.aspx?CaseLawID=936&returnurl=%2fPages%2fsearch.aspx,Netherlands,31/10/2019,NL: Council of State [Afdeling Bestuursrechtspraak van de Raad van State],Judgment,201604333/3,"the, of, to, in, and, for, that, on, was, applicant",0.9927065769287721,0.8218357,0.8021344,0.8219507,0.7686238,LEGAL_GROUND,Applicant Detention and Asylum Claims
0,955_chunk000,955,0,2,"The applicant was granted refugee status as a minor on 25 September 2014. In July 2018, when the applicant was aged 17, an application for family reunification in respect of her mother, father and sister was submitted by her social worker.",955,IE: The High Court ruled on the compatibility of the ECHR and the 12 month time limit for making an application for refugee family reunification,https://caselaw.euaa.europa.eu/pages/viewcaselaw.aspx?CaseLawID=955&returnurl=%2fPages%2fsearch.aspx,Ireland,29/10/2019,IE: High Court,Judgment,[2019] IEHC 729 2019 85 JR,"the, of, to, in, and, for, that, on, was, applicant",0.9587630100019149,0.8430129,0.7926857,0.81879616,0.7739772,CREDIBILITY,Applicant Detention and Asylum Claims
0,955_chunk001,955,1,2,In September 2018 the application was refused by the Minister for Justice on the basis that it had not been submitted within 12 months of the grant of refugee status as required by section 56(8) of the International Protection Act 2015. The applicant then...,955,IE: The High Court ruled on the compatibility of the ECHR and the 12 month time limit for making an application for refugee family reunification,https://caselaw.euaa.europa.eu/pages/viewcaselaw.aspx?CaseLawID=955&returnurl=%2fPages%2fsearch.aspx,Ireland,29/10/2019,IE: High Court,Judgment,[2019] IEHC 729 2019 85 JR,"the, of, to, in, and, for, that, on, was, applicant",0.9526965300502926,0.86938435,0.81827056,0.84867424,0.7868078,CREDIBILITY,Applicant Detention and Asylum Claims
0,913_chunk000,913,0,2,The case concerns the calculation of the maximum time that a person may spend in detention for the purpose of removal. In the present case the applicant had been in detention for more than twenty months.,913,SE: Migration Court of Appeal ruled on the calculation of the maximum time to be spent in detention for the purpose of removal,https://caselaw.euaa.europa.eu/pages/viewcaselaw.aspx?CaseLawID=913&returnurl=%2fPages%2fsearch.aspx,Sweden,22/10/2019,SE: Migration Court of Appeal [Migrationsöverdomstolen],Judgment,"UM 4572-19, MIG 2019:17","the, of, to, in, and, for, that, on, was, applicant",0.9357231474790467,0.83527046,0.7880637,0.834459,0.74144644,CREDIBILITY,Applicant Detention and Asylum Claims
0,913_chunk001,913,1,2,"The Swedish Migration Court of Appeal referred to Article 15 (5) and (6) of the Return Directive as well as to the relevant provisions of the Swedish law and it held that within the same enforcement of a removal decision, an applicant can be held in detention for a maximum of...",913,SE: Migration Court of Appeal ruled on the calculation of the maximum time to be spent in detention for the purpose of removal,https://caselaw.euaa.europa.eu/pages/viewcaselaw.aspx?CaseLawID=913&returnurl=%2fPages%2fsearch.aspx,Sweden,22/10/2019,SE: Migration Court of Appeal [Migrationsöverdomstolen],Judgment,"UM 4572-19, MIG 2019:17","the, of, to, in, and, for, that, on, was, applicant",0.9265116514206475,0.8766101,0.83372766,0.8692197,0.8112513,CREDIBILITY,Applicant Detention and Asylum Claims
2,974_chunk000,974,0,2,According to the national contribution to the EMN Annual Report on Migration and Asylum 2019 (information provided by the MO MoI SR):,974,SK: The Supreme Court confirmed the two conditions needed to grant suspensive effect of a regional court decision within a cassation appeal,https://caselaw.euaa.europa.eu/pages/viewcaselaw.aspx?CaseLawID=974&returnurl=%2fPages%2fsearch.aspx,Slovakia,22/10/2019,SK: Supreme Court of the Slovak Republic [Najvyšší súd Slovenskej Republiky],Judgment,1Sžak/13/2019,"emn, contribution, report, migration, sr, mo, moi, to, according, 2019",1.0,0.86850214,0.82946235,0.8535981,0.8460317,CREDIBILITY,Emigration And Asylum Reporting 2019
0,974_chunk001,974,1,2,A situation when legal consequences of a contested decision of the regional court represented a threat of serious harm and the granting of suspensive effect is not contrary to public interest is a fundamental and unavoidable condition that has to be met in order for the Court of Cassation to grant suspensive effect of a...,974,SK: The Supreme Court confirmed the two conditions needed to grant suspensive effect of a regional court decision within a cassation appeal,https://caselaw.euaa.europa.eu/pages/viewcaselaw.aspx?CaseLawID=974&returnurl=%2fPages%2fsearch.aspx,Slovakia,22/10/2019,SK: Supreme Court of the Slovak Republic [Najvyšší súd Slovenskej Republiky],Judgment,1Sžak/13/2019,"the, of, to, in, and, for, that, on, was, applicant",0.9903362780593487,0.8725586,0.83180124,0.87235177,0.7832447,CREDIBILITY,Applicant Detention and Asylum Claims
2,976_chunk000,976,0,2,According to the national contribution to the EMN Annual Report on Migration and Asylum 2019 (information provided by the MO MoI of SR):,976,SK: The Supreme Court ruled that the mere assumption that a person with imputed political views may need international protection is therefore insufficient for granting asylum,https://caselaw.euaa.europa.eu/pages/viewcaselaw.aspx?CaseLawID=976&returnurl=%2fPages%2fsearch.aspx,Slovakia,22/10/2019,SK: Supreme Court of the Slovak Republic [Najvyšší súd Slovenskej Republiky],Judgment,1Sžak/12/2019,"emn, contribution, report, migration, sr, mo, moi, to, according, 2019",1.0,0.8687231,0.83467346,0.8562672,0.8393963,CREDIBILITY,Emigration And Asylum Reporting 2019
0,976_chunk001,976,1,2,The Court of Cassation due to the low-profile status of the plaintiff as one of the many construction workers involved in the construction of flood protection structures without a sufficient level of individualizing elements concerning the plaintiff and with respect to the story provided by him did not find the conclusion...,976,SK: The Supreme Court ruled that the mere assumption that a person with imputed political views may need international protection is therefore insufficient for granting asylum,https://caselaw.euaa.europa.eu/pages/viewcaselaw.aspx?CaseLawID=976&returnurl=%2fPages%2fsearch.aspx,Slovakia,22/10/2019,SK: Supreme Court of the Slovak Republic [Najvyšší súd Slovenskej Republiky],Judgment,1Sžak/12/2019,"the, of, to, in, and, for, that, on, was, applicant",0.9850656747177504,0.8863793,0.8565652,0.8771405,0.8354223,CREDIBILITY,Applicant Detention and Asylum Claims
1,979_chunk000,979,0,2,According to the national contribution to the EMN Annual Report on Migration and Asylum 2019:,979,BE: The Council of State stated that the decision to extend the Dublin transfer time limit must be duly notified to the applicant,https://caselaw.euaa.europa.eu/pages/viewcaselaw.aspx?CaseLawID=979&returnurl=%2fPages%2fsearch.aspx,Belgium,17/10/2019,BE: Council of State [Raad van State - Conseil d'État],Judgment,245.799,"annual, emn, contribution, report, 2019, migration, to, according, national, asylum",1.0,0.8435787,0.8015121,0.84091467,0.8018892,CREDIBILITY,"Emigration, Asylum, And 2019 Report"
0,979_chunk001,979,1,2,"The Council for Alien Law Litigation (CALL) has annulled several Immigration Office's “decisions” to extend the transfer time limit due to the fact the applicant had absconded. The CALL stated that Article 26 in conjunction with Article 29 (2) of the Dublin III Regulation, in view of Article 47 of the Charter of Fundamental Rights...",979,BE: The Council of State stated that the decision to extend the Dublin transfer time limit must be duly notified to the applicant,https://caselaw.euaa.europa.eu/pages/viewcaselaw.aspx?CaseLawID=979&returnurl=%2fPages%2fsearch.aspx,Belgium,17/10/2019,BE: Council of State [Raad van State - Conseil d'État],Judgment,245.799,"the, of, to, in, and, for, that, on, was, applicant",0.9807057296825866,0.8806187,0.8337878,0.8664887,0.8041437,CREDIBILITY,Applicant Detention and Asylum Claims
1,997_chunk000,997,0,2,According to the national contribution to the EMN Annual Report on Migration and Asylum 2019:,997,FR: The Council of State Council of State limited the concept of social group of Nigerian victims of human trafficking,https://caselaw.euaa.europa.eu/pages/viewcaselaw.aspx?CaseLawID=997&returnurl=%2fPages%2fsearch.aspx,France,16/10/2019,FR: Council of State [Conseil d'État],Judgment,418328,"annual, emn, contribution, report, 2019, migration, to, according, national, asylum",0.5885248646586828,0.8435787,0.8015121,0.84091467,0.8018892,CREDIBILITY,"Emigration, Asylum, And 2019 Report"
0,997_chunk001,997,1,2,"The Council of State, in its rejection of the applicant's appeal, opined that only the women who managed to effectively escape the trafficking ring could be considered as belonging to the social group of Nigerian women from the State of Edo who were victims of a human trafficking network for sexual exploitation. With this decision, the Council...",997,FR: The Council of State Council of State limited the concept of social group of Nigerian victims of human trafficking,https://caselaw.euaa.europa.eu/pages/viewcaselaw.aspx?CaseLawID=997&returnurl=%2fPages%2fsearch.aspx,France,16/10/2019,FR: Council of State [Conseil d'État],Judgment,418328,"the, of, to, in, and, for, that, on, was, applicant",1.0,0.8700573,0.82745314,0.8715536,0.8099956,LEGAL_GROUND,Applicant Detention and Asylum Claims
0,951_chunk000,951,0,2,The case concerns the risk situation in case of return to the country of origin as well as fear of persecution by the Taliban forces.,951,SK: The Supreme Court ruled on the risk of persecution by the Taliban forces in Afghanistan.,https://caselaw.euaa.europa.eu/pages/viewcaselaw.aspx?CaseLawID=951&returnurl=%2fPages%2fsearch.aspx,Slovakia,25/09/2019,SK: Supreme Court of the Slovak Republic [Najvyšší súd Slovenskej Republiky],Judgment,7019200210,"the, of, to, in, and, for, that, on, was, applicant",0.955534469690369,0.8593552,0.7997013,0.85609543,0.7568971,CREDIBILITY,Applicant Detention and Asylum Claims
0,951_chunk001,951,1,2,"The Regional Court had dismissed the administrative action for the following reasons:
- there are no individual circumstances which the applicant should reasonably assess a well founded fear of persecution. It has not been shown in the proceedings that the applicant had certain political views, nor has it been shown that the Taliban...",951,SK: The Supreme Court ruled on the risk of persecution by the Taliban forces in Afghanistan.,https://caselaw.euaa.europa.eu/pages/viewcaselaw.aspx?CaseLawID=951&returnurl=%2fPages%2fsearch.aspx,Slovakia,25/09/2019,SK: Supreme Court of the Slovak Republic [Najvyšší súd Slovenskej Republiky],Judgment,7019200210,"the, of, to, in, and, for, that, on, was, applicant",0.9710456339630182,0.8679384,0.81566966,0.85865206,0.7941557,CREDIBILITY,Applicant Detention and Asylum Claims
0,996_chunk000,996,0,2,"According to the national contribution to the EMN Annual Report on Migration and Asylum 2019:

For the Council of State, the civil registry records reconstituted by the French Office for the Protection of Refugees and Stateless Persons (OFPRA) have identical value to the official originals, which precludes consular authorities contesting the particulars contained therein, except in cases of fraud.",996,FR: The Council of State ruled on a case of refusal of long-term visa of a refugee's family member by consular authorities,https://caselaw.euaa.europa.eu/pages/viewcaselaw.aspx?CaseLawID=996&returnurl=%2fPages%2fsearch.aspx,France,20/09/2019,FR: Council of State [Conseil d'État],Judgment,418842,"the, of, to, in, and, for, that, on, was, applicant",0.938279481748101,0.8774521,0.8291116,0.8463637,0.80244875,CREDIBILITY,Applicant Detention and Asylum Claims
0,996_chunk001,996,1,2,...,996,FR: The Council of State ruled on a case of refusal of long-term visa of a refugee's family member by consular authorities,https://caselaw.euaa.europa.eu/pages/viewcaselaw.aspx?CaseLawID=996&returnurl=%2fPages%2fsearch.aspx,France,20/09/2019,FR: Council of State [Conseil d'État],Judgment,418842,"the, of, to, in, and, for, that, on, was, applicant",0.9231050100780454,0.6834719,0.67258686,0.68752754,0.70702016,EXPLANATION,Applicant Detention and Asylum Claims
1,972_chunk000,972,0,2,According to the national contribution to the EMN Annual Report on Migration and Asylum 2019:,972,SK: The Supreme Court decided on the respect of the applicant's right to a fair trial.,https://caselaw.euaa.europa.eu/pages/viewcaselaw.aspx?CaseLawID=972&returnurl=%2fPages%2fsearch.aspx,Slovakia,19/09/2019,SK: Supreme Court of the Slovak Republic [Najvyšší súd Slovenskej Republiky],Judgment,10Sžak/13/2019,"annual, emn, contribution, report, 2019, migration, to, according, national, asylum",1.0,0.8435787,0.8015121,0.84091467,0.8018892,CREDIBILITY,"Emigration, Asylum, And 2019 Report"
0,972_chunk001,972,1,2,"Inter alia, the applicant challenged the incorrect legal assessment of the genuineness of his conversion, while mainly reprehending the non-application of the ‘benefit of doubt' principle, insufficient verification of his faith resulting from the fact that only one interview was carried out, during which the defendant failed to focus to a sufficient...",972,SK: The Supreme Court decided on the respect of the applicant's right to a fair trial.,https://caselaw.euaa.europa.eu/pages/viewcaselaw.aspx?CaseLawID=972&returnurl=%2fPages%2fsearch.aspx,Slovakia,19/09/2019,SK: Supreme Court of the Slovak Republic [Najvyšší súd Slovenskej Republiky],Judgment,10Sžak/13/2019,"the, of, to, in, and, for, that, on, was, applicant",1.0,0.897934,0.85494745,0.87710845,0.82777405,CREDIBILITY,Applicant Detention and Asylum Claims
0,1091_chunk000,1091,0,2,"The case concerns a Nigerian applicant who made unsuccessful applications for international protection in April 2015, January 2017 and May 2018, and decisions to return him were issued.",1091,AT: Supreme Administrative Court rules on whether Nigerian national delayed the enforcement of a return decision,https://caselaw.euaa.europa.eu/pages/viewcaselaw.aspx?CaseLawID=1091&returnurl=%2fPages%2fsearch.aspx,Austria,19/09/2019,AT: Supreme Administrative Court [Verwaltungsgerichtshof - VwGH],Judgment,Ra 2019/21/0204,"the, of, to, in, and, for, that, on, was, applicant",0.9464716110465261,0.8463651,0.79907346,0.8188315,0.75393736,CREDIBILITY,Applicant Detention and Asylum Claims
0,1091_chunk001,1091,1,2,"The applicant was arrested on 6 June 2019 in execution of a detention order that had since been issued and, after being questioned, received a notification from the Federal Office for Foreign Affairs and Asylum (BFA) on the same day on detention pending deportation. During detention pending...",1091,AT: Supreme Administrative Court rules on whether Nigerian national delayed the enforcement of a return decision,https://caselaw.euaa.europa.eu/pages/viewcaselaw.aspx?CaseLawID=1091&returnurl=%2fPages%2fsearch.aspx,Austria,19/09/2019,AT: Supreme Administrative Court [Verwaltungsgerichtshof - VwGH],Judgment,Ra 2019/21/0204,"the, of, to, in, and, for, that, on, was, applicant",0.9402260320996884,0.85076225,0.79998,0.83137375,0.77320427,CREDIBILITY,Applicant Detention and Asylum Claims
0,1084_chunk000,1084,0,1,"The case concerns the evidence (documents and declarations) necessary for a family reunification application.

By decision of 31 July 2017, the State Secretary rejected the applicants' request for a provisional residence permit. On 18 July 2018, the State Secretary declared the the applicants' objection as unfounded and on 1 March 2019, the court dismissed the appeal brought by the...",1084,NL: The Council of State ruled on the identification document or declaration needed to prove family ties for family reunification application,https://caselaw.euaa.europa.eu/pages/viewcaselaw.aspx?CaseLawID=1084&returnurl=%2fPages%2fsearch.aspx,Netherlands,16/09/2019,NL: Council of State [Afdeling Bestuursrechtspraak van de Raad van State],Judgment,201902483/1 / V1,"the, of, to, in, and, for, that, on, was, applicant",0.9710989291912412,0.8635611,0.8240253,0.84494495,0.80881923,CREDIBILITY,Applicant Detention and Asylum Claims
2,961_chunk000,961,0,2,According to the national contribution to the EMN Annual Report on Migration and Asylum 2019 (information provided by MO MoI SR):,961,SK: The Supreme Court ruled on the applicants' right to have an interpreter in the administrative court proceedings,https://caselaw.euaa.europa.eu/pages/viewcaselaw.aspx?CaseLawID=961&returnurl=%2fPages%2fsearch.aspx,Slovakia,13/09/2019,SK: Supreme Court of the Slovak Republic [Najvyšší súd Slovenskej Republiky],Decision,1Sžak/10/2019 File identification number: 1019200385,"emn, contribution, report, migration, sr, mo, moi, to, according, 2019",0.7693018548681914,0.8674966,0.8330692,0.85698116,0.84446216,CREDIBILITY,Emigration And Asylum Reporting 2019
0,961_chunk001,961,1,2,"It is beyond doubt that if a person cannot exercise his/her rights in front of an administrative court in the language he/she understands, such exercise of the right would be ineffective and the basic objective of the right to a fair trial would not be fulfilled. The right to carry...",961,SK: The Supreme Court ruled on the applicants' right to have an interpreter in the administrative court proceedings,https://caselaw.euaa.europa.eu/pages/viewcaselaw.aspx?CaseLawID=961&returnurl=%2fPages%2fsearch.aspx,Slovakia,13/09/2019,SK: Supreme Court of the Slovak Republic [Najvyšší súd Slovenskej Republiky],Decision,1Sžak/10/2019 File identification number: 1019200385,"the, of, to, in, and, for, that, on, was, applicant",0.955513374379855,0.8748468,0.8335847,0.8591633,0.7778157,CREDIBILITY,Applicant Detention and Asylum Claims
0,938_chunk000,938,0,2,IThe foreign national has submitted a subsequent asylum application. The decision on that application was taken on behalf of the State Secretary by the employee of the Immigration and Naturalization Service (hereinafter: the IND) who heard the alien and also issued the intention.,938,NL: Council of State confirms that not applying the dual control principle in all asylum cases does not contradict with a legal provision or the due care principle.,https://caselaw.euaa.europa.eu/pages/viewcaselaw.aspx?CaseLawID=938&returnurl=%2fPages%2fsearch.aspx,Netherlands,05/09/2019,NL: Council of State [Afdeling Bestuursrechtspraak van de Raad van State],Judgment,201902196/1/V2.,"the, of, to, in, and, for, that, on, was, applicant",0.9289770813993623,0.86881155,0.84105587,0.83143556,0.8080114,CREDIBILITY,Applicant Detention and Asylum Claims
0,938_chunk001,938,1,2,"The foreign national argues that the objectivity of decision-making is at stake and that the state secretary has acted in violation of the so-called four-eyes principle.

According to the...",938,NL: Council of State confirms that not applying the dual control principle in all asylum cases does not contradict with a legal provision or the due care principle.,https://caselaw.euaa.europa.eu/pages/viewcaselaw.aspx?CaseLawID=938&returnurl=%2fPages%2fsearch.aspx,Netherlands,05/09/2019,NL: Council of State [Afdeling Bestuursrechtspraak van de Raad van State],Judgment,201902196/1/V2.,"the, of, to, in, and, for, that, on, was, applicant",0.982495748446567,0.88686496,0.8381841,0.877006,0.8184172,CREDIBILITY,Applicant Detention and Asylum Claims
0,1012_chunk000,1012,0,2,The applicant arrived as a transit passenger on 18 March 2019 by air from Moscow to the Czech Republic and applied for international protection at the Václav Havel Airport Prague. The applicant was refused entry into the territory as she was registered in the Schengen Information System (SIS) as an undesirable alien to whom refusal of entry into the Schengen area was to be made.,1012,CZ: Supreme Administrative Court rules on obligation of the court to consider any fundamental changes occurring after the issuance of the administrative decision,https://caselaw.euaa.europa.eu/pages/viewcaselaw.aspx?CaseLawID=1012&returnurl=%2fPages%2fsearch.aspx,Czech Republic,04/09/2019,CZ: Supreme Administrative Court [Nejvyšší správní soud],Judgment,9 Azs 193/2019 - 48,"the, of, to, in, and, for, that, on, was, applicant",0.9664746646311838,0.84436035,0.7938992,0.82790947,0.765743,CREDIBILITY,Applicant Detention and Asylum Claims
0,1012_chunk001,1012,1,2,"It was considered that if admitted, the applicant could pose a...",1012,CZ: Supreme Administrative Court rules on obligation of the court to consider any fundamental changes occurring after the issuance of the administrative decision,https://caselaw.euaa.europa.eu/pages/viewcaselaw.aspx?CaseLawID=1012&returnurl=%2fPages%2fsearch.aspx,Czech Republic,04/09/2019,CZ: Supreme Administrative Court [Nejvyšší správní soud],Judgment,9 Azs 193/2019 - 48,"the, of, to, in, and, for, that, on, was, applicant",0.7439025771630683,0.84806895,0.773785,0.84099156,0.7816213,CREDIBILITY,Applicant Detention and Asylum Claims
0,1564_chunk000,1564,0,2,HA applied for asylum in May 2015 alleging that he is registered with UNRWA and that upon return to Gaza he is at risk of being killed or subjected to inhuman or degrading treatment.,1564,SE: The Migration Court of Appeals held that the assessment on the possibility of returning to Gaza and to UNRWA’s area of protection should be based on individual circumstances and on recent country of origin information.,https://caselaw.euaa.europa.eu/pages/viewcaselaw.aspx?CaseLawID=1564&returnurl=%2fPages%2fsearch.aspx,Sweden,29/08/2019,SE: Migration Court of Appeal [Migrationsöverdomstolen],Judgment,UM9395-18; MIG 2019:13,"the, of, to, in, and, for, that, on, was, applicant",0.9834273664829283,0.83736384,0.7696847,0.8189245,0.71667916,CREDIBILITY,Applicant Detention and Asylum Claims
0,1564_chunk001,1564,1,2,"By decision of 28 February 2017, the Swedish Migration Agency rejected his application, considering that although HA may have received assistance from UNRWA, he did not prove the risk invoked upon return and he does not fulfil the requirements for international protection. However, he...",1564,SE: The Migration Court of Appeals held that the assessment on the possibility of returning to Gaza and to UNRWA’s area of protection should be based on individual circumstances and on recent country of origin information.,https://caselaw.euaa.europa.eu/pages/viewcaselaw.aspx?CaseLawID=1564&returnurl=%2fPages%2fsearch.aspx,Sweden,29/08/2019,SE: Migration Court of Appeal [Migrationsöverdomstolen],Judgment,UM9395-18; MIG 2019:13,"the, of, to, in, and, for, that, on, was, applicant",0.9733814886288608,0.8591441,0.7928888,0.8247921,0.7870256,CREDIBILITY,Applicant Detention and Asylum Claims
0,928_chunk000,928,0,2,Returning Syrian asylum seekers who have withdrawn from compulsory military service in Syria by traveling abroad are currently not likely to face political persecution by the Syrian state because of an at least anti-regime attitude attributed to them.,928,DE: The Saxony Higher Federal Administrative Court confirmed that a person returning to Syria is not at risk of persecution simply because of having failed to commence or absconded from military service.,https://caselaw.euaa.europa.eu/pages/viewcaselaw.aspx?CaseLawID=928&returnurl=%2fPages%2fsearch.aspx,Germany,21/08/2019,DE: Higher Administrative Court (Oberverwaltungsgericht/Verwaltungsgerichtshof),Judgment,5 A 644/18.A,"the, of, to, in, and, for, that, on, was, applicant",0.9913282487972208,0.85827667,0.79613703,0.84337914,0.7682745,CREDIBILITY,Applicant Detention and Asylum Claims
0,928_chunk001,928,1,2,"Due to the deprivation of military service, they cannot be granted refugee status (this is a change in previous case law due to changed circumstances).

See also judgment about this case in the",928,DE: The Saxony Higher Federal Administrative Court confirmed that a person returning to Syria is not at risk of persecution simply because of having failed to commence or absconded from military service.,https://caselaw.euaa.europa.eu/pages/viewcaselaw.aspx?CaseLawID=928&returnurl=%2fPages%2fsearch.aspx,Germany,21/08/2019,DE: Higher Administrative Court (Oberverwaltungsgericht/Verwaltungsgerichtshof),Judgment,5 A 644/18.A,"the, of, to, in, and, for, that, on, was, applicant",0.9839663504439348,0.88554955,0.8289843,0.87525755,0.7990214,CREDIBILITY,Applicant Detention and Asylum Claims
2,978_chunk000,978,0,2,According to the national contribution to the EMN Annual Report on Migration and Asylum 2019 (information provided by the MO MoI of SR):,978,SK: The Supreme Court defined the conceptual elements of a social group determined if the applicant could be considered in such definition,https://caselaw.euaa.europa.eu/pages/viewcaselaw.aspx?CaseLawID=978&returnurl=%2fPages%2fsearch.aspx,Slovakia,21/08/2019,SK: Supreme Court of the Slovak Republic [Najvyšší súd Slovenskej Republiky],Judgment,10Sžak/13/2019,"emn, contribution, report, migration, sr, mo, moi, to, according, 2019",0.8902893031749309,0.8687231,0.83467346,0.8562672,0.8393963,CREDIBILITY,Emigration And Asylum Reporting 2019
0,978_chunk001,978,1,2,The Court of Cassation is of the opinion that in the plaintiff's case defining conceptual elements of a social group were not accomplished as stipulated in the provision of Art. 19a par. 4 (c) of the Act on Asylum. Performance of a work activity by a plaintiff or his education and qualifications do not...,978,SK: The Supreme Court defined the conceptual elements of a social group determined if the applicant could be considered in such definition,https://caselaw.euaa.europa.eu/pages/viewcaselaw.aspx?CaseLawID=978&returnurl=%2fPages%2fsearch.aspx,Slovakia,21/08/2019,SK: Supreme Court of the Slovak Republic [Najvyšší súd Slovenskej Republiky],Judgment,10Sžak/13/2019,"the, of, to, in, and, for, that, on, was, applicant",0.9589623611438542,0.8814691,0.8453534,0.87159264,0.80486333,CREDIBILITY,Applicant Detention and Asylum Claims
0,1010_chunk000,1010,0,2,"On 10 October 2018 the applicant was detained for illegal stay in the Czech Republic and placed in detention. Through EURODAC information, it was confirmed that the applicant had applied for international protection in Germany, Denmark and Switzerland. In addition, according to a communication from Germany, the complainant had at least six other identities.",1010,CZ: Supreme Administrative Court rules on applicability of Dublin procedure,https://caselaw.euaa.europa.eu/pages/viewcaselaw.aspx?CaseLawID=1010&returnurl=%2fPages%2fsearch.aspx,Czech Republic,08/08/2019,CZ: Supreme Administrative Court [Nejvyšší správní soud],Judgment,9 Azs 102/2019 - 40,"the, of, to, in, and, for, that, on, was, applicant",1.0,0.8642816,0.79737294,0.8339267,0.7758635,CREDIBILITY,Applicant Detention and Asylum Claims
0,1010_chunk001,1010,1,2,"Under the Dublin III proceedings, the applicant was interviewed and stated that he had left Libya because of the war and...",1010,CZ: Supreme Administrative Court rules on applicability of Dublin procedure,https://caselaw.euaa.europa.eu/pages/viewcaselaw.aspx?CaseLawID=1010&returnurl=%2fPages%2fsearch.aspx,Czech Republic,08/08/2019,CZ: Supreme Administrative Court [Nejvyšší správní soud],Judgment,9 Azs 102/2019 - 40,"the, of, to, in, and, for, that, on, was, applicant",0.9562159360593482,0.8484148,0.7980357,0.83113134,0.7565976,CREDIBILITY,Applicant Detention and Asylum Claims
2,967_chunk000,967,0,2,According to the national contribution to the EMN Annual Report on Migration and Asylum 2019 (information provided by MO MoI SR):,967,SK: The Supreme Court decided on the granting of suspensive effect of the cassation appeal and its effect on the public authority decision issued,https://caselaw.euaa.europa.eu/pages/viewcaselaw.aspx?CaseLawID=967&returnurl=%2fPages%2fsearch.aspx,Slovakia,30/07/2019,SK: Supreme Court of the Slovak Republic [Najvyšší súd Slovenskej Republiky],Judgment,1Sžak/7/2019,"emn, contribution, report, migration, sr, mo, moi, to, according, 2019",0.9652889900560453,0.8674966,0.8330692,0.85698116,0.84446216,CREDIBILITY,Emigration And Asylum Reporting 2019
0,967_chunk001,967,1,2,The Decision of the Court of Cassation on the granting of suspensive effect of the cassation appeal shall be seen as an extraordinary decision. The extraordinary nature of this procedural act of an administrative court resides in the fact that such action by the judiciary paralyses effects of the valid...,967,SK: The Supreme Court decided on the granting of suspensive effect of the cassation appeal and its effect on the public authority decision issued,https://caselaw.euaa.europa.eu/pages/viewcaselaw.aspx?CaseLawID=967&returnurl=%2fPages%2fsearch.aspx,Slovakia,30/07/2019,SK: Supreme Court of the Slovak Republic [Najvyšší súd Slovenskej Republiky],Judgment,1Sžak/7/2019,"the, of, to, in, and, for, that, on, was, applicant",0.9789088338733127,0.8495841,0.84120184,0.8459694,0.7809517,CREDIBILITY,Applicant Detention and Asylum Claims
0,939_chunk000,939,0,1,"This is linked to Case C‑652/16, C- 586/17

By order for reference of 4 October 2017, the Division asked the Court of Justice to give a preliminary ruling...",939,NL: Council of State rules on new protection grounds raised for first time in appeal,https://caselaw.euaa.europa.eu/pages/viewcaselaw.aspx?CaseLawID=939&returnurl=%2fPages%2fsearch.aspx,Netherlands,03/07/2019,NL: Council of State [Afdeling Bestuursrechtspraak van de Raad van State],Judgment,201604484/3/V2.,"the, of, to, in, and, for, that, on, was, applicant",0.9873666418369652,0.826347,0.81242836,0.822552,0.79406345,CREDIBILITY,Applicant Detention and Asylum Claims
0,940_chunk000,940,0,2,The third-country national is an ethnic Arab (hereinafter: Ahwazi) coming from Iran. The third-country national stated that in the Netherlands he has stood up for the rights of the Ahwazi in Iran and therefore cannot return.,940,NL: Council of State rules whether deletion of FB comments should be anticipated in case of return,https://caselaw.euaa.europa.eu/pages/viewcaselaw.aspx?CaseLawID=940&returnurl=%2fPages%2fsearch.aspx,Netherlands,26/06/2019,NL: Council of State [Afdeling Bestuursrechtspraak van de Raad van State],Judgment,201801581/1/V2,"the, of, to, in, and, for, that, on, was, applicant",0.9427333229177254,0.84982306,0.7843042,0.82883507,0.7546795,CREDIBILITY,Applicant Detention and Asylum Claims
0,940_chunk001,940,1,2,The Minister for Migration considers it credible that the third-country national has become politically active in the Netherlands and stands up for the rights of Ahwazi in Iran....,940,NL: Council of State rules whether deletion of FB comments should be anticipated in case of return,https://caselaw.euaa.europa.eu/pages/viewcaselaw.aspx?CaseLawID=940&returnurl=%2fPages%2fsearch.aspx,Netherlands,26/06/2019,NL: Council of State [Afdeling Bestuursrechtspraak van de Raad van State],Judgment,201801581/1/V2,"the, of, to, in, and, for, that, on, was, applicant",0.9526056683177321,0.86669177,0.8065304,0.84929997,0.785194,CREDIBILITY,Applicant Detention and Asylum Claims
1,983_chunk000,983,0,2,According to the national contribution to the EMN Annual Report on Migration and Asylum 2019:,983,BE: The CALL ruled on exclusion of an applicant involved in terrorist acts,https://caselaw.euaa.europa.eu/pages/viewcaselaw.aspx?CaseLawID=983&returnurl=%2fPages%2fsearch.aspx,Belgium,25/06/2019,BE: Council for Alien Law Litigation [Conseil du Contentieux des Étrangers - CALL],Decision,223.196,"annual, emn, contribution, report, 2019, migration, to, according, national, asylum",1.0,0.8435787,0.8015121,0.84091467,0.8018892,CREDIBILITY,"Emigration, Asylum, And 2019 Report"
0,983_chunk001,983,1,2,"The Council notes that it nevertheless emerges sufficiently from the judgment [CJEU, judgment of 14 May 2019]- which the defendant does not fail to point out in its observation note - that the Court stated, at the very least, that the use, in the French version, of the terms ""exclusion from the status of refugee"" referred to in...",983,BE: The CALL ruled on exclusion of an applicant involved in terrorist acts,https://caselaw.euaa.europa.eu/pages/viewcaselaw.aspx?CaseLawID=983&returnurl=%2fPages%2fsearch.aspx,Belgium,25/06/2019,BE: Council for Alien Law Litigation [Conseil du Contentieux des Étrangers - CALL],Decision,223.196,"the, of, to, in, and, for, that, on, was, applicant",0.9470403834662697,0.87103224,0.8423533,0.8591854,0.8167873,CREDIBILITY,Applicant Detention and Asylum Claims
1,998_chunk000,998,0,2,According to the national contribution to the EMN Annual Report on Migration and Asylum 2019:,998,FR: The CNDA limited the application of the exclusion clause under the art 1F(c) of the Geneva Convention in a case of human trafficking,https://caselaw.euaa.europa.eu/pages/viewcaselaw.aspx?CaseLawID=998&returnurl=%2fPages%2fsearch.aspx,France,25/06/2019,FR: National Court of Asylum [Cour Nationale du Droit d'Asile (CNDA)],Judgment,18027385,"annual, emn, contribution, report, 2019, migration, to, according, national, asylum",0.9519143921853283,0.8435787,0.8015121,0.84091467,0.8018892,CREDIBILITY,"Emigration, Asylum, And 2019 Report"
0,998_chunk001,998,1,2,"In this decision, the Court, sitting in full formation, firstly made the assertion, as had the Office, that human trafficking, because it violates the prohibition of all forms of slavery, forced labour or servitude, constitutes a particularly serious affront to human dignity. The Court then established that trafficking organised by transnational...",998,FR: The CNDA limited the application of the exclusion clause under the art 1F(c) of the Geneva Convention in a case of human trafficking,https://caselaw.euaa.europa.eu/pages/viewcaselaw.aspx?CaseLawID=998&returnurl=%2fPages%2fsearch.aspx,France,25/06/2019,FR: National Court of Asylum [Cour Nationale du Droit d'Asile (CNDA)],Judgment,18027385,"the, of, to, in, and, for, that, on, was, applicant",1.0,0.8641574,0.8247699,0.85818756,0.79967403,CREDIBILITY,Applicant Detention and Asylum Claims
2,964_chunk000,964,0,2,According to the national contribution to the EMN Annual Report on Migration and Asylum 2019 (information provided by MO MoI SR):,964,SK: The Supreme Court the lack of interpreters on the list or time constraints are not enough to limit the asylum seekers' right to be hear during the court proceedings,https://caselaw.euaa.europa.eu/pages/viewcaselaw.aspx?CaseLawID=964&returnurl=%2fPages%2fsearch.aspx,Slovakia,19/06/2019,SK: Supreme Court of the Slovak Republic [Najvyšší súd Slovenskej Republiky],Decision,10Sžak/9/2019,"emn, contribution, report, migration, sr, mo, moi, to, according, 2019",0.9650338788055761,0.8674966,0.8330692,0.85698116,0.84446216,CREDIBILITY,Emigration And Asylum Reporting 2019
0,964_chunk001,964,1,2,"The line of reasoning of the defendant who claims that the plaintiff had a legal representative present during the hearing who, unlike the plaintiff, is well versed in the law, could not hold, since the examination of the asylum seeker in the court proceedings represents one of the most important...",964,SK: The Supreme Court the lack of interpreters on the list or time constraints are not enough to limit the asylum seekers' right to be hear during the court proceedings,https://caselaw.euaa.europa.eu/pages/viewcaselaw.aspx?CaseLawID=964&returnurl=%2fPages%2fsearch.aspx,Slovakia,19/06/2019,SK: Supreme Court of the Slovak Republic [Najvyšší súd Slovenskej Republiky],Decision,10Sžak/9/2019,"the, of, to, in, and, for, that, on, was, applicant",1.0,0.8955552,0.8551461,0.87592494,0.8349871,CREDIBILITY,Applicant Detention and Asylum Claims
0,914_chunk000,914,0,2,A. applied for asylum in Sweden in April 2015. The application was rejected and the applicant excluded from asylum for having committed crimes against humanity while working as a guard in Eritrea. An expulsion order had also been issued.,914,SE: Migration Court of Appeal ruled on the exclusion of a former Eritrean guard for having committed crimes against humanity,https://caselaw.euaa.europa.eu/pages/viewcaselaw.aspx?CaseLawID=914&returnurl=%2fPages%2fsearch.aspx,Sweden,14/06/2019,SE: Migration Court of Appeal [Migrationsöverdomstolen],Judgment,"UM 17559-18, MIG 2019:9","the, of, to, in, and, for, that, on, was, applicant",0.970345755476405,0.8518457,0.78642565,0.83744127,0.76970947,CREDIBILITY,Applicant Detention and Asylum Claims
0,914_chunk001,914,1,2,The Migration Court of Appeal assessed whether the applicant had acted under duress and held that this was not the case as the applicant had benefitted from three permits and always came back to the place of employment. The applicant chose to flee...,914,SE: Migration Court of Appeal ruled on the exclusion of a former Eritrean guard for having committed crimes against humanity,https://caselaw.euaa.europa.eu/pages/viewcaselaw.aspx?CaseLawID=914&returnurl=%2fPages%2fsearch.aspx,Sweden,14/06/2019,SE: Migration Court of Appeal [Migrationsöverdomstolen],Judgment,"UM 17559-18, MIG 2019:9","the, of, to, in, and, for, that, on, was, applicant",0.9480589670551903,0.8520691,0.7761645,0.81639075,0.7444678,CREDIBILITY,Applicant Detention and Asylum Claims
0,941_chunk000,941,0,1,"The case concerns the implementation of Dublin transfer to Italy. The applicant argues that the Netherlands is responsible because it will be treated inhumanely in Italy (Article 3 of the ECHR) due to the reception conditions.

The Court distanced the present case from ECHR Taraskehl and Upper Tribunal of the UK ruling.

...",941,NL: Council of State rules on implementation of Dublin transfers to Italy in conjunction to reception conditions,https://caselaw.euaa.europa.eu/pages/viewcaselaw.aspx?CaseLawID=941&returnurl=%2fPages%2fsearch.aspx,Netherlands,12/06/2019,NL: Council of State [Afdeling Bestuursrechtspraak van de Raad van State],Judgment,201809552/1/V3.,"the, of, to, in, and, for, that, on, was, applicant",1.0,0.8659906,0.82851213,0.86146283,0.7916211,CREDIBILITY,Applicant Detention and Asylum Claims
0,942_chunk000,942,0,1,"The case concerns the possibility of detention when the asylum application is rejected but the time frame to submit an appeal has not expired. The judgments in Gnandi and the order in C., J. and S. do not envisage that the...",942,NL: Council of State rules on the detention on rejected asylum application pending appeal,https://caselaw.euaa.europa.eu/pages/viewcaselaw.aspx?CaseLawID=942&returnurl=%2fPages%2fsearch.aspx,Netherlands,05/06/2019,NL: Council of State [Afdeling Bestuursrechtspraak van de Raad van State],,201808923/1,"the, of, to, in, and, for, that, on, was, applicant",0.9596591826672092,0.87297255,0.8322143,0.87282693,0.8034392,CREDIBILITY,Applicant Detention and Asylum Claims
0,925_chunk000,925,0,2,"Healthy refugees who are fit for work are not currently exposed to a ""real risk"" of inhuman or degrading treatment in Bulgaria within the meaning of Article 4 of the Charter of Fundamental Rights of the European Union, either at the time of their return, during the asylum procedure, or indeed after the presumed granting of international protection, irrespective of their wishes and personal choices",925,"DE: The Higher Administrative Court stated that healthy refugees who are fit for work are consider not to be exposed to a ""real risk"" of inhuman or degrading treatment in Bulgaria",https://caselaw.euaa.europa.eu/pages/viewcaselaw.aspx?CaseLawID=925&returnurl=%2fPages%2fsearch.aspx,Germany,27/05/2019,DE: Higher Administrative Court (Oberverwaltungsgericht/Verwaltungsgerichtshof),Judgment,A 4 S 1329/19,"the, of, to, in, and, for, that, on, was, applicant",1.0,0.86542225,0.8061861,0.8529464,0.7639469,CREDIBILITY,Applicant Detention and Asylum Claims
0,925_chunk001,925,1,2,", due to systemic weaknesses in accordance with Article 3(2) of the Dublin III...",925,"DE: The Higher Administrative Court stated that healthy refugees who are fit for work are consider not to be exposed to a ""real risk"" of inhuman or degrading treatment in Bulgaria",https://caselaw.euaa.europa.eu/pages/viewcaselaw.aspx?CaseLawID=925&returnurl=%2fPages%2fsearch.aspx,Germany,27/05/2019,DE: Higher Administrative Court (Oberverwaltungsgericht/Verwaltungsgerichtshof),Judgment,A 4 S 1329/19,"the, of, to, in, and, for, that, on, was, applicant",0.9460902013437251,0.8389435,0.8071294,0.85357463,0.7913348,LEGAL_GROUND,Applicant Detention and Asylum Claims
0,960_chunk000,960,0,2,"The appellants were Albanian nationals who previously lived in Kosovo (*). They arrived in Ireland on 12 December 2014 and two days later they made an application for asylum. They did not disclose a full account of the circumstances of their arrival in Ireland, in particular that they had previously been issued with a visa for the United Kingdom.",960,IE: The Supreme Court ruled on the lawfulness of an information request sent to UK in the process of determining the MS responsible for examining the application.,https://caselaw.euaa.europa.eu/pages/viewcaselaw.aspx?CaseLawID=960&returnurl=%2fPages%2fsearch.aspx,Ireland,22/05/2019,IE: Supreme Court,Judgment,[2019] IESC 32 Record number: 117/2017 Court of Appeal record number: 446/2016 High Court record number: 2015 no 433 JR,"the, of, to, in, and, for, that, on, was, applicant",1.0,0.8596928,0.8039772,0.82428306,0.7894382,CREDIBILITY,Applicant Detention and Asylum Claims
0,960_chunk001,960,1,2,On 15 January 2015 the Office of the Refugee Applications Commissioner made an information request to the United Kingdom...,960,IE: The Supreme Court ruled on the lawfulness of an information request sent to UK in the process of determining the MS responsible for examining the application.,https://caselaw.euaa.europa.eu/pages/viewcaselaw.aspx?CaseLawID=960&returnurl=%2fPages%2fsearch.aspx,Ireland,22/05/2019,IE: Supreme Court,Judgment,[2019] IESC 32 Record number: 117/2017 Court of Appeal record number: 446/2016 High Court record number: 2015 no 433 JR,"the, of, to, in, and, for, that, on, was, applicant",1.0,0.853135,0.8254457,0.8302849,0.81104714,CREDIBILITY,Applicant Detention and Asylum Claims
0,930_chunk000,930,0,2,An Iraqi national applied for international protection in Austria on 16 May 2016 stating he had been employed as a guard in a prison near Baghdad where terrorists were incarcerated and was threatened by them. He suffers from a serious heart condition and other health problems. The Federal Office for Immigration and Asylum rejected his request on 16 December 2016.,930,"AT: The Supreme Administrative Court clarified that the standard of review under Section 8 Paragraph 1 of the Asylum 2005 and Section 52 Paragraph 9 of the Foreigners Act (governing the prohibition on deportation) is identical and that a substantive divergence between decisions under both provisions should be precluded. Although FAC sought to assess the granting of subsidiary protection exclusively in accordance with CJEU jurisprudence on Article 15 of the Qualification Directive 2004/83/CE, this would be contrary to national and European jurisprudence as the QD has not been fully or correctly transposed at national level and it could not be applied more restrictively and to the detriment of the individual concerned.",https://caselaw.euaa.europa.eu/pages/viewcaselaw.aspx?CaseLawID=930&returnurl=%2fPages%2fsearch.aspx,Austria,21/05/2019,AT: Supreme Administrative Court [Verwaltungsgerichtshof - VwGH],Judgment,Ro 2019/19/0006,"the, of, to, in, and, for, that, on, was, applicant",0.9653069706411543,0.84799224,0.7860747,0.82813525,0.75764954,CREDIBILITY,Applicant Detention and Asylum Claims
0,930_chunk001,930,1,2,His appeal to the Federal Administrative Court was dismissed as...,930,"AT: The Supreme Administrative Court clarified that the standard of review under Section 8 Paragraph 1 of the Asylum 2005 and Section 52 Paragraph 9 of the Foreigners Act (governing the prohibition on deportation) is identical and that a substantive divergence between decisions under both provisions should be precluded. Although FAC sought to assess the granting of subsidiary protection exclusively in accordance with CJEU jurisprudence on Article 15 of the Qualification Directive 2004/83/CE, this would be contrary to national and European jurisprudence as the QD has not been fully or correctly transposed at national level and it could not be applied more restrictively and to the detriment of the individual concerned.",https://caselaw.euaa.europa.eu/pages/viewcaselaw.aspx?CaseLawID=930&returnurl=%2fPages%2fsearch.aspx,Austria,21/05/2019,AT: Supreme Administrative Court [Verwaltungsgerichtshof - VwGH],Judgment,Ro 2019/19/0006,"the, of, to, in, and, for, that, on, was, applicant",0.9593045200090363,0.82023764,0.8047433,0.81118345,0.80426407,CREDIBILITY,Applicant Detention and Asylum Claims
0,1090_chunk000,1090,0,2,"The applicant, a Nigerian national, requested international protection after entering Austria on 21 September 2015. This application was rejected by decision of the Federal Office for Aliens and Asylum (BFA) on 31 October 2017. A return decision was issued against the applicant and it was not contested.",1090,AT: Supreme Administrative Court rules on subsequent application and detention pending deportation of Nigerian national,https://caselaw.euaa.europa.eu/pages/viewcaselaw.aspx?CaseLawID=1090&returnurl=%2fPages%2fsearch.aspx,Austria,16/05/2019,AT: Supreme Administrative Court [Verwaltungsgerichtshof - VwGH],Judgment,Ra 2018/21/0125,"the, of, to, in, and, for, that, on, was, applicant",0.9850987936396225,0.85569495,0.80457616,0.83041656,0.7793547,CREDIBILITY,Applicant Detention and Asylum Claims
0,1090_chunk001,1090,1,2,"The applicant, who subsequently traveled to Germany, made a further request for international protection after returning to Austria on 15 January...",1090,AT: Supreme Administrative Court rules on subsequent application and detention pending deportation of Nigerian national,https://caselaw.euaa.europa.eu/pages/viewcaselaw.aspx?CaseLawID=1090&returnurl=%2fPages%2fsearch.aspx,Austria,16/05/2019,AT: Supreme Administrative Court [Verwaltungsgerichtshof - VwGH],Judgment,Ra 2018/21/0125,"the, of, to, in, and, for, that, on, was, applicant",0.9783149487944153,0.8314942,0.77992594,0.81014615,0.7733323,CREDIBILITY,Applicant Detention and Asylum Claims
0,1086_chunk000,1086,0,2,"A national of Ivory Coast applied for international protection on 22 January 2018, claiming that he was born on 2001 but did not submit documents to prove his date of birth. Following an age assessment, the State Secretary concluded that the applicant was not a minor.",1086,"NL: The Council of State ruled that, under the Aliens Circular 2000, in age assessments each official of the Aliens Police (AVIM) or the Immigration and Naturalisation Service (IND) must see the applicant separately, draw their own conclusion, and only if they unanimously agree can a clear determination of age be made.",https://caselaw.euaa.europa.eu/pages/viewcaselaw.aspx?CaseLawID=1086&returnurl=%2fPages%2fsearch.aspx,Netherlands,09/05/2019,NL: Council of State [Afdeling Bestuursrechtspraak van de Raad van State],Judgment,201804963/1/V2,"the, of, to, in, and, for, that, on, was, applicant",0.9779823880482523,0.8660266,0.8029971,0.8337232,0.78817356,CREDIBILITY,Applicant Detention and Asylum Claims
0,1086_chunk001,1086,1,2,"Specifically, the assessment consisted of an initial observation by two officers from the Aliens Police, Identification and Human Trafficking Department (AVIM) on 22 January 2018, recorded in an official report, and a subsequent...",1086,"NL: The Council of State ruled that, under the Aliens Circular 2000, in age assessments each official of the Aliens Police (AVIM) or the Immigration and Naturalisation Service (IND) must see the applicant separately, draw their own conclusion, and only if they unanimously agree can a clear determination of age be made.",https://caselaw.euaa.europa.eu/pages/viewcaselaw.aspx?CaseLawID=1086&returnurl=%2fPages%2fsearch.aspx,Netherlands,09/05/2019,NL: Council of State [Afdeling Bestuursrechtspraak van de Raad van State],Judgment,201804963/1/V2,"the, of, to, in, and, for, that, on, was, applicant",1.0,0.8818371,0.8412408,0.8639365,0.83876574,CREDIBILITY,Applicant Detention and Asylum Claims
0,953_chunk000,953,0,2,"This case concerned whether, for the purposes of an application for family reunification by a beneficiary of subsidiary protection, “child” could include a non-biological child for whom the applicant had acted in loco parentis.",953,IE: The High Court ruled on a case concerned the family reunification of a non biological child,https://caselaw.euaa.europa.eu/pages/viewcaselaw.aspx?CaseLawID=953&returnurl=%2fPages%2fsearch.aspx,Ireland,03/05/2019,IE: High Court,Judgment,[2019] IEHC 284 2018 No. 555 JR,"the, of, to, in, and, for, that, on, was, applicant",0.9677974336105822,0.8456628,0.7975118,0.83695865,0.76384586,CREDIBILITY,Applicant Detention and Asylum Claims
0,953_chunk001,953,1,2,Barrett J held that there is a wide diversity of familial structures and the relationship of father/child was not confined by the International Protection Act 2015 to a biological father and accordingly quashed the Minister's refusal of family...,953,IE: The High Court ruled on a case concerned the family reunification of a non biological child,https://caselaw.euaa.europa.eu/pages/viewcaselaw.aspx?CaseLawID=953&returnurl=%2fPages%2fsearch.aspx,Ireland,03/05/2019,IE: High Court,Judgment,[2019] IEHC 284 2018 No. 555 JR,"the, of, to, in, and, for, that, on, was, applicant",0.9803574617579782,0.86558896,0.82773185,0.8557025,0.81264776,CREDIBILITY,Applicant Detention and Asylum Claims
1,995_chunk000,995,0,2,According to the national contribution to the EMN Annual Report on Migration and Asylum 2019:,995,FR: The Council of State ruled on a case of an applicant from the Gaza Strip who claimed fear of persecution on the territory of Israel,https://caselaw.euaa.europa.eu/pages/viewcaselaw.aspx?CaseLawID=995&returnurl=%2fPages%2fsearch.aspx,France,24/04/2019,FR: Council of State [Conseil d'État],Judgment,408992,"annual, emn, contribution, report, 2019, migration, to, according, national, asylum",0.35532158570387795,0.8435787,0.8015121,0.84091467,0.8018892,CREDIBILITY,"Emigration, Asylum, And 2019 Report"
0,995_chunk001,995,1,2,"Persons from the West Bank can claim to have legitimate fears with regard to Israel, which is not a third State vis-a-vis the West Bank. In this case, the CNDA had rejected the appeal of an applicant from the West Bank after having ruled that he came exclusively under the jurisdiction of the Palestinian Authority. Yet the Council of State...",995,FR: The Council of State ruled on a case of an applicant from the Gaza Strip who claimed fear of persecution on the territory of Israel,https://caselaw.euaa.europa.eu/pages/viewcaselaw.aspx?CaseLawID=995&returnurl=%2fPages%2fsearch.aspx,France,24/04/2019,FR: Council of State [Conseil d'État],Judgment,408992,"the, of, to, in, and, for, that, on, was, applicant",0.9804179967342246,0.8624075,0.8193272,0.84517294,0.7848825,CREDIBILITY,Applicant Detention and Asylum Claims
0,931_chunk000,931,0,2,"Pursuant to Art. 4a of the Asylum Act 2005, an application for international protection is to be rejected as inadmissible where the foreign person has been granted asylum or subsidiary protection status in another EEA Member State or Switzerland. In the specific case, the appellant, a Syrian citizen, filed an application for international protection in April 2018.",931,AT: Supreme Administrative Court on no application of the family procedure if protection status has already been granted in another EEA country,https://caselaw.euaa.europa.eu/pages/viewcaselaw.aspx?CaseLawID=931&returnurl=%2fPages%2fsearch.aspx,Austria,21/04/2019,AT: Supreme Administrative Court [Verwaltungsgerichtshof - VwGH],Judgment,No Ra 2019/14/0023-6,"the, of, to, in, and, for, that, on, was, applicant",0.9414246671769027,0.8642411,0.81783146,0.85476905,0.77605367,CREDIBILITY,Applicant Detention and Asylum Claims
0,931_chunk001,931,1,2,The appellant had been granted subsidiary protection status in Denmark in 2015. The individual's family was granted asylum in...,931,AT: Supreme Administrative Court on no application of the family procedure if protection status has already been granted in another EEA country,https://caselaw.euaa.europa.eu/pages/viewcaselaw.aspx?CaseLawID=931&returnurl=%2fPages%2fsearch.aspx,Austria,21/04/2019,AT: Supreme Administrative Court [Verwaltungsgerichtshof - VwGH],Judgment,No Ra 2019/14/0023-6,"the, of, to, in, and, for, that, on, was, applicant",0.9540036351847824,0.8333618,0.7854022,0.8258969,0.7576532,CREDIBILITY,Applicant Detention and Asylum Claims
1,994_chunk000,994,0,2,According to the national contribution to the EMN Annual Report on Migration and Asylum 2019:,994,FR: The Council of State ruled directly for the first time on the legal characterisation of facts in a case regarding application of Article L. 711-6 (refusal and withdrawal of protection),https://caselaw.euaa.europa.eu/pages/viewcaselaw.aspx?CaseLawID=994&returnurl=%2fPages%2fsearch.aspx,France,17/04/2019,FR: Council of State [Conseil d'État],Judgment,419722,"annual, emn, contribution, report, 2019, migration, to, according, national, asylum",0.753155041193267,0.8435787,0.8015121,0.84091467,0.8018892,CREDIBILITY,"Emigration, Asylum, And 2019 Report"
0,994_chunk001,994,1,2,"The Council of State overturned the CNDA's decision, ruling directly for the first time on the legal characterisation of facts in a case regarding application of Article L. 711-6. The Council of State had already extended control over the decisions of the CNDA as to the legal characterisation of facts on exclusion issues (CE, 9 November 2016,...",994,FR: The Council of State ruled directly for the first time on the legal characterisation of facts in a case regarding application of Article L. 711-6 (refusal and withdrawal of protection),https://caselaw.euaa.europa.eu/pages/viewcaselaw.aspx?CaseLawID=994&returnurl=%2fPages%2fsearch.aspx,France,17/04/2019,FR: Council of State [Conseil d'État],Judgment,419722,"the, of, to, in, and, for, that, on, was, applicant",1.0,0.8781407,0.8600336,0.8728343,0.82487404,CREDIBILITY,Applicant Detention and Asylum Claims
0,947_chunk000,947,0,2,This ruling is about the position of supporters of the Gülen movement (hereinafter: Gülenists) in Turkey after the attempted coup d'état of 15 July 2016. It is evident from the information submitted that a considerable number of persons have been put in prison.,947,NL: Council of State rules on position of supporters of the Gülen movement,https://caselaw.euaa.europa.eu/pages/viewcaselaw.aspx?CaseLawID=947&returnurl=%2fPages%2fsearch.aspx,Netherlands,13/04/2019,NL: Council of State [Afdeling Bestuursrechtspraak van de Raad van State],Judgment,201804801/1/V1,"the, of, to, in, and, for, that, on, was, applicant",0.9512157836875987,0.84945846,0.80266243,0.8465185,0.78133905,CREDIBILITY,Applicant Detention and Asylum Claims
0,947_chunk001,947,1,2,"The third-country national submitted information on the risk that, during arrest and detention, Gülenists will be exposed to treatment in conflict with...",947,NL: Council of State rules on position of supporters of the Gülen movement,https://caselaw.euaa.europa.eu/pages/viewcaselaw.aspx?CaseLawID=947&returnurl=%2fPages%2fsearch.aspx,Netherlands,13/04/2019,NL: Council of State [Afdeling Bestuursrechtspraak van de Raad van State],Judgment,201804801/1/V1,"the, of, to, in, and, for, that, on, was, applicant",1.0,0.8340494,0.772641,0.8498121,0.7623705,LEGAL_GROUND,Applicant Detention and Asylum Claims
0,927_chunk000,927,0,2,"In the Senate's conviction, a comprehensive assessment of the current state of knowledge now lacks sufficient evidence to suggest that Syrian retired military-age returnees (conscripts, reservists) who have evaded from military service due to flight abroad are likely to be linked to ( alleged) oppositional or anti-regime sentiments of Syrian security forces to fear persecution (change in the Senat",927,DE: The Bavarian Administrative Court ruled that a person returning to Syria is not at risk of persecution simply because of having failed to commence or absconded from military service.,https://caselaw.euaa.europa.eu/pages/viewcaselaw.aspx?CaseLawID=927&returnurl=%2fPages%2fsearch.aspx,Germany,12/04/2019,DE: Regional Administrative Court [Verwaltungsgericht],Judgment,21B 18.32459,"the, of, to, in, and, for, that, on, was, applicant",0.9423954239120539,0.88291204,0.83175755,0.865512,0.8106571,CREDIBILITY,Applicant Detention and Asylum Claims
0,927_chunk001,927,1,2,"e case law.

Refer also to the appeal of this case against the",927,DE: The Bavarian Administrative Court ruled that a person returning to Syria is not at risk of persecution simply because of having failed to commence or absconded from military service.,https://caselaw.euaa.europa.eu/pages/viewcaselaw.aspx?CaseLawID=927&returnurl=%2fPages%2fsearch.aspx,Germany,12/04/2019,DE: Regional Administrative Court [Verwaltungsgericht],Judgment,21B 18.32459,"the, of, to, in, and, for, that, on, was, applicant",0.9820723358894816,0.838601,0.8215024,0.8487211,0.8373216,LEGAL_GROUND,Applicant Detention and Asylum Claims
0,689_chunk000,689,0,2,"The applicants, a coalition of Belgian NGOs, filed an appeal claiming the suspension of the Royal Decree of 22 July 2018 due to the reception condition of children in detention, with special concern to the children detained in 127bis Centre, located near Brussels Airport.",689,BE: The Belgian Council of State ruled to suspend a Decree which permitted the detention of children,https://caselaw.euaa.europa.eu/pages/viewcaselaw.aspx?CaseLawID=689&returnurl=%2fPages%2fsearch.aspx,Belgium,04/04/2019,BE: Council of State [Raad van State - Conseil d'État],Judgment,n. 244.190,"the, of, to, in, and, for, that, on, was, applicant",1.0,0.8675836,0.8216006,0.8556776,0.81234056,CREDIBILITY,Applicant Detention and Asylum Claims
0,689_chunk001,689,1,2,They provided the court a list of deficiencies contained in the Royal Decree regarding the protection and safeguards in place for families and children. The applicants...,689,BE: The Belgian Council of State ruled to suspend a Decree which permitted the detention of children,https://caselaw.euaa.europa.eu/pages/viewcaselaw.aspx?CaseLawID=689&returnurl=%2fPages%2fsearch.aspx,Belgium,04/04/2019,BE: Council of State [Raad van State - Conseil d'État],Judgment,n. 244.190,"the, of, to, in, and, for, that, on, was, applicant",0.9781573884065848,0.8536971,0.8174854,0.8569441,0.80205077,LEGAL_GROUND,Applicant Detention and Asylum Claims
0,959_chunk000,959,0,2,The issue raised in these proceedings was effectively whether a refugee who subsequently acquires Irish citizenship by naturalisation lost the right to family reunification pursuant to section 18 of the Refugee Act 1996.,959,IE: The Court of Appeal ruled on the right of family reunification of a refugee who acquired Irish citizen by naturalisation,https://caselaw.euaa.europa.eu/pages/viewcaselaw.aspx?CaseLawID=959&returnurl=%2fPages%2fsearch.aspx,Ireland,29/03/2019,IE: Court of Appeal,Judgment,[2019] IECA 116 Record number: 2017 908 JR ; 2017 998 JR Court of Appeal record number: 2018 141 ; 2018 138,"the, of, to, in, and, for, that, on, was, applicant",0.9810797105720402,0.8528777,0.81175816,0.83382064,0.77938634,CREDIBILITY,Applicant Detention and Asylum Claims
0,959_chunk001,959,1,2,"The evidence before the court was that between 2010 and 2017 the Minister for Justice accepted applications for family reunification from refugees who had acquired Irish citizenship by naturalisation, but on foot of legal advice in 2017 the...",959,IE: The Court of Appeal ruled on the right of family reunification of a refugee who acquired Irish citizen by naturalisation,https://caselaw.euaa.europa.eu/pages/viewcaselaw.aspx?CaseLawID=959&returnurl=%2fPages%2fsearch.aspx,Ireland,29/03/2019,IE: Court of Appeal,Judgment,[2019] IECA 116 Record number: 2017 908 JR ; 2017 998 JR Court of Appeal record number: 2018 141 ; 2018 138,"the, of, to, in, and, for, that, on, was, applicant",0.9494021003392065,0.8586766,0.8024792,0.84211934,0.7894086,CREDIBILITY,Applicant Detention and Asylum Claims
2,993_chunk000,993,0,2,According to the national contribution to the EMN Report on Migration and Asylum 2019:,993,FR: The Council of State reaffirmed its jurisprudence in which the CNDA may refer cases back to OFPRA if the applicants had not been able to make themselves understood,https://caselaw.euaa.europa.eu/pages/viewcaselaw.aspx?CaseLawID=993&returnurl=%2fPages%2fsearch.aspx,France,29/03/2019,FR: Council of State [Conseil d'État],Judgment,419620,"emn, contribution, report, migration, sr, mo, moi, to, according, 2019",1.0,0.8271255,0.8062832,0.82297087,0.8472052,EXPLANATION,Emigration And Asylum Reporting 2019
0,993_chunk001,993,1,2,"The Council of State reaffirmed its jurisprudence concerning application of Article L. 733-5 of the CESEDA (CE, 22 June 2017, N° 400366) in which the CNDA may refer cases back to OFPRA if the applicants had not been able to make themselves understood during their interview with the Office and if the Office was responsible for this lack of...",993,FR: The Council of State reaffirmed its jurisprudence in which the CNDA may refer cases back to OFPRA if the applicants had not been able to make themselves understood,https://caselaw.euaa.europa.eu/pages/viewcaselaw.aspx?CaseLawID=993&returnurl=%2fPages%2fsearch.aspx,France,29/03/2019,FR: Council of State [Conseil d'État],Judgment,419620,"the, of, to, in, and, for, that, on, was, applicant",1.0,0.88003945,0.8548288,0.87246984,0.8241958,CREDIBILITY,Applicant Detention and Asylum Claims
0,932_chunk000,932,0,2,The case concerns a take charge request from Greece to Austria which was rejected by Austria. The Federal Office reasoned that the Dublin consultation procedure is a process between the Member States.,932,AT: Supreme Administrative Court Asylum rules that asylum seekers are not entitled as parties to a consultation procedure based on Art. 10 of the Dublin III Regulation,https://caselaw.euaa.europa.eu/pages/viewcaselaw.aspx?CaseLawID=932&returnurl=%2fPages%2fsearch.aspx,Austria,26/03/2019,AT: Supreme Administrative Court [Verwaltungsgerichtshof - VwGH],Decision,"Ro 2018/19/0005 Joint Cases Ro 2018/19/0006, Ro 2018/19/0007, Ro 2018/19/0010, Ro 2018/19/0009 Ro, 2018/19/0008","the, of, to, in, and, for, that, on, was, applicant",1.0,0.8701789,0.84657323,0.86120015,0.8035359,CREDIBILITY,Applicant Detention and Asylum Claims
0,932_chunk001,932,1,2,"In case the requesting Member State is not satisfied with the rejection, the requesting Member State may submit a request for re-examination in accordance with Art 5.2. of the Implementing Regulation. The Federal Administrative Court and the Supreme Administrative Court confirmed this...",932,AT: Supreme Administrative Court Asylum rules that asylum seekers are not entitled as parties to a consultation procedure based on Art. 10 of the Dublin III Regulation,https://caselaw.euaa.europa.eu/pages/viewcaselaw.aspx?CaseLawID=932&returnurl=%2fPages%2fsearch.aspx,Austria,26/03/2019,AT: Supreme Administrative Court [Verwaltungsgerichtshof - VwGH],Decision,"Ro 2018/19/0005 Joint Cases Ro 2018/19/0006, Ro 2018/19/0007, Ro 2018/19/0010, Ro 2018/19/0009 Ro, 2018/19/0008","the, of, to, in, and, for, that, on, was, applicant",0.9652040087072297,0.85826254,0.8238725,0.85708636,0.79226,CREDIBILITY,Applicant Detention and Asylum Claims
0,1011_chunk000,1011,0,1,"The case concerns a challenge to detention under the recast Reception Conditions Directive. The applicant requested international protection after being found illegally working in the Czech Republic and using fake documents to obtain such work.

...",1011,CZ: Supreme Administrative Court rules on detention of alien under the recast Reception Conditions Directive,https://caselaw.euaa.europa.eu/pages/viewcaselaw.aspx?CaseLawID=1011&returnurl=%2fPages%2fsearch.aspx,Czech Republic,21/03/2019,CZ: Supreme Administrative Court [Nejvyšší správní soud],Judgment,10 Azs 252/2017 - 89,"the, of, to, in, and, for, that, on, was, applicant",0.9670516837596966,0.8656617,0.8176082,0.85856164,0.77930355,CREDIBILITY,Applicant Detention and Asylum Claims
0,943_chunk000,943,0,1,"In its rulings of 1 February 2017, ECLI:NL:RVS:2017:209 and ECLI:NL:RVS:2017:210, the Council of State found that the Minister for Migration had rightly designated Morocco as a safe country of origin and that the information provided in this case does not lead to a...",943,NL: The Council of State ruled on the designation of Morocco as a safe country of origin.,https://caselaw.euaa.europa.eu/pages/viewcaselaw.aspx?CaseLawID=943&returnurl=%2fPages%2fsearch.aspx,Netherlands,19/03/2019,NL: Council of State [Afdeling Bestuursrechtspraak van de Raad van State],Judgment,201705953/1/V2,"the, of, to, in, and, for, that, on, was, applicant",0.9919332747227341,0.8440611,0.79266405,0.8368399,0.78461516,CREDIBILITY,Applicant Detention and Asylum Claims
2,992_chunk000,992,0,2,According to the national contribution to the EMN Report on Migration and Asylum 2019:,992,FR: The Council of State rejected OFPRA's appeal and considered that the exclusion clause is not applicable to the case,https://caselaw.euaa.europa.eu/pages/viewcaselaw.aspx?CaseLawID=992&returnurl=%2fPages%2fsearch.aspx,France,18/03/2019,FR: Council of State [Conseil d'État],Judgment,414740,"emn, contribution, report, migration, sr, mo, moi, to, according, 2019",0.6912120207503447,0.8271255,0.8062832,0.82297087,0.8472052,EXPLANATION,Emigration And Asylum Reporting 2019
0,992_chunk001,992,1,2,"The Council of State rejected OFPRA's appeal in a case concerning an Iraqi national, who was involved with the Peshmerga, that the Court had recognised as a refugee on the grounds of his fears of persecution from the Islamic State organisation on account of his political opinions. In its appeal, the Office reproached the...",992,FR: The Council of State rejected OFPRA's appeal and considered that the exclusion clause is not applicable to the case,https://caselaw.euaa.europa.eu/pages/viewcaselaw.aspx?CaseLawID=992&returnurl=%2fPages%2fsearch.aspx,France,18/03/2019,FR: Council of State [Conseil d'État],Judgment,414740,"the, of, to, in, and, for, that, on, was, applicant",1.0,0.865301,0.813994,0.8471943,0.79153216,CREDIBILITY,Applicant Detention and Asylum Claims
0,1013_chunk000,1013,0,2,The case was dismissed for failure to complete the action within the time-limit despite the court's request.,1013,CZ: Supreme Administrative Court rules on the deadline for completing a legal action,https://caselaw.euaa.europa.eu/pages/viewcaselaw.aspx?CaseLawID=1013&returnurl=%2fPages%2fsearch.aspx,Czech Republic,14/03/2019,CZ: Supreme Administrative Court [Nejvyšší správní soud],Judgment,8 Azs 245/2018 – 56,"the, of, to, in, and, for, that, on, was, applicant",0.9565223443479415,0.8079586,0.7869139,0.80559695,0.75643873,CREDIBILITY,Applicant Detention and Asylum Claims
0,1013_chunk001,1013,1,2,"The Supreme Administrative Court held that where, at the request of a Regional Court, a complainant delivers submissions that complete the action to a different court (without territorial jurisdiction), the timeliness of such submission is maintained only where the Regional Court without territorial jurisdiction passes on or sends on the submission by means of a...",1013,CZ: Supreme Administrative Court rules on the deadline for completing a legal action,https://caselaw.euaa.europa.eu/pages/viewcaselaw.aspx?CaseLawID=1013&returnurl=%2fPages%2fsearch.aspx,Czech Republic,14/03/2019,CZ: Supreme Administrative Court [Nejvyšší správní soud],Judgment,8 Azs 245/2018 – 56,"the, of, to, in, and, for, that, on, was, applicant",0.9617889381548603,0.8667847,0.86254734,0.84700525,0.7986875,CREDIBILITY,Applicant Detention and Asylum Claims
2,991_chunk000,991,0,2,According to the national contribution to the EMN Report on Migration and Asylum 2019:,991,FR: The Council of State recalled that the standard of “serious reasons for considering” implies a lesser degree of proof than that required in criminal proceedings,https://caselaw.euaa.europa.eu/pages/viewcaselaw.aspx?CaseLawID=991&returnurl=%2fPages%2fsearch.aspx,France,28/02/2019,FR: Council of State [Conseil d'État],Judgment,414821,"emn, contribution, report, migration, sr, mo, moi, to, according, 2019",1.0,0.8271255,0.8062832,0.82297087,0.8472052,EXPLANATION,Emigration And Asylum Reporting 2019
0,991_chunk001,991,1,2,"The Council of State rejected the applicant's appeal (for which the Office entered an appearance in defence), thus confirming the denial of international protection to a Rwandan national, a senior officer of the Rwandan armed forces since 1993 who had been acquitted on appeal at the ICTR in 2014. The Council of State held that, in particular, res...",991,FR: The Council of State recalled that the standard of “serious reasons for considering” implies a lesser degree of proof than that required in criminal proceedings,https://caselaw.euaa.europa.eu/pages/viewcaselaw.aspx?CaseLawID=991&returnurl=%2fPages%2fsearch.aspx,France,28/02/2019,FR: Council of State [Conseil d'État],Judgment,414821,"the, of, to, in, and, for, that, on, was, applicant",0.9941133819050475,0.85166687,0.8069604,0.83493036,0.7695203,CREDIBILITY,Applicant Detention and Asylum Claims
0,923_chunk000,923,0,2,An applicant must submit a request for protection with which he asserts target-country-related dangers that are objectively suitable in their nature for recognition as a person entitled to asylum or an award for international protection (material asylum request within the meaning of Section 13 (1) Asylum Act) refer the asylum procedure to the Federal Office.,923,"DE: The Federal Administrative Court ruled that, for the purposes of the Dublin procedure, the effectiveness of the withdrawal of an asylum application is decided by the Member State conducting this procedure.",https://caselaw.euaa.europa.eu/pages/viewcaselaw.aspx?CaseLawID=923&returnurl=%2fPages%2fsearch.aspx,Germany,26/02/2019,DE: Federal Administrative Court [Bundesverwaltungsgericht],Judgment,1 C 30.17,"the, of, to, in, and, for, that, on, was, applicant",1.0,0.8891978,0.8436121,0.86216646,0.7952641,CREDIBILITY,Applicant Detention and Asylum Claims
0,923_chunk001,923,1,2,He has no right to choose between an examination by the immigration authority and an examination by the...,923,"DE: The Federal Administrative Court ruled that, for the purposes of the Dublin procedure, the effectiveness of the withdrawal of an asylum application is decided by the Member State conducting this procedure.",https://caselaw.euaa.europa.eu/pages/viewcaselaw.aspx?CaseLawID=923&returnurl=%2fPages%2fsearch.aspx,Germany,26/02/2019,DE: Federal Administrative Court [Bundesverwaltungsgericht],Judgment,1 C 30.17,"the, of, to, in, and, for, that, on, was, applicant",0.9466151846106109,0.8467571,0.82365584,0.8323389,0.78757435,CREDIBILITY,Applicant Detention and Asylum Claims
0,944_chunk000,944,0,1,"The Council of State decides on this case following the CJEU Judgment on the request for a preliminary ruling (C-180/17) originated in this regard.

Dutch law does not provide for automatic suspensive effect in asylum cases before the Council of State. Suspensive effect only applies to proceedings at the district court. This means that...",944,NL: The Council of State followed the CJEU preliminary ruling on suspensive effect for appeals,https://caselaw.euaa.europa.eu/pages/viewcaselaw.aspx?CaseLawID=944&returnurl=%2fPages%2fsearch.aspx,Netherlands,20/02/2019,NL: Council of State [Afdeling Bestuursrechtspraak van de Raad van State],Judgment,201609659/1/V2; 201609659/4/V2.,"the, of, to, in, and, for, that, on, was, applicant",1.0,0.8634788,0.82339746,0.85416925,0.7825677,CREDIBILITY,Applicant Detention and Asylum Claims
0,945_chunk000,945,0,1,"This case concerns the consequences of an appeal with no automatic suspensive effect.

Following the CJEU ruling in C-180/17, the Council of State held that foreign nationals do not automatically have to be given the opportunity to await their appeal in the Netherlands. In the meantime, they also have no right of residence on the basis of which they can claim...",945,NL: The Council of State ruled on the applicant's rights pending an appeal.,https://caselaw.euaa.europa.eu/pages/viewcaselaw.aspx?CaseLawID=945&returnurl=%2fPages%2fsearch.aspx,Netherlands,20/02/2019,NL: Council of State [Afdeling Bestuursrechtspraak van de Raad van State],Judgment,201508668/2/A2.,"the, of, to, in, and, for, that, on, was, applicant",1.0,0.86128974,0.8244883,0.8472585,0.7909154,CREDIBILITY,Applicant Detention and Asylum Claims
1,988_chunk000,988,0,2,According to the national contribution to the EMN Annual Report on Migration and Asylum 2019:,988,FR: The Council of State ruled on the Court's duty to approach the Ministry of the Interior as part of an investigative process,https://caselaw.euaa.europa.eu/pages/viewcaselaw.aspx?CaseLawID=988&returnurl=%2fPages%2fsearch.aspx,France,20/02/2019,FR: Council of State [Conseil d'État],Judgment,421212,"annual, emn, contribution, report, 2019, migration, to, according, national, asylum",1.0,0.8435787,0.8015121,0.84091467,0.8018892,CREDIBILITY,"Emigration, Asylum, And 2019 Report"
0,988_chunk001,988,1,2,"In this case, the CNDA had annulled the Office's decision to end protection on the basis of Article L. 711-6 (1) of the CESEDA, holding that the Note Blanche from the intelligence services tendered in the course of adversarial proceedings was insufficiently specific (jihadist profile). The Council of State annulled the Court's decision on...",988,FR: The Council of State ruled on the Court's duty to approach the Ministry of the Interior as part of an investigative process,https://caselaw.euaa.europa.eu/pages/viewcaselaw.aspx?CaseLawID=988&returnurl=%2fPages%2fsearch.aspx,France,20/02/2019,FR: Council of State [Conseil d'État],Judgment,421212,"the, of, to, in, and, for, that, on, was, applicant",1.0,0.86849064,0.8430563,0.86369216,0.83202565,CREDIBILITY,Applicant Detention and Asylum Claims
1,989_chunk000,989,0,2,According to the national contribution to the EMN Annual Report on Migration and Asylum 2019:,989,FR: The Council of State overturned OFPRA's decision based on the lack of effective linguistic assistance received by the applicant.,https://caselaw.euaa.europa.eu/pages/viewcaselaw.aspx?CaseLawID=989&returnurl=%2fPages%2fsearch.aspx,France,20/02/2019,FR: Council of State [Conseil d'État],Judgment,422129,"annual, emn, contribution, report, 2019, migration, to, according, national, asylum",0.30625758060730846,0.8435787,0.8015121,0.84091467,0.8018892,CREDIBILITY,"Emigration, Asylum, And 2019 Report"
0,989_chunk001,989,1,2,"The Council of State upheld the CNDA's decision and rejected OFPRA's appeal on the grounds that the Court's sovereign assessment on the applicant's inadequate understanding and mastery of the English language could not be denatured. In this case, the Office's inadmissibility decision on the grounds of late submission was...",989,FR: The Council of State overturned OFPRA's decision based on the lack of effective linguistic assistance received by the applicant.,https://caselaw.euaa.europa.eu/pages/viewcaselaw.aspx?CaseLawID=989&returnurl=%2fPages%2fsearch.aspx,France,20/02/2019,FR: Council of State [Conseil d'État],Judgment,422129,"the, of, to, in, and, for, that, on, was, applicant",0.9832567882285538,0.8677483,0.8470521,0.85710835,0.82551074,CREDIBILITY,Applicant Detention and Asylum Claims
1,990_chunk000,990,0,2,According to the national contribution to the EMN Annual Report on Migration and Asylum 2019:,990,FR: The Council of State overturned the CNDA’s decision on the grounds of procedural irregularities,https://caselaw.euaa.europa.eu/pages/viewcaselaw.aspx?CaseLawID=990&returnurl=%2fPages%2fsearch.aspx,France,20/02/2019,FR: Council of State [Conseil d'État],Judgment,396338,"annual, emn, contribution, report, 2019, migration, to, according, national, asylum",0.1809256797944821,0.8435787,0.8015121,0.84091467,0.8018892,CREDIBILITY,"Emigration, Asylum, And 2019 Report"
0,990_chunk001,990,1,2,"The Council of State overturned the CNDA's decision on the grounds of procedural irregularities, because the Court's decision had failed to address the Office's brief, tendered after the date of closure, and had instead based its decision, without scheduling a new hearing, on a statement produced by the appellant after the hearing in a note during the...",990,FR: The Council of State overturned the CNDA’s decision on the grounds of procedural irregularities,https://caselaw.euaa.europa.eu/pages/viewcaselaw.aspx?CaseLawID=990&returnurl=%2fPages%2fsearch.aspx,France,20/02/2019,FR: Council of State [Conseil d'État],Judgment,396338,"the, of, to, in, and, for, that, on, was, applicant",1.0,0.8654257,0.85672116,0.83933616,0.84533906,CREDIBILITY,Applicant Detention and Asylum Claims
0,647_chunk000,647,0,2,"According to EDAL, On 14 February, the Administrative Tribunal of Paris ruled in an urgent procedure regarding practical complications in the registration of asylum applications in the Île-de-France region.",647,FR: Administrative Tribunal of Paris ruled on the access to asylum procedure via the phone platform in case of urgent procedure.,https://caselaw.euaa.europa.eu/pages/viewcaselaw.aspx?CaseLawID=647&returnurl=%2fPages%2fsearch.aspx,France,13/02/2019,FR: Administrative Court - First Instance [Tribunal administratif - première instance],Judgment,No. 1902037/9,"the, of, to, in, and, for, that, on, was, applicant",1.0,0.87543815,0.85808647,0.84860426,0.83746064,CREDIBILITY,Applicant Detention and Asylum Claims
0,647_chunk001,647,1,2,"The urgent action was initiated by several civil society organisations against complications that amounted to obstacles to the registration of applications for international protection through a telephone platform. The platform, established by the French Office for Immigration and...",647,FR: Administrative Tribunal of Paris ruled on the access to asylum procedure via the phone platform in case of urgent procedure.,https://caselaw.euaa.europa.eu/pages/viewcaselaw.aspx?CaseLawID=647&returnurl=%2fPages%2fsearch.aspx,France,13/02/2019,FR: Administrative Court - First Instance [Tribunal administratif - première instance],Judgment,No. 1902037/9,"the, of, to, in, and, for, that, on, was, applicant",1.0,0.86562675,0.8329186,0.8598308,0.817296,CREDIBILITY,Applicant Detention and Asylum Claims
0,948_chunk000,948,0,2,"This case concerns the legal consequences following an entry ban, in case the third-country national has returned to the Netherlands twice and what this means for his request to lift that entry ban.",948,NL: Council of State rules on the consequences of entry ban,https://caselaw.euaa.europa.eu/pages/viewcaselaw.aspx?CaseLawID=948&returnurl=%2fPages%2fsearch.aspx,Netherlands,04/02/2019,NL: Council of State [Afdeling Bestuursrechtspraak van de Raad van State],Judgment,201601334/1,"the, of, to, in, and, for, that, on, was, applicant",0.9829959644453875,0.87757945,0.8234949,0.8606539,0.7775344,CREDIBILITY,Applicant Detention and Asylum Claims
0,948_chunk001,948,1,2,The Court finds that the entry ban is suspended if a third-country national enters the European Union contrary to a valid entry ban. This means that the course of the period is temporarily interrupted and starts to run again as soon as...,948,NL: Council of State rules on the consequences of entry ban,https://caselaw.euaa.europa.eu/pages/viewcaselaw.aspx?CaseLawID=948&returnurl=%2fPages%2fsearch.aspx,Netherlands,04/02/2019,NL: Council of State [Afdeling Bestuursrechtspraak van de Raad van State],Judgment,201601334/1,"the, of, to, in, and, for, that, on, was, applicant",0.9783297040282091,0.85824907,0.8192647,0.8444936,0.76931405,CREDIBILITY,Applicant Detention and Asylum Claims
0,956_chunk000,956,0,2,The applicant was a national of Afghanistan who was granted subsidiary protection in Ireland in 2016. He subsequently applied for family reunification for his wife whom he married in 2017.,956,IE: The High Court ruled on the constitutionality and/or ECHR compatibility of the exclusion of post-flight marriages from the right to refugee family reunification,https://caselaw.euaa.europa.eu/pages/viewcaselaw.aspx?CaseLawID=956&returnurl=%2fPages%2fsearch.aspx,Ireland,01/02/2019,IE: High Court,Judgment,[2019] IEHC 65 2017 902 JR,"the, of, to, in, and, for, that, on, was, applicant",0.9682311330514413,0.8119768,0.7605673,0.7920295,0.7409952,CREDIBILITY,Applicant Detention and Asylum Claims
0,956_chunk001,956,1,2,The Minister for Justice refused the application on the basis that section 56(9)(a) of the 2015 Act only provided for refugee family reunification for spouses where the marriage pre-dated the application for international protection. The applicant subsequently instituted...,956,IE: The High Court ruled on the constitutionality and/or ECHR compatibility of the exclusion of post-flight marriages from the right to refugee family reunification,https://caselaw.euaa.europa.eu/pages/viewcaselaw.aspx?CaseLawID=956&returnurl=%2fPages%2fsearch.aspx,Ireland,01/02/2019,IE: High Court,Judgment,[2019] IEHC 65 2017 902 JR,"the, of, to, in, and, for, that, on, was, applicant",0.9433455300825823,0.86196303,0.82321244,0.8542019,0.78351057,CREDIBILITY,Applicant Detention and Asylum Claims
1,986_chunk000,986,0,2,According to the national contribution to the EMN Annual Report on Migration and Asylum 2019:,986,FR: The Council of State held that the Court had erred in law by failing to request information on the files of the refugee’s family members,https://caselaw.euaa.europa.eu/pages/viewcaselaw.aspx?CaseLawID=986&returnurl=%2fPages%2fsearch.aspx,France,01/02/2019,FR: Council of State [Conseil d'État],Judgment,417156,"annual, emn, contribution, report, 2019, migration, to, according, national, asylum",1.0,0.8435787,0.8015121,0.84091467,0.8018892,CREDIBILITY,"Emigration, Asylum, And 2019 Report"
0,986_chunk001,986,1,2,"The Council of State recalled the principle of confidentiality as mentioned in its decision dating from 27 July 2016 (N° 386797) according to which the Office is bound to guarantee the confidentiality of any information that could endanger persons seeking asylum, as well as the respect for privacy and for doctor-patient confidentiality. The...",986,FR: The Council of State held that the Court had erred in law by failing to request information on the files of the refugee’s family members,https://caselaw.euaa.europa.eu/pages/viewcaselaw.aspx?CaseLawID=986&returnurl=%2fPages%2fsearch.aspx,France,01/02/2019,FR: Council of State [Conseil d'État],Judgment,417156,"the, of, to, in, and, for, that, on, was, applicant",0.9707118454379318,0.8858463,0.8368745,0.8709164,0.8245477,CREDIBILITY,Applicant Detention and Asylum Claims
1,987_chunk000,987,0,2,According to the national contribution to the EMN Annual Report on Migration and Asylum 2019:,987,FR: The Council of State ruled on the extension of protection to agents who do not have civil servant status but works for the French authorities.,https://caselaw.euaa.europa.eu/pages/viewcaselaw.aspx?CaseLawID=987&returnurl=%2fPages%2fsearch.aspx,France,01/02/2019,FR: Council of State [Conseil d'État],Judgment,421694,"annual, emn, contribution, report, 2019, migration, to, according, national, asylum",0.7651393751217338,0.8435787,0.8015121,0.84091467,0.8018892,CREDIBILITY,"Emigration, Asylum, And 2019 Report"
0,987_chunk001,987,1,2,"For the Council of State, the State is bound to cover the costs of any civil sentence against its public officials, to protect them if they are the subject of criminal proceedings and protect them against threats, violence, assault, verbal abuse, defamation or insult to which they may be subjected in the course of their duties. This overarching...",987,FR: The Council of State ruled on the extension of protection to agents who do not have civil servant status but works for the French authorities.,https://caselaw.euaa.europa.eu/pages/viewcaselaw.aspx?CaseLawID=987&returnurl=%2fPages%2fsearch.aspx,France,01/02/2019,FR: Council of State [Conseil d'État],Judgment,421694,"the, of, to, in, and, for, that, on, was, applicant",0.9383321998031247,0.865589,0.82927406,0.86530024,0.77974313,CREDIBILITY,Applicant Detention and Asylum Claims
1,985_chunk000,985,0,2,According to the national contribution to the EMN Annual Report on Migration and Asylum 2019:,985,"FR: The Council of State ruled that the inclusion of an individual's name on a list of wanted persons was not sufficient, considered alone, to determine that his or her presence constituted a serious threat to national security.",https://caselaw.euaa.europa.eu/pages/viewcaselaw.aspx?CaseLawID=985&returnurl=%2fPages%2fsearch.aspx,France,30/01/2019,FR: Council of State [Conseil d'État],Judgment,No 416013,"annual, emn, contribution, report, 2019, migration, to, according, national, asylum",0.64769764186142,0.8435787,0.8015121,0.84091467,0.8018892,CREDIBILITY,"Emigration, Asylum, And 2019 Report"
0,985_chunk001,985,1,2,"The Council of State reminded the CNDA of its duty to utilise, if it receives information regarding the existence of an “S” card for the appellant in question, its power to investigate and deemed that “by basing its opinion solely on the content of the “S” card, [...] without gathering, in order to reach its...",985,"FR: The Council of State ruled that the inclusion of an individual's name on a list of wanted persons was not sufficient, considered alone, to determine that his or her presence constituted a serious threat to national security.",https://caselaw.euaa.europa.eu/pages/viewcaselaw.aspx?CaseLawID=985&returnurl=%2fPages%2fsearch.aspx,France,30/01/2019,FR: Council of State [Conseil d'État],Judgment,No 416013,"the, of, to, in, and, for, that, on, was, applicant",1.0,0.8837,0.8552851,0.8636291,0.83354235,CREDIBILITY,Applicant Detention and Asylum Claims
0,954_chunk000,954,0,2,The applicants were an Albanian mother and her two daughters whose applications for asylum were refused by the Refugee Applications Commissioner.,954,IE: The High Court ruled that there was no breach of the statute in the manner the investigation of the applicants’ applications was made.,https://caselaw.euaa.europa.eu/pages/viewcaselaw.aspx?CaseLawID=954&returnurl=%2fPages%2fsearch.aspx,Ireland,14/01/2019,IE: High Court,Judgment,[2019] IEHC 21 Record number: 2016 706 JR; 2016 710 JR; 2018 454 JR; 2018 577 JR,"the, of, to, in, and, for, that, on, was, applicant",1.0,0.82579803,0.7899959,0.79776466,0.760417,CREDIBILITY,Applicant Detention and Asylum Claims
0,954_chunk001,954,1,2,"They subsequently brought judicial review proceedings challenging the manner in which their applications had been processed by the Refugee Applications Commissioner, arising from the fact that the Commissioner had established a “case processing panel of legal graduates” to perform “case processing” in relation to applications...",954,IE: The High Court ruled that there was no breach of the statute in the manner the investigation of the applicants’ applications was made.,https://caselaw.euaa.europa.eu/pages/viewcaselaw.aspx?CaseLawID=954&returnurl=%2fPages%2fsearch.aspx,Ireland,14/01/2019,IE: High Court,Judgment,[2019] IEHC 21 Record number: 2016 706 JR; 2016 710 JR; 2018 454 JR; 2018 577 JR,"the, of, to, in, and, for, that, on, was, applicant",0.9484342295646966,0.84096575,0.81598365,0.818393,0.78042084,CREDIBILITY,Applicant Detention and Asylum Claims
0,922_chunk000,922,0,1,"Dublin transfer of a Maritanian applicant to Austria. Official suspension of the execution of the transfer decision issued in the Dublin procedure is also possible, and will then interrupt the transfer period.

...",922,DE: The Federal Administrative Court ruled on the official suspension of a Dublin transfer,https://caselaw.euaa.europa.eu/pages/viewcaselaw.aspx?CaseLawID=922&returnurl=%2fPages%2fsearch.aspx,Germany,08/01/2019,DE: Federal Administrative Court [Bundesverwaltungsgericht],Judgment,1 C 16.18,"the, of, to, in, and, for, that, on, was, applicant",1.0,0.87327284,0.8475933,0.8682927,0.79577684,CREDIBILITY,Applicant Detention and Asylum Claims
1,984_chunk000,984,0,2,According to the national contribution to the EMN Annual Report on Migration and Asylum 2019:,984,BE: CALL ruled on the inadminissibility based on the international protection already granted by another Member State.,https://caselaw.euaa.europa.eu/pages/viewcaselaw.aspx?CaseLawID=984&returnurl=%2fPages%2fsearch.aspx,Belgium,03/01/2019,BE: Council for Alien Law Litigation [Conseil du Contentieux des Étrangers - CALL],Decision,214.669,"annual, emn, contribution, report, 2019, migration, to, according, national, asylum",0.6551414206598675,0.8435787,0.8015121,0.84091467,0.8018892,CREDIBILITY,"Emigration, Asylum, And 2019 Report"
0,984_chunk001,984,1,2,"The Council ruled that, indeed, the burden of the proof on whether an applicant has been granted an international protection in another MS or not lies on the CGRS, nonetheless, this proof being made, it is up to the applicant to provide evidence when he challenges the actuality or the effectiveness of his protection.Also, the question whether the applicant may be readmit by...",984,BE: CALL ruled on the inadminissibility based on the international protection already granted by another Member State.,https://caselaw.euaa.europa.eu/pages/viewcaselaw.aspx?CaseLawID=984&returnurl=%2fPages%2fsearch.aspx,Belgium,03/01/2019,BE: Council for Alien Law Litigation [Conseil du Contentieux des Étrangers - CALL],Decision,214.669,"the, of, to, in, and, for, that, on, was, applicant",0.9415181615350283,0.89877,0.85462636,0.86389774,0.81327516,CREDIBILITY,Applicant Detention and Asylum Claims
0,582_chunk000,582,0,2,The High Court refused an application for judicial review by the applicant of a decision refusing him subsidiary protection. The national decision maker did not find the applicant's assertions that he was “not mentally ok” to be credible.,582,IE: High Court ruled on the principle of shared duty of both asylum seeker and immigration authorities to ascertain and evaluate all relevant facts of the case.,https://caselaw.euaa.europa.eu/pages/viewcaselaw.aspx?CaseLawID=582&returnurl=%2fPages%2fsearch.aspx,Ireland,21/12/2018,IE: High Court,Judgment,[2018] IEHC 792,"the, of, to, in, and, for, that, on, was, applicant",0.963186105680473,0.8724211,0.82092434,0.84832716,0.7939846,CREDIBILITY,Applicant Detention and Asylum Claims
0,582_chunk001,582,1,2,"The applicant submitted that in dismissing his explanation of suffering a mental disability, the Tribunal acted in breach of the national protection legislation, the EU Charter of Fundamental Freedoms and the European Convention on Human...",582,IE: High Court ruled on the principle of shared duty of both asylum seeker and immigration authorities to ascertain and evaluate all relevant facts of the case.,https://caselaw.euaa.europa.eu/pages/viewcaselaw.aspx?CaseLawID=582&returnurl=%2fPages%2fsearch.aspx,Ireland,21/12/2018,IE: High Court,Judgment,[2018] IEHC 792,"the, of, to, in, and, for, that, on, was, applicant",1.0,0.87618005,0.8354471,0.87132454,0.8176664,CREDIBILITY,Applicant Detention and Asylum Claims
0,589_chunk000,589,0,2,"I – Notification to the applicant for international protection, to account for the content of his statement, does not comply with the formalities required by Article 17 (1 and 2) of the Asylum law under which a written report, containing all the essential information regarding the case and to which the applicant can respond, must be drawn up.",589,PT: Supreme Administrative Court's case concerned to the administrative formalities applied to a case of international protection.,https://caselaw.euaa.europa.eu/pages/viewcaselaw.aspx?CaseLawID=589&returnurl=%2fPages%2fsearch.aspx,Portugal,20/12/2018,PT: Supreme Administrative Court [Supremo Tribunal Administrativo],Judgment,275/18.BELSB,"the, of, to, in, and, for, that, on, was, applicant",0.9570132711078683,0.8962495,0.8569816,0.8631223,0.82660806,CREDIBILITY,Applicant Detention and Asylum Claims
0,589_chunk001,589,1,2,II – The aforementioned Article 17 (1 and 2) is applicable to situations where the request for international protection is considered inadmissible and the...,589,PT: Supreme Administrative Court's case concerned to the administrative formalities applied to a case of international protection.,https://caselaw.euaa.europa.eu/pages/viewcaselaw.aspx?CaseLawID=589&returnurl=%2fPages%2fsearch.aspx,Portugal,20/12/2018,PT: Supreme Administrative Court [Supremo Tribunal Administrativo],Judgment,275/18.BELSB,"the, of, to, in, and, for, that, on, was, applicant",0.9732376614978748,0.88391566,0.86385447,0.89230585,0.8118331,LEGAL_GROUND,Applicant Detention and Asylum Claims
0,650_chunk000,650,0,2,The case concerns the suspension of the implementation of a decision on refusal of international protection.,650,PL: The Supreme Administrative Court rules on the right of stay in case of negative decision,https://caselaw.euaa.europa.eu/pages/viewcaselaw.aspx?CaseLawID=650&returnurl=%2fPages%2fsearch.aspx,Poland,20/12/2018,PL: Supreme Administrative Court [Naczelny Sąd Administracyjny],Order,II OZ 1239/18,"the, of, to, in, and, for, that, on, was, applicant",1.0,0.8535133,0.8391734,0.85141915,0.8117156,CREDIBILITY,Applicant Detention and Asylum Claims
0,650_chunk001,650,1,2,"The Supreme Court considering that the Polish provisions on granting international protection do not explicitly provide for the right to stay of a foreigner applying for international protection in proceedings before the court of first instance, rules that the fulfillment of the obligation under Art. 46 ust. 5 of the procedural directive 2013/32, must take place through the decision...",650,PL: The Supreme Administrative Court rules on the right of stay in case of negative decision,https://caselaw.euaa.europa.eu/pages/viewcaselaw.aspx?CaseLawID=650&returnurl=%2fPages%2fsearch.aspx,Poland,20/12/2018,PL: Supreme Administrative Court [Naczelny Sąd Administracyjny],Order,II OZ 1239/18,"the, of, to, in, and, for, that, on, was, applicant",0.9571234754618375,0.87048393,0.8408568,0.86521393,0.803791,CREDIBILITY,Applicant Detention and Asylum Claims
0,584_chunk000,584,0,2,"The applicant sought judicial review of the decision to refuse him asylum in Ireland, which he had applied for on the basis of fear of persecution due to issues with the Taliban and Lashkar-e-Islam. The applicant had tactically not applied for asylum in another Member State, which was a factor the decision maker was permitted to take into consideration.",584,IE: High Court's case concerned to the assessment of credibility in the application of a Pakistan citizen claimed to be persecuted bythe Taliban and Lashkar-e-Islam.,https://caselaw.euaa.europa.eu/pages/viewcaselaw.aspx?CaseLawID=584&returnurl=%2fPages%2fsearch.aspx,Ireland,18/12/2018,IE: High Court,Judgment,[2018] IEHC 769,"the, of, to, in, and, for, that, on, was, applicant",0.9911533815086861,0.8686831,0.8172637,0.8425127,0.7912199,CREDIBILITY,Applicant Detention and Asylum Claims
0,584_chunk001,584,1,2,The Court held that there is no obligation on the decision makers to contact bodies within the countries of origin to verify individual...,584,IE: High Court's case concerned to the assessment of credibility in the application of a Pakistan citizen claimed to be persecuted bythe Taliban and Lashkar-e-Islam.,https://caselaw.euaa.europa.eu/pages/viewcaselaw.aspx?CaseLawID=584&returnurl=%2fPages%2fsearch.aspx,Ireland,18/12/2018,IE: High Court,Judgment,[2018] IEHC 769,"the, of, to, in, and, for, that, on, was, applicant",1.0,0.8858042,0.84809494,0.8686313,0.82926446,CREDIBILITY,Applicant Detention and Asylum Claims
0,634_chunk000,634,0,2,"As per EDAL, On 7 December 2018, the Superior Court of Madrid ruled that the Spanish authorities had to ensure that an asylum seeker transferred to Spain from Germany under the Dublin Regulation would have access to the reception system.",634,ES: High Court of Justice ruled that the Spanish authorities have to ensure access to the reception system by asylum seekers transferred from other Member State.,https://caselaw.euaa.europa.eu/pages/viewcaselaw.aspx?CaseLawID=634&returnurl=%2fPages%2fsearch.aspx,Spain,07/12/2018,ES: High Court of Justice [Tribunal Superior de Justicia],Judgment,STSJ M 13292/2018 Resolution no. 494/2018,"the, of, to, in, and, for, that, on, was, applicant",0.9685916419655077,0.8494612,0.795261,0.8221528,0.76723415,CREDIBILITY,Applicant Detention and Asylum Claims
0,634_chunk001,634,1,2,"The Ministry of Labour, Migration and Social Security had withdrawn access to the reception system for the applicant on the ground that he had renounced the right to reception by leaving the country. The applicant, who was living in a shelter for homeless...",634,ES: High Court of Justice ruled that the Spanish authorities have to ensure access to the reception system by asylum seekers transferred from other Member State.,https://caselaw.euaa.europa.eu/pages/viewcaselaw.aspx?CaseLawID=634&returnurl=%2fPages%2fsearch.aspx,Spain,07/12/2018,ES: High Court of Justice [Tribunal Superior de Justicia],Judgment,STSJ M 13292/2018 Resolution no. 494/2018,"the, of, to, in, and, for, that, on, was, applicant",1.0,0.85770816,0.80640936,0.8440001,0.782258,CREDIBILITY,Applicant Detention and Asylum Claims
0,541_chunk000,541,0,2,"A group of 18 Senators of the Senate of the Parliament of the Czech Republic (hereinafter referred to as ""the petitioners"") proposed to the Constitutional Court that in the Act No. 326/1999 Coll., On the Residence of Foreign Nationals in the Czech Republic and on Amendments to Certain Acts, hereinafter referred to as the ""Aliens Act""), repealed the provisions of Section 169r (1) j) and § 172 para.",541,CZ Constitutional Court rules on the right to effective remedy,https://caselaw.euaa.europa.eu/pages/viewcaselaw.aspx?CaseLawID=541&returnurl=%2fPages%2fsearch.aspx,Czech Republic,27/11/2018,CZ: Constitutional Court [Ústavní Soud],Judgment,Pl. ÚS 41/17,"the, of, to, in, and, for, that, on, was, applicant",0.933971783738306,0.8250814,0.7931719,0.82021224,0.759929,CREDIBILITY,Applicant Detention and Asylum Claims
0,541_chunk001,541,1,2,6. The Senators also proposed that the Constitutional Court should annul the provisions of Section...,541,CZ Constitutional Court rules on the right to effective remedy,https://caselaw.euaa.europa.eu/pages/viewcaselaw.aspx?CaseLawID=541&returnurl=%2fPages%2fsearch.aspx,Czech Republic,27/11/2018,CZ: Constitutional Court [Ústavní Soud],Judgment,Pl. ÚS 41/17,"the, of, to, in, and, for, that, on, was, applicant",0.951874246277578,0.8436784,0.82795036,0.84594077,0.81808376,LEGAL_GROUND,Applicant Detention and Asylum Claims
0,658_chunk000,658,0,2,"On November 2018, the Supreme Court of Madrid ruled that the Spanish authorities had to ensure the access to a reception centers to an international protection applicant who previously abandon the assigned center to travel to the Netherlands.",658,ES: High Court of Justice ruled that the Spanish authorities have to ensure access to the reception system by international protection applicants transferred from other Member State.,https://caselaw.euaa.europa.eu/pages/viewcaselaw.aspx?CaseLawID=658&returnurl=%2fPages%2fsearch.aspx,Spain,22/11/2018,ES: High Court of Justice [Tribunal Superior de Justicia],Judgment,STSJ M 12520/2018 Resolution: 913/2018,"the, of, to, in, and, for, that, on, was, applicant",0.9726500852973164,0.866304,0.8255921,0.8394773,0.8081933,CREDIBILITY,Applicant Detention and Asylum Claims
0,658_chunk001,658,1,2,The Ministry of Labour and Social Security had withdrawn access to the reception system based on the ground that the applicant lost his right to stay there when left his previous center without previous communication. According to the Spanish...,658,ES: High Court of Justice ruled that the Spanish authorities have to ensure access to the reception system by international protection applicants transferred from other Member State.,https://caselaw.euaa.europa.eu/pages/viewcaselaw.aspx?CaseLawID=658&returnurl=%2fPages%2fsearch.aspx,Spain,22/11/2018,ES: High Court of Justice [Tribunal Superior de Justicia],Judgment,STSJ M 12520/2018 Resolution: 913/2018,"the, of, to, in, and, for, that, on, was, applicant",1.0,0.8613319,0.8210768,0.8482007,0.79212195,CREDIBILITY,Applicant Detention and Asylum Claims
0,554_chunk000,554,0,2,"Appeal against case no. 16/23224 of the Court of The Hague issued on the 1st June 2017. By decision of 10 October 2016, the State Secretary rejected an application from the foreign national to grant her a temporary asylum residence permit and issued an entry ban against her. By judgment of 1 June 2017, the court dismissed the appeal against this decision by the foreign national as unfounded.",554,NL: Court of The Hague ruled on the right to asylum when the TCN has adopted Western lifestyle,https://caselaw.euaa.europa.eu/pages/viewcaselaw.aspx?CaseLawID=554&returnurl=%2fPages%2fsearch.aspx,Netherlands,21/11/2018,NL: Court of The Hague [Rechtbank Den Haag],Judgment,201704575/1 /V2,"the, of, to, in, and, for, that, on, was, applicant",0.9767160812612179,0.8527059,0.82332695,0.83748317,0.8015696,CREDIBILITY,Applicant Detention and Asylum Claims
0,554_chunk001,554,1,2,The foreign national then decided to appeal the Court of The Hague decision. ...,554,NL: Court of The Hague ruled on the right to asylum when the TCN has adopted Western lifestyle,https://caselaw.euaa.europa.eu/pages/viewcaselaw.aspx?CaseLawID=554&returnurl=%2fPages%2fsearch.aspx,Netherlands,21/11/2018,NL: Court of The Hague [Rechtbank Den Haag],Judgment,201704575/1 /V2,"the, of, to, in, and, for, that, on, was, applicant",1.0,0.8432876,0.82092345,0.8380879,0.78045136,CREDIBILITY,Applicant Detention and Asylum Claims
0,557_chunk000,557,0,1,"Appeal against the decision of the Court of The Hague, Middelburg seat, of January 12, 2017 in case no. 16/29461 by which the State Secretary for Justice and Security rejected an application from the foreign national to grant her a temporary asylum residence permit and issued an entry ban against her. ...",557,NL: Court of The Hague ruled on the right to asylum when the TCN has adopted Western lifestyle,https://caselaw.euaa.europa.eu/pages/viewcaselaw.aspx?CaseLawID=557&returnurl=%2fPages%2fsearch.aspx,Netherlands,21/11/2018,NL: Court of The Hague [Rechtbank Den Haag],Judgment,201700575/1/V2,"the, of, to, in, and, for, that, on, was, applicant",1.0,0.8578921,0.81664294,0.83815336,0.79257756,CREDIBILITY,Applicant Detention and Asylum Claims
0,504_chunk000,504,0,2,The judgement dealt with the application of Article 5(2) of Commission Regulation (EC) No 1560/2003 of 2 September 2003 laying down detailed rules for the application of the Dublin II Regulation.,504,CJEU ruled on the Dublin procedure,https://caselaw.euaa.europa.eu/pages/viewcaselaw.aspx?CaseLawID=504&returnurl=%2fPages%2fsearch.aspx,European Union,13/11/2018,EU: Court of Justice of the European Union [CJEU],Judgment,C-47/17 C-48/17,"the, of, to, in, and, for, that, on, was, applicant",0.9652884959332135,0.80698436,0.78321457,0.798256,0.73470634,CREDIBILITY,Applicant Detention and Asylum Claims
0,504_chunk001,504,1,2,"A Member State which has earlier denied a request of take charge or take back according to Articles 21 or 23 of the Dublin III Regulation within the time limits and which, thereafter, receives a re-examination request under Article 5(2) of Regulation No 1560/2003, must...",504,CJEU ruled on the Dublin procedure,https://caselaw.euaa.europa.eu/pages/viewcaselaw.aspx?CaseLawID=504&returnurl=%2fPages%2fsearch.aspx,European Union,13/11/2018,EU: Court of Justice of the European Union [CJEU],Judgment,C-47/17 C-48/17,"the, of, to, in, and, for, that, on, was, applicant",0.9445896885808459,0.86102396,0.8315202,0.849575,0.78614426,CREDIBILITY,Applicant Detention and Asylum Claims
0,513_chunk000,513,0,2,"The case concerned revocation of a residence permit and refugee status granted to an Afghan woman and her child cf. the Immigration Act Section 37 first paragraph, letter e). The husband arrived in Norway and thus the basis for their permits no longer existed.",513,NO: Supreme Court case concerned to the revocation of residence permit and the right to private life,https://caselaw.euaa.europa.eu/pages/viewcaselaw.aspx?CaseLawID=513&returnurl=%2fPages%2fsearch.aspx,Norway,08/11/2018,NO: Supreme Court [Noregs Høgsterett],,HR-2018-2133-A (case no. 2017/2179),"the, of, to, in, and, for, that, on, was, applicant",0.9271348519916703,0.87377816,0.82707477,0.86564827,0.7970822,CREDIBILITY,Applicant Detention and Asylum Claims
0,513_chunk001,513,1,2,The Supreme Court narrowed the scope of their assessment to be that of whether the revocation violated their right to private life cf. the European Convention of Human Rights Article 8 and Paragraph 102 of the Norwegian...,513,NO: Supreme Court case concerned to the revocation of residence permit and the right to private life,https://caselaw.euaa.europa.eu/pages/viewcaselaw.aspx?CaseLawID=513&returnurl=%2fPages%2fsearch.aspx,Norway,08/11/2018,NO: Supreme Court [Noregs Høgsterett],,HR-2018-2133-A (case no. 2017/2179),"the, of, to, in, and, for, that, on, was, applicant",0.9934241040183811,0.8678768,0.8224006,0.8747966,0.81000006,LEGAL_GROUND,Applicant Detention and Asylum Claims
0,366_chunk000,366,0,2,"In this case the applicant (Nigeria) arrived to Ireland in October 2016. He claimed to be bisexual and that he was the subject of an attempt to force him to join a cult in Nigeria. On May 2017, the International Protection Office informed him the refusal of his application for protection on the ground of lack of credibility. He appealed the decision.",366,IE: High Court's case concerned to what matters or omissions go to credibility and the weight to be placed on the evidence.,https://caselaw.euaa.europa.eu/pages/viewcaselaw.aspx?CaseLawID=366&returnurl=%2fPages%2fsearch.aspx,Ireland,06/11/2018,IE: High Court,Judgment,[2018] IEHC 630,"the, of, to, in, and, for, that, on, was, applicant",1.0,0.87001014,0.8153012,0.84169334,0.7802584,CREDIBILITY,Applicant Detention and Asylum Claims
0,366_chunk001,366,1,2,Relief sought The relief sought in the proceedings is certiorari of the decision of the tribunal. The grounds of challenge essentially fell...,366,IE: High Court's case concerned to what matters or omissions go to credibility and the weight to be placed on the evidence.,https://caselaw.euaa.europa.eu/pages/viewcaselaw.aspx?CaseLawID=366&returnurl=%2fPages%2fsearch.aspx,Ireland,06/11/2018,IE: High Court,Judgment,[2018] IEHC 630,"the, of, to, in, and, for, that, on, was, applicant",0.9901710547728118,0.8394032,0.8385434,0.8315271,0.79915065,CREDIBILITY,Applicant Detention and Asylum Claims
0,577_chunk000,577,0,2,"This case concerns the validity of asylum application in accordance with § 29 para. 1 no. 5 i. V. m. Section 71a (1) Asylum Act, in accordance with Section 31 (3) Sentence 1 AsylG. It also refers to the examination of a prohibition on removal according to § 60 Abs. 5 AufenthG i. V. m.",577,DE: The Higher Court of Saxony rules on assessment of the situation of security on the country of origin,https://caselaw.euaa.europa.eu/pages/viewcaselaw.aspx?CaseLawID=577&returnurl=%2fPages%2fsearch.aspx,Germany,25/10/2018,DE: Higher Administrative Court (Oberverwaltungsgericht/Verwaltungsgerichtshof),Judgment,5 A 806/17,"the, of, to, in, and, for, that, on, was, applicant",0.9332628685600988,0.84627074,0.8067075,0.8588356,0.752082,LEGAL_GROUND,Applicant Detention and Asylum Claims
0,577_chunk001,577,1,2,"Article 3 ECHR, depending on the circumstances of the individual case - firstly - asserted individual threats in the country of origin, - secondly - the existence of a situation of generalized violence in the...",577,DE: The Higher Court of Saxony rules on assessment of the situation of security on the country of origin,https://caselaw.euaa.europa.eu/pages/viewcaselaw.aspx?CaseLawID=577&returnurl=%2fPages%2fsearch.aspx,Germany,25/10/2018,DE: Higher Administrative Court (Oberverwaltungsgericht/Verwaltungsgerichtshof),Judgment,5 A 806/17,"the, of, to, in, and, for, that, on, was, applicant",0.9850397678211312,0.8695318,0.8179121,0.879939,0.7645462,LEGAL_GROUND,Applicant Detention and Asylum Claims
0,591_chunk000,591,0,2,"I- Matters regarding the hearing of the interested party with respect to inadmissibility decisions on a request for international protection and the transfer of an applicant for international protection, rendered further to a decision to accept the taking back request by another member state, are governed by Article 5 of Regulation (EU) No 604/2013 of the European Parliament and of the Council of ",591,PT: Administrative Court of Appeal ruled on Dublin transfer.,https://caselaw.euaa.europa.eu/pages/viewcaselaw.aspx?CaseLawID=591&returnurl=%2fPages%2fsearch.aspx,Portugal,18/10/2018,PT: Central Administrative Court [Tribunal Central Administrativo],Judgment,1177/18.4BELSB,"the, of, to, in, and, for, that, on, was, applicant",0.9436519157411201,0.866741,0.83971924,0.85692596,0.79713804,CREDIBILITY,Applicant Detention and Asylum Claims
0,591_chunk001,591,1,2,"26 June 2013.

II – The aforesaid Article 5 of the Regulation (EU) No 604/2013 does not provide for...",591,PT: Administrative Court of Appeal ruled on Dublin transfer.,https://caselaw.euaa.europa.eu/pages/viewcaselaw.aspx?CaseLawID=591&returnurl=%2fPages%2fsearch.aspx,Portugal,18/10/2018,PT: Central Administrative Court [Tribunal Central Administrativo],Judgment,1177/18.4BELSB,"the, of, to, in, and, for, that, on, was, applicant",0.9403839310744952,0.8196061,0.789318,0.8271017,0.7651895,LEGAL_GROUND,Applicant Detention and Asylum Claims
0,649_chunk000,649,0,2,"If an affiliate with a time-limited residence permit and status as an alternative person in need of protection can be considered to have well-founded prospects of being granted a permanent residence permit, it can be judged on the basis of how likely it is that the need for protection remains when the current permit expires.",649,SE: The Migration Court of Appeal provided guidance on the assessment of the likelihood to be granted a permanent residence permit for beneficiaries of subsidiary protection,https://caselaw.euaa.europa.eu/pages/viewcaselaw.aspx?CaseLawID=649&returnurl=%2fPages%2fsearch.aspx,Sweden,18/10/2018,SE: Migration Court of Appeal [Migrationsöverdomstolen],Judgment,UM3009-18 (MIG 2018:19),"the, of, to, in, and, for, that, on, was, applicant",0.9383651195273363,0.8877525,0.84157896,0.86709774,0.80973804,CREDIBILITY,Applicant Detention and Asylum Claims
0,649_chunk001,649,1,2,"Here, both the individual protection reasons and the current land information must be considered. The possibility of obtaining a residence permit due to work or qualifying...",649,SE: The Migration Court of Appeal provided guidance on the assessment of the likelihood to be granted a permanent residence permit for beneficiaries of subsidiary protection,https://caselaw.euaa.europa.eu/pages/viewcaselaw.aspx?CaseLawID=649&returnurl=%2fPages%2fsearch.aspx,Sweden,18/10/2018,SE: Migration Court of Appeal [Migrationsöverdomstolen],Judgment,UM3009-18 (MIG 2018:19),"the, of, to, in, and, for, that, on, was, applicant",0.9508296036784877,0.89021564,0.8422785,0.8734173,0.8083401,CREDIBILITY,Applicant Detention and Asylum Claims
0,579_chunk000,579,0,2,The applicants in each of these six cases have brought proceedings making the technical objection that the International Protection Office used contractors in the process of coming up with a negative recommendation.,579,IE: High Court ruled on the principle of balance of convenience and justice when assessing an appeal.,https://caselaw.euaa.europa.eu/pages/viewcaselaw.aspx?CaseLawID=579&returnurl=%2fPages%2fsearch.aspx,Ireland,09/10/2018,IE: High Court,Judgment,"[2018] IEHC 499 Joint cases: [2018 No. 454 J.R.], [2018 No. 535 J.R.], [2018 No. 551 J.R.], [2018 No. 541 J.R.], [2018 No. 577 J.R.] and [2018 No. 517 J.R.].","the, of, to, in, and, for, that, on, was, applicant",0.9837327296353353,0.87904495,0.87280476,0.8727096,0.85342866,CREDIBILITY,Applicant Detention and Asylum Claims
0,579_chunk001,579,1,2,The issue now is whether the present applicants in other cases raising the same or similar points should get the benefit of a stay restraining the International Protection Appeals Tribunal from carrying out its statutory duty to hear their appeals from the IPO recommendations...,579,IE: High Court ruled on the principle of balance of convenience and justice when assessing an appeal.,https://caselaw.euaa.europa.eu/pages/viewcaselaw.aspx?CaseLawID=579&returnurl=%2fPages%2fsearch.aspx,Ireland,09/10/2018,IE: High Court,Judgment,"[2018] IEHC 499 Joint cases: [2018 No. 454 J.R.], [2018 No. 535 J.R.], [2018 No. 551 J.R.], [2018 No. 541 J.R.], [2018 No. 577 J.R.] and [2018 No. 517 J.R.].","the, of, to, in, and, for, that, on, was, applicant",0.9611356168331822,0.86622655,0.84638137,0.8561339,0.82243896,CREDIBILITY,Applicant Detention and Asylum Claims
0,505_chunk000,505,0,3,Judgment 1.,505,CJEU ruled on the Dublin procedure when there is no explicit decision on the responsible Member State.,https://caselaw.euaa.europa.eu/pages/viewcaselaw.aspx?CaseLawID=505&returnurl=%2fPages%2fsearch.aspx,European Union,04/10/2018,EU: Court of Justice of the European Union [CJEU],,C-56/17,"the, of, to, in, and, for, that, on, was, applicant",0.9223664023361818,0.5179409,0.5534982,0.5301259,0.641055,EXPLANATION,Applicant Detention and Asylum Claims
0,505_chunk001,505,1,3,"This request for a preliminary ruling concerns the interpretation of Article 4(2) and (5)(b), Article 9(1) and (2) and Article 10(1) and (2) of Directive 2011/95/EU of the European Parliament and of the Council of 13 December 2011 on standards for the qualification of third-country nationals or stateless persons as beneficiaries of international protection, for a uniform status for refugees or for",505,CJEU ruled on the Dublin procedure when there is no explicit decision on the responsible Member State.,https://caselaw.euaa.europa.eu/pages/viewcaselaw.aspx?CaseLawID=505&returnurl=%2fPages%2fsearch.aspx,European Union,04/10/2018,EU: Court of Justice of the European Union [CJEU],,C-56/17,"the, of, to, in, and, for, that, on, was, applicant",0.9080865202998114,0.81767815,0.7721223,0.8017732,0.71625555,CREDIBILITY,Applicant Detention and Asylum Claims
0,505_chunk002,505,2,3," persons eligible for subsidiary protection, and for the content of the protection...",505,CJEU ruled on the Dublin procedure when there is no explicit decision on the responsible Member State.,https://caselaw.euaa.europa.eu/pages/viewcaselaw.aspx?CaseLawID=505&returnurl=%2fPages%2fsearch.aspx,European Union,04/10/2018,EU: Court of Justice of the European Union [CJEU],,C-56/17,"the, of, to, in, and, for, that, on, was, applicant",1.0,0.8328949,0.8101984,0.84847957,0.7920536,LEGAL_GROUND,Applicant Detention and Asylum Claims
0,645_chunk000,645,0,2,"As per CNDA press release: When the ECtHR concludes that there is a real risk of inhuman or degrading treatment if returned to the country of origin, the CNDA is obliged not only to consider as admissible a request for review by the person concerned but also to grant him at least the benefit of subsidiary protection within the meaning of Article L. 712-1 (b) of the CESEDA.",645,"FR: Council of State ruled that a final judgment by the ECtHR finding that a removal measure to the country of origin would constitute a violation of Article 3 ECHR constitutes new evidence, warranting admissibility of the subsequent application.",https://caselaw.euaa.europa.eu/pages/viewcaselaw.aspx?CaseLawID=645&returnurl=%2fPages%2fsearch.aspx,France,03/10/2018,FR: Council of State [Conseil d'État],Judgment,No. 406222,"the, of, to, in, and, for, that, on, was, applicant",0.9171823835355348,0.8783385,0.8248448,0.86178803,0.781622,CREDIBILITY,Applicant Detention and Asylum Claims
0,645_chunk001,645,1,2,"By this decision, the Conseil d'Etat applies its Vernes case-law, in which it acknowledged the obligation of...",645,"FR: Council of State ruled that a final judgment by the ECtHR finding that a removal measure to the country of origin would constitute a violation of Article 3 ECHR constitutes new evidence, warranting admissibility of the subsequent application.",https://caselaw.euaa.europa.eu/pages/viewcaselaw.aspx?CaseLawID=645&returnurl=%2fPages%2fsearch.aspx,France,03/10/2018,FR: Council of State [Conseil d'État],Judgment,No. 406222,"the, of, to, in, and, for, that, on, was, applicant",0.9390385948076997,0.8099005,0.8088943,0.7963335,0.77042466,CREDIBILITY,Applicant Detention and Asylum Claims
0,651_chunk000,651,0,2,According to the Press Release: In its decision in the case of Saidani v. Germany (application no. 17675/18) the European Court of Human Rights has unanimously declared the application inadmissible. The decision is final.,651,The ECtHR ruled in the case of an applicant’s deportation from Germany to Tunisia deemed to be a potential offender who posed a threat to national security.,https://caselaw.euaa.europa.eu/pages/viewcaselaw.aspx?CaseLawID=651&returnurl=%2fPages%2fsearch.aspx,Council of Europe,27/09/2018,CoE: European Court of Human Rights [ECtHR],Judgment,No 17675/18,"the, of, to, in, and, for, that, on, was, applicant",0.9604968178016221,0.8060689,0.78270626,0.80693775,0.74596155,LEGAL_GROUND,Applicant Detention and Asylum Claims
0,651_chunk001,651,1,2,"The case concerned the applicant's deportation from Germany to Tunisia because he was deemed to be a potential offender who posed a threat to national security (so-called “Gefährder”), based on his activities for “Islamic State”. The Court...",651,The ECtHR ruled in the case of an applicant’s deportation from Germany to Tunisia deemed to be a potential offender who posed a threat to national security.,https://caselaw.euaa.europa.eu/pages/viewcaselaw.aspx?CaseLawID=651&returnurl=%2fPages%2fsearch.aspx,Council of Europe,27/09/2018,CoE: European Court of Human Rights [ECtHR],Judgment,No 17675/18,"the, of, to, in, and, for, that, on, was, applicant",1.0,0.83379894,0.7686736,0.84142166,0.7281707,LEGAL_GROUND,Applicant Detention and Asylum Claims
0,606_chunk000,606,0,2,"1. This request for a preliminary ruling concerns the interpretation of Article 46 of Directive 2013/32/EU of the European Parliament and of the Council of 26 June 2013 on common procedures for granting and withdrawing international protection (OJ 2013 L 180, p.",606,The CJEU ruled on the right to effective remedy and suspensive effect of appeals,https://caselaw.euaa.europa.eu/pages/viewcaselaw.aspx?CaseLawID=606&returnurl=%2fPages%2fsearch.aspx,European Union,26/09/2018,EU: Court of Justice of the European Union [CJEU],Judgment,C-180/17,"the, of, to, in, and, for, that, on, was, applicant",0.8961480681113058,0.7879357,0.7659286,0.7829279,0.72857827,CREDIBILITY,Applicant Detention and Asylum Claims
0,606_chunk001,606,1,2,60) and of Article 13 of Directive 2008/115/EC of the European Parliament and of the Council of 16 December 2008 on common standards and procedures in Member States for returning illegally staying third-country nationals (OJ 2008 L...,606,The CJEU ruled on the right to effective remedy and suspensive effect of appeals,https://caselaw.euaa.europa.eu/pages/viewcaselaw.aspx?CaseLawID=606&returnurl=%2fPages%2fsearch.aspx,European Union,26/09/2018,EU: Court of Justice of the European Union [CJEU],Judgment,C-180/17,"the, of, to, in, and, for, that, on, was, applicant",0.9186613032153436,0.75718194,0.69884133,0.7472459,0.6559677,CREDIBILITY,Applicant Detention and Asylum Claims
0,607_chunk000,607,0,2,"X, an Iraqi national, was notified of the withdrawal of his fixed-period residence permit, the rejection of his application for international protection, and an obligation to return. X appealed against that decision before the District Court of The Hague in the Netherlands, which annulled it whilst maintaining its legal effects.",607,"The CJEU ruled that Article 39 of the Qualification directive and Article 13 of the Return Directive read in light of Articles 18, 19(2) and 47 of the Charter require that Member States provide for a single judicial remedy and thus not for introduction of a second level of jurisdiction against rejection and return decisions, which falls under the domestic legal orders.",https://caselaw.euaa.europa.eu/pages/viewcaselaw.aspx?CaseLawID=607&returnurl=%2fPages%2fsearch.aspx,European Union,26/09/2018,EU: Court of Justice of the European Union [CJEU],Judgment,C-175/17,"the, of, to, in, and, for, that, on, was, applicant",0.990402077842181,0.8533162,0.811657,0.82279515,0.7869633,CREDIBILITY,Applicant Detention and Asylum Claims
0,607_chunk001,607,1,2,The Council of State subsequently dismissed the appeal brought by X against that judgment. Since X had been granted advances on the financial contributions to rental...,607,"The CJEU ruled that Article 39 of the Qualification directive and Article 13 of the Return Directive read in light of Articles 18, 19(2) and 47 of the Charter require that Member States provide for a single judicial remedy and thus not for introduction of a second level of jurisdiction against rejection and return decisions, which falls under the domestic legal orders.",https://caselaw.euaa.europa.eu/pages/viewcaselaw.aspx?CaseLawID=607&returnurl=%2fPages%2fsearch.aspx,European Union,26/09/2018,EU: Court of Justice of the European Union [CJEU],Judgment,C-175/17,"the, of, to, in, and, for, that, on, was, applicant",0.9832546817270325,0.8414546,0.8311296,0.84399176,0.80794585,LEGAL_GROUND,Applicant Detention and Asylum Claims
0,657_chunk000,657,0,2,"A citizen of Eritrea and her child applied for family reunification with the husband/father of the child, who held a residence permit in Norway as a refugee. The applicant appeared personally at the foreign service mission approximately one year and three weeks after the sponsor was granted his residence permit.",657,NO: Norwegian Immigration Appeals Board decides on income requirement exemption and time-frames,https://caselaw.euaa.europa.eu/pages/viewcaselaw.aspx?CaseLawID=657&returnurl=%2fPages%2fsearch.aspx,Norway,20/09/2018,NO: Immigration Appeals Board [Utlendingsnemnda (UNE)],Decision,N18162210927,"the, of, to, in, and, for, that, on, was, applicant",0.9540305913571631,0.8417132,0.79455596,0.8153226,0.7768145,CREDIBILITY,Applicant Detention and Asylum Claims
0,657_chunk001,657,1,2,She had registered the application online and paid the fee about 10 months after the permit was granted. The Immigration Regulations Section 10-8 states that in order to be granted...,657,NO: Norwegian Immigration Appeals Board decides on income requirement exemption and time-frames,https://caselaw.euaa.europa.eu/pages/viewcaselaw.aspx?CaseLawID=657&returnurl=%2fPages%2fsearch.aspx,Norway,20/09/2018,NO: Immigration Appeals Board [Utlendingsnemnda (UNE)],Decision,N18162210927,"the, of, to, in, and, for, that, on, was, applicant",0.9347324429467031,0.88269335,0.8417922,0.85516167,0.8117559,CREDIBILITY,Applicant Detention and Asylum Claims
0,635_chunk000,635,0,2,"This judgment stated that when the administration has completed all the procedures with its obligations under a controlled transfer and that the applicant, even though he had complied with the terms of his house arrest and was present several times in the prefecture during this period of summons, refused to board a flight in which a place was reserved for him, this refusal to embark must be regard",635,FR: Council of State ruled on a case of refusal to board of a flight to transfer him under Dublin procedure,https://caselaw.euaa.europa.eu/pages/viewcaselaw.aspx?CaseLawID=635&returnurl=%2fPages%2fsearch.aspx,France,27/08/2018,FR: Council of State [Conseil d'État],Judgment,423267,"the, of, to, in, and, for, that, on, was, applicant",0.9762438836542834,0.8753325,0.852642,0.85003084,0.81737065,CREDIBILITY,Applicant Detention and Asylum Claims
0,635_chunk001,635,1,2,"ed as an intentional subtraction to the implementation of his transfer, and consequently the...",635,FR: Council of State ruled on a case of refusal to board of a flight to transfer him under Dublin procedure,https://caselaw.euaa.europa.eu/pages/viewcaselaw.aspx?CaseLawID=635&returnurl=%2fPages%2fsearch.aspx,France,27/08/2018,FR: Council of State [Conseil d'État],Judgment,423267,"the, of, to, in, and, for, that, on, was, applicant",0.970430762393673,0.84946066,0.83909035,0.8472068,0.8217166,CREDIBILITY,Applicant Detention and Asylum Claims
0,640_chunk000,640,0,1,"The case relates to the transfer of an asylum seeker to Germany under Dublin Regulation. The applicant requests the annulment of the decision refusing his stay and ordering his leave on medical grounds (diabetes and Parkinson's disease).

...",640,BE: Council for Alien Law Litigation's case annulling the transfer to a transfer to Germany,https://caselaw.euaa.europa.eu/pages/viewcaselaw.aspx?CaseLawID=640&returnurl=%2fPages%2fsearch.aspx,Belgium,30/07/2018,BE: Council for Alien Law Litigation [Conseil du Contentieux des Étrangers - CALL],Judgment,207355,"the, of, to, in, and, for, that, on, was, applicant",1.0,0.8545854,0.80679095,0.8431327,0.7612556,CREDIBILITY,Applicant Detention and Asylum Claims
0,1088_chunk000,1088,0,2,"The decision concerns two joined cases 422159 and 422160, in which the applicants requested from the OFPRA the allowance for asylum applicants and transport vouchers necessary for them to travel to a hearing for the purpose of the Dublin procedure.",1088,FR: Council of State rules on state obligation to provide travel vouchers for attending a hearing within Dublin procedure,https://caselaw.euaa.europa.eu/pages/viewcaselaw.aspx?CaseLawID=1088&returnurl=%2fPages%2fsearch.aspx,France,26/07/2018,FR: Council of State [Conseil d'État],Judgment,422159 422160,"the, of, to, in, and, for, that, on, was, applicant",1.0,0.85768026,0.8310563,0.8382679,0.7973566,CREDIBILITY,Applicant Detention and Asylum Claims
0,1088_chunk001,1088,1,2,The Council of State held that if the applicants would be refused travel vouchers such a situation is likely to amount to a serious and manifestly unlawful interference with their right to enjoy a procedure for examining...,1088,FR: Council of State rules on state obligation to provide travel vouchers for attending a hearing within Dublin procedure,https://caselaw.euaa.europa.eu/pages/viewcaselaw.aspx?CaseLawID=1088&returnurl=%2fPages%2fsearch.aspx,France,26/07/2018,FR: Council of State [Conseil d'État],Judgment,422159 422160,"the, of, to, in, and, for, that, on, was, applicant",0.9307560666755829,0.87615234,0.8340561,0.8668352,0.7945869,CREDIBILITY,Applicant Detention and Asylum Claims
0,583_chunk000,583,0,2,Two related cases involved applicants applying for asylum on the basis of claiming persecution because of their sexual orientation. The applicants submited that the correct standard of proof required should be a reasonable degree of likelihood.,583,IE: High Court's case concerned the reasonable degree of likelihood when assessing an application.,https://caselaw.euaa.europa.eu/pages/viewcaselaw.aspx?CaseLawID=583&returnurl=%2fPages%2fsearch.aspx,Ireland,12/07/2018,IE: High Court,Judgment,[2018] IEHC 782,"the, of, to, in, and, for, that, on, was, applicant",1.0,0.89419967,0.8435528,0.8735386,0.82735825,CREDIBILITY,Applicant Detention and Asylum Claims
0,583_chunk001,583,1,2,"The point raised was not adequately or properly pleaded and failed to specify whether the appropriate standard derived from EU law, international law or domestic law. The applicants also gave no legal basis for the test contended for; there was no...",583,IE: High Court's case concerned the reasonable degree of likelihood when assessing an application.,https://caselaw.euaa.europa.eu/pages/viewcaselaw.aspx?CaseLawID=583&returnurl=%2fPages%2fsearch.aspx,Ireland,12/07/2018,IE: High Court,Judgment,[2018] IEHC 782,"the, of, to, in, and, for, that, on, was, applicant",1.0,0.8770785,0.8637454,0.887035,0.8497002,LEGAL_GROUND,Applicant Detention and Asylum Claims
0,652_chunk000,652,0,2,"According to the Press Release: The applicant, Mr X, is a Moroccan national who was born in 1988 and is currently in the Netherlands. The case concerned his possible expulsion from the Netherlands to Morocco. He left Morocco in 2012 and went to stay with family in the Netherlands, overstaying his tourist visa.",652,ECHR's case related to the removal of a Moroccan national from the Netherlands to his country of origin.,https://caselaw.euaa.europa.eu/pages/viewcaselaw.aspx?CaseLawID=652&returnurl=%2fPages%2fsearch.aspx,Council of Europe,10/07/2018,CoE: European Court of Human Rights [ECtHR],Judgment,14319/17,"the, of, to, in, and, for, that, on, was, applicant",1.0,0.8486418,0.79308677,0.8304933,0.7695866,CREDIBILITY,Applicant Detention and Asylum Claims
0,652_chunk001,652,1,2,In 2014 he was arrested on suspicion of planning terrorist attacks in the Netherlands and placed in police custody. In June 2016 he was convicted of preparing terrorist offences and...,652,ECHR's case related to the removal of a Moroccan national from the Netherlands to his country of origin.,https://caselaw.euaa.europa.eu/pages/viewcaselaw.aspx?CaseLawID=652&returnurl=%2fPages%2fsearch.aspx,Council of Europe,10/07/2018,CoE: European Court of Human Rights [ECtHR],Judgment,14319/17,"the, of, to, in, and, for, that, on, was, applicant",0.9529899808647269,0.8322488,0.78010815,0.832893,0.7327559,LEGAL_GROUND,Applicant Detention and Asylum Claims
0,608_chunk000,608,0,2,"Three country nationals, C, J, and S, had their applications for international protection rejected in the Netherlands and were detained with a view to preparing their return. C's application for international protection was rejected on 11 April 2017, and C was detained on 13 April.",608,"The CJEU ruled that the Return and Asylum Procedures Directives preclude the detention of third country nationals after receiving a return and rejection decision on their applications while the appeal against such decision is being decided on, or while the outcome of the action to determine whether they might remain or not in the territory is pending.",https://caselaw.euaa.europa.eu/pages/viewcaselaw.aspx?CaseLawID=608&returnurl=%2fPages%2fsearch.aspx,European Union,05/07/2018,EU: Court of Justice of the European Union [CJEU],Order,C-269/18 PPU,"the, of, to, in, and, for, that, on, was, applicant",0.9679151199791569,0.8413268,0.7823744,0.81515026,0.7623337,CREDIBILITY,Applicant Detention and Asylum Claims
0,608_chunk001,608,1,2,"The judge at first instance found that the detention was based on an incorrect legal basis, and the Secretary of State appealed to the Council of State. On 31 July, the district court of the Hague, sitting in...",608,"The CJEU ruled that the Return and Asylum Procedures Directives preclude the detention of third country nationals after receiving a return and rejection decision on their applications while the appeal against such decision is being decided on, or while the outcome of the action to determine whether they might remain or not in the territory is pending.",https://caselaw.euaa.europa.eu/pages/viewcaselaw.aspx?CaseLawID=608&returnurl=%2fPages%2fsearch.aspx,European Union,05/07/2018,EU: Court of Justice of the European Union [CJEU],Order,C-269/18 PPU,"the, of, to, in, and, for, that, on, was, applicant",1.0,0.8686873,0.8337884,0.84731233,0.8053208,CREDIBILITY,Applicant Detention and Asylum Claims
0,562_chunk000,562,0,2,The case raises the issue of whether a subsequent application for asylum has been submitted at the time when the foreign national applies in writing by expressing the wish to submit an application for a temporary asylum residence permit or at the time when he/she uses the appropriate form to submit the application for asylum.,562,NL: The Council of State ruled on moment at which an asylum application is dealt with in Dutch legislation.,https://caselaw.euaa.europa.eu/pages/viewcaselaw.aspx?CaseLawID=562&returnurl=%2fPages%2fsearch.aspx,Netherlands,28/06/2018,NL: Council of State [Afdeling Bestuursrechtspraak van de Raad van State],Judgment,201701568/1/V1,"the, of, to, in, and, for, that, on, was, applicant",1.0,0.8808545,0.8546835,0.86234534,0.787829,CREDIBILITY,Applicant Detention and Asylum Claims
0,562_chunk001,562,1,2,"This moment is important for the commencement date of the temporary asylum residence permit granted to the foreign national.

By decision...",562,NL: The Council of State ruled on moment at which an asylum application is dealt with in Dutch legislation.,https://caselaw.euaa.europa.eu/pages/viewcaselaw.aspx?CaseLawID=562&returnurl=%2fPages%2fsearch.aspx,Netherlands,28/06/2018,NL: Council of State [Afdeling Bestuursrechtspraak van de Raad van State],Judgment,201701568/1/V1,"the, of, to, in, and, for, that, on, was, applicant",1.0,0.86849076,0.8347269,0.85493416,0.80231243,CREDIBILITY,Applicant Detention and Asylum Claims
0,563_chunk000,563,0,2,"The case concerns the moment at which an asylum application is lodged, in particular with regard to a subsequent asylum application. This moment is important for the entitlement to reception by the foreign national.",563,NL: The Council of State ruled on moment at which an asylum application is dealt with in Dutch legislation.,https://caselaw.euaa.europa.eu/pages/viewcaselaw.aspx?CaseLawID=563&returnurl=%2fPages%2fsearch.aspx,Netherlands,28/06/2018,NL: Council of State [Afdeling Bestuursrechtspraak van de Raad van State],Judgment,201706173/1/V1,"the, of, to, in, and, for, that, on, was, applicant",1.0,0.8923104,0.8550303,0.86494374,0.80138105,CREDIBILITY,Applicant Detention and Asylum Claims
0,563_chunk001,563,1,2,"On 6 June 2017, the Central Agency for the Reception of Asylum Seekers (COA) rejected an application from a foreign national to allow the benefit of reception conditions. By decision of 5 July 2017, the Court of the Hague upheld the appeal lodged by the foreign...",563,NL: The Council of State ruled on moment at which an asylum application is dealt with in Dutch legislation.,https://caselaw.euaa.europa.eu/pages/viewcaselaw.aspx?CaseLawID=563&returnurl=%2fPages%2fsearch.aspx,Netherlands,28/06/2018,NL: Council of State [Afdeling Bestuursrechtspraak van de Raad van State],Judgment,201706173/1/V1,"the, of, to, in, and, for, that, on, was, applicant",0.9697084320432809,0.85619277,0.81341916,0.84139764,0.78624517,CREDIBILITY,Applicant Detention and Asylum Claims
0,590_chunk000,590,0,1,"In an urgent action for the «granting of asylum or of a residence permit for subsidiary protection» the use of «official international reports on the political and social situation of the applicant's country of origin», by the court of appeal is not in breach of Articles 412 and 662 of the Civil Procedure Code.

...",590,PT: Supreme Administrative Court ruled on the use of official international reports on country of origin information,https://caselaw.euaa.europa.eu/pages/viewcaselaw.aspx?CaseLawID=590&returnurl=%2fPages%2fsearch.aspx,Portugal,28/06/2018,PT: Supreme Administrative Court [Supremo Tribunal Administrativo],Judgment,392/18.9BELSB,"the, of, to, in, and, for, that, on, was, applicant",0.9427495911662899,0.86027896,0.8161487,0.8410231,0.7785244,CREDIBILITY,Applicant Detention and Asylum Claims
0,654_chunk000,654,0,2,"F.L., a Cameroonian national claiming to be a minor, applied for international protection in Belgium on 8 January 2018. On the same day, based on his physical appearance and statements, the Minors and Victims of Trafficking in Human Beings Unit of the Belgian Immigration Office expressed doubts as to his claimed minority and referred him for an immediate medical age assessment.",654,"BE: The Council of State granted interim relief in a case concerning the classification of a Cameroonian applicant as a minor, following an age assessment which attributed to him an age higher than that which he had declared. It held that the purpose of the age assessment was to confirm or refute doubts as to the applicant’s minority, and that the attribution of a fictitious date of birth, instead of the one declared, fell outside the competence of the Guardianship Service and would prematurely deprive him of protection.",https://caselaw.euaa.europa.eu/pages/viewcaselaw.aspx?CaseLawID=654&returnurl=%2fPages%2fsearch.aspx,Belgium,28/06/2018,BE: Council of State [Raad van State - Conseil d'État],Interim Measures,241.990,"the, of, to, in, and, for, that, on, was, applicant",0.9845244535743058,0.87166756,0.79946566,0.8407361,0.78922856,CREDIBILITY,Applicant Detention and Asylum Claims
0,654_chunk001,654,1,2,"The examination concluded that the applicant was 18 years old, with a standard deviation of 6 months, meaning that...",654,"BE: The Council of State granted interim relief in a case concerning the classification of a Cameroonian applicant as a minor, following an age assessment which attributed to him an age higher than that which he had declared. It held that the purpose of the age assessment was to confirm or refute doubts as to the applicant’s minority, and that the attribution of a fictitious date of birth, instead of the one declared, fell outside the competence of the Guardianship Service and would prematurely deprive him of protection.",https://caselaw.euaa.europa.eu/pages/viewcaselaw.aspx?CaseLawID=654&returnurl=%2fPages%2fsearch.aspx,Belgium,28/06/2018,BE: Council of State [Raad van State - Conseil d'État],Interim Measures,241.990,"the, of, to, in, and, for, that, on, was, applicant",0.9293728585574688,0.8428355,0.7959833,0.8213258,0.77555627,CREDIBILITY,Applicant Detention and Asylum Claims
0,564_chunk000,564,0,2,"By decision of 13 July 2016, the State Secretary declared an application from the foreign national to grant him a temporary asylum residence permit inadmissible.",564,NL: Court of The Hague ruled the importance of the Medical researches in the assessment of credibility,https://caselaw.euaa.europa.eu/pages/viewcaselaw.aspx?CaseLawID=564&returnurl=%2fPages%2fsearch.aspx,Netherlands,27/06/2018,NL: Court of The Hague [Rechtbank Den Haag],Judgment,201607367/1/V2,"the, of, to, in, and, for, that, on, was, applicant",0.9678993756791746,0.85126764,0.81480193,0.8374591,0.81122696,CREDIBILITY,Applicant Detention and Asylum Claims
0,564_chunk001,564,1,2,"By decision of 21 September 2016, the court upheld the appeal lodged by the foreign national, annulled that decision and determined that the State Secretary would take a new decision on the application, taking into account what was considered in the decision. The State Secretary has appealed against this decision. The foreign...",564,NL: Court of The Hague ruled the importance of the Medical researches in the assessment of credibility,https://caselaw.euaa.europa.eu/pages/viewcaselaw.aspx?CaseLawID=564&returnurl=%2fPages%2fsearch.aspx,Netherlands,27/06/2018,NL: Court of The Hague [Rechtbank Den Haag],Judgment,201607367/1/V2,"the, of, to, in, and, for, that, on, was, applicant",0.9914343018702717,0.8599276,0.83921343,0.8513547,0.8198139,CREDIBILITY,Applicant Detention and Asylum Claims
0,576_chunk000,576,0,2,"The First Instance Administrative Court took a decision related to the no existence of sanctions if the maximum period of 21 months for the procedure of examination of an application for international protection is surpassed. In this case, an applicant for international protection whose application had been rejected appealed the decision of refusal.",576,LU: The Administrative Court ruled on the deadline for examination of an application for international protection.,https://caselaw.euaa.europa.eu/pages/viewcaselaw.aspx?CaseLawID=576&returnurl=%2fPages%2fsearch.aspx,Luxembourg,27/06/2018,LU: Administrative Court [Cour Administrative],Judgment,41205,"the, of, to, in, and, for, that, on, was, applicant",0.9845303278830898,0.88448316,0.855142,0.87761503,0.80587244,CREDIBILITY,Applicant Detention and Asylum Claims
0,576_chunk001,576,1,2,"The applicant advanced a number of grounds for annulment in support of the plea, for instance, the fact that the duration of 21 months for the...",576,LU: The Administrative Court ruled on the deadline for examination of an application for international protection.,https://caselaw.euaa.europa.eu/pages/viewcaselaw.aspx?CaseLawID=576&returnurl=%2fPages%2fsearch.aspx,Luxembourg,27/06/2018,LU: Administrative Court [Cour Administrative],Judgment,41205,"the, of, to, in, and, for, that, on, was, applicant",1.0,0.8650799,0.8455217,0.8745713,0.82920384,LEGAL_GROUND,Applicant Detention and Asylum Claims
0,633_chunk000,633,0,2,"The legal question concerned a situation in which the applicant (a third country national) claimed asylum based on events that had happened in another EU MS in which the applicant had lived and towards which the Dublin Regulation was applicable. In the current case, a Nigerian national claimed she was in danger of persecution and serious harm in Spain due to her ex-husband.",633,FI: Supreme Administrative Court's case in which the applicant claimed danger of persecution and serious harm in another Member State where she will be transferred according to Dublin Regulation.,https://caselaw.euaa.europa.eu/pages/viewcaselaw.aspx?CaseLawID=633&returnurl=%2fPages%2fsearch.aspx,Finland,11/06/2018,FI: Supreme Administrative Court [Korkein hallinto-oikeus],Judgment,KHO:2018:87,"the, of, to, in, and, for, that, on, was, applicant",0.9653435138798956,0.85470855,0.8062918,0.84633535,0.7592507,CREDIBILITY,Applicant Detention and Asylum Claims
0,633_chunk001,633,1,2,According to the judgment these kind of grounds for application do not mean that the application could not be subject to...,633,FI: Supreme Administrative Court's case in which the applicant claimed danger of persecution and serious harm in another Member State where she will be transferred according to Dublin Regulation.,https://caselaw.euaa.europa.eu/pages/viewcaselaw.aspx?CaseLawID=633&returnurl=%2fPages%2fsearch.aspx,Finland,11/06/2018,FI: Supreme Administrative Court [Korkein hallinto-oikeus],Judgment,KHO:2018:87,"the, of, to, in, and, for, that, on, was, applicant",0.9428583045498666,0.87067413,0.84181684,0.8710413,0.8059694,LEGAL_GROUND,Applicant Detention and Asylum Claims
0,573_chunk000,573,0,2,"Appeal against the decision of the court of The Hague, Haarlem seat, of August 7, 2017 in case no. 17/2027. By decision of 19 January 2017, the State Secretary rejected an application from the foreign national to grant him a temporary asylum residence permit, and issued an entry ban against him.",573,NL: Court of The Hague ruled on a case concerned human trafficking and prostitution in Iraq.,https://caselaw.euaa.europa.eu/pages/viewcaselaw.aspx?CaseLawID=573&returnurl=%2fPages%2fsearch.aspx,Netherlands,18/05/2018,NL: Court of The Hague [Rechtbank Den Haag],Judgment,201706705/1 / V2,"the, of, to, in, and, for, that, on, was, applicant",1.0,0.85386926,0.81148696,0.8320467,0.7973899,CREDIBILITY,Applicant Detention and Asylum Claims
0,573_chunk001,573,1,2,"By judgment of 7 August 2017, the court dismissed the appeal lodged by the alien, in so far as it was directed against the rejection of the asylum application, as inadmissible, and dismissed his...",573,NL: Court of The Hague ruled on a case concerned human trafficking and prostitution in Iraq.,https://caselaw.euaa.europa.eu/pages/viewcaselaw.aspx?CaseLawID=573&returnurl=%2fPages%2fsearch.aspx,Netherlands,18/05/2018,NL: Court of The Hague [Rechtbank Den Haag],Judgment,201706705/1 / V2,"the, of, to, in, and, for, that, on, was, applicant",1.0,0.81035066,0.77021646,0.7947608,0.7625932,CREDIBILITY,Applicant Detention and Asylum Claims
0,639_chunk000,639,0,1,"This case refers to the transfer of an asylum applicant with a new-born child to Spain under Dublin Regulation. In absence of information for adequate reception conditions and individual guarantees for their transfer back, the authorities didn't review closely the evidence regarding a real risk of treatment prohibited by Article 3 of the ECHR

...",639,BE: Court annulling the dublin transfer of an asylum seeker with a new-born child to Spain,https://caselaw.euaa.europa.eu/pages/viewcaselaw.aspx?CaseLawID=639&returnurl=%2fPages%2fsearch.aspx,Belgium,17/05/2018,BE: Council for Alien Law Litigation [Conseil du Contentieux des Étrangers - CALL],Judgment,No. 203865,"the, of, to, in, and, for, that, on, was, applicant",1.0,0.8878044,0.8171517,0.8669417,0.7848095,CREDIBILITY,Applicant Detention and Asylum Claims
0,642_chunk000,642,0,1,"The case concerns the transfer to Spain under Dublin procedure of a single woman with children due to lack of information on the reception modalities for the minors even if they are accompanied by their parent. For further information on the case, please refer to the original document mentioned below.

...",642,BE:Dublin transfer to Spain froze due to reception consideration for minors,https://caselaw.euaa.europa.eu/pages/viewcaselaw.aspx?CaseLawID=642&returnurl=%2fPages%2fsearch.aspx,Belgium,17/05/2018,BE: Council for Alien Law Litigation [Conseil du Contentieux des Étrangers - CALL],Judgment,203861,"the, of, to, in, and, for, that, on, was, applicant",0.9605616651290388,0.88007134,0.8275071,0.8737283,0.7994563,CREDIBILITY,Applicant Detention and Asylum Claims
0,585_chunk000,585,0,2,The applicant (Venezuela) had applied for subsidiary protection on the basis that he would be at risk due to his activism and his membership of a politic party; that application was refused. The court held that in the context of art.,585,IE: High Court ruled on the case of a Venezuelan applicant who claim persecution for being member of a political party,https://caselaw.euaa.europa.eu/pages/viewcaselaw.aspx?CaseLawID=585&returnurl=%2fPages%2fsearch.aspx,Ireland,06/05/2018,IE: High Court,Judgment,[2018] IEHC 396,"the, of, to, in, and, for, that, on, was, applicant",1.0,0.8501191,0.8013519,0.85160565,0.77107966,LEGAL_GROUND,Applicant Detention and Asylum Claims
0,585_chunk001,585,1,2,"15(c) of the qualification directive, an internal armed conflict involves a conflict between the state and an armed group, or between two or more armed groups confronting each other. With regards to the UNHCR “Guidelines on International Protection No. 12:...",585,IE: High Court ruled on the case of a Venezuelan applicant who claim persecution for being member of a political party,https://caselaw.euaa.europa.eu/pages/viewcaselaw.aspx?CaseLawID=585&returnurl=%2fPages%2fsearch.aspx,Ireland,06/05/2018,IE: High Court,Judgment,[2018] IEHC 396,"the, of, to, in, and, for, that, on, was, applicant",0.9433646908139767,0.8699055,0.82877165,0.8712268,0.7893061,LEGAL_GROUND,Applicant Detention and Asylum Claims
0,512_chunk000,512,0,2,"The Supreme Court ruled that Article 31 of the 1951 Geneva Convention (stating no penalties for illegal entry if refugees arrive directly from a country where there are threats to their life or freedom, and they present themselves for the authorities without delay) did not preclude that an asylum seeker could be convicted for violation of an entry ban.",512,NO: Supreme Court - Prosecution of asylum seekers for violation of entry ban,https://caselaw.euaa.europa.eu/pages/viewcaselaw.aspx?CaseLawID=512&returnurl=%2fPages%2fsearch.aspx,Norway,04/05/2018,NO: Supreme Court [Noregs Høgsterett],,HR-2018-846-A (2018/21),"the, of, to, in, and, for, that, on, was, applicant",0.9733196579055091,0.8846686,0.810172,0.8597499,0.76778364,CREDIBILITY,Applicant Detention and Asylum Claims
0,512_chunk001,512,1,2,"An asylum seeker from Afghanistan had been expelled and issued with a five year entry ban to Norway in 2012, due to not leaving the country...",512,NO: Supreme Court - Prosecution of asylum seekers for violation of entry ban,https://caselaw.euaa.europa.eu/pages/viewcaselaw.aspx?CaseLawID=512&returnurl=%2fPages%2fsearch.aspx,Norway,04/05/2018,NO: Supreme Court [Noregs Høgsterett],,HR-2018-846-A (2018/21),"the, of, to, in, and, for, that, on, was, applicant",0.9705437580727786,0.83768344,0.7708733,0.8187846,0.74882865,CREDIBILITY,Applicant Detention and Asylum Claims
0,550_chunk000,550,0,2,"The case involved an asylum seeker upon whom detention was imposed as a measure to ensure a Dublin procedure. The asylum seeker lodged a complaint against a decision that had been issued based on Art. 5 of the Asylum Act 2005, rejecting the application as inadmissible.",550,AT: Supreme Court ruled on the maximum period of detention to ensure Dublin transfer.,https://caselaw.euaa.europa.eu/pages/viewcaselaw.aspx?CaseLawID=550&returnurl=%2fPages%2fsearch.aspx,Austria,26/04/2018,AT: Supreme Administrative Court [Verwaltungsgerichtshof - VwGH],Judgment,Ro 2017/21/0010,"the, of, to, in, and, for, that, on, was, applicant",0.954072686298553,0.85997605,0.8235216,0.8597131,0.79012823,CREDIBILITY,Applicant Detention and Asylum Claims
0,550_chunk001,550,1,2,"The Federal Administrative Court subsequently denied the complaint, whereupon the asylum seeker lodged a complaint against detention. The court proceedings dealing with the individual's detention addressed the question of...",550,AT: Supreme Court ruled on the maximum period of detention to ensure Dublin transfer.,https://caselaw.euaa.europa.eu/pages/viewcaselaw.aspx?CaseLawID=550&returnurl=%2fPages%2fsearch.aspx,Austria,26/04/2018,AT: Supreme Administrative Court [Verwaltungsgerichtshof - VwGH],Judgment,Ro 2017/21/0010,"the, of, to, in, and, for, that, on, was, applicant",1.0,0.84398985,0.8161108,0.8394692,0.7698244,CREDIBILITY,Applicant Detention and Asylum Claims
0,653_chunk000,653,0,2,"According to the press release: The case concerned the expulsion to Morocco of a Moroccan national who had been convicted in France of conspiracy to carry out terrorist acts, and who had previously been deprived of his French nationality for the same reason. The Court noted in particular that Morocco had adopted general measures to prevent risks of treatment contrary to Article 3.",653,ECHR's case concerned the expulsion of a Moroccan national who had been convicted in France of conspiracy to carry out terrorist acts,https://caselaw.euaa.europa.eu/pages/viewcaselaw.aspx?CaseLawID=653&returnurl=%2fPages%2fsearch.aspx,Council of Europe,19/04/2018,CoE: European Court of Human Rights [ECtHR],Judgment,46240/15,"the, of, to, in, and, for, that, on, was, applicant",0.99055819342558,0.85184866,0.7947789,0.84803617,0.76475483,CREDIBILITY,Applicant Detention and Asylum Claims
0,653_chunk001,653,1,2,"The present application was therefore different from the case of M. A. v. France. Furthermore, despite his...",653,ECHR's case concerned the expulsion of a Moroccan national who had been convicted in France of conspiracy to carry out terrorist acts,https://caselaw.euaa.europa.eu/pages/viewcaselaw.aspx?CaseLawID=653&returnurl=%2fPages%2fsearch.aspx,Council of Europe,19/04/2018,CoE: European Court of Human Rights [ECtHR],Judgment,46240/15,"the, of, to, in, and, for, that, on, was, applicant",0.9488845270829598,0.819907,0.7904837,0.83238226,0.7809832,LEGAL_GROUND,Applicant Detention and Asylum Claims
0,668_chunk000,668,0,1,"The Council of State rules on personal interview realised on ones native language. The CNDA decision is annulled as in the contested decision the Court failed to answer the plea regarding the absence of Chechen interpretation in the asylum interview and consequently, the impossibility of the applicant to be understood.

...",668,FR Council of State refers case to CNDA regarding lack of adequate interpretation,https://caselaw.euaa.europa.eu/pages/viewcaselaw.aspx?CaseLawID=668&returnurl=%2fPages%2fsearch.aspx,France,11/04/2018,FR: Council of State [Conseil d'État],Decision,No 412514,"the, of, to, in, and, for, that, on, was, applicant",0.9460290474239307,0.8973784,0.86715895,0.87183034,0.82985157,CREDIBILITY,Applicant Detention and Asylum Claims
0,547_chunk000,547,0,2,"In response to a legal remedy filed against the Federal Office for Immigration and Asylum, the Supreme Administrative Court ruled that, in accordance with Art 13 para 1 of the Dublin III Regulation (604/2013), the Member State whose border an individual applying for international protection had crossed irregularly is responsible for examining that application (ruling in case Ra 2017/19/0169-9 of 5",547,AT: Supreme Court ruled on the Art.13 (1) of the Dublin Regulation when the TCN voluntary travel to a third country.,https://caselaw.euaa.europa.eu/pages/viewcaselaw.aspx?CaseLawID=547&returnurl=%2fPages%2fsearch.aspx,Austria,05/04/2018,AT: Supreme Administrative Court [Verwaltungsgerichtshof - VwGH],Judgment,Ra 2017/19/01699,"the, of, to, in, and, for, that, on, was, applicant",0.9463388894109629,0.85872895,0.8171659,0.84161204,0.7854094,CREDIBILITY,Applicant Detention and Asylum Claims
0,547_chunk001,547,1,2,"April 2018).

The court furthermore ruled that this rule applied even if the individual did not...",547,AT: Supreme Court ruled on the Art.13 (1) of the Dublin Regulation when the TCN voluntary travel to a third country.,https://caselaw.euaa.europa.eu/pages/viewcaselaw.aspx?CaseLawID=547&returnurl=%2fPages%2fsearch.aspx,Austria,05/04/2018,AT: Supreme Administrative Court [Verwaltungsgerichtshof - VwGH],Judgment,Ra 2017/19/01699,"the, of, to, in, and, for, that, on, was, applicant",0.9474765280290042,0.85633236,0.811985,0.8583533,0.7845185,LEGAL_GROUND,Applicant Detention and Asylum Claims
0,636_chunk000,636,0,2,"The Supreme Court ruled that a decision to transfer from Article 26 of the Dublin III Regulation does not constitute a ""final decision"" on an application for international protection within the meaning of Article 2 (b) of the Reception Directive and Article 2 (c) of the Dublin III Regulation, and consequently it can not entail the cessation of rights arising from the Reception Directive.",636,Sl: Supreme Court rules on the right to reception under Dublin Procedure,https://caselaw.euaa.europa.eu/pages/viewcaselaw.aspx?CaseLawID=636&returnurl=%2fPages%2fsearch.aspx,Slovenia,04/04/2018,SI: Supreme Court [Vrhovno sodišče],Judgment,I Up 10/2018,"the, of, to, in, and, for, that, on, was, applicant",0.9759802751853777,0.8647232,0.8342718,0.86004585,0.7812546,CREDIBILITY,Applicant Detention and Asylum Claims
0,636_chunk001,636,1,2,A different interpretation may also lead to a situation which constitutes a violation of Article 1 of the...,636,Sl: Supreme Court rules on the right to reception under Dublin Procedure,https://caselaw.euaa.europa.eu/pages/viewcaselaw.aspx?CaseLawID=636&returnurl=%2fPages%2fsearch.aspx,Slovenia,04/04/2018,SI: Supreme Court [Vrhovno sodišče],Judgment,I Up 10/2018,"the, of, to, in, and, for, that, on, was, applicant",0.9163864067211646,0.84287,0.8268089,0.86416495,0.77041656,LEGAL_GROUND,Applicant Detention and Asylum Claims
0,511_chunk000,511,0,2,"In a case regarding the validity of revocation of residence permit for a mother and daughter from Afghanistan, see the Immigration Act section 37 subsection 1 e, the Supreme Court found, similar to lower instances, that the Immigration Appeal Board's decision was invalid.",511,NO: Supreme Court ruled on the revocation of residence permit when changing in personal situation and security situation in country of origin (Afghanistan),https://caselaw.euaa.europa.eu/pages/viewcaselaw.aspx?CaseLawID=511&returnurl=%2fPages%2fsearch.aspx,Norway,23/03/2018,NO: Supreme Court [Noregs Høgsterett],,HR-2018-572-A (2017/1659),"the, of, to, in, and, for, that, on, was, applicant",0.9297028105018756,0.88286275,0.84279525,0.84849066,0.8233294,CREDIBILITY,Applicant Detention and Asylum Claims
0,511_chunk001,511,1,2,"When the application was granted, it was assumed that the conditions in their home country were unstable and that the women and her daughter risked being subjected to inhuman treatment. The revocation was justified by the fact...",511,NO: Supreme Court ruled on the revocation of residence permit when changing in personal situation and security situation in country of origin (Afghanistan),https://caselaw.euaa.europa.eu/pages/viewcaselaw.aspx?CaseLawID=511&returnurl=%2fPages%2fsearch.aspx,Norway,23/03/2018,NO: Supreme Court [Noregs Høgsterett],,HR-2018-572-A (2017/1659),"the, of, to, in, and, for, that, on, was, applicant",0.9539712324439975,0.8716175,0.80846685,0.8699665,0.791294,CREDIBILITY,Applicant Detention and Asylum Claims
0,565_chunk000,565,0,2,"Appeal against the judgment of the Court of the Hague on October 16, 2017 in Case no. NL17.1729. By decision of 21 March 2017, the State Secretary rejected, insofar as currently relevant, an application from the foreign national to grant him a temporary asylum residence permit. By judgment of 16 October 2017, the court dismissed the appeal against this by the foreign national as unfounded.",565,NL: Court of The Hague case related to the general security situation in Afghanistan.,https://caselaw.euaa.europa.eu/pages/viewcaselaw.aspx?CaseLawID=565&returnurl=%2fPages%2fsearch.aspx,Netherlands,21/03/2018,NL: Court of The Hague [Rechtbank Den Haag],Judgment,201708886/1/V2,"the, of, to, in, and, for, that, on, was, applicant",1.0,0.85508126,0.82814205,0.83892953,0.8121293,CREDIBILITY,Applicant Detention and Asylum Claims
0,565_chunk001,565,1,2,The foreign national has appealed against this decision. This statement concerns whether the...,565,NL: Court of The Hague case related to the general security situation in Afghanistan.,https://caselaw.euaa.europa.eu/pages/viewcaselaw.aspx?CaseLawID=565&returnurl=%2fPages%2fsearch.aspx,Netherlands,21/03/2018,NL: Court of The Hague [Rechtbank Den Haag],Judgment,201708886/1/V2,"the, of, to, in, and, for, that, on, was, applicant",1.0,0.84304494,0.82022387,0.8445253,0.80140156,LEGAL_GROUND,Applicant Detention and Asylum Claims
0,641_chunk000,641,0,1,"This case relates to the transfer to Italy under Dublin procedure of an asylum seeker with medical condition. For further information on the case, please refer to the original document indicated below.

...",641,BE: Council for Alien Law Litigation's case annulling the transfer to Italy of an asylum seeker living with HIV,https://caselaw.euaa.europa.eu/pages/viewcaselaw.aspx?CaseLawID=641&returnurl=%2fPages%2fsearch.aspx,Belgium,15/03/2018,BE: Council for Alien Law Litigation [Conseil du Contentieux des Étrangers - CALL],Judgment,201167,"the, of, to, in, and, for, that, on, was, applicant",0.959653154956593,0.8633004,0.8151826,0.85791326,0.7857265,CREDIBILITY,Applicant Detention and Asylum Claims
0,926_chunk000,926,0,2,"As a result of the fundamental change in the political situation in Ethiopia since April 2018, people need because of their membership in an organization active in exile policy in Germany that is closely related to one of the organizations of the Ginbot7, OLF or ONLF that was classified as a terrorist organization in Ethiopia by summer 2018, or because of an exile policy activity for such an organ",926,DE: The Bavarian Administrative Court ruled that a fundamental change in the political circumstances constitutes valid reasons to invalidate the risk of repetition of any previous persecution.,https://caselaw.euaa.europa.eu/pages/viewcaselaw.aspx?CaseLawID=926&returnurl=%2fPages%2fsearch.aspx,Germany,13/02/2018,DE: Regional Administrative Court [Verwaltungsgericht],Judgment,8 B 17.31645,"the, of, to, in, and, for, that, on, was, applicant",0.9427729266424386,0.8674454,0.82737094,0.8588672,0.79812706,CREDIBILITY,Applicant Detention and Asylum Claims
0,926_chunk001,926,1,2,"ization, when returning to Ethiopia, there is in principle no significant fear of persecution...",926,DE: The Bavarian Administrative Court ruled that a fundamental change in the political circumstances constitutes valid reasons to invalidate the risk of repetition of any previous persecution.,https://caselaw.euaa.europa.eu/pages/viewcaselaw.aspx?CaseLawID=926&returnurl=%2fPages%2fsearch.aspx,Germany,13/02/2018,DE: Regional Administrative Court [Verwaltungsgericht],Judgment,8 B 17.31645,"the, of, to, in, and, for, that, on, was, applicant",0.9870878025130083,0.87062186,0.80403674,0.847791,0.7646807,CREDIBILITY,Applicant Detention and Asylum Claims
0,646_chunk000,646,0,2,"According to EDAL's summary:

""On 8 February 2018, the Swiss Federal Administrative Tribunal ruled in a case concerning a Turkish journalist of Kurdish ethnicity who lodged an application for international protection in Zurich after arriving from Brazil. She claimed that she had been arrested and convicted in Turkey due to her profession and alleged connection with a terrorist organisation.",646,CH: The Federal Administrative Court ruled that the decision not to examine the merits of an asylum claim lacked sufficient examination of the safe third country criteria.,https://caselaw.euaa.europa.eu/pages/viewcaselaw.aspx?CaseLawID=646&returnurl=%2fPages%2fsearch.aspx,Switzerland,08/02/2018,CH: Federal Administrative Court [Bundesverwaltungsgericht - Tribunal administratif fédéral - FAC],Judgment,D-635/2018,"the, of, to, in, and, for, that, on, was, applicant",0.9605945481269345,0.86483,0.81433165,0.844803,0.79591423,CREDIBILITY,Applicant Detention and Asylum Claims
0,646_chunk001,646,1,2,The State Secretariat for Migration decided not to examine the merits of her...,646,CH: The Federal Administrative Court ruled that the decision not to examine the merits of an asylum claim lacked sufficient examination of the safe third country criteria.,https://caselaw.euaa.europa.eu/pages/viewcaselaw.aspx?CaseLawID=646&returnurl=%2fPages%2fsearch.aspx,Switzerland,08/02/2018,CH: Federal Administrative Court [Bundesverwaltungsgericht - Tribunal administratif fédéral - FAC],Judgment,D-635/2018,"the, of, to, in, and, for, that, on, was, applicant",0.939692333822203,0.8143302,0.7911354,0.8068607,0.77559924,CREDIBILITY,Applicant Detention and Asylum Claims
0,510_chunk000,510,0,1,"The Court of Sessions found there was no unlawful discrimination arising from a reduction in the amount of asylum support payable to asylum seekers with one or more dependent children, following a government review. ...",510,UK: Court of Session on Scotland ruled on the amount of the asylum support payable to asylum seekers,https://caselaw.euaa.europa.eu/pages/viewcaselaw.aspx?CaseLawID=510&returnurl=%2fPages%2fsearch.aspx,United Kingdom,01/02/2018,"UK: Courts of Appeal (England, Wales, Northern Ireland), Court of Session (Scotland) (Cassation instance)",,P1391/15 & P1418/15 [2018] CSOH7,"the, of, to, in, and, for, that, on, was, applicant",0.9398743149429191,0.87660307,0.82640564,0.84108716,0.7987459,CREDIBILITY,Applicant Detention and Asylum Claims
0,506_chunk000,506,0,2,"The applicant claimed to be registered with UNRWA, to have received help from relatives in Syria too. He claimed that the assistance he has previously received from UNRWA has ceased because he was forced out of Syria because of the general situation in the country.",506,SE: The Migration Court of Appeal ruled on the determination of the country against which the need for protection should be judged.,https://caselaw.euaa.europa.eu/pages/viewcaselaw.aspx?CaseLawID=506&returnurl=%2fPages%2fsearch.aspx,Sweden,29/01/2018,SE: Migration Court of Appeal [Migrationsöverdomstolen],,UM8384-16,"the, of, to, in, and, for, that, on, was, applicant",0.9973554739277714,0.8544863,0.7877603,0.8167816,0.75837576,CREDIBILITY,Applicant Detention and Asylum Claims
0,506_chunk001,506,1,2,"He claimed to therefore qualify to obtain an ipso facto refugee declaration under the 1951 Convention relating to the Status of Refugees (Geneva Convention).

The Migration Court of Appeal relied on the CJEU jurisprudence,...",506,SE: The Migration Court of Appeal ruled on the determination of the country against which the need for protection should be judged.,https://caselaw.euaa.europa.eu/pages/viewcaselaw.aspx?CaseLawID=506&returnurl=%2fPages%2fsearch.aspx,Sweden,29/01/2018,SE: Migration Court of Appeal [Migrationsöverdomstolen],,UM8384-16,"the, of, to, in, and, for, that, on, was, applicant",0.9392326490595161,0.8585984,0.80772495,0.8446675,0.7744374,CREDIBILITY,Applicant Detention and Asylum Claims
0,643_chunk000,643,0,2,As per the published press release: The Council of State validates the criteria to be met by a new asylum application to be admissible.,643,FR: The Council of State validates the criteria to be met by a new asylum application to be admissible.,https://caselaw.euaa.europa.eu/pages/viewcaselaw.aspx?CaseLawID=643&returnurl=%2fPages%2fsearch.aspx,France,26/01/2018,FR: Council of State [Conseil d'État],Judgment,N° 397611,"the, of, to, in, and, for, that, on, was, applicant",1.0,0.884503,0.8462367,0.8574148,0.8153685,CREDIBILITY,Applicant Detention and Asylum Claims
0,643_chunk001,643,1,2,"Article L.723-16 of the CESEDA makes the admissibility of a request for reconsideration of an asylum application subject, on the one hand, to the presentation of new facts which have occurred or revealed after the rejection of the previous application or new evidence and, secondly, the finding that their probative value is capable of modifying the...",643,FR: The Council of State validates the criteria to be met by a new asylum application to be admissible.,https://caselaw.euaa.europa.eu/pages/viewcaselaw.aspx?CaseLawID=643&returnurl=%2fPages%2fsearch.aspx,France,26/01/2018,FR: Council of State [Conseil d'État],Judgment,N° 397611,"the, of, to, in, and, for, that, on, was, applicant",0.9499051679417715,0.89978,0.8518641,0.8724919,0.81628126,CREDIBILITY,Applicant Detention and Asylum Claims
0,572_chunk000,572,0,2,"Appeal against the judgement of the Court of The Hague, Rotterdam seat instead of August 14, 2017 in Case No. NL17.705 at stake. By decision of 20 January 2017, the State Secretary rejected an application from the foreign national to grant her a temporary asylum residence permit.",572,NL: Court of The Hague case related to the general security situation in Libya.,https://caselaw.euaa.europa.eu/pages/viewcaselaw.aspx?CaseLawID=572&returnurl=%2fPages%2fsearch.aspx,Netherlands,04/01/2018,NL: Court of The Hague [Rechtbank Den Haag],Judgment,201706705/1/V2,"the, of, to, in, and, for, that, on, was, applicant",1.0,0.8595509,0.8286293,0.8471349,0.8057479,CREDIBILITY,Applicant Detention and Asylum Claims
0,572_chunk001,572,1,2,"By decision of 14 August 2017, the court upheld the appeal lodged by the foreign national, annulled that decision and determined that the State Secretary would take a new decision on the application, taking into account...",572,NL: Court of The Hague case related to the general security situation in Libya.,https://caselaw.euaa.europa.eu/pages/viewcaselaw.aspx?CaseLawID=572&returnurl=%2fPages%2fsearch.aspx,Netherlands,04/01/2018,NL: Court of The Hague [Rechtbank Den Haag],Judgment,201706705/1/V2,"the, of, to, in, and, for, that, on, was, applicant",1.0,0.85873485,0.83597535,0.84631526,0.82489485,CREDIBILITY,Applicant Detention and Asylum Claims
0,108_chunk000,108,0,2,According the ECHR's Information Note 213 (December 2017): The applicant entered Switzerland in 2009 and applied for asylum on the grounds that he had been imprisoned and tortured in his country of origin (Iran) after taking part in a demonstration there. His application was rejected after the Swiss authorities found that his account was not credible.,108,ECtHR rules on deportation of christian to Iran,https://caselaw.euaa.europa.eu/pages/viewcaselaw.aspx?CaseLawID=108&returnurl=%2fPages%2fsearch.aspx,Council of Europe,19/12/2017,CoE: European Court of Human Rights [ECtHR],,60342/16,"the, of, to, in, and, for, that, on, was, applicant",1.0,0.85582507,0.7892317,0.82622993,0.7576054,CREDIBILITY,Applicant Detention and Asylum Claims
0,108_chunk001,108,1,2,The applicant subsequently lodged a request for his asylum application to be reconsidered followed by an application for temporary admission on...,108,ECtHR rules on deportation of christian to Iran,https://caselaw.euaa.europa.eu/pages/viewcaselaw.aspx?CaseLawID=108&returnurl=%2fPages%2fsearch.aspx,Council of Europe,19/12/2017,CoE: European Court of Human Rights [ECtHR],,60342/16,"the, of, to, in, and, for, that, on, was, applicant",0.956430927432034,0.8542753,0.81405556,0.8363872,0.79636574,CREDIBILITY,Applicant Detention and Asylum Claims
0,20_chunk000,20,0,2,"A citizen of Afghanistan had a drug-resistant tuberculosis after arriving in Finland. According to a medical statement, his tuberculosis treatment was started in January 2016 and the duration of treatment is at least 20 months.",20,Finland: Return to Afghanistan inhibited until tuberculosis has been medically properly treated.,https://caselaw.euaa.europa.eu/pages/viewcaselaw.aspx?CaseLawID=20&returnurl=%2fPages%2fsearch.aspx,Finland,18/12/2017,FI: Supreme Administrative Court [Korkein hallinto-oikeus],Judgment,KHO:2017:189,"the, of, to, in, and, for, that, on, was, applicant",0.9498884528854451,0.8625373,0.8112377,0.8367524,0.779285,CREDIBILITY,Applicant Detention and Asylum Claims
0,20_chunk001,20,1,2,"According to a medical opinion, treatment requires uninterrupted and controlled daily recurrence of medication and, in addition, a regular injection of medication, so that tuberculosis does not reactivate and become infectious. When assessing the issue, the Supreme...",20,Finland: Return to Afghanistan inhibited until tuberculosis has been medically properly treated.,https://caselaw.euaa.europa.eu/pages/viewcaselaw.aspx?CaseLawID=20&returnurl=%2fPages%2fsearch.aspx,Finland,18/12/2017,FI: Supreme Administrative Court [Korkein hallinto-oikeus],Judgment,KHO:2017:189,"the, of, to, in, and, for, that, on, was, applicant",0.948207473828356,0.87322015,0.82421035,0.8463343,0.7946971,CREDIBILITY,Applicant Detention and Asylum Claims
0,119_chunk000,119,0,2,The case concerns the request to extend international protection to the parents of the applicant (Syrian father and a Palestinian mother) who was granted refugee status in Spain. Spanish authorities rejected the case as they considered that the dependency criteria requested by the Asylum Law in cases of family reunification of ascendants was not accredit in this case.,119,ES National High Court rules on extension of international protection to family members and family reunification:,https://caselaw.euaa.europa.eu/pages/viewcaselaw.aspx?CaseLawID=119&returnurl=%2fPages%2fsearch.aspx,Spain,15/12/2017,ES: National High Court [Audiencia Nacional],,SAN 5372/2017 (nº of appeal 656/2016),"the, of, to, in, and, for, that, on, was, applicant",1.0,0.8827752,0.8251276,0.8651535,0.79795533,CREDIBILITY,Applicant Detention and Asylum Claims
0,119_chunk001,119,1,2,"Nevertheless, the National High Court considered, in line with UNHCR's report presented at the Eligibility Commission in this...",119,ES National High Court rules on extension of international protection to family members and family reunification:,https://caselaw.euaa.europa.eu/pages/viewcaselaw.aspx?CaseLawID=119&returnurl=%2fPages%2fsearch.aspx,Spain,15/12/2017,ES: National High Court [Audiencia Nacional],,SAN 5372/2017 (nº of appeal 656/2016),"the, of, to, in, and, for, that, on, was, applicant",0.8978433595251548,0.8684723,0.8339803,0.85075015,0.820534,CREDIBILITY,Applicant Detention and Asylum Claims
0,102_chunk000,102,0,2,"The applicant is an Afghan national (Hazara), who was born in Iran, where he spent his whole life before applying for international protection in Austria in October 2015. His application was rejected by the first and second instance and the applicant was handed a return order to AFG (no well-founded fear of persecution for a Convention reason in AFG; no risk of violation of Art.",102,AT: Constitutional Court rules on Kabul as an internal alternative for return of Hazara applicant,https://caselaw.euaa.europa.eu/pages/viewcaselaw.aspx?CaseLawID=102&returnurl=%2fPages%2fsearch.aspx,Austria,12/12/2017,AT: Constitutional Court [Verfassungsgerichtshof Österreich],,E 2068/2017-17,"the, of, to, in, and, for, that, on, was, applicant",1.0,0.85684747,0.79385436,0.8411799,0.7604371,CREDIBILITY,Applicant Detention and Asylum Claims
0,102_chunk001,102,1,2,"2, 3 ECHR upon deportation to Kabul). The Constitutional Court upheld this decision, stating that it would be...",102,AT: Constitutional Court rules on Kabul as an internal alternative for return of Hazara applicant,https://caselaw.euaa.europa.eu/pages/viewcaselaw.aspx?CaseLawID=102&returnurl=%2fPages%2fsearch.aspx,Austria,12/12/2017,AT: Constitutional Court [Verfassungsgerichtshof Österreich],,E 2068/2017-17,"the, of, to, in, and, for, that, on, was, applicant",0.9521308996635139,0.8649656,0.8168565,0.83774376,0.8153399,CREDIBILITY,Applicant Detention and Asylum Claims
0,117_chunk000,117,0,2,Syrian refugee family resettled from Lebanon were granted subsidiary protection. This decision was appealed before the National High Court.,117,ES: National High Court grants refugee status to Syrian resettled family (instead of Subsidiary Protection),https://caselaw.euaa.europa.eu/pages/viewcaselaw.aspx?CaseLawID=117&returnurl=%2fPages%2fsearch.aspx,Spain,11/12/2017,ES: National High Court [Audiencia Nacional],,SAN 5336/2017 (nº of appeal 511/2016),"the, of, to, in, and, for, that, on, was, applicant",0.9685414247335465,0.8536294,0.8123362,0.84101784,0.7848672,CREDIBILITY,Applicant Detention and Asylum Claims
0,117_chunk001,117,1,2,"The National high Court recognized them as refugees because a. the father was subject to persecution in Syria, b. the family was recognized as refugees in Lebanon by UNHCR and were resettled within the National Resettlement Program for the year 2015, by agreement of the Council of Ministers. The National High Court followed the ruling of the Supreme Court...",117,ES: National High Court grants refugee status to Syrian resettled family (instead of Subsidiary Protection),https://caselaw.euaa.europa.eu/pages/viewcaselaw.aspx?CaseLawID=117&returnurl=%2fPages%2fsearch.aspx,Spain,11/12/2017,ES: National High Court [Audiencia Nacional],,SAN 5336/2017 (nº of appeal 511/2016),"the, of, to, in, and, for, that, on, was, applicant",0.9622996476243445,0.8692782,0.8114168,0.84595555,0.7859372,CREDIBILITY,Applicant Detention and Asylum Claims
0,151_chunk000,151,0,2,"A., B., C., D., and E., five young Afghan nationals, arrived separately in Norway between 26 July 2015 and 1 October 2015. Each applied for international protection, claiming to be between 15 and 16 years old at the time of arrival.",151,"NO: The Oslo District Court found that the medical age assessments of five undocumented asylum applicants had been ordered in the absence of substantial doubt regarding their claimed minority, that the applicable standard of proof should have been lower than the balance of probabilities, and that the authorities had improperly treated the medical age assessments as decisive despite the existence of other evidence supporting the applicants' claims.",https://caselaw.euaa.europa.eu/pages/viewcaselaw.aspx?CaseLawID=151&returnurl=%2fPages%2fsearch.aspx,Norway,30/11/2017,NO: District Court [Noreg Domstolar],,TOSLO-2016-195394,"the, of, to, in, and, for, that, on, was, applicant",0.9672532040624281,0.8502445,0.7783272,0.81772375,0.7597196,CREDIBILITY,Applicant Detention and Asylum Claims
0,151_chunk001,151,1,2,"None of them possessed documentary evidence supporting their claimed ages and were referred for medical age assessments consisting of an X-ray of the left hand and wrist and a dental X-ray (Liversidge and Haavikko methods).

Following the assessments, in...",151,"NO: The Oslo District Court found that the medical age assessments of five undocumented asylum applicants had been ordered in the absence of substantial doubt regarding their claimed minority, that the applicable standard of proof should have been lower than the balance of probabilities, and that the authorities had improperly treated the medical age assessments as decisive despite the existence of other evidence supporting the applicants' claims.",https://caselaw.euaa.europa.eu/pages/viewcaselaw.aspx?CaseLawID=151&returnurl=%2fPages%2fsearch.aspx,Norway,30/11/2017,NO: District Court [Noreg Domstolar],,TOSLO-2016-195394,"the, of, to, in, and, for, that, on, was, applicant",0.9490777503748309,0.86450726,0.81575125,0.83525616,0.7857992,CREDIBILITY,Applicant Detention and Asylum Claims
0,50_chunk000,50,0,2,The applicant (Tunisian national) was detained by the Police of the Czech Republic for the purpose of the removal enforcement. The applicant challenged the decision on detention before the Municipal Court of Prague.,50,CZ: Court ruled on the right to review the lawfulness of an administrative decision on detention,https://caselaw.euaa.europa.eu/pages/viewcaselaw.aspx?CaseLawID=50&returnurl=%2fPages%2fsearch.aspx,Czech Republic,29/11/2017,CZ: Supreme Administrative Court [Nejvyšší správní soud],,No. 6 Azs 320/2017-20,"the, of, to, in, and, for, that, on, was, applicant",1.0,0.84179443,0.79908013,0.8314425,0.76480734,CREDIBILITY,Applicant Detention and Asylum Claims
0,50_chunk001,50,1,2,"The Municipal Court found out that the applicant during his detention lodged the application for international protection, he was re-detained under the provisions of the Act on Asylum implementing Art. 8(3)(d) of the Recast Reception Directive and for this reason his original...",50,CZ: Court ruled on the right to review the lawfulness of an administrative decision on detention,https://caselaw.euaa.europa.eu/pages/viewcaselaw.aspx?CaseLawID=50&returnurl=%2fPages%2fsearch.aspx,Czech Republic,29/11/2017,CZ: Supreme Administrative Court [Nejvyšší správní soud],,No. 6 Azs 320/2017-20,"the, of, to, in, and, for, that, on, was, applicant",1.0,0.86787164,0.8273991,0.8587482,0.78593624,CREDIBILITY,Applicant Detention and Asylum Claims
0,36_chunk000,36,0,2,"The appellants in this case are asylum seekers who came to the UK via Bulgaria. They are nationals of Afghanistan (SK and FK), Iraq (HK) and Iran (HH).",36,UK: Court dismisses appeal on Dublin transfer to Bulgaria,https://caselaw.euaa.europa.eu/pages/viewcaselaw.aspx?CaseLawID=36&returnurl=%2fPages%2fsearch.aspx,United Kingdom,23/11/2017,"UK: Courts of Appeal (England, Wales, Northern Ireland), Court of Session (Scotland) (Cassation instance)",,Case No: C4/2916/2178 & 2179 & 2181 & 2190 Neutral Citation Number: [2017] EWCA Civ 1871,"the, of, to, in, and, for, that, on, was, applicant",1.0,0.8455966,0.7923266,0.82383555,0.7544072,CREDIBILITY,Applicant Detention and Asylum Claims
0,36_chunk001,36,1,2,"This appeal is concerned with the proposal of the Secretary of State to remove the appellants from the UK to Bulgaria under the Dublin III Regulation arrangements (Regulation 604/2013), on grounds that they entered into the territory of the European Union in Bulgaria and may be sent back there to make their asylum claims. The Court dismissed...",36,UK: Court dismisses appeal on Dublin transfer to Bulgaria,https://caselaw.euaa.europa.eu/pages/viewcaselaw.aspx?CaseLawID=36&returnurl=%2fPages%2fsearch.aspx,United Kingdom,23/11/2017,"UK: Courts of Appeal (England, Wales, Northern Ireland), Court of Session (Scotland) (Cassation instance)",,Case No: C4/2916/2178 & 2179 & 2181 & 2190 Neutral Citation Number: [2017] EWCA Civ 1871,"the, of, to, in, and, for, that, on, was, applicant",1.0,0.8490633,0.8055017,0.8298091,0.77075785,CREDIBILITY,Applicant Detention and Asylum Claims
0,115_chunk000,115,0,2,"The National High Court noted that there are indications that the applicant and his family have actually been victims of persecution on the part of the Mara Salvatrucha (gang) for their resistance to being extorted, as well as that, in spite of informing the Honduran authorities, these they have not dispensed the applicant and his family effective protection.",115,ES: National High Court grants protection to Honduran national due to ineffective state protection from gangs,https://caselaw.euaa.europa.eu/pages/viewcaselaw.aspx?CaseLawID=115&returnurl=%2fPages%2fsearch.aspx,Spain,22/11/2017,ES: National High Court [Audiencia Nacional],,SAN 5110/2017 nº of appeal: 599/2016,"the, of, to, in, and, for, that, on, was, applicant",0.9618816815669539,0.87859046,0.827286,0.8579566,0.80950445,CREDIBILITY,Applicant Detention and Asylum Claims
0,115_chunk001,115,1,2,The National High Court reversed its former and very consolidated jurisprudence in similar cases (where all cases were rejected). Based...,115,ES: National High Court grants protection to Honduran national due to ineffective state protection from gangs,https://caselaw.euaa.europa.eu/pages/viewcaselaw.aspx?CaseLawID=115&returnurl=%2fPages%2fsearch.aspx,Spain,22/11/2017,ES: National High Court [Audiencia Nacional],,SAN 5110/2017 nº of appeal: 599/2016,"the, of, to, in, and, for, that, on, was, applicant",1.0,0.86744857,0.84379494,0.8574123,0.82316154,CREDIBILITY,Applicant Detention and Asylum Claims
0,57_chunk000,57,0,2,The applicant came to Ireland in 2007. She applied for refugee status in 2011. Her application was unsuccessful. She appealed to the first respondent. The appeal was a papers only appeal. The appeal was unsuccessful.,57,IE: Court rules on effective appeal remedy,https://caselaw.euaa.europa.eu/pages/viewcaselaw.aspx?CaseLawID=57&returnurl=%2fPages%2fsearch.aspx,Ireland,15/11/2017,IE: Court of Appeal,,Neutral Citation: [2017] IECA 296 Court of Appeal Record Number: 2016 289 & 453 High Court Record Number: 2012 335 JR,"the, of, to, in, and, for, that, on, was, applicant",0.9334490446723694,0.840662,0.79949147,0.8148339,0.753593,CREDIBILITY,Applicant Detention and Asylum Claims
0,57_chunk001,57,1,2,The Refugee Appeals Tribunal made adverse credibility findings based on matters that had not been put to the applicant and concluded that cumulatively the applicant had not proved that she was a refugee. The applicant challenged the decision by way of judicial review. The High Court...,57,IE: Court rules on effective appeal remedy,https://caselaw.euaa.europa.eu/pages/viewcaselaw.aspx?CaseLawID=57&returnurl=%2fPages%2fsearch.aspx,Ireland,15/11/2017,IE: Court of Appeal,,Neutral Citation: [2017] IECA 296 Court of Appeal Record Number: 2016 289 & 453 High Court Record Number: 2012 335 JR,"the, of, to, in, and, for, that, on, was, applicant",0.953299157602731,0.8714449,0.82060057,0.8345102,0.7969026,CREDIBILITY,Applicant Detention and Asylum Claims
0,19_chunk000,19,0,2,"A 13-year-old A had arrived in Finland together with his uncle. A had told his family to reside in Baghdad. He had been in regular contact with his parents. The Supreme Administrative Court stated that the benefit of the child is, in principle, to live with her own family.",19,FI: The Supreme Administrative Court suspended the return of an Iraq unaccompanied minor.,https://caselaw.euaa.europa.eu/pages/viewcaselaw.aspx?CaseLawID=19&returnurl=%2fPages%2fsearch.aspx,Finland,10/11/2017,FI: Supreme Administrative Court [Korkein hallinto-oikeus],Judgment,KHO:2017:173,"the, of, to, in, and, for, that, on, was, applicant",0.9593384788214175,0.8319896,0.7708266,0.79663277,0.7522077,CREDIBILITY,Applicant Detention and Asylum Claims
0,19_chunk001,19,1,2,"In connection with the return to home country, the reunification with the family could, in the light of the evidence presented in the case, in itself be considered to be in A's interest. To return home to A's...",19,FI: The Supreme Administrative Court suspended the return of an Iraq unaccompanied minor.,https://caselaw.euaa.europa.eu/pages/viewcaselaw.aspx?CaseLawID=19&returnurl=%2fPages%2fsearch.aspx,Finland,10/11/2017,FI: Supreme Administrative Court [Korkein hallinto-oikeus],Judgment,KHO:2017:173,"the, of, to, in, and, for, that, on, was, applicant",0.965075253042715,0.87329054,0.79785156,0.8371137,0.7912293,CREDIBILITY,Applicant Detention and Asylum Claims
0,125_chunk000,125,0,1,"The Supreme Administrative Court finds that the mere fact that the appellant is told to be in regular contact with the families, not in itself be regarded as evidence that he was required by the return of the Directive any degree of certainty would be returned to any family member or designated guardian, or that for him would be adequate reception at home at home .

...",125,FI: The Supreme Administrative Court ruled on UAM's return to Morocco.,https://caselaw.euaa.europa.eu/pages/viewcaselaw.aspx?CaseLawID=125&returnurl=%2fPages%2fsearch.aspx,Finland,10/11/2017,FI: Supreme Administrative Court [Korkein hallinto-oikeus],Judgment,KHO:2017:172,"the, of, to, in, and, for, that, on, was, applicant",0.9750393274875162,0.88499534,0.8556319,0.8636534,0.8214002,CREDIBILITY,Applicant Detention and Asylum Claims
0,21_chunk000,21,0,2,The case concerns the request of the applicant to extend the auxiliary order regarding her legal assistance in the re-examination of her case before the Finnish Immigration Service.,21,Fi: Legal aid when reexamining an application for international protection,https://caselaw.euaa.europa.eu/pages/viewcaselaw.aspx?CaseLawID=21&returnurl=%2fPages%2fsearch.aspx,Finland,07/11/2017,FI: Supreme Administrative Court [Korkein hallinto-oikeus],Judgment,No 2960/4/17,"the, of, to, in, and, for, that, on, was, applicant",0.9673927463772058,0.85180706,0.8218461,0.8344892,0.7871796,CREDIBILITY,Applicant Detention and Asylum Claims
0,21_chunk001,21,1,2,"The Supreme Administrative Court took a stand on using a private legal aid counsel in a matter falling under the Aliens Act. Pursuant to an amendment that entered into force on 1 September 2016, legal aid paid out of State funds shall primarily be provided by public legal aid attorneys when handling...",21,Fi: Legal aid when reexamining an application for international protection,https://caselaw.euaa.europa.eu/pages/viewcaselaw.aspx?CaseLawID=21&returnurl=%2fPages%2fsearch.aspx,Finland,07/11/2017,FI: Supreme Administrative Court [Korkein hallinto-oikeus],Judgment,No 2960/4/17,"the, of, to, in, and, for, that, on, was, applicant",0.9360215046359928,0.8646076,0.8328764,0.85779804,0.81215847,CREDIBILITY,Applicant Detention and Asylum Claims
0,105_chunk000,105,0,2,"According to the Supreme Court, it was not contrary to the Human Rights Convention that a man from Syria who had been granted temporary protection status in Denmark should wait 3 years for family reunification with his spouse The case concerned the review of the Immigration Board's decision, after which A and B, who were spouses, had been refused family reunification in Denmark.",105,DK: Supreme Court rules on family reunification in the course of temporary protection of Syrian asylum seeker,https://caselaw.euaa.europa.eu/pages/viewcaselaw.aspx?CaseLawID=105&returnurl=%2fPages%2fsearch.aspx,Denmark,06/11/2017,DK: Supreme Court [Højesteret],,107/2017,"the, of, to, in, and, for, that, on, was, applicant",0.9793376061103098,0.85387474,0.79002774,0.82018477,0.76523703,CREDIBILITY,Applicant Detention and Asylum Claims
0,105_chunk001,105,1,2,"A had a residence in Denmark in accordance with the Immigration Act's rules on temporary protection, based on the...",105,DK: Supreme Court rules on family reunification in the course of temporary protection of Syrian asylum seeker,https://caselaw.euaa.europa.eu/pages/viewcaselaw.aspx?CaseLawID=105&returnurl=%2fPages%2fsearch.aspx,Denmark,06/11/2017,DK: Supreme Court [Højesteret],,107/2017,"the, of, to, in, and, for, that, on, was, applicant",0.9509377395128342,0.8516627,0.8015452,0.8316435,0.79856133,CREDIBILITY,Applicant Detention and Asylum Claims
0,146_chunk000,146,0,3,The case concerns the issuance of Convention Travel Documents.,146,NO: Supreme Court affirms that travel certificate for refugees can be refused issued in case of doubt.,https://caselaw.euaa.europa.eu/pages/viewcaselaw.aspx?CaseLawID=146&returnurl=%2fPages%2fsearch.aspx,Norway,31/10/2017,NO: Supreme Court [Noregs Høgsterett],,"HR-2017-2078-A, (sak nr. 2017/670)","the, of, to, in, and, for, that, on, was, applicant",0.9864114578556262,0.82898027,0.8172438,0.82780874,0.8248598,CREDIBILITY,Applicant Detention and Asylum Claims
0,146_chunk001,146,1,3,"Questions answered by the Court: What obligations do Contracting States have to provide administrative assistance, pursuant to Article 25 of the 1951 Convention, if a refugee does not have recourse to the authorities of a foreign country?; What obligations do Contracting States have to issue ‘identity papers' to a refugee who does not possess a valid travel document, pursuant to Article 27 of the ",146,NO: Supreme Court affirms that travel certificate for refugees can be refused issued in case of doubt.,https://caselaw.euaa.europa.eu/pages/viewcaselaw.aspx?CaseLawID=146&returnurl=%2fPages%2fsearch.aspx,Norway,31/10/2017,NO: Supreme Court [Noregs Høgsterett],,"HR-2017-2078-A, (sak nr. 2017/670)","the, of, to, in, and, for, that, on, was, applicant",0.9678886546739007,0.8631034,0.7960776,0.81777483,0.7579927,CREDIBILITY,Applicant Detention and Asylum Claims
0,146_chunk002,146,2,3,1951 Convention?; and...,146,NO: Supreme Court affirms that travel certificate for refugees can be refused issued in case of doubt.,https://caselaw.euaa.europa.eu/pages/viewcaselaw.aspx?CaseLawID=146&returnurl=%2fPages%2fsearch.aspx,Norway,31/10/2017,NO: Supreme Court [Noregs Høgsterett],,"HR-2017-2078-A, (sak nr. 2017/670)","the, of, to, in, and, for, that, on, was, applicant",0.9522615455931075,0.8179681,0.7935741,0.8145441,0.7755412,CREDIBILITY,Applicant Detention and Asylum Claims
0,201_chunk000,201,0,2,"The applicant claimed that after he sought to end a relationship with a woman in Albania in 2012, he was confronted by the woman's brothers who threatened, beat and tortured him, and murdered his father. He moved to Ireland in July 2013 and applied for asylum in April 2014, the application was rejected. An appeal to the tribunal was also rejected in May 2016.",201,IE: High Court rules on meaning of membership of a particular social group.,https://caselaw.euaa.europa.eu/pages/viewcaselaw.aspx?CaseLawID=201&returnurl=%2fPages%2fsearch.aspx,Ireland,31/10/2017,IE: High Court,,[2017] IEHC 746; High Court Record Number: 2016 No. 430 J.R.,"the, of, to, in, and, for, that, on, was, applicant",0.9588328594361686,0.8414392,0.7915223,0.80848604,0.75543946,CREDIBILITY,Applicant Detention and Asylum Claims
0,201_chunk001,201,1,2,"It was submitted on behalf of the applicant that a family could be a social group, and that the Tribunal had failed to assess whether...",201,IE: High Court rules on meaning of membership of a particular social group.,https://caselaw.euaa.europa.eu/pages/viewcaselaw.aspx?CaseLawID=201&returnurl=%2fPages%2fsearch.aspx,Ireland,31/10/2017,IE: High Court,,[2017] IEHC 746; High Court Record Number: 2016 No. 430 J.R.,"the, of, to, in, and, for, that, on, was, applicant",0.959599265238873,0.85813534,0.8295337,0.8430435,0.8276282,CREDIBILITY,Applicant Detention and Asylum Claims
0,32_chunk000,32,0,2,"Majid Shiri, an Iranian national, has brought a challenge before the Austrian courts in relation to the decision refusing his application for international protection in Austria and his removal to Bulgaria.",32,CJEU ruled on the effect of the expiry of the six-month period available to a Member State under the Dublin III,https://caselaw.euaa.europa.eu/pages/viewcaselaw.aspx?CaseLawID=32&returnurl=%2fPages%2fsearch.aspx,European Union,25/10/2017,EU: Court of Justice of the European Union [CJEU],,Case C-201/16 ECLI:EU:C:2017:805,"the, of, to, in, and, for, that, on, was, applicant",0.9739548333434456,0.84060955,0.7923186,0.8220278,0.7791556,CREDIBILITY,Applicant Detention and Asylum Claims
0,32_chunk001,32,1,2,"Mr Shiri sclaimed that Mr Shiri submits that, pursuant to the Dublin III Regulation, Austria is now responsible for examining his application because he was not transferred to Bulgaria within a period of six months from the Bulgarian authorities' agreement to take him back. The Court...",32,CJEU ruled on the effect of the expiry of the six-month period available to a Member State under the Dublin III,https://caselaw.euaa.europa.eu/pages/viewcaselaw.aspx?CaseLawID=32&returnurl=%2fPages%2fsearch.aspx,European Union,25/10/2017,EU: Court of Justice of the European Union [CJEU],,Case C-201/16 ECLI:EU:C:2017:805,"the, of, to, in, and, for, that, on, was, applicant",1.0,0.83631444,0.79020983,0.8145392,0.74426925,CREDIBILITY,Applicant Detention and Asylum Claims
0,58_chunk000,58,0,2,"In this case the Court of Appeal considered the question of whether, where an applicant for subsidiary protection is considered by the decision maker to be a national of Country A, and also to have been granted refugee status and lived in each of Countries B and C, may the application be decided upon the basis that he is a stateless person within the meaning of the Qualification Directive and the ",58,IE: Court rules on statelessness,https://caselaw.euaa.europa.eu/pages/viewcaselaw.aspx?CaseLawID=58&returnurl=%2fPages%2fsearch.aspx,Ireland,25/10/2017,IE: Court of Appeal,,Neutral Citation: [2017] IECA 273 Court of Appeal Record Number: 2015 555 High Court Record Number: 2010 214 JR,"the, of, to, in, and, for, that, on, was, applicant",0.9232166845121339,0.8691079,0.82928467,0.84582776,0.76987743,CREDIBILITY,Applicant Detention and Asylum Claims
0,58_chunk001,58,1,2,"regulations transposing that Directive into Irish law.

The applicant was born in Cameroon in...",58,IE: Court rules on statelessness,https://caselaw.euaa.europa.eu/pages/viewcaselaw.aspx?CaseLawID=58&returnurl=%2fPages%2fsearch.aspx,Ireland,25/10/2017,IE: Court of Appeal,,Neutral Citation: [2017] IECA 273 Court of Appeal Record Number: 2015 555 High Court Record Number: 2010 214 JR,"the, of, to, in, and, for, that, on, was, applicant",0.9896992518733387,0.8209361,0.789039,0.8252579,0.7560929,LEGAL_GROUND,Applicant Detention and Asylum Claims
0,200_chunk000,200,0,2,"The applicants, a woman and her three children, were nationals of Pakistan who applied for asylum in the State. They had lived in the UK with the first applicant's husband whom the first named applicant claimed had been violently abusive towards her and the children.",200,IE: Article 8 ECHR challenge to Dublin III decision rejected on discretionary grounds,https://caselaw.euaa.europa.eu/pages/viewcaselaw.aspx?CaseLawID=200&returnurl=%2fPages%2fsearch.aspx,Ireland,24/10/2017,IE: High Court,,[2017] IEHC 613; High Court Record number 2017 No. 120 J.R.,"the, of, to, in, and, for, that, on, was, applicant",1.0,0.80659264,0.74862397,0.7818309,0.7395574,CREDIBILITY,Applicant Detention and Asylum Claims
0,200_chunk001,200,1,2,During the course of the Refugee Application Commissioner's examination of the applicants' file under Dublin III the applicants requested that the Commissioner exercise discretion under art.17 of the Regulation to...,200,IE: Article 8 ECHR challenge to Dublin III decision rejected on discretionary grounds,https://caselaw.euaa.europa.eu/pages/viewcaselaw.aspx?CaseLawID=200&returnurl=%2fPages%2fsearch.aspx,Ireland,24/10/2017,IE: High Court,,[2017] IEHC 613; High Court Record number 2017 No. 120 J.R.,"the, of, to, in, and, for, that, on, was, applicant",0.9994072040479643,0.8522327,0.82040155,0.83211184,0.7963983,CREDIBILITY,Applicant Detention and Asylum Claims
0,69_chunk000,69,0,2,"If it is not clear whether an asylum applicant has already been granted international protection in another European Union member state (here: Italy), the administrative courts must find out whether this is the case if the admissibility of a new application for protection depends on it.",69,DE: The Administrative Court must decide on admissibility before assessing the merits of the asylum application,https://caselaw.euaa.europa.eu/pages/viewcaselaw.aspx?CaseLawID=69&returnurl=%2fPages%2fsearch.aspx,Germany,21/10/2017,DE: Federal Administrative Court [Bundesverwaltungsgericht],,"BVerwG 1 C 39.16, BVerwG 1 C 40.16, BVerwG 1 C 42.16","the, of, to, in, and, for, that, on, was, applicant",0.9889461885601786,0.89112,0.83792907,0.86499876,0.7883758,CREDIBILITY,Applicant Detention and Asylum Claims
0,69_chunk001,69,1,2,This also applies if the other member state fails to respond to a request for information in accordance to the Dublin rules. ...,69,DE: The Administrative Court must decide on admissibility before assessing the merits of the asylum application,https://caselaw.euaa.europa.eu/pages/viewcaselaw.aspx?CaseLawID=69&returnurl=%2fPages%2fsearch.aspx,Germany,21/10/2017,DE: Federal Administrative Court [Bundesverwaltungsgericht],,"BVerwG 1 C 39.16, BVerwG 1 C 40.16, BVerwG 1 C 42.16","the, of, to, in, and, for, that, on, was, applicant",0.9249218057636958,0.86168337,0.8327146,0.86169946,0.79848737,LEGAL_GROUND,Applicant Detention and Asylum Claims
0,22_chunk000,22,0,2,"The Finnish Immigration Service had rejected asylum seeker A's application for asylum and residence permit and decided to return him to his country of origin, Iraq. On 29 June 2017 A. requested permission to appeal the decision of the Administrative Court and to be granted international protection.",22,FI: Leave to appeal was rejected in case of voluntary return to Iraq and request to be covered legal aid fee from state resources was dismissed.,https://caselaw.euaa.europa.eu/pages/viewcaselaw.aspx?CaseLawID=22&returnurl=%2fPages%2fsearch.aspx,Finland,20/10/2017,FI: Supreme Administrative Court [Korkein hallinto-oikeus],,KHO:2017:165,"the, of, to, in, and, for, that, on, was, applicant",0.9734850648677124,0.8446869,0.79281044,0.8205502,0.7719683,CREDIBILITY,Applicant Detention and Asylum Claims
0,22_chunk001,22,1,2,"Although A. had voluntarily returned to Iraq, he expressed his will to continue until the end of the appeal process and, if necessary, use all normal remedies as the...",22,FI: Leave to appeal was rejected in case of voluntary return to Iraq and request to be covered legal aid fee from state resources was dismissed.,https://caselaw.euaa.europa.eu/pages/viewcaselaw.aspx?CaseLawID=22&returnurl=%2fPages%2fsearch.aspx,Finland,20/10/2017,FI: Supreme Administrative Court [Korkein hallinto-oikeus],,KHO:2017:165,"the, of, to, in, and, for, that, on, was, applicant",0.9724884042912803,0.85773546,0.8191879,0.8165231,0.7885812,CREDIBILITY,Applicant Detention and Asylum Claims
0,170_chunk000,170,0,2,Administrative Court Düsseldorf The plaintiff is an asylum seeker and claims to be from Bangladesh.,170,DE: Court rules on internal redistribution of asylum seekers,https://caselaw.euaa.europa.eu/pages/viewcaselaw.aspx?CaseLawID=170&returnurl=%2fPages%2fsearch.aspx,Germany,16/10/2017,DE: Regional Administrative Court [Verwaltungsgericht],,5K 13687 / 17.A,"the, of, to, in, and, for, that, on, was, applicant",1.0,0.83010364,0.7909342,0.81180805,0.75730586,CREDIBILITY,Applicant Detention and Asylum Claims
0,170_chunk001,170,1,2,"The Court ruled that with the rules on distribution and allocation (§§ 50, 51 AsylG), the law takes into account the regularly particularly important public interest , the burden associated with the reception of asylum seekers in terms of accommodation, food and supervision, evenly on the Federal states and municipalities (see § 45 AsylG). In that regard, an asylum seeker - such as the...",170,DE: Court rules on internal redistribution of asylum seekers,https://caselaw.euaa.europa.eu/pages/viewcaselaw.aspx?CaseLawID=170&returnurl=%2fPages%2fsearch.aspx,Germany,16/10/2017,DE: Regional Administrative Court [Verwaltungsgericht],,5K 13687 / 17.A,"the, of, to, in, and, for, that, on, was, applicant",0.9425360872002033,0.8835132,0.83726263,0.87861305,0.8024807,CREDIBILITY,Applicant Detention and Asylum Claims
0,66_chunk000,66,0,2,(abstract provided by UNHCR) The FAC comes to the conclusion that the humanitarian situation in Kabul has deteriorated compared to the FAC's last analysis of the situation in 2011 (BVGE 2011/7 ). The situation is life-threatening and a removal to Kabul is in principle not reasonable.,66,CH: FAC rules on return to Kabul in absence of social network,https://caselaw.euaa.europa.eu/pages/viewcaselaw.aspx?CaseLawID=66&returnurl=%2fPages%2fsearch.aspx,Switzerland,13/10/2017,CH: Federal Administrative Court [Bundesverwaltungsgericht - Tribunal administratif fédéral - FAC],Judgment,D-5800/2016,"the, of, to, in, and, for, that, on, was, applicant",1.0,0.8798262,0.82096845,0.85418445,0.80969924,CREDIBILITY,Applicant Detention and Asylum Claims
0,66_chunk001,66,1,2,"However, the FAC states that in exceptional cases, a removal to Kabul could be reasonable if there were particular factors enabling it (healthy single young men with a sustainable social network, a...",66,CH: FAC rules on return to Kabul in absence of social network,https://caselaw.euaa.europa.eu/pages/viewcaselaw.aspx?CaseLawID=66&returnurl=%2fPages%2fsearch.aspx,Switzerland,13/10/2017,CH: Federal Administrative Court [Bundesverwaltungsgericht - Tribunal administratif fédéral - FAC],Judgment,D-5800/2016,"the, of, to, in, and, for, that, on, was, applicant",0.9809779438646923,0.89702505,0.82518655,0.86811364,0.8146835,CREDIBILITY,Applicant Detention and Asylum Claims
0,88_chunk000,88,0,1,"The Court of Appeal confirmed that the First-tier Tribunal had been entitled to refuse an asylum seeker's appeal against the refusal of her claims for asylum and humanitarian protection. She had failed to establish a well-founded fear of persecution if returned to Iran on the basis of her political activities, conversion to Christianity, and the risk of domestic violence from her husband...",88,UK: Court of Appeal rules on risk of persecution on the ground of religion,https://caselaw.euaa.europa.eu/pages/viewcaselaw.aspx?CaseLawID=88&returnurl=%2fPages%2fsearch.aspx,United Kingdom,12/10/2017,"UK: Courts of Appeal (England, Wales, Northern Ireland), Court of Session (Scotland) (Cassation instance)",,Neutral Citation Number: [2017] EWCA Civ 1539 Case No: C5/2014/2742,"the, of, to, in, and, for, that, on, was, applicant",1.0,0.8483901,0.78434,0.83159685,0.76184523,CREDIBILITY,Applicant Detention and Asylum Claims
0,145_chunk000,145,0,1,"The Administrative Court confirmed the Administrative Tribunal's ruling that there was a situation of generalized violence in Afghanistan leading to the grant of subsidiary protection to the asylum seeker. The Ministry of Foreign and European Affairs had appealed the Administrative Tribunal fearing a pull factor.

...",145,LU:Administrative Court rules on generalized violence in Afghanistan with regard to subsidiary protection,https://caselaw.euaa.europa.eu/pages/viewcaselaw.aspx?CaseLawID=145&returnurl=%2fPages%2fsearch.aspx,Luxembourg,09/10/2017,LU: Administrative Court [Cour Administrative],Judgment,40256C,"the, of, to, in, and, for, that, on, was, applicant",0.9889456266653065,0.8566182,0.8017554,0.84627086,0.78036755,CREDIBILITY,Applicant Detention and Asylum Claims
0,99_chunk000,99,0,2,"In its judgement, the Supreme Administrative Court stated that, under current law and where the specific case falls under the Reception Directive, individuals must not be detained pending removal, except where the conditions specified in the Dublin Regulation are met (Dublin-related cases). The court's reasoning was that the “risk of absconding”, the criterion specified in Art.",99,AT: Supreme Administrative Court - Detention only on application of the Return Directive (and in Dublin-related cases),https://caselaw.euaa.europa.eu/pages/viewcaselaw.aspx?CaseLawID=99&returnurl=%2fPages%2fsearch.aspx,Austria,05/10/2017,AT: Supreme Administrative Court [Verwaltungsgerichtshof - VwGH],Judgment,Ro 2017/21/0009,"the, of, to, in, and, for, that, on, was, applicant",0.9829873926117563,0.8798968,0.82779324,0.87528145,0.80092627,CREDIBILITY,Applicant Detention and Asylum Claims
0,99_chunk001,99,1,2,"76 para 2 subpara 1 Aliens Police Act, could not be subsumed under one of the conditions defined in...",99,AT: Supreme Administrative Court - Detention only on application of the Return Directive (and in Dublin-related cases),https://caselaw.euaa.europa.eu/pages/viewcaselaw.aspx?CaseLawID=99&returnurl=%2fPages%2fsearch.aspx,Austria,05/10/2017,AT: Supreme Administrative Court [Verwaltungsgerichtshof - VwGH],Judgment,Ro 2017/21/0009,"the, of, to, in, and, for, that, on, was, applicant",0.947693435408997,0.86268747,0.838394,0.8780069,0.8124333,LEGAL_GROUND,Applicant Detention and Asylum Claims
0,45_chunk000,45,0,2,The administrative authority considered applicant's another subsequent application (third application) for international protection inadmissible and terminated the proceedings according to the provisions of the Act on Asylum implementing Art. 33(2)(d) and Art. 40 of the Recast Asylum Procedures Directive.,45,Czech Supreme Court confirms country of origin assessment as needed in subsequent applications,https://caselaw.euaa.europa.eu/pages/viewcaselaw.aspx?CaseLawID=45&returnurl=%2fPages%2fsearch.aspx,Czech Republic,03/10/2017,CZ: Supreme Administrative Court [Nejvyšší správní soud],,No. 9 Azs 185/2017-38,"the, of, to, in, and, for, that, on, was, applicant",0.9321731819470938,0.87371427,0.8428699,0.867963,0.8070984,CREDIBILITY,Applicant Detention and Asylum Claims
0,45_chunk001,45,1,2,The administrative authority concluded that no new elements or findings have arisen or have been presented by the applicant. As regards the situation in the country of origin (Ukraine) the...,45,Czech Supreme Court confirms country of origin assessment as needed in subsequent applications,https://caselaw.euaa.europa.eu/pages/viewcaselaw.aspx?CaseLawID=45&returnurl=%2fPages%2fsearch.aspx,Czech Republic,03/10/2017,CZ: Supreme Administrative Court [Nejvyšší správní soud],,No. 9 Azs 185/2017-38,"the, of, to, in, and, for, that, on, was, applicant",0.9485830720063454,0.83964795,0.7940677,0.82701963,0.7604677,CREDIBILITY,Applicant Detention and Asylum Claims
0,112_chunk000,112,0,2,According the Court's Information Note :,112,ECtHR rules on push-backs by Spain at the Melilla/Morocco (referred to Grand Chamber),https://caselaw.euaa.europa.eu/pages/viewcaselaw.aspx?CaseLawID=112&returnurl=%2fPages%2fsearch.aspx,Council of Europe,03/10/2017,CoE: European Court of Human Rights [ECtHR],Judgment,8675/15 and 8697/15,"the, of, to, in, and, for, that, on, was, applicant",0.9789291073231353,0.7649845,0.7703783,0.76267946,0.8161068,EXPLANATION,Applicant Detention and Asylum Claims
0,112_chunk001,112,1,2,"In August 2014 a group of about 80 sub-Saharan migrants, including the applicants, attempted to enter Spain by scaling the barriers surrounding the town of Melilla, a Spanish enclave on the North African coast. Having climbed the fences, they were arrested by members of the Guardia Civil, who handcuffed them and returned them to the other side of the border without...",112,ECtHR rules on push-backs by Spain at the Melilla/Morocco (referred to Grand Chamber),https://caselaw.euaa.europa.eu/pages/viewcaselaw.aspx?CaseLawID=112&returnurl=%2fPages%2fsearch.aspx,Council of Europe,03/10/2017,CoE: European Court of Human Rights [ECtHR],Judgment,8675/15 and 8697/15,"the, of, to, in, and, for, that, on, was, applicant",1.0,0.82680076,0.78328305,0.8103134,0.7550998,CREDIBILITY,Applicant Detention and Asylum Claims
0,4705_chunk000,4705,0,1,"Judgment concerning the freedom of movement of asylum seekers in Ceuta and Melilla, although his application for international protection was admitted for examination.

...",4705,Spain Court rules on restriction of movement for asylum seekers in Ceuta and Melilla,https://caselaw.euaa.europa.eu/pages/viewcaselaw.aspx?CaseLawID=4705&returnurl=%2fPages%2fsearch.aspx,Spain,29/09/2017,ES: Supreme Court [Tribunal Supremo],Decision,1470/2016,"the, of, to, in, and, for, that, on, was, applicant",0.9482824210967141,0.85351723,0.79622954,0.82993704,0.7576645,CREDIBILITY,Applicant Detention and Asylum Claims
0,129_chunk000,129,0,1,"In the absence of legally binding criteria to assess risk of absconding, applicants may not be detained while waiting for a transfer under the Dublin Regulation.

...",129,French Court rules on absence of legally binding criteria to assess risk of absconding,https://caselaw.euaa.europa.eu/pages/viewcaselaw.aspx?CaseLawID=129&returnurl=%2fPages%2fsearch.aspx,France,27/09/2017,FR: Court of Cassation [Cour de cassation],,No 1130,"the, of, to, in, and, for, that, on, was, applicant",0.9363318701442819,0.86535454,0.8143423,0.8618256,0.78087133,CREDIBILITY,Applicant Detention and Asylum Claims
0,100_chunk000,100,0,2,"The case concerns to Afghani sisters who reached Austria through Croatia and applied for international protection. The authorities considered Croatia as the responsible MS for examining the applications of all family members. The Court followed he judgment of the ECJ, C-490/16, adopted on 26 July 2017, deciding on the reference for a preliminary ruling made by the Slovene Supreme Court.",100,AT: Court follows ECJ jurisprudence on Croatia's responsibility under Dublin for asylum seekers who crossed borders unlawfully,https://caselaw.euaa.europa.eu/pages/viewcaselaw.aspx?CaseLawID=100&returnurl=%2fPages%2fsearch.aspx,Austria,20/09/2017,AT: Supreme Administrative Court [Verwaltungsgerichtshof - VwGH],,Ra 2016/19/0303,"the, of, to, in, and, for, that, on, was, applicant",0.9672471994551546,0.8528504,0.81348443,0.8367604,0.80631566,CREDIBILITY,Applicant Detention and Asylum Claims
0,100_chunk001,100,1,2,"In this regard, it restates that regardless of the behavior of the Croatian authorities who tolerated the...",100,AT: Court follows ECJ jurisprudence on Croatia's responsibility under Dublin for asylum seekers who crossed borders unlawfully,https://caselaw.euaa.europa.eu/pages/viewcaselaw.aspx?CaseLawID=100&returnurl=%2fPages%2fsearch.aspx,Austria,20/09/2017,AT: Supreme Administrative Court [Verwaltungsgerichtshof - VwGH],,Ra 2016/19/0303,"the, of, to, in, and, for, that, on, was, applicant",0.9614585589792796,0.86838037,0.8335534,0.8565778,0.8323228,CREDIBILITY,Applicant Detention and Asylum Claims
0,51_chunk000,51,0,2,"Subsequent application for international protection lodged by the applicant (national of Cameroon) in 2014 was declared inadmissible and asylum proceedings was terminated by the decision of the administrative authority, which came to the conclusion that the applicant had not presented any new elements or findings which she would be incapable to present in the previous procedure initiated by her fi",51,CZ: Court ruled on the elimination of personal interview in the case of a subsequent application of a vulnerable,https://caselaw.euaa.europa.eu/pages/viewcaselaw.aspx?CaseLawID=51&returnurl=%2fPages%2fsearch.aspx,Czech Republic,13/09/2017,CZ: Supreme Administrative Court [Nejvyšší správní soud],,No. 6 Azs 66/2017-49,"the, of, to, in, and, for, that, on, was, applicant",0.9676711948515504,0.8835505,0.8368457,0.8577498,0.81978995,CREDIBILITY,Applicant Detention and Asylum Claims
0,51_chunk001,51,1,2,"rst application for international protection lodged in 2006.

Those elements that could have...",51,CZ: Court ruled on the elimination of personal interview in the case of a subsequent application of a vulnerable,https://caselaw.euaa.europa.eu/pages/viewcaselaw.aspx?CaseLawID=51&returnurl=%2fPages%2fsearch.aspx,Czech Republic,13/09/2017,CZ: Supreme Administrative Court [Nejvyšší správní soud],,No. 6 Azs 66/2017-49,"the, of, to, in, and, for, that, on, was, applicant",0.9284810232391305,0.8568952,0.81378984,0.8568948,0.7897154,CREDIBILITY,Applicant Detention and Asylum Claims
0,167_chunk000,167,0,2,"The applicant was born in 1984 in Myanmar and is a member of the ethnic group ""Rohingya"" / ""Bengali"". In 1992, he fled with his family after a military action against the village to Bangladesh. There, as evidenced by his documents, his relatives and he were registered as refugees from Myanmar in February 1992 and placed in a refugee camp.",167,DE: The Regional Administrative Court ruled on a Rohingya asylum seeker from Bangladesh and on the concept of first country of asylum.,https://caselaw.euaa.europa.eu/pages/viewcaselaw.aspx?CaseLawID=167&returnurl=%2fPages%2fsearch.aspx,Germany,13/09/2017,DE: Regional Administrative Court [Verwaltungsgericht],,5K 7023 / 17.A,"the, of, to, in, and, for, that, on, was, applicant",0.9870665332645892,0.8417712,0.7870886,0.8072188,0.7495884,CREDIBILITY,Applicant Detention and Asylum Claims
0,167_chunk001,167,1,2,"After having lived outside the refugee camp for some years since 1999, the applicant left Bangladesh in 2015 and, according to his own...",167,DE: The Regional Administrative Court ruled on a Rohingya asylum seeker from Bangladesh and on the concept of first country of asylum.,https://caselaw.euaa.europa.eu/pages/viewcaselaw.aspx?CaseLawID=167&returnurl=%2fPages%2fsearch.aspx,Germany,13/09/2017,DE: Regional Administrative Court [Verwaltungsgericht],,5K 7023 / 17.A,"the, of, to, in, and, for, that, on, was, applicant",0.9806804613465374,0.8460474,0.79652226,0.80963826,0.7633103,CREDIBILITY,Applicant Detention and Asylum Claims
0,23_chunk000,23,0,2,"The Finnish Immigration Service had rejected A 's application for asylum and residence permit on the basis of the conflict between A and his father' s claims for asylum. Although the father's report has thus affected A's case, he or she has not been given the opportunity to give an explanation of the report and contradictions that it has in relation to his or her report.",23,FI: The Supreme Administrative Court ruled on the right to be informed of the content of a non-public document.,https://caselaw.euaa.europa.eu/pages/viewcaselaw.aspx?CaseLawID=23&returnurl=%2fPages%2fsearch.aspx,Finland,30/08/2017,FI: Supreme Administrative Court [Korkein hallinto-oikeus],Judgment,KHO:2017:138,"the, of, to, in, and, for, that, on, was, applicant",0.9757349556039684,0.88705546,0.8365404,0.85219604,0.812274,CREDIBILITY,Applicant Detention and Asylum Claims
0,23_chunk001,23,1,2,"The Supreme Administrative Court granted the appeal, annulled the decisions of the Administrative Court and...",23,FI: The Supreme Administrative Court ruled on the right to be informed of the content of a non-public document.,https://caselaw.euaa.europa.eu/pages/viewcaselaw.aspx?CaseLawID=23&returnurl=%2fPages%2fsearch.aspx,Finland,30/08/2017,FI: Supreme Administrative Court [Korkein hallinto-oikeus],Judgment,KHO:2017:138,"the, of, to, in, and, for, that, on, was, applicant",0.9544721982061792,0.7855117,0.77635026,0.79123735,0.74797165,LEGAL_GROUND,Applicant Detention and Asylum Claims
0,62_chunk000,62,0,2,"(Abstract provided by UNHCR) Eritrean persons who have not yet been called for National Service, or are exempted from National Service or who have been released from National Service, are no longer being recognized as refugees. In such cases, they do not face punishment and forced conscription upon return and hence their removal is lawful.",62,CH: Court rules on the return of Eritreans who have not yet been called for National Service,https://caselaw.euaa.europa.eu/pages/viewcaselaw.aspx?CaseLawID=62&returnurl=%2fPages%2fsearch.aspx,Switzerland,17/08/2017,CH: Federal Administrative Court [Bundesverwaltungsgericht - Tribunal administratif fédéral - FAC],Judgment,D-2311/2016,"the, of, to, in, and, for, that, on, was, applicant",0.9874648396678984,0.8652823,0.79936844,0.8343365,0.7635089,CREDIBILITY,Applicant Detention and Asylum Claims
0,62_chunk001,62,1,2,"Eritreans who have not yet served the National Service and who were not exempted from it, particularly those who have left the country before reaching the...",62,CH: Court rules on the return of Eritreans who have not yet been called for National Service,https://caselaw.euaa.europa.eu/pages/viewcaselaw.aspx?CaseLawID=62&returnurl=%2fPages%2fsearch.aspx,Switzerland,17/08/2017,CH: Federal Administrative Court [Bundesverwaltungsgericht - Tribunal administratif fédéral - FAC],Judgment,D-2311/2016,"the, of, to, in, and, for, that, on, was, applicant",0.9887661776819207,0.8372335,0.7803672,0.8219861,0.74852276,CREDIBILITY,Applicant Detention and Asylum Claims
0,138_chunk000,138,0,2,"The Supreme Administrative Court of Lithuania ruled that, under the Return Directive, priority should be given to voluntary return against forced return, and an alien should be issued a return decision and granted a period for voluntary departure, aside from in exceptional circumstances (for example, when there is a ground for believing that an alien may abscond, represents a threat to national se",138,LT: Supreme Administrative Court rules on return issues,https://caselaw.euaa.europa.eu/pages/viewcaselaw.aspx?CaseLawID=138&returnurl=%2fPages%2fsearch.aspx,Lithuania,03/08/2017,LT: Supreme Administrative Court of Lithuania [Lietuvos vyriausiasis administracinis teismas],,eA-4316-858/2017,"the, of, to, in, and, for, that, on, was, applicant",0.9739186456133582,0.9076544,0.84616333,0.8795211,0.8127407,CREDIBILITY,Applicant Detention and Asylum Claims
0,138_chunk001,138,1,2,"curity).

The court has ruled that the current legal regulation, under which a return decision in...",138,LT: Supreme Administrative Court rules on return issues,https://caselaw.euaa.europa.eu/pages/viewcaselaw.aspx?CaseLawID=138&returnurl=%2fPages%2fsearch.aspx,Lithuania,03/08/2017,LT: Supreme Administrative Court of Lithuania [Lietuvos vyriausiasis administracinis teismas],,eA-4316-858/2017,"the, of, to, in, and, for, that, on, was, applicant",0.9456271547061118,0.8625844,0.84062636,0.85942745,0.81502616,CREDIBILITY,Applicant Detention and Asylum Claims
0,178_chunk000,178,0,2,"The Court gave guidance on the general approach to be adopted in law and practice by the First-tier Tribunal and Upper Tribunal where claims for asylum were made by children, young people, and other incapacitated or vulnerable persons whose ability to participate effectively in proceedings might be limited.",178,"The Court gave guidance on dealing with claims submitted by children, young people, and other incapacitated or vulnerable persons whose ability to participate effectively in proceedings might be limited.",https://caselaw.euaa.europa.eu/pages/viewcaselaw.aspx?CaseLawID=178&returnurl=%2fPages%2fsearch.aspx,United Kingdom,27/07/2017,"UK: Courts of Appeal (England, Wales, Northern Ireland), Court of Session (Scotland) (Cassation instance)",,Neutral Citation Number: [2017] EWCA Civ 1123 Case No: C5/2015/0626,"the, of, to, in, and, for, that, on, was, applicant",0.9877374967638413,0.85431635,0.8042625,0.83158875,0.7774766,CREDIBILITY,Applicant Detention and Asylum Claims
0,178_chunk001,178,1,2,"The guidance was designed to ensure that such persons had an effective right of access to the tribunal and a voice in the proceedings, and that their claims were fairly determined....",178,"The Court gave guidance on dealing with claims submitted by children, young people, and other incapacitated or vulnerable persons whose ability to participate effectively in proceedings might be limited.",https://caselaw.euaa.europa.eu/pages/viewcaselaw.aspx?CaseLawID=178&returnurl=%2fPages%2fsearch.aspx,United Kingdom,27/07/2017,"UK: Courts of Appeal (England, Wales, Northern Ireland), Court of Session (Scotland) (Cassation instance)",,Neutral Citation Number: [2017] EWCA Civ 1123 Case No: C5/2015/0626,"the, of, to, in, and, for, that, on, was, applicant",0.9622179455889182,0.83425146,0.81240684,0.8020999,0.77635026,CREDIBILITY,Applicant Detention and Asylum Claims
0,34_chunk000,34,0,2,"On 14 September 2015, Mr Tsegezab Mengesteab, an Eritrean national, requested asylum in Munich (Germany) with the Government of Upper Bavaria, which issued to him, on the same day, a certificate of registration as an asylum seeker. On 22 July 2016, Mr Mengesteab was heard by the Bundesamt and was able to lodge an official application for asylum.",34,CJEU: MS becomes responsible for examining his application upon the expiry of the three-month period within which that Member State may request another Member State to take charge of him,https://caselaw.euaa.europa.eu/pages/viewcaselaw.aspx?CaseLawID=34&returnurl=%2fPages%2fsearch.aspx,European Union,26/07/2017,EU: Court of Justice of the European Union [CJEU],,Case C-670/16,"the, of, to, in, and, for, that, on, was, applicant",1.0,0.8506927,0.7995601,0.8213769,0.7757634,CREDIBILITY,Applicant Detention and Asylum Claims
0,34_chunk001,34,1,2,"A search in the Eurodac system however revealed that Mr Mengesteab's fingerprints had been taken in Italy. In general, such a hit constitutes...",34,CJEU: MS becomes responsible for examining his application upon the expiry of the three-month period within which that Member State may request another Member State to take charge of him,https://caselaw.euaa.europa.eu/pages/viewcaselaw.aspx?CaseLawID=34&returnurl=%2fPages%2fsearch.aspx,European Union,26/07/2017,EU: Court of Justice of the European Union [CJEU],,Case C-670/16,"the, of, to, in, and, for, that, on, was, applicant",1.0,0.8526049,0.785669,0.8233465,0.7550609,CREDIBILITY,Applicant Detention and Asylum Claims
0,38_chunk000,38,0,2,"A..S. left Syria for Lebanon, before travelling across Turkey, Greece, the former Yugoslav Republic of Macedonia, and Serbia. He crossed the border between that last State and Croatia in 2016. The Croatian authorities arranged for him to be transported to the Slovenian border. A.S. entered Slovenia on 20 February 2016. The Slovenian authorities then handed him over to the Austrian authorities.",38,Croatia is responsible for examining applications for international protection by persons who crossed its border en masse during the 2015-2016 migration crisis,https://caselaw.euaa.europa.eu/pages/viewcaselaw.aspx?CaseLawID=38&returnurl=%2fPages%2fsearch.aspx,European Union,26/07/2017,EU: Court of Justice of the European Union [CJEU],,C‑490/16,"the, of, to, in, and, for, that, on, was, applicant",1.0,0.8284953,0.7755527,0.8041605,0.74680066,CREDIBILITY,Applicant Detention and Asylum Claims
0,38_chunk001,38,1,2,"The latter, however, refused him entry to Austria. On 23 February 2016, A.S. lodged an...",38,Croatia is responsible for examining applications for international protection by persons who crossed its border en masse during the 2015-2016 migration crisis,https://caselaw.euaa.europa.eu/pages/viewcaselaw.aspx?CaseLawID=38&returnurl=%2fPages%2fsearch.aspx,European Union,26/07/2017,EU: Court of Justice of the European Union [CJEU],,C‑490/16,"the, of, to, in, and, for, that, on, was, applicant",0.9574766671272817,0.8245515,0.772527,0.80647695,0.76878345,CREDIBILITY,Applicant Detention and Asylum Claims
0,542_chunk000,542,0,2,"On 22 October 2022, Mr. Ouhrami, an Algerian national, was considered a threat to public policy and declared undesirable by a decision from the Minister for Immigration and Integration in the Netherlands. The Minister indicated in the decision that in the years 2000 to 2002, Mr.",542,"The CJEU interpreted Article 11(2) of the Returns Directive, ruling that an entry ban's 5-year maximum duration starts when a third-country national leaves the EU territory, not when the ban is initially issued.",https://caselaw.euaa.europa.eu/pages/viewcaselaw.aspx?CaseLawID=542&returnurl=%2fPages%2fsearch.aspx,European Union,26/07/2017,EU: Court of Justice of the European Union [CJEU],Judgment,C-225/16,"the, of, to, in, and, for, that, on, was, applicant",0.9941268223637073,0.8691483,0.81471276,0.8530758,0.7952715,CREDIBILITY,Applicant Detention and Asylum Claims
0,542_chunk001,542,1,2,"Ouhrami had on five occasions been sentenced by the criminal courts to a total of more than 13 months imprisonment for aggravated theft, handling stolen property, and possession of hard drugs. The decision obliged him...",542,"The CJEU interpreted Article 11(2) of the Returns Directive, ruling that an entry ban's 5-year maximum duration starts when a third-country national leaves the EU territory, not when the ban is initially issued.",https://caselaw.euaa.europa.eu/pages/viewcaselaw.aspx?CaseLawID=542&returnurl=%2fPages%2fsearch.aspx,European Union,26/07/2017,EU: Court of Justice of the European Union [CJEU],Judgment,C-225/16,"the, of, to, in, and, for, that, on, was, applicant",0.8968536596020036,0.84131324,0.8040149,0.8419748,0.7558566,LEGAL_GROUND,Applicant Detention and Asylum Claims
0,130_chunk000,130,0,2,The Council ruled that to be able to transfer an applicant to another member state the administrative authority must obtain the consent of the State responsible for examining the asylum application before it can take a decision to transfer the asylum seeker to that State.,130,FR: Council of State ruled on issues of transfer decisions and administrative detention of applicants subject to transfer,https://caselaw.euaa.europa.eu/pages/viewcaselaw.aspx?CaseLawID=130&returnurl=%2fPages%2fsearch.aspx,France,19/07/2017,FR: Council of State [Conseil d'État],,No 408919,"the, of, to, in, and, for, that, on, was, applicant",0.9575646787817466,0.86396456,0.823033,0.84390736,0.77953374,CREDIBILITY,Applicant Detention and Asylum Claims
0,130_chunk001,130,1,2,"Such a transfer decision can not therefore be taken, let alone notified to the person concerned, until after acceptance by the requested State. The Council also issued an opinion on the possibility of administrative detention...",130,FR: Council of State ruled on issues of transfer decisions and administrative detention of applicants subject to transfer,https://caselaw.euaa.europa.eu/pages/viewcaselaw.aspx?CaseLawID=130&returnurl=%2fPages%2fsearch.aspx,France,19/07/2017,FR: Council of State [Conseil d'État],,No 408919,"the, of, to, in, and, for, that, on, was, applicant",1.0,0.8783443,0.84473777,0.8683682,0.80806863,CREDIBILITY,Applicant Detention and Asylum Claims
0,175_chunk000,175,0,2,The Upper Tribunal Ruled that: i) There is no general duty of inquiry upon the examiner to authenticate documents produced in support of a protection claim. There may be exceptional situations when a document can be authenticated by a simple process of inquiry which will conclusively resolve the authenticity and reliability of a document.,175,UK: Upper Tribunal on the duty of confidentiality when assessing evidence,https://caselaw.euaa.europa.eu/pages/viewcaselaw.aspx?CaseLawID=175&returnurl=%2fPages%2fsearch.aspx,United Kingdom,19/07/2017,UK: Upper Tribunal - Immigration and Asylum Chamber,,[2017] UKUT 00368 (IAC),"the, of, to, in, and, for, that, on, was, applicant",0.9846186550958708,0.91302884,0.8884199,0.8703886,0.8480817,CREDIBILITY,Applicant Detention and Asylum Claims
0,175_chunk001,175,1,2,"(ii) There is a general duty of confidentiality during the process of examining a protection claim, including appellate and judicial review proceedings. If...",175,UK: Upper Tribunal on the duty of confidentiality when assessing evidence,https://caselaw.euaa.europa.eu/pages/viewcaselaw.aspx?CaseLawID=175&returnurl=%2fPages%2fsearch.aspx,United Kingdom,19/07/2017,UK: Upper Tribunal - Immigration and Asylum Chamber,,[2017] UKUT 00368 (IAC),"the, of, to, in, and, for, that, on, was, applicant",0.9647845125128007,0.87794477,0.859223,0.85730636,0.8024195,CREDIBILITY,Applicant Detention and Asylum Claims
0,196_chunk000,196,0,2,The applicant applied for asylum in two occasions: in the United Kingdom in 2009 and in Northern Ireland in 2014 and both applications were refused by the corresponding British Authorities. The applicant moved to Ireland in August 2016 where he submitted a new asylum application.,196,IE: High Court rules on Dublin implementation,https://caselaw.euaa.europa.eu/pages/viewcaselaw.aspx?CaseLawID=196&returnurl=%2fPages%2fsearch.aspx,Ireland,17/07/2017,IE: High Court,,Neutral Citation: [2017] IEHC 462 High Court Record Number: 2017 506 JR,"the, of, to, in, and, for, that, on, was, applicant",0.9486704176498589,0.8411953,0.8020122,0.8078885,0.76773727,CREDIBILITY,Applicant Detention and Asylum Claims
0,196_chunk001,196,1,2,"Based on Chapter III of the Dublin III Regulation, the Office of the Refugee Applications Commissioner determined that the United Kingdom was responsible to assess applicant's applications. At this point, the...",196,IE: High Court rules on Dublin implementation,https://caselaw.euaa.europa.eu/pages/viewcaselaw.aspx?CaseLawID=196&returnurl=%2fPages%2fsearch.aspx,Ireland,17/07/2017,IE: High Court,,Neutral Citation: [2017] IEHC 462 High Court Record Number: 2017 506 JR,"the, of, to, in, and, for, that, on, was, applicant",0.9994613752840816,0.84431994,0.81208557,0.8238407,0.7763669,CREDIBILITY,Applicant Detention and Asylum Claims
0,198_chunk000,198,0,2,The applicant had previously applied for asylum in the UK. He appealed unsuccessfully to the Tribunal the decision of the Refugee Applications Commissioner that he be transferred to the UK under Dublin III.,198,"IE: High Court - Request to transfer applicant to another country, consideration on article 17 of Dublin III (discretionary clauses)",https://caselaw.euaa.europa.eu/pages/viewcaselaw.aspx?CaseLawID=198&returnurl=%2fPages%2fsearch.aspx,Ireland,17/07/2017,IE: High Court,,[2017] IEHC 464,"the, of, to, in, and, for, that, on, was, applicant",1.0,0.8434318,0.80236477,0.80722916,0.7569027,CREDIBILITY,Applicant Detention and Asylum Claims
0,198_chunk001,198,1,2,He then requested that the Minister exercise discretion under art.17 of the Dublin III Regulation not to transfer him to the UK because he had serious medical issues for which he was being treated in the State (he required operations to remove a blockage and to fit a pacemaker). The Minister...,198,"IE: High Court - Request to transfer applicant to another country, consideration on article 17 of Dublin III (discretionary clauses)",https://caselaw.euaa.europa.eu/pages/viewcaselaw.aspx?CaseLawID=198&returnurl=%2fPages%2fsearch.aspx,Ireland,17/07/2017,IE: High Court,,[2017] IEHC 464,"the, of, to, in, and, for, that, on, was, applicant",1.0,0.8631963,0.8129486,0.84602886,0.77787864,CREDIBILITY,Applicant Detention and Asylum Claims
0,186_chunk000,186,0,2,"According the WLR Daily case summaries The asylum claimant, an Iraqi national, entered the United Kingdom and claimed asylum. His claim was refused by the Secretary of State and he appealed pursuant to section 82 of the Nationality, Immigration and Asylum Act 2002. His appeal was dismissed by the First-tier Tribunal.",186,UK: Court of Appeal rules on remitting case to tribunal for reconsideration as well as error of law in country guidance,https://caselaw.euaa.europa.eu/pages/viewcaselaw.aspx?CaseLawID=186&returnurl=%2fPages%2fsearch.aspx,United Kingdom,11/07/2017,"UK: Courts of Appeal (England, Wales, Northern Ireland), Court of Session (Scotland) (Cassation instance)",,Case No: C5/2016/0144 Neutral Citation Number: [2017] EWCA Civ 944,"the, of, to, in, and, for, that, on, was, applicant",1.0,0.82855207,0.77837306,0.7938657,0.7435144,CREDIBILITY,Applicant Detention and Asylum Claims
0,186_chunk001,186,1,2,He appealed to the Upper Tribunal on the grounds that if returned to Iraq he would be at risk of suffering serious harm falling within article 15(c) of Council Directive...,186,UK: Court of Appeal rules on remitting case to tribunal for reconsideration as well as error of law in country guidance,https://caselaw.euaa.europa.eu/pages/viewcaselaw.aspx?CaseLawID=186&returnurl=%2fPages%2fsearch.aspx,United Kingdom,11/07/2017,"UK: Courts of Appeal (England, Wales, Northern Ireland), Court of Session (Scotland) (Cassation instance)",,Case No: C5/2016/0144 Neutral Citation Number: [2017] EWCA Civ 944,"the, of, to, in, and, for, that, on, was, applicant",0.9951954993179938,0.8112774,0.7631664,0.80578995,0.70454484,CREDIBILITY,Applicant Detention and Asylum Claims
0,49_chunk000,49,0,2,"Despite of previous decisions on return (administrative expulsion) issued against the applicant (Ukrainian national), she did not leave the territory of the Czech Republic where she has stayed irregularly since 2001.",49,CZ: Court rules on detention pending return,https://caselaw.euaa.europa.eu/pages/viewcaselaw.aspx?CaseLawID=49&returnurl=%2fPages%2fsearch.aspx,Czech Republic,28/06/2017,CZ: Supreme Administrative Court [Nejvyšší správní soud],,No. 1 Azs 349/2016-48,"the, of, to, in, and, for, that, on, was, applicant",0.9541783491178375,0.8538534,0.804896,0.8414245,0.76194596,CREDIBILITY,Applicant Detention and Asylum Claims
0,49_chunk001,49,1,2,"The applicant was therefore detained for the purpose of her removal by the Police of the Czech Republic under the provisions of the Act on the Residence of Foreigners implementing Art. 15 of the Returns Directive. In the detention, the applicant lodged an application for...",49,CZ: Court rules on detention pending return,https://caselaw.euaa.europa.eu/pages/viewcaselaw.aspx?CaseLawID=49&returnurl=%2fPages%2fsearch.aspx,Czech Republic,28/06/2017,CZ: Supreme Administrative Court [Nejvyšší správní soud],,No. 1 Azs 349/2016-48,"the, of, to, in, and, for, that, on, was, applicant",1.0,0.84805435,0.80799526,0.8458523,0.77386284,CREDIBILITY,Applicant Detention and Asylum Claims
0,97_chunk000,97,0,2,"As of 2016, beneficiaries of subsidiary protection in Lower Austria differ from persons granted asylum in that they are entitled only to benefits under basic welfare support. The Constitutional Court ruled in June 2017 that this rule is constitutional, since sufficient factual and legal differences exist to justify differing treatment with respect to social benefits.",97,AT: Limited social assistance benefits for beneficiaries of subsidiary protection are constitutional,https://caselaw.euaa.europa.eu/pages/viewcaselaw.aspx?CaseLawID=97&returnurl=%2fPages%2fsearch.aspx,Austria,28/06/2017,AT: Constitutional Court [Verfassungsgerichtshof Österreich],,E3297/2016,"the, of, to, in, and, for, that, on, was, applicant",0.9372160630513441,0.8734628,0.82126874,0.85807365,0.8157974,CREDIBILITY,Applicant Detention and Asylum Claims
0,97_chunk001,97,1,2,"The Constitutional Court nonetheless insisted that benefits had to be granted ""...so that the individuals affected are not subject...",97,AT: Limited social assistance benefits for beneficiaries of subsidiary protection are constitutional,https://caselaw.euaa.europa.eu/pages/viewcaselaw.aspx?CaseLawID=97&returnurl=%2fPages%2fsearch.aspx,Austria,28/06/2017,AT: Constitutional Court [Verfassungsgerichtshof Österreich],,E3297/2016,"the, of, to, in, and, for, that, on, was, applicant",0.9428202977128254,0.86209327,0.79605633,0.8403175,0.77321005,CREDIBILITY,Applicant Detention and Asylum Claims
0,197_chunk000,197,0,2,"The applicants, a woman and her three children, were nationals of Pakistan who applied for asylum in the State. They had lived in the UK with the first applicant's husband whom the first named applicant claimed had been violently abusive towards her and the children.",197,IE: High Court rules on the discretionary clauses of article 17,https://caselaw.euaa.europa.eu/pages/viewcaselaw.aspx?CaseLawID=197&returnurl=%2fPages%2fsearch.aspx,Ireland,26/06/2017,IE: High Court,Judgment,Neutral Citation: [2017] IEHC 490 High Court Record Number: 2017 120 JR,"the, of, to, in, and, for, that, on, was, applicant",1.0,0.80659264,0.74862397,0.7818309,0.7395574,CREDIBILITY,Applicant Detention and Asylum Claims
0,197_chunk001,197,1,2,During the course of the Refugee Application Commissioner's examination of the applicants' file under Dublin III the applicants requested that the Commissioner exercise discretion under art.17 of the Regulation to...,197,IE: High Court rules on the discretionary clauses of article 17,https://caselaw.euaa.europa.eu/pages/viewcaselaw.aspx?CaseLawID=197&returnurl=%2fPages%2fsearch.aspx,Ireland,26/06/2017,IE: High Court,Judgment,Neutral Citation: [2017] IEHC 490 High Court Record Number: 2017 120 JR,"the, of, to, in, and, for, that, on, was, applicant",1.0,0.8522327,0.82040155,0.83211184,0.7963983,CREDIBILITY,Applicant Detention and Asylum Claims
0,35_chunk000,35,0,2,"! With regard to reception, UK implements Council Directive 2003/9/EC. This case concerns a challenge to a decision by the Secretary of State for the Home Department (""the Respondent"") as to the weekly rate of asylum support paid for child dependants of asylum seekers.",35,UK: Court rules on the legality of reducing asylum support,https://caselaw.euaa.europa.eu/pages/viewcaselaw.aspx?CaseLawID=35&returnurl=%2fPages%2fsearch.aspx,United Kingdom,22/06/2017,"UK: Courts of Appeal (England, Wales, Northern Ireland), Court of Session (Scotland) (Cassation instance)",,Case No: C1/2016/4367 Neutral Citation Number: [2017] EWCA Civ 433,"the, of, to, in, and, for, that, on, was, applicant",0.9420403341610137,0.8566517,0.8050681,0.82968396,0.7690581,CREDIBILITY,Applicant Detention and Asylum Claims
0,35_chunk001,35,1,2,"The Court ruled that EU legislation provides for the subsistence of children rather than their welfare, notably articles 13.2 and 17 RCD. The Court mentioned that: 'The test, as already decided, is one of subsistence. Many...",35,UK: Court rules on the legality of reducing asylum support,https://caselaw.euaa.europa.eu/pages/viewcaselaw.aspx?CaseLawID=35&returnurl=%2fPages%2fsearch.aspx,United Kingdom,22/06/2017,"UK: Courts of Appeal (England, Wales, Northern Ireland), Court of Session (Scotland) (Cassation instance)",,Case No: C1/2016/4367 Neutral Citation Number: [2017] EWCA Civ 433,"the, of, to, in, and, for, that, on, was, applicant",1.0,0.88960856,0.8431739,0.877162,0.81805736,CREDIBILITY,Applicant Detention and Asylum Claims
0,85_chunk000,85,0,2,Main issues may be summarized as follows: i) Regulation 604/13/EU (the Dublin Regulation) occupies the field to which it applies and operates as a measure of supreme EU law therein. (ii) It is not open to the Secretary of State to unilaterally and selectively disapply certain provisions of the Dublin Regulation and its sister implementing Commission Regulation as this is contrary to EU law.,85,UK: Upper Tribunal rules on Dublin Procedural Safeguards for UAMs,https://caselaw.euaa.europa.eu/pages/viewcaselaw.aspx?CaseLawID=85&returnurl=%2fPages%2fsearch.aspx,United Kingdom,22/06/2017,UK: Upper Tribunal - Immigration and Asylum Chamber,,[2017] UKUT 00262 (IAC),"the, of, to, in, and, for, that, on, was, applicant",0.9441084689010941,0.8754499,0.85014236,0.8633099,0.81659114,CREDIBILITY,Applicant Detention and Asylum Claims
0,85_chunk001,85,1,2,(iii) The dilution and disapplication of the procedural fairness and kindred protections enshrined in...,85,UK: Upper Tribunal rules on Dublin Procedural Safeguards for UAMs,https://caselaw.euaa.europa.eu/pages/viewcaselaw.aspx?CaseLawID=85&returnurl=%2fPages%2fsearch.aspx,United Kingdom,22/06/2017,UK: Upper Tribunal - Immigration and Asylum Chamber,,[2017] UKUT 00262 (IAC),"the, of, to, in, and, for, that, on, was, applicant",0.9671526379888642,0.84429663,0.82743406,0.8627832,0.7914888,LEGAL_GROUND,Applicant Detention and Asylum Claims
0,203_chunk000,203,0,2,In this case the Court was asked to give full consideration to the legal consequences within this State of a polygamous marriage entered into another country and according to the law of the State where took place. The husband is a recognized refugee (since 2000) who is originally from the Lebanon. While domiciled there he contracted two marriages – the first in 1975 and the second in 1988.,203,IE: Supreme Court consideration about polygamous marriages and effects in the process for family reunification in Ireland.,https://caselaw.euaa.europa.eu/pages/viewcaselaw.aspx?CaseLawID=203&returnurl=%2fPages%2fsearch.aspx,Ireland,15/06/2017,IE: Supreme Court,,[2017] IESC 40; High court Record Number 2005 53 M,"the, of, to, in, and, for, that, on, was, applicant",1.0,0.85696065,0.8203961,0.8345964,0.774377,CREDIBILITY,Applicant Detention and Asylum Claims
0,203_chunk001,203,1,2,The husband has a subsisting relationship with each wife and there are children of both marriages. All...,203,IE: Supreme Court consideration about polygamous marriages and effects in the process for family reunification in Ireland.,https://caselaw.euaa.europa.eu/pages/viewcaselaw.aspx?CaseLawID=203&returnurl=%2fPages%2fsearch.aspx,Ireland,15/06/2017,IE: Supreme Court,,[2017] IESC 40; High court Record Number 2005 53 M,"the, of, to, in, and, for, that, on, was, applicant",0.9459189262640958,0.81067944,0.78769153,0.7854043,0.7550625,CREDIBILITY,Applicant Detention and Asylum Claims
0,56_chunk000,56,0,2,The applicants were two Albanian asylum seekers who challenged the decision of the Refugee Appeals Tribunal upholding the decision of the Office of the Refugee Applications Commissioner that the United Kingdom was the member state responsible for determining their applications for asylum.,56,IE: Court rules on the implementation of Dublin Regulation,https://caselaw.euaa.europa.eu/pages/viewcaselaw.aspx?CaseLawID=56&returnurl=%2fPages%2fsearch.aspx,Ireland,14/06/2017,IE: Court of Appeal,,Neutral Citation: [2017] IECA 179 Court of Appeal Record Number: 2016 436 High Court Record Number: 2015 433 JR,"the, of, to, in, and, for, that, on, was, applicant",1.0,0.83914095,0.7957986,0.80621904,0.7672273,CREDIBILITY,Applicant Detention and Asylum Claims
0,56_chunk001,56,1,2,"The applicants claimed asylum in Ireland on 16 December 2014, and completed their asylum application questionnaires on 26 December 2014. An information request by the Office of the Refugee Applications...",56,IE: Court rules on the implementation of Dublin Regulation,https://caselaw.euaa.europa.eu/pages/viewcaselaw.aspx?CaseLawID=56&returnurl=%2fPages%2fsearch.aspx,Ireland,14/06/2017,IE: Court of Appeal,,Neutral Citation: [2017] IECA 179 Court of Appeal Record Number: 2016 436 High Court Record Number: 2015 433 JR,"the, of, to, in, and, for, that, on, was, applicant",1.0,0.85863113,0.82544553,0.82754225,0.80903494,CREDIBILITY,Applicant Detention and Asylum Claims
0,205_chunk000,205,0,2,"The applicant sought the leave of the Supreme Court to appeal against the decision of the High Court refusing leave to seek judicial review on two points: that there were substantial grounds necessary for leave to argue (1) that the RAC had unlawfully delegated the refugee status investigation to a contractor, and (2) that in circumstances where the High Court had granted leave on that point in ot",205,IE: Supreme Court grants leave to argue that it was unlawful for the Commissioner to delegate the first instance asylum “investigation” under the Refugee Act 1996 to contractors.,https://caselaw.euaa.europa.eu/pages/viewcaselaw.aspx?CaseLawID=205&returnurl=%2fPages%2fsearch.aspx,Ireland,13/06/2017,IE: Supreme Court,,Neutral Citation: IESCDET 65; Supreme Court Record Number: S:AP:IE:2017:000036,"the, of, to, in, and, for, that, on, was, applicant",0.9914285527841388,0.8513791,0.8286548,0.84434116,0.8031792,CREDIBILITY,Applicant Detention and Asylum Claims
0,205_chunk001,205,1,2,"her cases, a judge of the same court should only depart from such previous decisions in limited...",205,IE: Supreme Court grants leave to argue that it was unlawful for the Commissioner to delegate the first instance asylum “investigation” under the Refugee Act 1996 to contractors.,https://caselaw.euaa.europa.eu/pages/viewcaselaw.aspx?CaseLawID=205&returnurl=%2fPages%2fsearch.aspx,Ireland,13/06/2017,IE: Supreme Court,,Neutral Citation: IESCDET 65; Supreme Court Record Number: S:AP:IE:2017:000036,"the, of, to, in, and, for, that, on, was, applicant",0.9812276440423942,0.8203168,0.8292274,0.8069173,0.79018646,DETERMINATION,Applicant Detention and Asylum Claims
0,177_chunk000,177,0,1,"The Court of Appeal (civil division) ruled that the Upper Tribunal had not erred in adjudicating on the legality of a decision by the Secretary of State to cease treating a foreign criminal as a refugee, and in holding that cessation of his refugee status had been unlawful.

...",177,UK: cessation of refugee status due to criminal activity,https://caselaw.euaa.europa.eu/pages/viewcaselaw.aspx?CaseLawID=177&returnurl=%2fPages%2fsearch.aspx,United Kingdom,08/06/2017,"UK: Courts of Appeal (England, Wales, Northern Ireland), Court of Session (Scotland) (Cassation instance)",,Neutral Citation Number: [2017] EWCA Civ 407 Case No: C5/2015/3803,"the, of, to, in, and, for, that, on, was, applicant",1.0,0.8459826,0.80532575,0.81755584,0.76837856,CREDIBILITY,Applicant Detention and Asylum Claims
0,44_chunk000,44,0,2,"The applicants, family of Russian-speaking Ukrainian citizens, applied for international protection in the Czech Republic. In their application they stated that in the Dnepropetrovsk region, seriously influenced by war, they were threatened, treated as separatists and constantly controlled by the irregular combatants without uniforms or insignia.",44,CZ: Court clarifies the use of COI when assessing applications for international protection,https://caselaw.euaa.europa.eu/pages/viewcaselaw.aspx?CaseLawID=44&returnurl=%2fPages%2fsearch.aspx,Czech Republic,31/05/2017,CZ: Supreme Administrative Court [Nejvyšší správní soud],,No. 5 Azs 62/2016-87,"the, of, to, in, and, for, that, on, was, applicant",1.0,0.8446311,0.7959941,0.8237708,0.7742386,CREDIBILITY,Applicant Detention and Asylum Claims
0,44_chunk001,44,1,2,The administrative authority (Ministry of Interior) refused to grant the applicants the international protection. It concluded that according to the...,44,CZ: Court clarifies the use of COI when assessing applications for international protection,https://caselaw.euaa.europa.eu/pages/viewcaselaw.aspx?CaseLawID=44&returnurl=%2fPages%2fsearch.aspx,Czech Republic,31/05/2017,CZ: Supreme Administrative Court [Nejvyšší správní soud],,No. 5 Azs 62/2016-87,"the, of, to, in, and, for, that, on, was, applicant",0.9550949258462013,0.87426287,0.8434744,0.86066294,0.83630925,CREDIBILITY,Applicant Detention and Asylum Claims
0,150_chunk000,150,0,2,"The Court examined whether it was legal to imprison a foreign family with children under 15 years of age. Until their expulsion, the family were detained for two weeks at the Immigration Police station at Trandum. In addition to the parents, four of their children, aged between 7 and 14 years old were detained.",150,NO: Court rules on detention of families with children,https://caselaw.euaa.europa.eu/pages/viewcaselaw.aspx?CaseLawID=150&returnurl=%2fPages%2fsearch.aspx,Norway,31/05/2017,NO: Court of Appeal [Lagmannsrettane],,LB-2016-8370,"the, of, to, in, and, for, that, on, was, applicant",0.9733013518269166,0.8507242,0.79736257,0.82785374,0.76857525,CREDIBILITY,Applicant Detention and Asylum Claims
0,150_chunk001,150,1,2,"The Court found that the two weeks detention of four children together with their parents violated Article 3 of the ECHR, and Articles 5, 8, and 37 of the Convention on the Rights of...",150,NO: Court rules on detention of families with children,https://caselaw.euaa.europa.eu/pages/viewcaselaw.aspx?CaseLawID=150&returnurl=%2fPages%2fsearch.aspx,Norway,31/05/2017,NO: Court of Appeal [Lagmannsrettane],,LB-2016-8370,"the, of, to, in, and, for, that, on, was, applicant",0.9630036682905562,0.8291494,0.7651368,0.81828594,0.74861753,CREDIBILITY,Applicant Detention and Asylum Claims
0,54_chunk000,54,0,2,"Section 9 of the Refugee Act 1996 provided that a person seeking asylum is entitled to enter the State and remain while the application for refugee status is processed. Section 9(4) also provided however, that an applicant shall not seek or enter employment before final determination of his or her application for a declaration.",54,IE Supreme Court rules on the right of asylum seekers to seek employment,https://caselaw.euaa.europa.eu/pages/viewcaselaw.aspx?CaseLawID=54&returnurl=%2fPages%2fsearch.aspx,Ireland,30/05/2017,IE: Supreme Court,,Neutral Citation: [2017] IESC 35 Supreme Court Record Number: 31 & 56/2016 Court of Appeal Record Number: 2015 263,"the, of, to, in, and, for, that, on, was, applicant",0.993585783111294,0.8701305,0.8349942,0.83108604,0.78387344,CREDIBILITY,Applicant Detention and Asylum Claims
0,54_chunk001,54,1,2,"Pending the determination of an application for refugee status, applicants are required to live in State provided accommodation known as direct provision, and provided in...",54,IE Supreme Court rules on the right of asylum seekers to seek employment,https://caselaw.euaa.europa.eu/pages/viewcaselaw.aspx?CaseLawID=54&returnurl=%2fPages%2fsearch.aspx,Ireland,30/05/2017,IE: Supreme Court,,Neutral Citation: [2017] IESC 35 Supreme Court Record Number: 31 & 56/2016 Court of Appeal Record Number: 2015 263,"the, of, to, in, and, for, that, on, was, applicant",0.9552276035071462,0.83936113,0.7799622,0.80136514,0.7320007,CREDIBILITY,Applicant Detention and Asylum Claims
0,4707_chunk000,4707,0,1,"In A.I. v. Switzerland the Court held in particular that, on account of his political activities in exile, it was possible that the applicant had attracted the attention of the Sudanese intelligence services. It found that there were therefore reasonable grounds for believing that the applicant ran the risk of being detained, interrogated and tortured on his arrival at Khartoum Airport.

...",4707,ECHR rules on possible torture of returnee due to political activities in exile,https://caselaw.euaa.europa.eu/pages/viewcaselaw.aspx?CaseLawID=4707&returnurl=%2fPages%2fsearch.aspx,Council of Europe,30/05/2017,CoE: European Court of Human Rights [ECtHR],,No 23378/15,"the, of, to, in, and, for, that, on, was, applicant",0.9973141569714865,0.83361614,0.7459225,0.82144576,0.72605044,CREDIBILITY,Applicant Detention and Asylum Claims
0,209_chunk000,209,0,2,"In this case, the applicant applied for asylum in his city of residence, Ceuta, and his application was admitted. At that point the Spanish authorities issued him the corresponding identity document valid for the entire national territory and until the resolution of his asylum application.",209,ES: Recognition of freedom of movement of asylum seekers within the Spanish territory,https://caselaw.euaa.europa.eu/pages/viewcaselaw.aspx?CaseLawID=209&returnurl=%2fPages%2fsearch.aspx,Spain,25/05/2017,ES: Administrative Courts [Juzgados de lo Contencioso-Administrativo],,Roj: SJCA 472/2017 (Resolution 278/2017; Appeal 651/2016),"the, of, to, in, and, for, that, on, was, applicant",0.9844357933999064,0.86284554,0.834674,0.84006727,0.7884461,CREDIBILITY,Applicant Detention and Asylum Claims
0,209_chunk001,209,1,2,"Despite having this document, the Police Officer on duty denied him to board when he tried to go to the Peninsula. The Administrative Court in this case recognized the applicant right to move freely...",209,ES: Recognition of freedom of movement of asylum seekers within the Spanish territory,https://caselaw.euaa.europa.eu/pages/viewcaselaw.aspx?CaseLawID=209&returnurl=%2fPages%2fsearch.aspx,Spain,25/05/2017,ES: Administrative Courts [Juzgados de lo Contencioso-Administrativo],,Roj: SJCA 472/2017 (Resolution 278/2017; Appeal 651/2016),"the, of, to, in, and, for, that, on, was, applicant",0.9675751358503996,0.86913764,0.8274802,0.8368546,0.7928285,CREDIBILITY,Applicant Detention and Asylum Claims
0,169_chunk000,169,0,1,"The Court ruled on the guidance set out in HJ (Iran) v Secretary of State for the Home Department [2010] UKSC 31 on the approach to sexual orientation asylum claims, including consideration of whether a gay applicant for international protection would conceal their sexual orientation upon return to their country of origin and the reasons for concealment, was compatible with Directive 2004/83...",169,UK: Court rules on issues pertaining to sexual orientation and its concealment upon return to the country of origin,https://caselaw.euaa.europa.eu/pages/viewcaselaw.aspx?CaseLawID=169&returnurl=%2fPages%2fsearch.aspx,United Kingdom,09/05/2017,"UK: Courts of Appeal (England, Wales, Northern Ireland), Court of Session (Scotland) (Cassation instance)",,Neutral Citation Number: [2017] EWCA Civ 351 Case No: C5/2014/2641,"the, of, to, in, and, for, that, on, was, applicant",0.9412003104946655,0.8658667,0.80483687,0.83995867,0.7872725,CREDIBILITY,Applicant Detention and Asylum Claims
0,656_chunk000,656,0,2,The case concerns an appeal against the decision of the Court of The Hague of 5 October 2016 in case no. 16/20135. The Administrative Jurisdiction Division of the Council of State clarified that the Immigration and Naturalisation Service (IND ) is required to assess in an individual manner whether the criteria for protection still exist.,656,NL: The Court of The Hague ruled that the assessment of an application must be done in an individual manner whether the criteria for protection still exist.,https://caselaw.euaa.europa.eu/pages/viewcaselaw.aspx?CaseLawID=656&returnurl=%2fPages%2fsearch.aspx,Netherlands,09/05/2017,NL: Court of The Hague [Rechtbank Den Haag],Judgment,201607681/1/V3,"the, of, to, in, and, for, that, on, was, applicant",0.9875885511736341,0.8724479,0.8444129,0.8535352,0.82202005,CREDIBILITY,Applicant Detention and Asylum Claims
0,656_chunk001,656,1,2,"The fact that the permit has expired cannot lead to an automatic cessation of the status.

...",656,NL: The Court of The Hague ruled that the assessment of an application must be done in an individual manner whether the criteria for protection still exist.,https://caselaw.euaa.europa.eu/pages/viewcaselaw.aspx?CaseLawID=656&returnurl=%2fPages%2fsearch.aspx,Netherlands,09/05/2017,NL: Court of The Hague [Rechtbank Den Haag],Judgment,201607681/1/V3,"the, of, to, in, and, for, that, on, was, applicant",0.9838131812562021,0.8695568,0.8545218,0.8547371,0.8060823,CREDIBILITY,Applicant Detention and Asylum Claims
0,46_chunk000,46,0,2,"The applicant (Ukrainian national) had arrived to the Czech Republic in 2006 on the basis of a work permit. In November 2016, he lodged the application for international protection which was dismissed by the administrative authority.",46,CZ: Court ruled on the right to effective remedy,https://caselaw.euaa.europa.eu/pages/viewcaselaw.aspx?CaseLawID=46&returnurl=%2fPages%2fsearch.aspx,Czech Republic,28/04/2017,CZ: Supreme Administrative Court [Nejvyšší správní soud],,No. 2 Azs 60/2017-48,"the, of, to, in, and, for, that, on, was, applicant",0.9566053297910359,0.85254014,0.79860795,0.8351079,0.772454,CREDIBILITY,Applicant Detention and Asylum Claims
0,46_chunk001,46,1,2,The applicant filed the action for annulment of the decision before the Regional Court in Ostrava on the last day of 15 day time limit laid down by the Act on Asylum for the actions against administrative decisions concerning international protection. The action...,46,CZ: Court ruled on the right to effective remedy,https://caselaw.euaa.europa.eu/pages/viewcaselaw.aspx?CaseLawID=46&returnurl=%2fPages%2fsearch.aspx,Czech Republic,28/04/2017,CZ: Supreme Administrative Court [Nejvyšší správní soud],,No. 2 Azs 60/2017-48,"the, of, to, in, and, for, that, on, was, applicant",0.9704961312127753,0.8415834,0.8159748,0.8414687,0.7733209,CREDIBILITY,Applicant Detention and Asylum Claims
0,68_chunk000,68,0,2,"The case concerned the removal of an Afghan family under the Dublin regulation. Both parents were placed separately in administrative detention and weren't allowed to communicate. The mother stayed with her baby while the other children (3, 6 and 8) were placed in a children's home. After 20 days the family was removed to Norway.",68,CH: Federal Court rules on detention pending return under Dublin,https://caselaw.euaa.europa.eu/pages/viewcaselaw.aspx?CaseLawID=68&returnurl=%2fPages%2fsearch.aspx,Switzerland,26/04/2017,CH: Federal Supreme Court [Bundesgericht - Tribunal fédéral],,BGer 2C_1052 / 2016,"the, of, to, in, and, for, that, on, was, applicant",0.98494766963574,0.85429186,0.8014495,0.8303987,0.7633117,CREDIBILITY,Applicant Detention and Asylum Claims
0,68_chunk001,68,1,2,The Court found that the separation of the children from their parents constituted a violation of the right to family life (art 8 ECHR) and that the...,68,CH: Federal Court rules on detention pending return under Dublin,https://caselaw.euaa.europa.eu/pages/viewcaselaw.aspx?CaseLawID=68&returnurl=%2fPages%2fsearch.aspx,Switzerland,26/04/2017,CH: Federal Supreme Court [Bundesgericht - Tribunal fédéral],,BGer 2C_1052 / 2016,"the, of, to, in, and, for, that, on, was, applicant",0.9600852201653348,0.80259436,0.75453067,0.793238,0.72875714,CREDIBILITY,Applicant Detention and Asylum Claims
0,141_chunk000,141,0,2,"According the High Court, the grant of refugee status to a child by the SSHD is an absolute bar to any order by the Family Court seeking to effect the return of a child.",141,UK Court rules on interplay between Family Court orders and immigration issues,https://caselaw.euaa.europa.eu/pages/viewcaselaw.aspx?CaseLawID=141&returnurl=%2fPages%2fsearch.aspx,United Kingdom,26/04/2017,UK: High Court of Justice,,[2017] EWHC 949 (Fam),"the, of, to, in, and, for, that, on, was, applicant",0.988361552911996,0.86235386,0.8147724,0.8278096,0.77982163,CREDIBILITY,Applicant Detention and Asylum Claims
0,141_chunk001,141,1,2,"Second, the High Court concurred with the SSHD that confidentiality is a vital element for the working of the asylum system and the fulfilment of obligations under the Refugee Convention, the EU Qualification Directive and the European Convention on Human Rights (ECHR). The disclosure of information revealed during the asylum...",141,UK Court rules on interplay between Family Court orders and immigration issues,https://caselaw.euaa.europa.eu/pages/viewcaselaw.aspx?CaseLawID=141&returnurl=%2fPages%2fsearch.aspx,United Kingdom,26/04/2017,UK: High Court of Justice,,[2017] EWHC 949 (Fam),"the, of, to, in, and, for, that, on, was, applicant",1.0,0.8865243,0.8390414,0.8588697,0.8242424,CREDIBILITY,Applicant Detention and Asylum Claims
0,181_chunk000,181,0,2,"According the Court's Press Release, Under section 25(1) of the Identity Cards Act 2006 (“2006 Act”) it was an offence for a person to be in possession of an identity card relating to someone else, with the intention of using it to establish his or her identity as that person's identity.",181,UK Supreme Court ruled on the use of false documentation of asylum seekers in the light of human rights law.,https://caselaw.euaa.europa.eu/pages/viewcaselaw.aspx?CaseLawID=181&returnurl=%2fPages%2fsearch.aspx,United Kingdom,11/04/2017,UK: Supreme Court,,Neutral citation number: [2017] UKSC 30 Case ID: UKSC 2014/0148,"the, of, to, in, and, for, that, on, was, applicant",1.0,0.8454667,0.7955091,0.832332,0.74956393,CREDIBILITY,Applicant Detention and Asylum Claims
0,181_chunk001,181,1,2,"However, it is recognized that individuals fleeing persecution may have to resort to the use of false papers to make good their escape. Therefore, under section 31 of the Immigration and Asylum Act 1999...",181,UK Supreme Court ruled on the use of false documentation of asylum seekers in the light of human rights law.,https://caselaw.euaa.europa.eu/pages/viewcaselaw.aspx?CaseLawID=181&returnurl=%2fPages%2fsearch.aspx,United Kingdom,11/04/2017,UK: Supreme Court,,Neutral citation number: [2017] UKSC 30 Case ID: UKSC 2014/0148,"the, of, to, in, and, for, that, on, was, applicant",0.9893446584480217,0.8792593,0.8200368,0.858918,0.7924486,CREDIBILITY,Applicant Detention and Asylum Claims
0,64_chunk000,64,0,1,"(Abstract provided by UNHCR) The FAC rejected the application of a family to be recognized as stateless. Despite the fact that Swiss authorities had unsuccessfully tried to return the applicants for the past 17 years, the Court found that the applicants had not done everything possible to obtain travel documents from their countries of origin....",64,CH: Court rules on statelessness,https://caselaw.euaa.europa.eu/pages/viewcaselaw.aspx?CaseLawID=64&returnurl=%2fPages%2fsearch.aspx,Switzerland,06/04/2017,CH: Federal Administrative Court [Bundesverwaltungsgericht - Tribunal administratif fédéral - FAC],,F-6073/2014,"the, of, to, in, and, for, that, on, was, applicant",1.0,0.86567795,0.79931754,0.83884746,0.79143935,CREDIBILITY,Applicant Detention and Asylum Claims
0,127_chunk000,127,0,1,The Administrative Court of Nice has ordered the Prefecture of Alpes-Maritimes to register asylum applications of persons entering via Italy....,127,FR: Administrative Court of Nice orders the Prefecture of Alpes-Maritimes to register asylum applications of persons entering via Italy,https://caselaw.euaa.europa.eu/pages/viewcaselaw.aspx?CaseLawID=127&returnurl=%2fPages%2fsearch.aspx,France,31/03/2017,FR: Administrative Court - First Instance [Tribunal administratif - première instance],,1701211,"the, of, to, in, and, for, that, on, was, applicant",1.0,0.83569837,0.81179476,0.8200034,0.7723324,CREDIBILITY,Applicant Detention and Asylum Claims
0,48_chunk000,48,0,2,"The Police of the Czech Republic found the applicant (Pakistani national) on the Czech territory hiding in a Serbian truck together with other 17 persons of different nationalities. Applicant said that he left his country of origin because of the fear from Taliban and passed through Iran, Turkey, Bulgaria, Serbia to the Czech Republic, from where he wanted to continue his journey to Germany.",48,CZ: Court ruled on Police evaluation with regard to Dublin transfers,https://caselaw.euaa.europa.eu/pages/viewcaselaw.aspx?CaseLawID=48&returnurl=%2fPages%2fsearch.aspx,Czech Republic,30/03/2017,CZ: Supreme Administrative Court [Nejvyšší správní soud],,No. 4 Azs 31/2017-54,"the, of, to, in, and, for, that, on, was, applicant",0.9934957269055787,0.85485667,0.78695387,0.8340998,0.76144683,CREDIBILITY,Applicant Detention and Asylum Claims
0,48_chunk001,48,1,2,The Police found out from the Eurodac database of fingerprints that the applicant applied for...,48,CZ: Court ruled on Police evaluation with regard to Dublin transfers,https://caselaw.euaa.europa.eu/pages/viewcaselaw.aspx?CaseLawID=48&returnurl=%2fPages%2fsearch.aspx,Czech Republic,30/03/2017,CZ: Supreme Administrative Court [Nejvyšší správní soud],,No. 4 Azs 31/2017-54,"the, of, to, in, and, for, that, on, was, applicant",0.9992909127369412,0.8372172,0.7945724,0.81989765,0.77354914,CREDIBILITY,Applicant Detention and Asylum Claims
0,126_chunk000,126,0,2,"The Court recognised the refugee status of a Nigerian national from Edo State, who fled to France from the threats of a trafficking network. The Court based itself on different pieces of evidence from the file to establish that Ms.",126,FR: The Court recognises former female Nigerian trafficked victims as a particular social group.,https://caselaw.euaa.europa.eu/pages/viewcaselaw.aspx?CaseLawID=126&returnurl=%2fPages%2fsearch.aspx,France,30/03/2017,FR: National Court of Asylum [Cour Nationale du Droit d'Asile (CNDA)],,16015058,"the, of, to, in, and, for, that, on, was, applicant",1.0,0.8776962,0.83162946,0.8563578,0.83510685,CREDIBILITY,Applicant Detention and Asylum Claims
0,126_chunk001,126,1,2,"F. was indeed the victim of a transnational human trafficking network and she managed to get out of this network: a receipt for filing a complaint for aggravated charge of abetting sex trafficking and for trafficking of human beings in an organised network, as well as...",126,FR: The Court recognises former female Nigerian trafficked victims as a particular social group.,https://caselaw.euaa.europa.eu/pages/viewcaselaw.aspx?CaseLawID=126&returnurl=%2fPages%2fsearch.aspx,France,30/03/2017,FR: National Court of Asylum [Cour Nationale du Droit d'Asile (CNDA)],,16015058,"the, of, to, in, and, for, that, on, was, applicant",1.0,0.8571084,0.8131768,0.8631703,0.7748361,LEGAL_GROUND,Applicant Detention and Asylum Claims
0,24_chunk000,24,0,2,"On 30 June 2015, the Finnish Immigration Service rejected the application for an international protection and residence permit issued by Nigerian citizen A ('the appellant') and her minor children B and C. The applicants claimed threats due to the Ebola virus and the Boko Haram terrorist group. The applicant also claimed to be a victim of trafficking due to forced prostitution in Italy.",24,"Finland: Appeal rejected with regard to Ebola, Boko Haram (Nigeria) and Trafficking claims",https://caselaw.euaa.europa.eu/pages/viewcaselaw.aspx?CaseLawID=24&returnurl=%2fPages%2fsearch.aspx,Finland,20/03/2017,FI: Supreme Administrative Court [Korkein hallinto-oikeus],Judgment,KHO: 2017:42,"the, of, to, in, and, for, that, on, was, applicant",0.9791595529548212,0.85082114,0.79324764,0.8430823,0.7798375,CREDIBILITY,Applicant Detention and Asylum Claims
0,24_chunk001,24,1,2,A has requested permission from her own and her minor children to appeal the administrative...,24,"Finland: Appeal rejected with regard to Ebola, Boko Haram (Nigeria) and Trafficking claims",https://caselaw.euaa.europa.eu/pages/viewcaselaw.aspx?CaseLawID=24&returnurl=%2fPages%2fsearch.aspx,Finland,20/03/2017,FI: Supreme Administrative Court [Korkein hallinto-oikeus],Judgment,KHO: 2017:42,"the, of, to, in, and, for, that, on, was, applicant",0.9458905027381991,0.846509,0.83123475,0.84462667,0.8046265,CREDIBILITY,Applicant Detention and Asylum Claims
0,148_chunk000,148,0,3,The case concerns “sur place” asylum claims.,148,NO: Court rules on 'sur place' refugees based on circumstances created by the applicant’s ‘own acts’,https://caselaw.euaa.europa.eu/pages/viewcaselaw.aspx?CaseLawID=148&returnurl=%2fPages%2fsearch.aspx,Norway,17/03/2017,NO: Supreme Court [Noregs Høgsterett],,HR-2017-569-A sak nr. 2016/1379,"the, of, to, in, and, for, that, on, was, applicant",0.9855399979079668,0.84610695,0.8247265,0.82760507,0.80350226,CREDIBILITY,Applicant Detention and Asylum Claims
0,148_chunk001,148,1,3,The Court had to answer whether Contracting States have an obligation to grant refugee status to an asylum-seeker who can establish that he/she has a well-founded fear of persecution for reasons of one or more of the Convention grounds of the 1951 Convention [thus falling under the scope of the inclusion clauses] where the risk of persecution is based on circumstances created by the applicant's ‘o,148,NO: Court rules on 'sur place' refugees based on circumstances created by the applicant’s ‘own acts’,https://caselaw.euaa.europa.eu/pages/viewcaselaw.aspx?CaseLawID=148&returnurl=%2fPages%2fsearch.aspx,Norway,17/03/2017,NO: Supreme Court [Noregs Høgsterett],,HR-2017-569-A sak nr. 2016/1379,"the, of, to, in, and, for, that, on, was, applicant",0.9642301855747503,0.8578756,0.7971443,0.8560077,0.7522416,CREDIBILITY,Applicant Detention and Asylum Claims
0,148_chunk002,148,2,3,"wn acts', including those...",148,NO: Court rules on 'sur place' refugees based on circumstances created by the applicant’s ‘own acts’,https://caselaw.euaa.europa.eu/pages/viewcaselaw.aspx?CaseLawID=148&returnurl=%2fPages%2fsearch.aspx,Norway,17/03/2017,NO: Supreme Court [Noregs Høgsterett],,HR-2017-569-A sak nr. 2016/1379,"the, of, to, in, and, for, that, on, was, applicant",0.9485919780749,0.77382225,0.74954563,0.7737287,0.7556012,CREDIBILITY,Applicant Detention and Asylum Claims
0,121_chunk000,121,0,2,"The applicant, single woman, lived with her brother and his family (spouse and children) in Pakistan and ran away from the country because of his political problems.",121,Spain: Court extends refugee protection to the beneficiary's adult single sister,https://caselaw.euaa.europa.eu/pages/viewcaselaw.aspx?CaseLawID=121&returnurl=%2fPages%2fsearch.aspx,Spain,16/03/2017,ES: Supreme Court [Tribunal Supremo],,SAN 956/2017 (nº of appeal 231/2016),"the, of, to, in, and, for, that, on, was, applicant",0.9716217181513197,0.81899345,0.7647953,0.79307246,0.7315387,CREDIBILITY,Applicant Detention and Asylum Claims
0,121_chunk001,121,1,2,"Her brother was given refugee status and his family (spouse and children) the extension of the protection given to him (extension of the refugee status), while his sister was rejected based on the fact that the dependency criteria were not met according to art. 40.1.d. The National High Court interprets the dependency criteria and...",121,Spain: Court extends refugee protection to the beneficiary's adult single sister,https://caselaw.euaa.europa.eu/pages/viewcaselaw.aspx?CaseLawID=121&returnurl=%2fPages%2fsearch.aspx,Spain,16/03/2017,ES: Supreme Court [Tribunal Supremo],,SAN 956/2017 (nº of appeal 231/2016),"the, of, to, in, and, for, that, on, was, applicant",0.9231879653906323,0.8779226,0.8354806,0.8763509,0.7868215,CREDIBILITY,Applicant Detention and Asylum Claims
0,176_chunk000,176,0,2,"The Upper Tribunal ruled that: I) The question of whether the Secretary of State has made a decision on the exercise of the discretionary power in Article 17 of the Dublin Regulation is one of fact which will be determined on the basis of evidence, direct or inferential. (II) Article 17 is an integral part of the Dublin regime.",176,UK Upper Court rules on Dublin Regulation article 17,https://caselaw.euaa.europa.eu/pages/viewcaselaw.aspx?CaseLawID=176&returnurl=%2fPages%2fsearch.aspx,United Kingdom,08/03/2017,UK: Upper Tribunal - Immigration and Asylum Chamber,,[2017] UKUT 124 (IAC),"the, of, to, in, and, for, that, on, was, applicant",0.9730443762308595,0.8874634,0.8493962,0.8600795,0.8022384,CREDIBILITY,Applicant Detention and Asylum Claims
0,176_chunk001,176,1,2,The suggestion that the Article 17 discretion falls to be exercised only where the family reunification criteria in Article 8 are not satisfied is misconceived. ...,176,UK Upper Court rules on Dublin Regulation article 17,https://caselaw.euaa.europa.eu/pages/viewcaselaw.aspx?CaseLawID=176&returnurl=%2fPages%2fsearch.aspx,United Kingdom,08/03/2017,UK: Upper Tribunal - Immigration and Asylum Chamber,,[2017] UKUT 124 (IAC),"the, of, to, in, and, for, that, on, was, applicant",0.9954933316270879,0.880429,0.84395105,0.8751427,0.8255535,CREDIBILITY,Applicant Detention and Asylum Claims
0,204_chunk000,204,0,2,"On the facts of this case, the applicant's solicitor informed the Tribunal that the applicant would prefer not to attend his hearing because he was concerned that his attendance would have an adverse effect on him in the light of his post-traumatic stress disorder.",204,IE: High Court obligation to attend to oral-hearing and explanation for non-attendance.,https://caselaw.euaa.europa.eu/pages/viewcaselaw.aspx?CaseLawID=204&returnurl=%2fPages%2fsearch.aspx,Ireland,08/03/2017,IE: High Court,,[2017] IEHC 162; High Court Record Number: 2016 No. 279 J.R.,"the, of, to, in, and, for, that, on, was, applicant",1.0,0.8499697,0.8052418,0.825917,0.781428,CREDIBILITY,Applicant Detention and Asylum Claims
0,204_chunk001,204,1,2,"The Tribunal, applying reg.8(11)(b) of the European Union (Subsidiary Protection) Regulations 2013, decided it was in the interests of justice to hold an oral hearing (the Tribunal wished to raise in person with the applicant...",204,IE: High Court obligation to attend to oral-hearing and explanation for non-attendance.,https://caselaw.euaa.europa.eu/pages/viewcaselaw.aspx?CaseLawID=204&returnurl=%2fPages%2fsearch.aspx,Ireland,08/03/2017,IE: High Court,,[2017] IEHC 162; High Court Record Number: 2016 No. 279 J.R.,"the, of, to, in, and, for, that, on, was, applicant",0.97040260507682,0.8541466,0.8315163,0.83459145,0.8042173,CREDIBILITY,Applicant Detention and Asylum Claims
0,86_chunk000,86,0,2,"According the Court's Press Release, Article 1 of Regulation (EC) No 810/2009 of the European Parliament and of the Council of 13 July 2009 establishing a Community Code on Visas (Visa Code), as amended by Regulation (EU) No 610/2013 of the European Parliament and of the Council of 26 June 2013, must be interpreted as meaning that an application for a visa with limited territorial validity made on",86,"CJEU: Member States are not required, under EU law, to grant a humanitarian visa to persons who wish to enter their territory with a view to applying for asylum, but they remain free to do so on the basis of their national law",https://caselaw.euaa.europa.eu/pages/viewcaselaw.aspx?CaseLawID=86&returnurl=%2fPages%2fsearch.aspx,European Union,07/03/2017,EU: Court of Justice of the European Union [CJEU],Judgment,C‑638/16 PPU,"the, of, to, in, and, for, that, on, was, applicant",0.895040963018518,0.7733959,0.7250414,0.75896835,0.69982046,CREDIBILITY,Applicant Detention and Asylum Claims
0,86_chunk001,86,1,2," humanitarian grounds by a third-country national, on the basis of Article 25 of the code, to...",86,"CJEU: Member States are not required, under EU law, to grant a humanitarian visa to persons who wish to enter their territory with a view to applying for asylum, but they remain free to do so on the basis of their national law",https://caselaw.euaa.europa.eu/pages/viewcaselaw.aspx?CaseLawID=86&returnurl=%2fPages%2fsearch.aspx,European Union,07/03/2017,EU: Court of Justice of the European Union [CJEU],Judgment,C‑638/16 PPU,"the, of, to, in, and, for, that, on, was, applicant",1.0,0.8201801,0.766648,0.8196938,0.7535618,CREDIBILITY,Applicant Detention and Asylum Claims
0,171_chunk000,171,0,2,The Upper Tribunal had been justified in rejecting an asylum seeker's account that scarring on his body had been caused by torture administered by the Sri Lankan authorities and in inferring that it was self-inflicted.,171,"UK: Court rules on ""self-infliction by proxy"" cases",https://caselaw.euaa.europa.eu/pages/viewcaselaw.aspx?CaseLawID=171&returnurl=%2fPages%2fsearch.aspx,United Kingdom,07/03/2017,"UK: Courts of Appeal (England, Wales, Northern Ireland), Court of Session (Scotland) (Cassation instance)",,Neutral Citation Number: [2017] EWCA Civ 119 Case No: C5/2014/3914,"the, of, to, in, and, for, that, on, was, applicant",1.0,0.85283756,0.78944653,0.81920433,0.76379967,CREDIBILITY,Applicant Detention and Asylum Claims
0,171_chunk001,171,1,2,"However, its guidance as to how medical evidence should be presented in ""self-infliction by proxy"" cases was to be treated as having no effect, because the proper approach to the instruction of experts was contained in the Practice Direction of the Immigration and Asylum Chambers...",171,"UK: Court rules on ""self-infliction by proxy"" cases",https://caselaw.euaa.europa.eu/pages/viewcaselaw.aspx?CaseLawID=171&returnurl=%2fPages%2fsearch.aspx,United Kingdom,07/03/2017,"UK: Courts of Appeal (England, Wales, Northern Ireland), Court of Session (Scotland) (Cassation instance)",,Neutral Citation Number: [2017] EWCA Civ 119 Case No: C5/2014/3914,"the, of, to, in, and, for, that, on, was, applicant",1.0,0.90047467,0.8471124,0.8615428,0.8431622,CREDIBILITY,Applicant Detention and Asylum Claims
0,111_chunk000,111,0,2,"The Court defines which decision should be regarded as 'final' in the course of asylum procedure. Accordingly, it notes that the right of a person to stay in Estonia during a litigation may, after the decision of the administrative court, be decided by the court by means of the application of provisional legal protection/interim measure.",111,EE: Court defines 'final' decision and the right to remain during litigation,https://caselaw.euaa.europa.eu/pages/viewcaselaw.aspx?CaseLawID=111&returnurl=%2fPages%2fsearch.aspx,Estonia,02/03/2017,EE: Supreme Court [Riigikohtusse Poordujale],,3-3-1-54-16,"the, of, to, in, and, for, that, on, was, applicant",1.0,0.8736294,0.85437876,0.85691273,0.80976045,CREDIBILITY,Applicant Detention and Asylum Claims
0,111_chunk001,111,1,2,"This also meets the requirements of Article 46 (6) of Directive 2013/32 / EU, according to which, at the request of the applicant concerned or on its own...",111,EE: Court defines 'final' decision and the right to remain during litigation,https://caselaw.euaa.europa.eu/pages/viewcaselaw.aspx?CaseLawID=111&returnurl=%2fPages%2fsearch.aspx,Estonia,02/03/2017,EE: Supreme Court [Riigikohtusse Poordujale],,3-3-1-54-16,"the, of, to, in, and, for, that, on, was, applicant",0.9414509981133422,0.85356945,0.8210873,0.8514512,0.7949947,CREDIBILITY,Applicant Detention and Asylum Claims
0,55_chunk000,55,0,2,The applicant was a Nigerian national who was born in May 1991. She arrived in the State on 9 January 2007 when she was 15 years old and applied for asylum. The applicant claimed to have been threatened with forced marriage and attempted rape. She said she was given assistance by the African Refugee Foundation (“AREF”) before ultimately leaving Nigeria.,55,IE: Court rules on the assessment of the documentary material supplied by the applicant,https://caselaw.euaa.europa.eu/pages/viewcaselaw.aspx?CaseLawID=55&returnurl=%2fPages%2fsearch.aspx,Ireland,27/02/2017,IE: Court of Appeal,Judgment,Neutral Citation: [2017] IECA 51 Court of Appeal Record Number: 2015 534 High Court Record Number: 2009 1194 JR,"the, of, to, in, and, for, that, on, was, applicant",0.9543711185949111,0.84053934,0.7747265,0.8177602,0.73607826,CREDIBILITY,Applicant Detention and Asylum Claims
0,55_chunk001,55,1,2,As part of her asylum claim the applicant submitted a refugee card and a letter from AREF to corroborate her account. The...,55,IE: Court rules on the assessment of the documentary material supplied by the applicant,https://caselaw.euaa.europa.eu/pages/viewcaselaw.aspx?CaseLawID=55&returnurl=%2fPages%2fsearch.aspx,Ireland,27/02/2017,IE: Court of Appeal,Judgment,Neutral Citation: [2017] IECA 51 Court of Appeal Record Number: 2015 534 High Court Record Number: 2009 1194 JR,"the, of, to, in, and, for, that, on, was, applicant",0.9417494981499777,0.8458115,0.7879622,0.81297356,0.7760487,CREDIBILITY,Applicant Detention and Asylum Claims
0,173_chunk000,173,0,1,"A Sri Lankan national's appeal against the refusal of his asylum claim based on his membership of proscribed groups and participation in political demonstrations was allowed. The First-tier Tribunal and Upper Tribunal had not been referred to 2014 Home Office policy guidance entitled ""Tamil Separatism"" which was material to the decision and might realistically have affected the outcome....",173,UK Court of Appeal affirms the importance of Home Office policy guidance for decision making,https://caselaw.euaa.europa.eu/pages/viewcaselaw.aspx?CaseLawID=173&returnurl=%2fPages%2fsearch.aspx,United Kingdom,22/02/2017,"UK: Courts of Appeal (England, Wales, Northern Ireland), Court of Session (Scotland) (Cassation instance)",,Neutral Citation Number: [2017] EWCA Civ 85 Case No: C5/2015/0753/AITRF,"the, of, to, in, and, for, that, on, was, applicant",0.9601912655378925,0.8742017,0.8213472,0.8435215,0.80529,CREDIBILITY,Applicant Detention and Asylum Claims
0,37_chunk000,37,0,2,"This request for a preliminary ruling concerns the interpretation of Articles 3(2) and 17(1) of the Dublin III Regulation, Article 267 TFEU and Article 4 of the EU Charter of Fundamental Rights.",37,"The CJEU ruled that a Dublin transfer must be suspended when, due to individual circumstances of the applicant, that transfer would result in a significant and irreversible deterioration of the applicant’s state of health, which would amount to a risk of inhuman or degrading treatment.",https://caselaw.euaa.europa.eu/pages/viewcaselaw.aspx?CaseLawID=37&returnurl=%2fPages%2fsearch.aspx,European Union,16/02/2017,EU: Court of Justice of the European Union [CJEU],Judgment,Case C-578/16 PPU,"the, of, to, in, and, for, that, on, was, applicant",0.9663034332846991,0.8354325,0.80386084,0.8324798,0.7738898,CREDIBILITY,Applicant Detention and Asylum Claims
0,37_chunk001,37,1,2,"This request has been made in proceedings between, on the one hand, C. K., H. F. and their child A. S. and, on the other hand, the Republika Slovenija (Republic of Slovenia), represented by its Ministry of the Interior, concerning the transfer of those persons to Croatia, designated as the...",37,"The CJEU ruled that a Dublin transfer must be suspended when, due to individual circumstances of the applicant, that transfer would result in a significant and irreversible deterioration of the applicant’s state of health, which would amount to a risk of inhuman or degrading treatment.",https://caselaw.euaa.europa.eu/pages/viewcaselaw.aspx?CaseLawID=37&returnurl=%2fPages%2fsearch.aspx,European Union,16/02/2017,EU: Court of Justice of the European Union [CJEU],Judgment,Case C-578/16 PPU,"the, of, to, in, and, for, that, on, was, applicant",0.980508292525487,0.80835545,0.7425386,0.79735744,0.73572284,CREDIBILITY,Applicant Detention and Asylum Claims
0,84_chunk000,84,0,2,"In summary, the applicant claims as follows. He is a national of the Democratic Republic of Congo. He has a well-founded fear of persecution if returned to that country on the ground of his membership of a particular social group, specifically his family, and of his political opinion, specifically his membership of, and involvement with, the UDPS political party there.",84,IE: High Court follows 'O.N.' ruling on the standard of proof,https://caselaw.euaa.europa.eu/pages/viewcaselaw.aspx?CaseLawID=84&returnurl=%2fPages%2fsearch.aspx,Ireland,15/02/2017,IE: High Court,Judgment,Neutral Citation: [2017] IEHC 99,"the, of, to, in, and, for, that, on, was, applicant",1.0,0.8444881,0.7828786,0.82003284,0.754388,CREDIBILITY,Applicant Detention and Asylum Claims
0,84_chunk001,84,1,2,The applicant's family home was attacked three times in 2008 by masked men demanding money. The applicant believes those...,84,IE: High Court follows 'O.N.' ruling on the standard of proof,https://caselaw.euaa.europa.eu/pages/viewcaselaw.aspx?CaseLawID=84&returnurl=%2fPages%2fsearch.aspx,Ireland,15/02/2017,IE: High Court,Judgment,Neutral Citation: [2017] IEHC 99,"the, of, to, in, and, for, that, on, was, applicant",0.9535502741393445,0.8242702,0.75831133,0.807422,0.7274945,CREDIBILITY,Applicant Detention and Asylum Claims
0,174_chunk000,174,0,2,Neither the First-tier Tribunal nor the Upper Tribunal had erred in refusing asylum to a 17-year-old Afghan. There was no evidence that he was at risk of physical retaliation by virtue of being the son of a policeman abducted by the Taliban in 2010. The tribunals had not considered his fear of persecution to be well-founded.,174,UK Court rules on persecution of family members of Taliban victims,https://caselaw.euaa.europa.eu/pages/viewcaselaw.aspx?CaseLawID=174&returnurl=%2fPages%2fsearch.aspx,United Kingdom,15/02/2017,"UK: Courts of Appeal (England, Wales, Northern Ireland), Court of Session (Scotland) (Cassation instance)",,Neutral Citation Number: [2017] EWCA Civ 72 Case No: C5/2014/4275,"the, of, to, in, and, for, that, on, was, applicant",1.0,0.8402581,0.77722085,0.8207465,0.7492236,CREDIBILITY,Applicant Detention and Asylum Claims
0,174_chunk001,174,1,2,"The UNHCR guidelines, which stated that the Afghan national police, and also the local police, were increasingly the object of targeted campaigns, did not support the son's...",174,UK Court rules on persecution of family members of Taliban victims,https://caselaw.euaa.europa.eu/pages/viewcaselaw.aspx?CaseLawID=174&returnurl=%2fPages%2fsearch.aspx,United Kingdom,15/02/2017,"UK: Courts of Appeal (England, Wales, Northern Ireland), Court of Session (Scotland) (Cassation instance)",,Neutral Citation Number: [2017] EWCA Civ 72 Case No: C5/2014/4275,"the, of, to, in, and, for, that, on, was, applicant",1.0,0.8654289,0.7963607,0.8516299,0.793261,CREDIBILITY,Applicant Detention and Asylum Claims
0,43_chunk000,43,0,2,"The applicant from Belarus had been granted subsidiary protection for 12 months. The subsidiary protection was then once prolonged for another 24 months upon applicant's request. However, the second request was dismissed because of applicant's criminal activity. The administrative authority found out that he had been sentenced seven times for less serious criminal offences (mostly thefts).",43,CZ: The Supreme Administrative Court quashed the decision to exclude an applicant from subsidiary protection on the basis of Article 17(1)(d). It considered that the criminal activity he was convicted of was not serious enough for him to constitute a threat to national security.,https://caselaw.euaa.europa.eu/pages/viewcaselaw.aspx?CaseLawID=43&returnurl=%2fPages%2fsearch.aspx,Czech Republic,09/02/2017,CZ: Supreme Administrative Court [Nejvyšší správní soud],,No. 1 Azs 216/2016-41,"the, of, to, in, and, for, that, on, was, applicant",0.8465504077070723,0.8647795,0.82004553,0.85906595,0.7881834,CREDIBILITY,Applicant Detention and Asylum Claims
0,43_chunk001,43,1,2,The administrative authority then concluded that the applicant “constitutes a danger to...,43,CZ: The Supreme Administrative Court quashed the decision to exclude an applicant from subsidiary protection on the basis of Article 17(1)(d). It considered that the criminal activity he was convicted of was not serious enough for him to constitute a threat to national security.,https://caselaw.euaa.europa.eu/pages/viewcaselaw.aspx?CaseLawID=43&returnurl=%2fPages%2fsearch.aspx,Czech Republic,09/02/2017,CZ: Supreme Administrative Court [Nejvyšší správní soud],,No. 1 Azs 216/2016-41,"the, of, to, in, and, for, that, on, was, applicant",0.9803451955586717,0.81777465,0.8047069,0.81967354,0.8041664,LEGAL_GROUND,Applicant Detention and Asylum Claims
0,136_chunk000,136,0,2,"The applicant was a Ghanaian national who applied for refugee status in 2010, which was refused following a decision of the Refugee Appeal Tribunal in January 2011. She applied for subsidiary protection on 8 October 2013.",136,IE: Court of Appeal rules that that the 15 working day time limit governing applications for subsidiary protection violated the EU principle of effectiveness,https://caselaw.euaa.europa.eu/pages/viewcaselaw.aspx?CaseLawID=136&returnurl=%2fPages%2fsearch.aspx,Ireland,06/02/2017,IE: Court of Appeal,,[2017] IECA 20,"the, of, to, in, and, for, that, on, was, applicant",0.9364128907150306,0.8452107,0.793751,0.8118155,0.7707868,CREDIBILITY,Applicant Detention and Asylum Claims
0,136_chunk001,136,1,2,"By decision dated 5 November 2013 the Minister for Justice and Equality refused to entertain this application for subsidiary protection, contending that she had not made the application within the administrative deadline of 15 days from the date of the issuing of a proposal to...",136,IE: Court of Appeal rules that that the 15 working day time limit governing applications for subsidiary protection violated the EU principle of effectiveness,https://caselaw.euaa.europa.eu/pages/viewcaselaw.aspx?CaseLawID=136&returnurl=%2fPages%2fsearch.aspx,Ireland,06/02/2017,IE: Court of Appeal,,[2017] IECA 20,"the, of, to, in, and, for, that, on, was, applicant",0.9770181265257811,0.86092806,0.8418434,0.85317725,0.8221625,CREDIBILITY,Applicant Detention and Asylum Claims
0,179_chunk000,179,0,1,"The Court noted, based on the individual factors and characteristics of the applicant, that the Appellant would foreseeably be at risk including degrading sexual assault and rape, of which there may be multiple instances. It follows that the Appellant's return would invoke violation under Article 3 ECHR. ...",179,UK Court rules on forcible return of Tamil female asylum seeker,https://caselaw.euaa.europa.eu/pages/viewcaselaw.aspx?CaseLawID=179&returnurl=%2fPages%2fsearch.aspx,United Kingdom,06/02/2017,UK: Upper Tribunal - Immigration and Asylum Chamber,,[2017] UKUT 00117 (IAC),"the, of, to, in, and, for, that, on, was, applicant",1.0,0.85951483,0.7950199,0.8560238,0.7633649,CREDIBILITY,Applicant Detention and Asylum Claims
0,218_chunk000,218,0,2,"In the present case the applicant, Ms. Danqua, (Ghanaian national), made a very belated application for subsidiary protection on 8th October 2013, having first applied for refugee status in 2010 and having been refused asylum following a decision of the Refugee Appeal Tribunal in January 2011.",218,IE: Court of Appeal's interpretation of the principle of effectiveness with regards to the national administrative rule for subsidiary protection application deadline.,https://caselaw.euaa.europa.eu/pages/viewcaselaw.aspx?CaseLawID=218&returnurl=%2fPages%2fsearch.aspx,Ireland,06/02/2017,IE: Court of Appeal,,[2017] IECA 20; Court of Appeal Record Number 2014/20CA,"the, of, to, in, and, for, that, on, was, applicant",0.9499814064866036,0.86684996,0.8171976,0.8375854,0.79239655,CREDIBILITY,Applicant Detention and Asylum Claims
0,218_chunk001,218,1,2,"By decision dated 5th November 2013 the Minister for Justice and Equality refused to entertain this belated application for subsidiary protection, contending that she had not made the application within...",218,IE: Court of Appeal's interpretation of the principle of effectiveness with regards to the national administrative rule for subsidiary protection application deadline.,https://caselaw.euaa.europa.eu/pages/viewcaselaw.aspx?CaseLawID=218&returnurl=%2fPages%2fsearch.aspx,Ireland,06/02/2017,IE: Court of Appeal,,[2017] IECA 20; Court of Appeal Record Number 2014/20CA,"the, of, to, in, and, for, that, on, was, applicant",0.9648881278986579,0.85127896,0.8267834,0.832444,0.81582415,CREDIBILITY,Applicant Detention and Asylum Claims
0,42_chunk000,42,0,2,The applicant was sentenced by a criminal court to two and half years for the crime of illicit production and possession of drugs.,42,"CZ: The Supreme Administrative Court held that a conviction for a 'particularly serious crime' under Czech criminal law does not automatically amount to a 'serious crime' for the purposes of exclusion from subsidiary protection under Article 17(1)(b) of the Recast Qualification Directive. Instead, the authorities must conduct an individual assessment of the offence considering its nature, gravity, and the specific circumstances of the case.",https://caselaw.euaa.europa.eu/pages/viewcaselaw.aspx?CaseLawID=42&returnurl=%2fPages%2fsearch.aspx,Czech Republic,01/02/2017,CZ: Supreme Administrative Court [Nejvyšší správní soud],,No. 6 Azs 309/2016-28,"the, of, to, in, and, for, that, on, was, applicant",0.8860395813738766,0.8220586,0.79117835,0.82313985,0.744278,LEGAL_GROUND,Applicant Detention and Asylum Claims
0,42_chunk001,42,1,2,"This crime, under certain aggravating circumstances, may fall according to the Czech Criminal Code within the category of “particularly serious crimes”, which is defined as “intentional crimes for which the criminal law foresees the sentence of deprivation of liberty with the upper limit of at least 10 years”. The administrative authority...",42,"CZ: The Supreme Administrative Court held that a conviction for a 'particularly serious crime' under Czech criminal law does not automatically amount to a 'serious crime' for the purposes of exclusion from subsidiary protection under Article 17(1)(b) of the Recast Qualification Directive. Instead, the authorities must conduct an individual assessment of the offence considering its nature, gravity, and the specific circumstances of the case.",https://caselaw.euaa.europa.eu/pages/viewcaselaw.aspx?CaseLawID=42&returnurl=%2fPages%2fsearch.aspx,Czech Republic,01/02/2017,CZ: Supreme Administrative Court [Nejvyšší správní soud],,No. 6 Azs 309/2016-28,"the, of, to, in, and, for, that, on, was, applicant",0.9379658129923557,0.8685605,0.8244578,0.8802233,0.77892435,LEGAL_GROUND,Applicant Detention and Asylum Claims
0,47_chunk000,47,0,2,"The applicant, national of the Republic of El Salvador, came from his country of origin to Spain in 2012 as the need for him to have entry visa was waived. From Spain he then moved to Switzerland where he has been staying (for the most of the time irregularly) for about two and half years.",47,CZ: Court ruled on Dublin Regulation and exemption from the visa requirement,https://caselaw.euaa.europa.eu/pages/viewcaselaw.aspx?CaseLawID=47&returnurl=%2fPages%2fsearch.aspx,Czech Republic,31/01/2017,CZ: Supreme Administrative Court [Nejvyšší správní soud],,No. 3 Azs 66/2016-21,"the, of, to, in, and, for, that, on, was, applicant",0.9886900906957327,0.8586264,0.8085439,0.82405937,0.77446514,CREDIBILITY,Applicant Detention and Asylum Claims
0,47_chunk001,47,1,2,"Afterwards, he travelled via Germany to the Czech Republic where he lodged in 2015 the application for international protection. The administrative authority (the Ministry of Interior), found the application...",47,CZ: Court ruled on Dublin Regulation and exemption from the visa requirement,https://caselaw.euaa.europa.eu/pages/viewcaselaw.aspx?CaseLawID=47&returnurl=%2fPages%2fsearch.aspx,Czech Republic,31/01/2017,CZ: Supreme Administrative Court [Nejvyšší správní soud],,No. 3 Azs 66/2016-21,"the, of, to, in, and, for, that, on, was, applicant",0.9529669652784023,0.8650493,0.80881786,0.8520881,0.78050435,CREDIBILITY,Applicant Detention and Asylum Claims
0,61_chunk000,61,0,2,"(provided by UNHCR): The FAC ruled that Eritreans leaving their country illegally no longer face punishment upon return amounting to persecution. Without specifying this further, the Court held that “other factors” had to come to play to constitute a well-founded fear. The possibility of a recruitment could amount to a violation of Art. 3 and 4 ECHR, but was not relevant under the 1951 Convention.",61,CH: Eritreans leaving their country illegally no longer face punishment upon return amounting to persecution,https://caselaw.euaa.europa.eu/pages/viewcaselaw.aspx?CaseLawID=61&returnurl=%2fPages%2fsearch.aspx,Switzerland,30/01/2017,CH: Federal Administrative Court [Bundesverwaltungsgericht - Tribunal administratif fédéral - FAC],Judgment,D-7898/2015,"the, of, to, in, and, for, that, on, was, applicant",1.0,0.9012591,0.838085,0.8803294,0.81280935,CREDIBILITY,Applicant Detention and Asylum Claims
0,61_chunk001,61,1,2,...,61,CH: Eritreans leaving their country illegally no longer face punishment upon return amounting to persecution,https://caselaw.euaa.europa.eu/pages/viewcaselaw.aspx?CaseLawID=61&returnurl=%2fPages%2fsearch.aspx,Switzerland,30/01/2017,CH: Federal Administrative Court [Bundesverwaltungsgericht - Tribunal administratif fédéral - FAC],Judgment,D-7898/2015,"the, of, to, in, and, for, that, on, was, applicant",0.9230173095429042,0.6834719,0.67258686,0.68752754,0.70702016,EXPLANATION,Applicant Detention and Asylum Claims
0,109_chunk000,109,0,2,"Acoording the ECHR's Press Release: the applicant, Bljerim Salija, is a Macedonian national, who was born in 1980 in the municipality of Tetovo (“the former Yugoslav Republic of Macedonia”). The case concerned the revocation of his permanent residence permit in Switzerland and his expulsion.",109,ECHR rules on expulsion in the light of the right to family life,https://caselaw.euaa.europa.eu/pages/viewcaselaw.aspx?CaseLawID=109&returnurl=%2fPages%2fsearch.aspx,Council of Europe,10/01/2017,CoE: European Court of Human Rights [ECtHR],,55470/10,"the, of, to, in, and, for, that, on, was, applicant",1.0,0.8423257,0.7909668,0.81281066,0.75870657,CREDIBILITY,Applicant Detention and Asylum Claims
0,109_chunk001,109,1,2,Mr Salija arrived in Switzerland in 1989 aged nine to be reunited with his family and was granted a permanent residence permit. In 1999 he married a Macedonian national who also held a permanent residence...,109,ECHR rules on expulsion in the light of the right to family life,https://caselaw.euaa.europa.eu/pages/viewcaselaw.aspx?CaseLawID=109&returnurl=%2fPages%2fsearch.aspx,Council of Europe,10/01/2017,CoE: European Court of Human Rights [ECtHR],,55470/10,"the, of, to, in, and, for, that, on, was, applicant",1.0,0.83532053,0.7904251,0.81282383,0.7609797,CREDIBILITY,Applicant Detention and Asylum Claims
0,143_chunk000,143,0,1,"The decision annulled the grand-ducal regulation of 24 August 2016, declaring compulsory the use of land in the frames of the plan entitled 'Provisional Emergency Reception Facility for International Protection Applicants, Rejected International Protection Applicants, and Beneficiaries of International Protection. ...",143,"LU: Court annulles the grand-ducal regulation of 24 August 2016, declaring compulsory the use of land for an emergency reception facility",https://caselaw.euaa.europa.eu/pages/viewcaselaw.aspx?CaseLawID=143&returnurl=%2fPages%2fsearch.aspx,Luxembourg,09/11/2016,LU: Administrative Court [Cour Administrative],,38692,"the, of, to, in, and, for, that, on, was, applicant",1.0,0.8650115,0.8383265,0.8596123,0.81776375,CREDIBILITY,Applicant Detention and Asylum Claims
0,52_chunk000,52,0,2,"On 13 April 2010, Ms. Danqua, a Ghanaian national, applied for refugee status in Ireland arguing that she feared trokosi practices, a form of ritual servitude practised in Ghana predominantly affecting women. In a report dated 16 June 2010, the Refugee Applications Commissioner (Ireland) issued a negative recommendation in respect of that application because of its lack of credibility.",52,The CJEU ruled that a national procedural rule requiring an application for subsidiary protection status to be made within a period of 15 working days of notification of the rejection of an asylum application could compromise the ability of applicants to avail themselves of the rights conferred on them by Directive 2004/83 (Qualification Directive).,https://caselaw.euaa.europa.eu/pages/viewcaselaw.aspx?CaseLawID=52&returnurl=%2fPages%2fsearch.aspx,European Union,20/10/2016,EU: Court of Justice of the European Union [CJEU],Judgment,C-429/15,"the, of, to, in, and, for, that, on, was, applicant",1.0,0.8883168,0.8375506,0.8482828,0.8137453,CREDIBILITY,Applicant Detention and Asylum Claims
0,52_chunk001,52,1,2,That recommendation was confirmed on appeal by the Refugee Appeals Tribunal (Ireland) by decision of 13...,52,The CJEU ruled that a national procedural rule requiring an application for subsidiary protection status to be made within a period of 15 working days of notification of the rejection of an asylum application could compromise the ability of applicants to avail themselves of the rights conferred on them by Directive 2004/83 (Qualification Directive).,https://caselaw.euaa.europa.eu/pages/viewcaselaw.aspx?CaseLawID=52&returnurl=%2fPages%2fsearch.aspx,European Union,20/10/2016,EU: Court of Justice of the European Union [CJEU],Judgment,C-429/15,"the, of, to, in, and, for, that, on, was, applicant",0.991896836118963,0.8449168,0.8276173,0.8213647,0.80212855,CREDIBILITY,Applicant Detention and Asylum Claims
0,134_chunk000,134,0,1,Limitation of an applicant's right to challenge a transfer order pursuant to the Dublin III Regulation to alleged breaches of the criteria for transfer. All other provisions of the Regulation such as provision of information or time limits for requests are addressed to the member states and an applicant is therefore not entitled to challenge a transfer on those grounds....,134,IE:High Court rules on an applicant’s right to challenge a transfer order pursuant to the Dublin III Regulation in view of alleged breaches of the criteria for transfer.,https://caselaw.euaa.europa.eu/pages/viewcaselaw.aspx?CaseLawID=134&returnurl=%2fPages%2fsearch.aspx,Ireland,29/07/2016,IE: High Court,,2015 408 JR,"the, of, to, in, and, for, that, on, was, applicant",0.9117250052910643,0.86905754,0.832008,0.85803735,0.790178,CREDIBILITY,Applicant Detention and Asylum Claims
0,625_chunk000,625,0,2,"As per the press release: The State Secretary for Security and Justice has not provided sufficient reasons why the transfer of two foreign nationals to Hungary under the European Dublin Regulation is not contrary to the ECHR. This is apparent from two judgments from the Administrative Jurisdiction Division of the Council of State today (November 26, 2015).",625,NL: Court of The Hague ruled on the no transfer to applicants to Hungary following the Dublin Regulation.,https://caselaw.euaa.europa.eu/pages/viewcaselaw.aspx?CaseLawID=625&returnurl=%2fPages%2fsearch.aspx,Netherlands,26/11/2015,NL: Court of The Hague [Rechtbank Den Haag],Judgment,201507248/1 / V3,"the, of, to, in, and, for, that, on, was, applicant",1.0,0.87096214,0.8302764,0.85799587,0.815844,CREDIBILITY,Applicant Detention and Asylum Claims
0,625_chunk001,625,1,2,No appeal is possible against these judgments. Background: Both aliens initially applied for asylum in Hungary. They then applied for...,625,NL: Court of The Hague ruled on the no transfer to applicants to Hungary following the Dublin Regulation.,https://caselaw.euaa.europa.eu/pages/viewcaselaw.aspx?CaseLawID=625&returnurl=%2fPages%2fsearch.aspx,Netherlands,26/11/2015,NL: Court of The Hague [Rechtbank Den Haag],Judgment,201507248/1 / V3,"the, of, to, in, and, for, that, on, was, applicant",0.9492895875660227,0.84717447,0.7938664,0.82914126,0.7643385,CREDIBILITY,Applicant Detention and Asylum Claims
0,254_chunk000,254,0,2,"In its Chamber judgment of 26 June 2014, the European Court of Human Rights, unanimously, declared inadmissible M.E.'s complaint under Article 8 of the Convention.",254,"ECHR: Homosexual asylum applicant can be returned safely in Libya, and apply for family reunification",https://caselaw.euaa.europa.eu/pages/viewcaselaw.aspx?CaseLawID=254&returnurl=%2fPages%2fsearch.aspx,Council of Europe,08/04/2015,CoE: European Court of Human Rights [ECtHR],,71398/12,"the, of, to, in, and, for, that, on, was, applicant",0.9631146004107526,0.7754681,0.7400076,0.7628986,0.718326,CREDIBILITY,Applicant Detention and Asylum Claims
0,254_chunk001,254,1,2,"The Court further held, by six votes to one, that the implementation of the expulsion order against M.E. would not give rise to a violation of Article 3 of the Convention, finding that there were no substantial grounds for believing the applicant would be subjected to ill-treatment on account of his sexual orientation if he was...",254,"ECHR: Homosexual asylum applicant can be returned safely in Libya, and apply for family reunification",https://caselaw.euaa.europa.eu/pages/viewcaselaw.aspx?CaseLawID=254&returnurl=%2fPages%2fsearch.aspx,Council of Europe,08/04/2015,CoE: European Court of Human Rights [ECtHR],,71398/12,"the, of, to, in, and, for, that, on, was, applicant",1.0,0.8177998,0.74234796,0.8138607,0.72475314,CREDIBILITY,Applicant Detention and Asylum Claims
0,137_chunk000,137,0,2,"In a case of a Somali applicant related to family reunification, the Supreme Court held that the trial judge was incorrect in forming the view that the potential financial consequences for the State of allowing a discretionary family reunification application cannot be taken into account in the overall assessment as to how the Minister's discretion under the 1996 Act should be exercised.",137,IE: Supreme Court rules on imposing financial burdens in the context of family reunification,https://caselaw.euaa.europa.eu/pages/viewcaselaw.aspx?CaseLawID=137&returnurl=%2fPages%2fsearch.aspx,Ireland,20/11/2014,IE: Supreme Court,,[2014] IESC 65 Appeal No: 89/2014,"the, of, to, in, and, for, that, on, was, applicant",1.0,0.8789443,0.833494,0.86185104,0.8169995,CREDIBILITY,Applicant Detention and Asylum Claims
0,137_chunk001,137,1,2,"However, it reaffirmed that it was correct to conclude that the decision of the Minister to refuse family...",137,IE: Supreme Court rules on imposing financial burdens in the context of family reunification,https://caselaw.euaa.europa.eu/pages/viewcaselaw.aspx?CaseLawID=137&returnurl=%2fPages%2fsearch.aspx,Ireland,20/11/2014,IE: Supreme Court,,[2014] IESC 65 Appeal No: 89/2014,"the, of, to, in, and, for, that, on, was, applicant",0.9525083941007891,0.8439291,0.8206539,0.8258451,0.81934613,CREDIBILITY,Applicant Detention and Asylum Claims
0,237_chunk000,237,0,1,"According to the press release of the ECtHR of 10 July 2014:

""The applicant is a Rwandan national who was born in 1950 and lives in Rouen (France). The applicant obtained refugee status and submitted an application for family reunion in March 2003 to be able to live with his children, who were then in Kenya. Although the principle of family reunification had been recognised...",237,"The ECtHR found that France had violated Article 8 of the Convention because the family reunification procedure had not offered the requisite guarantees of flexibility, promptness and effectiveness. For that reason, the State had not struck a fair balance between the applicants’ interests on the one hand, and its own interest in controlling immigration on the other, in violation of Article 8.",https://caselaw.euaa.europa.eu/pages/viewcaselaw.aspx?CaseLawID=237&returnurl=%2fPages%2fsearch.aspx,Council of Europe,10/10/2014,CoE: European Court of Human Rights [ECtHR],Judgment,No 52701/09,"the, of, to, in, and, for, that, on, was, applicant",1.0,0.86100316,0.79656404,0.8428689,0.77043146,CREDIBILITY,Applicant Detention and Asylum Claims
0,245_chunk000,245,0,2,"The applicant, Deo Tanda-Muzinga, is a Congolese national who was born in 1970 and lives in Vénissieux (Frnace). The applicant obtained refugee status and submitted application for family reunification in June 2007 to be able to live with his children, who were then in Cameroon.",245,ECHR: Violation of article 8 of the Convention when assessing a refugee family reunification application.,https://caselaw.euaa.europa.eu/pages/viewcaselaw.aspx?CaseLawID=245&returnurl=%2fPages%2fsearch.aspx,Council of Europe,10/07/2014,CoE: European Court of Human Rights [ECtHR],,Application no. 2260/10,"the, of, to, in, and, for, that, on, was, applicant",0.9840843532971865,0.8401117,0.7780148,0.8145142,0.7546251,CREDIBILITY,Applicant Detention and Asylum Claims
0,245_chunk001,245,1,2,"Although the principle of family reunification had been recognized in his case, the consular authorities refused to issue visas for his children on account of difficulties in establishing the children's civil...",245,ECHR: Violation of article 8 of the Convention when assessing a refugee family reunification application.,https://caselaw.euaa.europa.eu/pages/viewcaselaw.aspx?CaseLawID=245&returnurl=%2fPages%2fsearch.aspx,Council of Europe,10/07/2014,CoE: European Court of Human Rights [ECtHR],,Application no. 2260/10,"the, of, to, in, and, for, that, on, was, applicant",1.0,0.85551673,0.7941072,0.8249747,0.7662964,CREDIBILITY,Applicant Detention and Asylum Claims
0,168_chunk000,168,0,2,"The Court confirmed that based on information from the UNHCR, the US Department of State and the Foreign Office, the Administrative Court has stated that the findings of the Bihari situation in Bangladesh do not provide any evidence for group persecution.",168,DE Court ruled on Bihari living in Bangladesh,https://caselaw.euaa.europa.eu/pages/viewcaselaw.aspx?CaseLawID=168&returnurl=%2fPages%2fsearch.aspx,Germany,11/05/2014,DE: Higher Administrative Court (Oberverwaltungsgericht/Verwaltungsgerichtshof),,16 A 307 / 14.A,"the, of, to, in, and, for, that, on, was, applicant",1.0,0.89064014,0.83018714,0.85744226,0.8370906,CREDIBILITY,Applicant Detention and Asylum Claims
0,168_chunk001,168,1,2,"In particular, the earlier open question of nationality was clarified by a decision of the High Court of May 2008 to the effect that all Bihari who were still underage or born in 1971 were nationals of Bangladesh. As a result, 80% to 90% of...",168,DE Court ruled on Bihari living in Bangladesh,https://caselaw.euaa.europa.eu/pages/viewcaselaw.aspx?CaseLawID=168&returnurl=%2fPages%2fsearch.aspx,Germany,11/05/2014,DE: Higher Administrative Court (Oberverwaltungsgericht/Verwaltungsgerichtshof),,16 A 307 / 14.A,"the, of, to, in, and, for, that, on, was, applicant",0.9487312671396078,0.8789463,0.84420013,0.8661678,0.8205928,CREDIBILITY,Applicant Detention and Asylum Claims
0,183_chunk000,183,0,2,"These cases concern the detention of Syrian asylum seekers during different periods between 2010 and 2012. In the cases of M.A., A.H. and J.K., H.S. and Others and K.F. the detention occurred after a police operation in June 2010 removing them from an encampment outside government buildings where they were protesting against the Cypriot Government's asylum policy.",183,The ECtHR ruled on the right to an effective and speedy remedy to challenge detention of asylum seekers in Cyprus.,https://caselaw.euaa.europa.eu/pages/viewcaselaw.aspx?CaseLawID=183&returnurl=%2fPages%2fsearch.aspx,Council of Europe,23/07/2013,CoE: European Court of Human Rights [ECtHR],Judgment,No 41872/10,"the, of, to, in, and, for, that, on, was, applicant",1.0,0.8429878,0.78908426,0.8260078,0.75691485,CREDIBILITY,Applicant Detention and Asylum Claims
0,183_chunk001,183,1,2,"In all five judgments, the European Court found that the applicants did not have at their disposal an effective and speedy...",183,The ECtHR ruled on the right to an effective and speedy remedy to challenge detention of asylum seekers in Cyprus.,https://caselaw.euaa.europa.eu/pages/viewcaselaw.aspx?CaseLawID=183&returnurl=%2fPages%2fsearch.aspx,Council of Europe,23/07/2013,CoE: European Court of Human Rights [ECtHR],Judgment,No 41872/10,"the, of, to, in, and, for, that, on, was, applicant",1.0,0.8201258,0.7878574,0.81840354,0.76348144,CREDIBILITY,Applicant Detention and Asylum Claims
0,256_chunk000,256,0,2,"According to the EDAL, the Council for Alien Law Litigation confirmed that those who enjoy subsidiary protection are equivalent to recognised refugees, for the purposes of family reunification and are exempted from additional conditions in relation to housing, health insurance, and means of subsistence provided that the application for family reunification is submitted within one year and the fami",256,BE: subsidiary protection and refugees status are considered equivalent for the purposes of family reunification by the Council of Alien Law,https://caselaw.euaa.europa.eu/pages/viewcaselaw.aspx?CaseLawID=256&returnurl=%2fPages%2fsearch.aspx,Belgium,30/05/2013,BE: Council for Alien Law Litigation [Conseil du Contentieux des Étrangers - CALL],Decision,RvV nr. 103 856,"the, of, to, in, and, for, that, on, was, applicant",0.9408694509384978,0.8875216,0.8384065,0.86486197,0.8160992,CREDIBILITY,Applicant Detention and Asylum Claims
0,256_chunk001,256,1,2,ly ties existed before the arrival in Belgium of the reuniting person (who enjoys subsidiary...,256,BE: subsidiary protection and refugees status are considered equivalent for the purposes of family reunification by the Council of Alien Law,https://caselaw.euaa.europa.eu/pages/viewcaselaw.aspx?CaseLawID=256&returnurl=%2fPages%2fsearch.aspx,Belgium,30/05/2013,BE: Council for Alien Law Litigation [Conseil du Contentieux des Étrangers - CALL],Decision,RvV nr. 103 856,"the, of, to, in, and, for, that, on, was, applicant",0.9545498126931377,0.86486626,0.8315066,0.8489195,0.78403467,CREDIBILITY,Applicant Detention and Asylum Claims
0,140_chunk000,140,0,3,There is a high level of domestic violence in Bangladesh.,140,UK Court on the return of Bangladeshi divorced woman with illegitimate child,https://caselaw.euaa.europa.eu/pages/viewcaselaw.aspx?CaseLawID=140&returnurl=%2fPages%2fsearch.aspx,United Kingdom,11/07/2011,UK: Upper Tribunal - Immigration and Asylum Chamber,,[2011] UKUT 254 (IAC),"the, of, to, in, and, for, that, on, was, applicant",1.0,0.8104354,0.7582421,0.7886597,0.7493326,CREDIBILITY,Applicant Detention and Asylum Claims
0,140_chunk001,140,1,3,"Despite the efforts of the government to improve the situation, due to the disinclination of the police to act upon complaints, women subjected to domestic violence may not be able to obtain an effective measure of state protection by reason of the fact that they are women and may be able to show a risk of serious harm for a Refugee Convention reason.",140,UK Court on the return of Bangladeshi divorced woman with illegitimate child,https://caselaw.euaa.europa.eu/pages/viewcaselaw.aspx?CaseLawID=140&returnurl=%2fPages%2fsearch.aspx,United Kingdom,11/07/2011,UK: Upper Tribunal - Immigration and Asylum Chamber,,[2011] UKUT 254 (IAC),"the, of, to, in, and, for, that, on, was, applicant",0.972911815453439,0.8643242,0.80513984,0.8631123,0.77926606,CREDIBILITY,Applicant Detention and Asylum Claims
0,140_chunk002,140,2,3,"Each case, however, must be determined on its own facts. Under Muslim law, as...",140,UK Court on the return of Bangladeshi divorced woman with illegitimate child,https://caselaw.euaa.europa.eu/pages/viewcaselaw.aspx?CaseLawID=140&returnurl=%2fPages%2fsearch.aspx,United Kingdom,11/07/2011,UK: Upper Tribunal - Immigration and Asylum Chamber,,[2011] UKUT 254 (IAC),"the, of, to, in, and, for, that, on, was, applicant",0.903771673047987,0.87466574,0.84613067,0.8463798,0.81874204,CREDIBILITY,Applicant Detention and Asylum Claims
0,142_chunk000,142,0,2,"Prison conditions in Bangladesh, at least for ordinary prisoners, do not violate Article 3 ECHR. This conclusion does not mean that an individual who faces prison on return to Bangladesh can never succeed in showing a violation of Article 3 in the particular circumstances of his case.",142,UK Court decision on detention upon return to Bangladesh,https://caselaw.euaa.europa.eu/pages/viewcaselaw.aspx?CaseLawID=142&returnurl=%2fPages%2fsearch.aspx,United Kingdom,30/08/2008,UK: Upper Tribunal - Immigration and Asylum Chamber,,CG [2008] UKAIT 00076,"the, of, to, in, and, for, that, on, was, applicant",1.0,0.87895495,0.8199427,0.85856473,0.7870897,CREDIBILITY,Applicant Detention and Asylum Claims
0,142_chunk001,142,1,2,The individual facts of each case should be considered to determine whether detention will cause a particular individual in his particular circumstances to suffer treatment contrary to Article 3. In view of...,142,UK Court decision on detention upon return to Bangladesh,https://caselaw.euaa.europa.eu/pages/viewcaselaw.aspx?CaseLawID=142&returnurl=%2fPages%2fsearch.aspx,United Kingdom,30/08/2008,UK: Upper Tribunal - Immigration and Asylum Chamber,,CG [2008] UKAIT 00076,"the, of, to, in, and, for, that, on, was, applicant",0.9909020096575893,0.84012455,0.7704956,0.8394618,0.7279787,CREDIBILITY,Applicant Detention and Asylum Claims
0,1087_chunk000,1087,0,1,"According to the ECtHR Press release (available at http://hudoc.echr.coe.int/eng-press?i=003-2327920-2491345):

The applicants are: C.G., a Turkish national, born in 1968, and currently living in Turkey following his deportation from Bulgaria; and his wife and daughter, T.H.G. and T.C.G, both Bulgarian nationals, born in Bulgaria in 1968 and...",1087,The ECtHR ruled on the effectiveness of a remedy against a deportation order for a Turkish national.,https://caselaw.euaa.europa.eu/pages/viewcaselaw.aspx?CaseLawID=1087&returnurl=%2fPages%2fsearch.aspx,Council of Europe,24/07/2008,CoE: European Court of Human Rights [ECtHR],Judgment,No 1365/07,"the, of, to, in, and, for, that, on, was, applicant",1.0,0.8522063,0.7888476,0.827726,0.75928277,CREDIBILITY,Applicant Detention and Asylum Claims
