qid,docid,docno,rank,score,query,query_toks,text
0,195,1091_chunk001,0,977.0780736893795,Applicant Detention and Asylum Claims,"{'asylum': 231.01242065429688, 'detention': 217.1792755126953, 'applicant': 170.61280822753906, 'claim': 155.9637908935547, 'application': 142.39892578125, 'claims': 127.17999267578125, 'prison': 117.04942321777344, 'immigration': 115.72674560546875, 'arrested': 104.70023345947266, 'lawsuit': 100.63427734375, 'alien': 91.5473861694336, 'applicants': 85.47240447998047, 'penalty': 85.0564956665039, 'refugee': 84.33718872070312, 'deportation': 79.77300262451172, 'candidate': 74.11628723144531, 'police': 52.615577697753906, 'judge': 51.17262649536133, 'jail': 47.93186569213867, 'persecution': 45.44091033935547, 'disability': 43.874114990234375, 'legal': 43.82500457763672, 'qualification': 43.29621887207031, 'jurisdiction': 42.0366096496582, 'registration': 41.738887786865234, 'regulation': 40.19966125488281, 'refugees': 33.98501968383789, 'ban': 32.5144157409668, 'claimed': 32.509605407714844, 'appointment': 31.06020736694336, 'rights': 29.874893188476562, 'protection': 25.767105102539062, 'inmate': 22.7263126373291, 'visa': 22.01372528076172, 'court': 21.313074111938477, 'duty': 20.74359893798828, 'agency': 20.545549392700195, 'threat': 19.69865608215332, 'law': 19.399736404418945, 'discrimination': 18.35834312438965, ')': 17.843687057495117, 'alleged': 17.810102462768555, 'case': 15.500174522399902, 'fraud': 14.901286125183105, 'holder': 14.824771881103516, 'refuge': 13.745416641235352, 'and': 13.37773609161377, 'illegal': 12.181244850158691, 'violation': 11.866278648376465, 'detained': 10.437248229980469, 'restoration': 8.546725273132324, 'torture': 8.531095504760742, 'facility': 8.489020347595215, 'arrest': 7.553507328033447, 'emergency': 6.732095718383789, 'shelter': 6.047550201416016, 'custody': 5.050491809844971, 'suit': 4.690654277801514, 'lawyer': 4.602712154388428, 'sheriff': 3.8064022064208984, 'person': 3.1756751537323, 'employment': 2.6483309268951416, 'denied': 2.3174397945404053, 'bureau': 1.3933528661727905, '##iction': 0.6440478563308716}","The applicant was arrested on 6 June 2019 in execution of a detention order that had since been issued and, after being questioned, received a notification from the Federal Office for Foreign Affairs and Asylum (BFA) on the same day on detention pending deportation. During detention pending..."
0,405,50_chunk001,1,902.8731926323563,Applicant Detention and Asylum Claims,"{'asylum': 231.01242065429688, 'detention': 217.1792755126953, 'applicant': 170.61280822753906, 'claim': 155.9637908935547, 'application': 142.39892578125, 'claims': 127.17999267578125, 'prison': 117.04942321777344, 'immigration': 115.72674560546875, 'arrested': 104.70023345947266, 'lawsuit': 100.63427734375, 'alien': 91.5473861694336, 'applicants': 85.47240447998047, 'penalty': 85.0564956665039, 'refugee': 84.33718872070312, 'deportation': 79.77300262451172, 'candidate': 74.11628723144531, 'police': 52.615577697753906, 'judge': 51.17262649536133, 'jail': 47.93186569213867, 'persecution': 45.44091033935547, 'disability': 43.874114990234375, 'legal': 43.82500457763672, 'qualification': 43.29621887207031, 'jurisdiction': 42.0366096496582, 'registration': 41.738887786865234, 'regulation': 40.19966125488281, 'refugees': 33.98501968383789, 'ban': 32.5144157409668, 'claimed': 32.509605407714844, 'appointment': 31.06020736694336, 'rights': 29.874893188476562, 'protection': 25.767105102539062, 'inmate': 22.7263126373291, 'visa': 22.01372528076172, 'court': 21.313074111938477, 'duty': 20.74359893798828, 'agency': 20.545549392700195, 'threat': 19.69865608215332, 'law': 19.399736404418945, 'discrimination': 18.35834312438965, ')': 17.843687057495117, 'alleged': 17.810102462768555, 'case': 15.500174522399902, 'fraud': 14.901286125183105, 'holder': 14.824771881103516, 'refuge': 13.745416641235352, 'and': 13.37773609161377, 'illegal': 12.181244850158691, 'violation': 11.866278648376465, 'detained': 10.437248229980469, 'restoration': 8.546725273132324, 'torture': 8.531095504760742, 'facility': 8.489020347595215, 'arrest': 7.553507328033447, 'emergency': 6.732095718383789, 'shelter': 6.047550201416016, 'custody': 5.050491809844971, 'suit': 4.690654277801514, 'lawyer': 4.602712154388428, 'sheriff': 3.8064022064208984, 'person': 3.1756751537323, 'employment': 2.6483309268951416, 'denied': 2.3174397945404053, 'bureau': 1.3933528661727905, '##iction': 0.6440478563308716}","The Municipal Court found out that the applicant during his detention lodged the application for international protection, he was re-detained under the provisions of the Act on Asylum implementing Art. 8(3)(d) of the Recast Reception Directive and for this reason his original..."
0,61,3924_chunk001,2,824.8034076531321,Applicant Detention and Asylum Claims,"{'asylum': 231.01242065429688, 'detention': 217.1792755126953, 'applicant': 170.61280822753906, 'claim': 155.9637908935547, 'application': 142.39892578125, 'claims': 127.17999267578125, 'prison': 117.04942321777344, 'immigration': 115.72674560546875, 'arrested': 104.70023345947266, 'lawsuit': 100.63427734375, 'alien': 91.5473861694336, 'applicants': 85.47240447998047, 'penalty': 85.0564956665039, 'refugee': 84.33718872070312, 'deportation': 79.77300262451172, 'candidate': 74.11628723144531, 'police': 52.615577697753906, 'judge': 51.17262649536133, 'jail': 47.93186569213867, 'persecution': 45.44091033935547, 'disability': 43.874114990234375, 'legal': 43.82500457763672, 'qualification': 43.29621887207031, 'jurisdiction': 42.0366096496582, 'registration': 41.738887786865234, 'regulation': 40.19966125488281, 'refugees': 33.98501968383789, 'ban': 32.5144157409668, 'claimed': 32.509605407714844, 'appointment': 31.06020736694336, 'rights': 29.874893188476562, 'protection': 25.767105102539062, 'inmate': 22.7263126373291, 'visa': 22.01372528076172, 'court': 21.313074111938477, 'duty': 20.74359893798828, 'agency': 20.545549392700195, 'threat': 19.69865608215332, 'law': 19.399736404418945, 'discrimination': 18.35834312438965, ')': 17.843687057495117, 'alleged': 17.810102462768555, 'case': 15.500174522399902, 'fraud': 14.901286125183105, 'holder': 14.824771881103516, 'refuge': 13.745416641235352, 'and': 13.37773609161377, 'illegal': 12.181244850158691, 'violation': 11.866278648376465, 'detained': 10.437248229980469, 'restoration': 8.546725273132324, 'torture': 8.531095504760742, 'facility': 8.489020347595215, 'arrest': 7.553507328033447, 'emergency': 6.732095718383789, 'shelter': 6.047550201416016, 'custody': 5.050491809844971, 'suit': 4.690654277801514, 'lawyer': 4.602712154388428, 'sheriff': 3.8064022064208984, 'person': 3.1756751537323, 'employment': 2.6483309268951416, 'denied': 2.3174397945404053, 'bureau': 1.3933528661727905, '##iction': 0.6440478563308716}","The applicant, a Palestinian national arrived in Cyprus via the occupied territories and was detained pursuant to the Aliens and Immigration Law and a deportation order was issued. He applied for asylum but was granted a supplementary protection status..."
0,225,942_chunk000,3,808.1872935048802,Applicant Detention and Asylum Claims,"{'asylum': 231.01242065429688, 'detention': 217.1792755126953, 'applicant': 170.61280822753906, 'claim': 155.9637908935547, 'application': 142.39892578125, 'claims': 127.17999267578125, 'prison': 117.04942321777344, 'immigration': 115.72674560546875, 'arrested': 104.70023345947266, 'lawsuit': 100.63427734375, 'alien': 91.5473861694336, 'applicants': 85.47240447998047, 'penalty': 85.0564956665039, 'refugee': 84.33718872070312, 'deportation': 79.77300262451172, 'candidate': 74.11628723144531, 'police': 52.615577697753906, 'judge': 51.17262649536133, 'jail': 47.93186569213867, 'persecution': 45.44091033935547, 'disability': 43.874114990234375, 'legal': 43.82500457763672, 'qualification': 43.29621887207031, 'jurisdiction': 42.0366096496582, 'registration': 41.738887786865234, 'regulation': 40.19966125488281, 'refugees': 33.98501968383789, 'ban': 32.5144157409668, 'claimed': 32.509605407714844, 'appointment': 31.06020736694336, 'rights': 29.874893188476562, 'protection': 25.767105102539062, 'inmate': 22.7263126373291, 'visa': 22.01372528076172, 'court': 21.313074111938477, 'duty': 20.74359893798828, 'agency': 20.545549392700195, 'threat': 19.69865608215332, 'law': 19.399736404418945, 'discrimination': 18.35834312438965, ')': 17.843687057495117, 'alleged': 17.810102462768555, 'case': 15.500174522399902, 'fraud': 14.901286125183105, 'holder': 14.824771881103516, 'refuge': 13.745416641235352, 'and': 13.37773609161377, 'illegal': 12.181244850158691, 'violation': 11.866278648376465, 'detained': 10.437248229980469, 'restoration': 8.546725273132324, 'torture': 8.531095504760742, 'facility': 8.489020347595215, 'arrest': 7.553507328033447, 'emergency': 6.732095718383789, 'shelter': 6.047550201416016, 'custody': 5.050491809844971, 'suit': 4.690654277801514, 'lawyer': 4.602712154388428, 'sheriff': 3.8064022064208984, 'person': 3.1756751537323, 'employment': 2.6483309268951416, 'denied': 2.3174397945404053, 'bureau': 1.3933528661727905, '##iction': 0.6440478563308716}","The case concerns the possibility of detention when the asylum application is rejected but the time frame to submit an appeal has not expired. The judgments in Gnandi and the order in C., J. and S. do not envisage that the..."
0,368,550_chunk001,4,796.5330595102502,Applicant Detention and Asylum Claims,"{'asylum': 231.01242065429688, 'detention': 217.1792755126953, 'applicant': 170.61280822753906, 'claim': 155.9637908935547, 'application': 142.39892578125, 'claims': 127.17999267578125, 'prison': 117.04942321777344, 'immigration': 115.72674560546875, 'arrested': 104.70023345947266, 'lawsuit': 100.63427734375, 'alien': 91.5473861694336, 'applicants': 85.47240447998047, 'penalty': 85.0564956665039, 'refugee': 84.33718872070312, 'deportation': 79.77300262451172, 'candidate': 74.11628723144531, 'police': 52.615577697753906, 'judge': 51.17262649536133, 'jail': 47.93186569213867, 'persecution': 45.44091033935547, 'disability': 43.874114990234375, 'legal': 43.82500457763672, 'qualification': 43.29621887207031, 'jurisdiction': 42.0366096496582, 'registration': 41.738887786865234, 'regulation': 40.19966125488281, 'refugees': 33.98501968383789, 'ban': 32.5144157409668, 'claimed': 32.509605407714844, 'appointment': 31.06020736694336, 'rights': 29.874893188476562, 'protection': 25.767105102539062, 'inmate': 22.7263126373291, 'visa': 22.01372528076172, 'court': 21.313074111938477, 'duty': 20.74359893798828, 'agency': 20.545549392700195, 'threat': 19.69865608215332, 'law': 19.399736404418945, 'discrimination': 18.35834312438965, ')': 17.843687057495117, 'alleged': 17.810102462768555, 'case': 15.500174522399902, 'fraud': 14.901286125183105, 'holder': 14.824771881103516, 'refuge': 13.745416641235352, 'and': 13.37773609161377, 'illegal': 12.181244850158691, 'violation': 11.866278648376465, 'detained': 10.437248229980469, 'restoration': 8.546725273132324, 'torture': 8.531095504760742, 'facility': 8.489020347595215, 'arrest': 7.553507328033447, 'emergency': 6.732095718383789, 'shelter': 6.047550201416016, 'custody': 5.050491809844971, 'suit': 4.690654277801514, 'lawyer': 4.602712154388428, 'sheriff': 3.8064022064208984, 'person': 3.1756751537323, 'employment': 2.6483309268951416, 'denied': 2.3174397945404053, 'bureau': 1.3933528661727905, '##iction': 0.6440478563308716}","The Federal Administrative Court subsequently denied the complaint, whereupon the asylum seeker lodged a complaint against detention. The court proceedings dealing with the individual's detention addressed the question of..."
0,367,550_chunk000,5,771.0319154051026,Applicant Detention and Asylum Claims,"{'asylum': 231.01242065429688, 'detention': 217.1792755126953, 'applicant': 170.61280822753906, 'claim': 155.9637908935547, 'application': 142.39892578125, 'claims': 127.17999267578125, 'prison': 117.04942321777344, 'immigration': 115.72674560546875, 'arrested': 104.70023345947266, 'lawsuit': 100.63427734375, 'alien': 91.5473861694336, 'applicants': 85.47240447998047, 'penalty': 85.0564956665039, 'refugee': 84.33718872070312, 'deportation': 79.77300262451172, 'candidate': 74.11628723144531, 'police': 52.615577697753906, 'judge': 51.17262649536133, 'jail': 47.93186569213867, 'persecution': 45.44091033935547, 'disability': 43.874114990234375, 'legal': 43.82500457763672, 'qualification': 43.29621887207031, 'jurisdiction': 42.0366096496582, 'registration': 41.738887786865234, 'regulation': 40.19966125488281, 'refugees': 33.98501968383789, 'ban': 32.5144157409668, 'claimed': 32.509605407714844, 'appointment': 31.06020736694336, 'rights': 29.874893188476562, 'protection': 25.767105102539062, 'inmate': 22.7263126373291, 'visa': 22.01372528076172, 'court': 21.313074111938477, 'duty': 20.74359893798828, 'agency': 20.545549392700195, 'threat': 19.69865608215332, 'law': 19.399736404418945, 'discrimination': 18.35834312438965, ')': 17.843687057495117, 'alleged': 17.810102462768555, 'case': 15.500174522399902, 'fraud': 14.901286125183105, 'holder': 14.824771881103516, 'refuge': 13.745416641235352, 'and': 13.37773609161377, 'illegal': 12.181244850158691, 'violation': 11.866278648376465, 'detained': 10.437248229980469, 'restoration': 8.546725273132324, 'torture': 8.531095504760742, 'facility': 8.489020347595215, 'arrest': 7.553507328033447, 'emergency': 6.732095718383789, 'shelter': 6.047550201416016, 'custody': 5.050491809844971, 'suit': 4.690654277801514, 'lawyer': 4.602712154388428, 'sheriff': 3.8064022064208984, 'person': 3.1756751537323, 'employment': 2.6483309268951416, 'denied': 2.3174397945404053, 'bureau': 1.3933528661727905, '##iction': 0.6440478563308716}","The case involved an asylum seeker upon whom detention was imposed as a measure to ensure a Dublin procedure. The asylum seeker lodged a complaint against a decision that had been issued based on Art. 5 of the Asylum Act 2005, rejecting the application as inadmissible."
0,209,1010_chunk000,6,749.9976795576721,Applicant Detention and Asylum Claims,"{'asylum': 231.01242065429688, 'detention': 217.1792755126953, 'applicant': 170.61280822753906, 'claim': 155.9637908935547, 'application': 142.39892578125, 'claims': 127.17999267578125, 'prison': 117.04942321777344, 'immigration': 115.72674560546875, 'arrested': 104.70023345947266, 'lawsuit': 100.63427734375, 'alien': 91.5473861694336, 'applicants': 85.47240447998047, 'penalty': 85.0564956665039, 'refugee': 84.33718872070312, 'deportation': 79.77300262451172, 'candidate': 74.11628723144531, 'police': 52.615577697753906, 'judge': 51.17262649536133, 'jail': 47.93186569213867, 'persecution': 45.44091033935547, 'disability': 43.874114990234375, 'legal': 43.82500457763672, 'qualification': 43.29621887207031, 'jurisdiction': 42.0366096496582, 'registration': 41.738887786865234, 'regulation': 40.19966125488281, 'refugees': 33.98501968383789, 'ban': 32.5144157409668, 'claimed': 32.509605407714844, 'appointment': 31.06020736694336, 'rights': 29.874893188476562, 'protection': 25.767105102539062, 'inmate': 22.7263126373291, 'visa': 22.01372528076172, 'court': 21.313074111938477, 'duty': 20.74359893798828, 'agency': 20.545549392700195, 'threat': 19.69865608215332, 'law': 19.399736404418945, 'discrimination': 18.35834312438965, ')': 17.843687057495117, 'alleged': 17.810102462768555, 'case': 15.500174522399902, 'fraud': 14.901286125183105, 'holder': 14.824771881103516, 'refuge': 13.745416641235352, 'and': 13.37773609161377, 'illegal': 12.181244850158691, 'violation': 11.866278648376465, 'detained': 10.437248229980469, 'restoration': 8.546725273132324, 'torture': 8.531095504760742, 'facility': 8.489020347595215, 'arrest': 7.553507328033447, 'emergency': 6.732095718383789, 'shelter': 6.047550201416016, 'custody': 5.050491809844971, 'suit': 4.690654277801514, 'lawyer': 4.602712154388428, 'sheriff': 3.8064022064208984, 'person': 3.1756751537323, 'employment': 2.6483309268951416, 'denied': 2.3174397945404053, 'bureau': 1.3933528661727905, '##iction': 0.6440478563308716}","On 10 October 2018 the applicant was detained for illegal stay in the Czech Republic and placed in detention. Through EURODAC information, it was confirmed that the applicant had applied for international protection in Germany, Denmark and Switzerland. In addition, according to a communication from Germany, the complainant had at least six other identities."
0,428,200_chunk000,7,740.9219850650367,Applicant Detention and Asylum Claims,"{'asylum': 231.01242065429688, 'detention': 217.1792755126953, 'applicant': 170.61280822753906, 'claim': 155.9637908935547, 'application': 142.39892578125, 'claims': 127.17999267578125, 'prison': 117.04942321777344, 'immigration': 115.72674560546875, 'arrested': 104.70023345947266, 'lawsuit': 100.63427734375, 'alien': 91.5473861694336, 'applicants': 85.47240447998047, 'penalty': 85.0564956665039, 'refugee': 84.33718872070312, 'deportation': 79.77300262451172, 'candidate': 74.11628723144531, 'police': 52.615577697753906, 'judge': 51.17262649536133, 'jail': 47.93186569213867, 'persecution': 45.44091033935547, 'disability': 43.874114990234375, 'legal': 43.82500457763672, 'qualification': 43.29621887207031, 'jurisdiction': 42.0366096496582, 'registration': 41.738887786865234, 'regulation': 40.19966125488281, 'refugees': 33.98501968383789, 'ban': 32.5144157409668, 'claimed': 32.509605407714844, 'appointment': 31.06020736694336, 'rights': 29.874893188476562, 'protection': 25.767105102539062, 'inmate': 22.7263126373291, 'visa': 22.01372528076172, 'court': 21.313074111938477, 'duty': 20.74359893798828, 'agency': 20.545549392700195, 'threat': 19.69865608215332, 'law': 19.399736404418945, 'discrimination': 18.35834312438965, ')': 17.843687057495117, 'alleged': 17.810102462768555, 'case': 15.500174522399902, 'fraud': 14.901286125183105, 'holder': 14.824771881103516, 'refuge': 13.745416641235352, 'and': 13.37773609161377, 'illegal': 12.181244850158691, 'violation': 11.866278648376465, 'detained': 10.437248229980469, 'restoration': 8.546725273132324, 'torture': 8.531095504760742, 'facility': 8.489020347595215, 'arrest': 7.553507328033447, 'emergency': 6.732095718383789, 'shelter': 6.047550201416016, 'custody': 5.050491809844971, 'suit': 4.690654277801514, 'lawyer': 4.602712154388428, 'sheriff': 3.8064022064208984, 'person': 3.1756751537323, 'employment': 2.6483309268951416, 'denied': 2.3174397945404053, 'bureau': 1.3933528661727905, '##iction': 0.6440478563308716}","The applicants, a woman and her three children, were nationals of Pakistan who applied for asylum in the State. They had lived in the UK with the first applicant's husband whom the first named applicant claimed had been violently abusive towards her and the children."
0,482,197_chunk000,8,740.9219850650367,Applicant Detention and Asylum Claims,"{'asylum': 231.01242065429688, 'detention': 217.1792755126953, 'applicant': 170.61280822753906, 'claim': 155.9637908935547, 'application': 142.39892578125, 'claims': 127.17999267578125, 'prison': 117.04942321777344, 'immigration': 115.72674560546875, 'arrested': 104.70023345947266, 'lawsuit': 100.63427734375, 'alien': 91.5473861694336, 'applicants': 85.47240447998047, 'penalty': 85.0564956665039, 'refugee': 84.33718872070312, 'deportation': 79.77300262451172, 'candidate': 74.11628723144531, 'police': 52.615577697753906, 'judge': 51.17262649536133, 'jail': 47.93186569213867, 'persecution': 45.44091033935547, 'disability': 43.874114990234375, 'legal': 43.82500457763672, 'qualification': 43.29621887207031, 'jurisdiction': 42.0366096496582, 'registration': 41.738887786865234, 'regulation': 40.19966125488281, 'refugees': 33.98501968383789, 'ban': 32.5144157409668, 'claimed': 32.509605407714844, 'appointment': 31.06020736694336, 'rights': 29.874893188476562, 'protection': 25.767105102539062, 'inmate': 22.7263126373291, 'visa': 22.01372528076172, 'court': 21.313074111938477, 'duty': 20.74359893798828, 'agency': 20.545549392700195, 'threat': 19.69865608215332, 'law': 19.399736404418945, 'discrimination': 18.35834312438965, ')': 17.843687057495117, 'alleged': 17.810102462768555, 'case': 15.500174522399902, 'fraud': 14.901286125183105, 'holder': 14.824771881103516, 'refuge': 13.745416641235352, 'and': 13.37773609161377, 'illegal': 12.181244850158691, 'violation': 11.866278648376465, 'detained': 10.437248229980469, 'restoration': 8.546725273132324, 'torture': 8.531095504760742, 'facility': 8.489020347595215, 'arrest': 7.553507328033447, 'emergency': 6.732095718383789, 'shelter': 6.047550201416016, 'custody': 5.050491809844971, 'suit': 4.690654277801514, 'lawyer': 4.602712154388428, 'sheriff': 3.8064022064208984, 'person': 3.1756751537323, 'employment': 2.6483309268951416, 'denied': 2.3174397945404053, 'bureau': 1.3933528661727905, '##iction': 0.6440478563308716}","The applicants, a woman and her three children, were nationals of Pakistan who applied for asylum in the State. They had lived in the UK with the first applicant's husband whom the first named applicant claimed had been violently abusive towards her and the children."
0,179,913_chunk001,9,740.1663441335046,Applicant Detention and Asylum Claims,"{'asylum': 231.01242065429688, 'detention': 217.1792755126953, 'applicant': 170.61280822753906, 'claim': 155.9637908935547, 'application': 142.39892578125, 'claims': 127.17999267578125, 'prison': 117.04942321777344, 'immigration': 115.72674560546875, 'arrested': 104.70023345947266, 'lawsuit': 100.63427734375, 'alien': 91.5473861694336, 'applicants': 85.47240447998047, 'penalty': 85.0564956665039, 'refugee': 84.33718872070312, 'deportation': 79.77300262451172, 'candidate': 74.11628723144531, 'police': 52.615577697753906, 'judge': 51.17262649536133, 'jail': 47.93186569213867, 'persecution': 45.44091033935547, 'disability': 43.874114990234375, 'legal': 43.82500457763672, 'qualification': 43.29621887207031, 'jurisdiction': 42.0366096496582, 'registration': 41.738887786865234, 'regulation': 40.19966125488281, 'refugees': 33.98501968383789, 'ban': 32.5144157409668, 'claimed': 32.509605407714844, 'appointment': 31.06020736694336, 'rights': 29.874893188476562, 'protection': 25.767105102539062, 'inmate': 22.7263126373291, 'visa': 22.01372528076172, 'court': 21.313074111938477, 'duty': 20.74359893798828, 'agency': 20.545549392700195, 'threat': 19.69865608215332, 'law': 19.399736404418945, 'discrimination': 18.35834312438965, ')': 17.843687057495117, 'alleged': 17.810102462768555, 'case': 15.500174522399902, 'fraud': 14.901286125183105, 'holder': 14.824771881103516, 'refuge': 13.745416641235352, 'and': 13.37773609161377, 'illegal': 12.181244850158691, 'violation': 11.866278648376465, 'detained': 10.437248229980469, 'restoration': 8.546725273132324, 'torture': 8.531095504760742, 'facility': 8.489020347595215, 'arrest': 7.553507328033447, 'emergency': 6.732095718383789, 'shelter': 6.047550201416016, 'custody': 5.050491809844971, 'suit': 4.690654277801514, 'lawyer': 4.602712154388428, 'sheriff': 3.8064022064208984, 'person': 3.1756751537323, 'employment': 2.6483309268951416, 'denied': 2.3174397945404053, 'bureau': 1.3933528661727905, '##iction': 0.6440478563308716}","The Swedish Migration Court of Appeal referred to Article 15 (5) and (6) of the Return Directive as well as to the relevant provisions of the Swedish law and it held that within the same enforcement of a removal decision, an applicant can be held in detention for a maximum of..."
0,357,633_chunk000,10,737.0271151264202,Applicant Detention and Asylum Claims,"{'asylum': 231.01242065429688, 'detention': 217.1792755126953, 'applicant': 170.61280822753906, 'claim': 155.9637908935547, 'application': 142.39892578125, 'claims': 127.17999267578125, 'prison': 117.04942321777344, 'immigration': 115.72674560546875, 'arrested': 104.70023345947266, 'lawsuit': 100.63427734375, 'alien': 91.5473861694336, 'applicants': 85.47240447998047, 'penalty': 85.0564956665039, 'refugee': 84.33718872070312, 'deportation': 79.77300262451172, 'candidate': 74.11628723144531, 'police': 52.615577697753906, 'judge': 51.17262649536133, 'jail': 47.93186569213867, 'persecution': 45.44091033935547, 'disability': 43.874114990234375, 'legal': 43.82500457763672, 'qualification': 43.29621887207031, 'jurisdiction': 42.0366096496582, 'registration': 41.738887786865234, 'regulation': 40.19966125488281, 'refugees': 33.98501968383789, 'ban': 32.5144157409668, 'claimed': 32.509605407714844, 'appointment': 31.06020736694336, 'rights': 29.874893188476562, 'protection': 25.767105102539062, 'inmate': 22.7263126373291, 'visa': 22.01372528076172, 'court': 21.313074111938477, 'duty': 20.74359893798828, 'agency': 20.545549392700195, 'threat': 19.69865608215332, 'law': 19.399736404418945, 'discrimination': 18.35834312438965, ')': 17.843687057495117, 'alleged': 17.810102462768555, 'case': 15.500174522399902, 'fraud': 14.901286125183105, 'holder': 14.824771881103516, 'refuge': 13.745416641235352, 'and': 13.37773609161377, 'illegal': 12.181244850158691, 'violation': 11.866278648376465, 'detained': 10.437248229980469, 'restoration': 8.546725273132324, 'torture': 8.531095504760742, 'facility': 8.489020347595215, 'arrest': 7.553507328033447, 'emergency': 6.732095718383789, 'shelter': 6.047550201416016, 'custody': 5.050491809844971, 'suit': 4.690654277801514, 'lawyer': 4.602712154388428, 'sheriff': 3.8064022064208984, 'person': 3.1756751537323, 'employment': 2.6483309268951416, 'denied': 2.3174397945404053, 'bureau': 1.3933528661727905, '##iction': 0.6440478563308716}","The legal question concerned a situation in which the applicant (a third country national) claimed asylum based on events that had happened in another EU MS in which the applicant had lived and towards which the Dublin Regulation was applicable. In the current case, a Nigerian national claimed she was in danger of persecution and serious harm in Spain due to her ex-husband."
0,479,49_chunk001,11,735.4122500538621,Applicant Detention and Asylum Claims,"{'asylum': 231.01242065429688, 'detention': 217.1792755126953, 'applicant': 170.61280822753906, 'claim': 155.9637908935547, 'application': 142.39892578125, 'claims': 127.17999267578125, 'prison': 117.04942321777344, 'immigration': 115.72674560546875, 'arrested': 104.70023345947266, 'lawsuit': 100.63427734375, 'alien': 91.5473861694336, 'applicants': 85.47240447998047, 'penalty': 85.0564956665039, 'refugee': 84.33718872070312, 'deportation': 79.77300262451172, 'candidate': 74.11628723144531, 'police': 52.615577697753906, 'judge': 51.17262649536133, 'jail': 47.93186569213867, 'persecution': 45.44091033935547, 'disability': 43.874114990234375, 'legal': 43.82500457763672, 'qualification': 43.29621887207031, 'jurisdiction': 42.0366096496582, 'registration': 41.738887786865234, 'regulation': 40.19966125488281, 'refugees': 33.98501968383789, 'ban': 32.5144157409668, 'claimed': 32.509605407714844, 'appointment': 31.06020736694336, 'rights': 29.874893188476562, 'protection': 25.767105102539062, 'inmate': 22.7263126373291, 'visa': 22.01372528076172, 'court': 21.313074111938477, 'duty': 20.74359893798828, 'agency': 20.545549392700195, 'threat': 19.69865608215332, 'law': 19.399736404418945, 'discrimination': 18.35834312438965, ')': 17.843687057495117, 'alleged': 17.810102462768555, 'case': 15.500174522399902, 'fraud': 14.901286125183105, 'holder': 14.824771881103516, 'refuge': 13.745416641235352, 'and': 13.37773609161377, 'illegal': 12.181244850158691, 'violation': 11.866278648376465, 'detained': 10.437248229980469, 'restoration': 8.546725273132324, 'torture': 8.531095504760742, 'facility': 8.489020347595215, 'arrest': 7.553507328033447, 'emergency': 6.732095718383789, 'shelter': 6.047550201416016, 'custody': 5.050491809844971, 'suit': 4.690654277801514, 'lawyer': 4.602712154388428, 'sheriff': 3.8064022064208984, 'person': 3.1756751537323, 'employment': 2.6483309268951416, 'denied': 2.3174397945404053, 'bureau': 1.3933528661727905, '##iction': 0.6440478563308716}","The applicant was therefore detained for the purpose of her removal by the Police of the Czech Republic under the provisions of the Act on the Residence of Foreigners implementing Art. 15 of the Returns Directive. In the detention, the applicant lodged an application for..."
0,62,3981_chunk000,12,735.0897797309348,Applicant Detention and Asylum Claims,"{'asylum': 231.01242065429688, 'detention': 217.1792755126953, 'applicant': 170.61280822753906, 'claim': 155.9637908935547, 'application': 142.39892578125, 'claims': 127.17999267578125, 'prison': 117.04942321777344, 'immigration': 115.72674560546875, 'arrested': 104.70023345947266, 'lawsuit': 100.63427734375, 'alien': 91.5473861694336, 'applicants': 85.47240447998047, 'penalty': 85.0564956665039, 'refugee': 84.33718872070312, 'deportation': 79.77300262451172, 'candidate': 74.11628723144531, 'police': 52.615577697753906, 'judge': 51.17262649536133, 'jail': 47.93186569213867, 'persecution': 45.44091033935547, 'disability': 43.874114990234375, 'legal': 43.82500457763672, 'qualification': 43.29621887207031, 'jurisdiction': 42.0366096496582, 'registration': 41.738887786865234, 'regulation': 40.19966125488281, 'refugees': 33.98501968383789, 'ban': 32.5144157409668, 'claimed': 32.509605407714844, 'appointment': 31.06020736694336, 'rights': 29.874893188476562, 'protection': 25.767105102539062, 'inmate': 22.7263126373291, 'visa': 22.01372528076172, 'court': 21.313074111938477, 'duty': 20.74359893798828, 'agency': 20.545549392700195, 'threat': 19.69865608215332, 'law': 19.399736404418945, 'discrimination': 18.35834312438965, ')': 17.843687057495117, 'alleged': 17.810102462768555, 'case': 15.500174522399902, 'fraud': 14.901286125183105, 'holder': 14.824771881103516, 'refuge': 13.745416641235352, 'and': 13.37773609161377, 'illegal': 12.181244850158691, 'violation': 11.866278648376465, 'detained': 10.437248229980469, 'restoration': 8.546725273132324, 'torture': 8.531095504760742, 'facility': 8.489020347595215, 'arrest': 7.553507328033447, 'emergency': 6.732095718383789, 'shelter': 6.047550201416016, 'custody': 5.050491809844971, 'suit': 4.690654277801514, 'lawyer': 4.602712154388428, 'sheriff': 3.8064022064208984, 'person': 3.1756751537323, 'employment': 2.6483309268951416, 'denied': 2.3174397945404053, 'bureau': 1.3933528661727905, '##iction': 0.6440478563308716}","The case concerned an applicant from Belarus, a mother with her minor son who applied for asylum in Slovakia claiming a fear of persecution upon return to her home country due to opposition to the current regime. She claimed to have publicly and actively participated in anti-government protests following the 2020 presidential elections, within the territory of Slovakia."
0,340,583_chunk000,13,729.9895710456192,Applicant Detention and Asylum Claims,"{'asylum': 231.01242065429688, 'detention': 217.1792755126953, 'applicant': 170.61280822753906, 'claim': 155.9637908935547, 'application': 142.39892578125, 'claims': 127.17999267578125, 'prison': 117.04942321777344, 'immigration': 115.72674560546875, 'arrested': 104.70023345947266, 'lawsuit': 100.63427734375, 'alien': 91.5473861694336, 'applicants': 85.47240447998047, 'penalty': 85.0564956665039, 'refugee': 84.33718872070312, 'deportation': 79.77300262451172, 'candidate': 74.11628723144531, 'police': 52.615577697753906, 'judge': 51.17262649536133, 'jail': 47.93186569213867, 'persecution': 45.44091033935547, 'disability': 43.874114990234375, 'legal': 43.82500457763672, 'qualification': 43.29621887207031, 'jurisdiction': 42.0366096496582, 'registration': 41.738887786865234, 'regulation': 40.19966125488281, 'refugees': 33.98501968383789, 'ban': 32.5144157409668, 'claimed': 32.509605407714844, 'appointment': 31.06020736694336, 'rights': 29.874893188476562, 'protection': 25.767105102539062, 'inmate': 22.7263126373291, 'visa': 22.01372528076172, 'court': 21.313074111938477, 'duty': 20.74359893798828, 'agency': 20.545549392700195, 'threat': 19.69865608215332, 'law': 19.399736404418945, 'discrimination': 18.35834312438965, ')': 17.843687057495117, 'alleged': 17.810102462768555, 'case': 15.500174522399902, 'fraud': 14.901286125183105, 'holder': 14.824771881103516, 'refuge': 13.745416641235352, 'and': 13.37773609161377, 'illegal': 12.181244850158691, 'violation': 11.866278648376465, 'detained': 10.437248229980469, 'restoration': 8.546725273132324, 'torture': 8.531095504760742, 'facility': 8.489020347595215, 'arrest': 7.553507328033447, 'emergency': 6.732095718383789, 'shelter': 6.047550201416016, 'custody': 5.050491809844971, 'suit': 4.690654277801514, 'lawyer': 4.602712154388428, 'sheriff': 3.8064022064208984, 'person': 3.1756751537323, 'employment': 2.6483309268951416, 'denied': 2.3174397945404053, 'bureau': 1.3933528661727905, '##iction': 0.6440478563308716}",Two related cases involved applicants applying for asylum on the basis of claiming persecution because of their sexual orientation. The applicants submited that the correct standard of proof required should be a reasonable degree of likelihood.
0,504,169_chunk000,14,728.9583780086007,Applicant Detention and Asylum Claims,"{'asylum': 231.01242065429688, 'detention': 217.1792755126953, 'applicant': 170.61280822753906, 'claim': 155.9637908935547, 'application': 142.39892578125, 'claims': 127.17999267578125, 'prison': 117.04942321777344, 'immigration': 115.72674560546875, 'arrested': 104.70023345947266, 'lawsuit': 100.63427734375, 'alien': 91.5473861694336, 'applicants': 85.47240447998047, 'penalty': 85.0564956665039, 'refugee': 84.33718872070312, 'deportation': 79.77300262451172, 'candidate': 74.11628723144531, 'police': 52.615577697753906, 'judge': 51.17262649536133, 'jail': 47.93186569213867, 'persecution': 45.44091033935547, 'disability': 43.874114990234375, 'legal': 43.82500457763672, 'qualification': 43.29621887207031, 'jurisdiction': 42.0366096496582, 'registration': 41.738887786865234, 'regulation': 40.19966125488281, 'refugees': 33.98501968383789, 'ban': 32.5144157409668, 'claimed': 32.509605407714844, 'appointment': 31.06020736694336, 'rights': 29.874893188476562, 'protection': 25.767105102539062, 'inmate': 22.7263126373291, 'visa': 22.01372528076172, 'court': 21.313074111938477, 'duty': 20.74359893798828, 'agency': 20.545549392700195, 'threat': 19.69865608215332, 'law': 19.399736404418945, 'discrimination': 18.35834312438965, ')': 17.843687057495117, 'alleged': 17.810102462768555, 'case': 15.500174522399902, 'fraud': 14.901286125183105, 'holder': 14.824771881103516, 'refuge': 13.745416641235352, 'and': 13.37773609161377, 'illegal': 12.181244850158691, 'violation': 11.866278648376465, 'detained': 10.437248229980469, 'restoration': 8.546725273132324, 'torture': 8.531095504760742, 'facility': 8.489020347595215, 'arrest': 7.553507328033447, 'emergency': 6.732095718383789, 'shelter': 6.047550201416016, 'custody': 5.050491809844971, 'suit': 4.690654277801514, 'lawyer': 4.602712154388428, 'sheriff': 3.8064022064208984, 'person': 3.1756751537323, 'employment': 2.6483309268951416, 'denied': 2.3174397945404053, 'bureau': 1.3933528661727905, '##iction': 0.6440478563308716}","The Court ruled on the guidance set out in HJ (Iran) v Secretary of State for the Home Department [2010] UKSC 31 on the approach to sexual orientation asylum claims, including consideration of whether a gay applicant for international protection would conceal their sexual orientation upon return to their country of origin and the reasons for concealment, was compatible with Directive 2004/83..."
0,96,3230_chunk000,15,710.4375172623292,Applicant Detention and Asylum Claims,"{'asylum': 231.01242065429688, 'detention': 217.1792755126953, 'applicant': 170.61280822753906, 'claim': 155.9637908935547, 'application': 142.39892578125, 'claims': 127.17999267578125, 'prison': 117.04942321777344, 'immigration': 115.72674560546875, 'arrested': 104.70023345947266, 'lawsuit': 100.63427734375, 'alien': 91.5473861694336, 'applicants': 85.47240447998047, 'penalty': 85.0564956665039, 'refugee': 84.33718872070312, 'deportation': 79.77300262451172, 'candidate': 74.11628723144531, 'police': 52.615577697753906, 'judge': 51.17262649536133, 'jail': 47.93186569213867, 'persecution': 45.44091033935547, 'disability': 43.874114990234375, 'legal': 43.82500457763672, 'qualification': 43.29621887207031, 'jurisdiction': 42.0366096496582, 'registration': 41.738887786865234, 'regulation': 40.19966125488281, 'refugees': 33.98501968383789, 'ban': 32.5144157409668, 'claimed': 32.509605407714844, 'appointment': 31.06020736694336, 'rights': 29.874893188476562, 'protection': 25.767105102539062, 'inmate': 22.7263126373291, 'visa': 22.01372528076172, 'court': 21.313074111938477, 'duty': 20.74359893798828, 'agency': 20.545549392700195, 'threat': 19.69865608215332, 'law': 19.399736404418945, 'discrimination': 18.35834312438965, ')': 17.843687057495117, 'alleged': 17.810102462768555, 'case': 15.500174522399902, 'fraud': 14.901286125183105, 'holder': 14.824771881103516, 'refuge': 13.745416641235352, 'and': 13.37773609161377, 'illegal': 12.181244850158691, 'violation': 11.866278648376465, 'detained': 10.437248229980469, 'restoration': 8.546725273132324, 'torture': 8.531095504760742, 'facility': 8.489020347595215, 'arrest': 7.553507328033447, 'emergency': 6.732095718383789, 'shelter': 6.047550201416016, 'custody': 5.050491809844971, 'suit': 4.690654277801514, 'lawyer': 4.602712154388428, 'sheriff': 3.8064022064208984, 'person': 3.1756751537323, 'employment': 2.6483309268951416, 'denied': 2.3174397945404053, 'bureau': 1.3933528661727905, '##iction': 0.6440478563308716}","The applicant, an Afghan national, was denied subsidiary protection on exclusion grounds, namely that there were serious reasons for considering that he had committed a serious crime. The decision was upheld by the National Court of Asylum (CNDA), and the applicant subsequently appealed to the Council of State."
0,4,5889_chunk000,16,707.5907060469273,Applicant Detention and Asylum Claims,"{'asylum': 231.01242065429688, 'detention': 217.1792755126953, 'applicant': 170.61280822753906, 'claim': 155.9637908935547, 'application': 142.39892578125, 'claims': 127.17999267578125, 'prison': 117.04942321777344, 'immigration': 115.72674560546875, 'arrested': 104.70023345947266, 'lawsuit': 100.63427734375, 'alien': 91.5473861694336, 'applicants': 85.47240447998047, 'penalty': 85.0564956665039, 'refugee': 84.33718872070312, 'deportation': 79.77300262451172, 'candidate': 74.11628723144531, 'police': 52.615577697753906, 'judge': 51.17262649536133, 'jail': 47.93186569213867, 'persecution': 45.44091033935547, 'disability': 43.874114990234375, 'legal': 43.82500457763672, 'qualification': 43.29621887207031, 'jurisdiction': 42.0366096496582, 'registration': 41.738887786865234, 'regulation': 40.19966125488281, 'refugees': 33.98501968383789, 'ban': 32.5144157409668, 'claimed': 32.509605407714844, 'appointment': 31.06020736694336, 'rights': 29.874893188476562, 'protection': 25.767105102539062, 'inmate': 22.7263126373291, 'visa': 22.01372528076172, 'court': 21.313074111938477, 'duty': 20.74359893798828, 'agency': 20.545549392700195, 'threat': 19.69865608215332, 'law': 19.399736404418945, 'discrimination': 18.35834312438965, ')': 17.843687057495117, 'alleged': 17.810102462768555, 'case': 15.500174522399902, 'fraud': 14.901286125183105, 'holder': 14.824771881103516, 'refuge': 13.745416641235352, 'and': 13.37773609161377, 'illegal': 12.181244850158691, 'violation': 11.866278648376465, 'detained': 10.437248229980469, 'restoration': 8.546725273132324, 'torture': 8.531095504760742, 'facility': 8.489020347595215, 'arrest': 7.553507328033447, 'emergency': 6.732095718383789, 'shelter': 6.047550201416016, 'custody': 5.050491809844971, 'suit': 4.690654277801514, 'lawyer': 4.602712154388428, 'sheriff': 3.8064022064208984, 'person': 3.1756751537323, 'employment': 2.6483309268951416, 'denied': 2.3174397945404053, 'bureau': 1.3933528661727905, '##iction': 0.6440478563308716}","The applicants, F.S. and A.S., two brothers who fled Afghanistan after losing their parents in a bombing, travelled through Pakistan, Iran, Turkey, Bulgaria and Serbia before arriving in the Hungarian transit zone in Röszke on 24 October 2017. There, they were detained in a 5-person container on their own and applied for asylum."
0,538,55_chunk000,17,698.9383958579441,Applicant Detention and Asylum Claims,"{'asylum': 231.01242065429688, 'detention': 217.1792755126953, 'applicant': 170.61280822753906, 'claim': 155.9637908935547, 'application': 142.39892578125, 'claims': 127.17999267578125, 'prison': 117.04942321777344, 'immigration': 115.72674560546875, 'arrested': 104.70023345947266, 'lawsuit': 100.63427734375, 'alien': 91.5473861694336, 'applicants': 85.47240447998047, 'penalty': 85.0564956665039, 'refugee': 84.33718872070312, 'deportation': 79.77300262451172, 'candidate': 74.11628723144531, 'police': 52.615577697753906, 'judge': 51.17262649536133, 'jail': 47.93186569213867, 'persecution': 45.44091033935547, 'disability': 43.874114990234375, 'legal': 43.82500457763672, 'qualification': 43.29621887207031, 'jurisdiction': 42.0366096496582, 'registration': 41.738887786865234, 'regulation': 40.19966125488281, 'refugees': 33.98501968383789, 'ban': 32.5144157409668, 'claimed': 32.509605407714844, 'appointment': 31.06020736694336, 'rights': 29.874893188476562, 'protection': 25.767105102539062, 'inmate': 22.7263126373291, 'visa': 22.01372528076172, 'court': 21.313074111938477, 'duty': 20.74359893798828, 'agency': 20.545549392700195, 'threat': 19.69865608215332, 'law': 19.399736404418945, 'discrimination': 18.35834312438965, ')': 17.843687057495117, 'alleged': 17.810102462768555, 'case': 15.500174522399902, 'fraud': 14.901286125183105, 'holder': 14.824771881103516, 'refuge': 13.745416641235352, 'and': 13.37773609161377, 'illegal': 12.181244850158691, 'violation': 11.866278648376465, 'detained': 10.437248229980469, 'restoration': 8.546725273132324, 'torture': 8.531095504760742, 'facility': 8.489020347595215, 'arrest': 7.553507328033447, 'emergency': 6.732095718383789, 'shelter': 6.047550201416016, 'custody': 5.050491809844971, 'suit': 4.690654277801514, 'lawyer': 4.602712154388428, 'sheriff': 3.8064022064208984, 'person': 3.1756751537323, 'employment': 2.6483309268951416, 'denied': 2.3174397945404053, 'bureau': 1.3933528661727905, '##iction': 0.6440478563308716}",The applicant was a Nigerian national who was born in May 1991. She arrived in the State on 9 January 2007 when she was 15 years old and applied for asylum. The applicant claimed to have been threatened with forced marriage and attempted rape. She said she was given assistance by the African Refugee Foundation (“AREF”) before ultimately leaving Nigeria.
0,43,4233_chunk001,18,697.9974720190477,Applicant Detention and Asylum Claims,"{'asylum': 231.01242065429688, 'detention': 217.1792755126953, 'applicant': 170.61280822753906, 'claim': 155.9637908935547, 'application': 142.39892578125, 'claims': 127.17999267578125, 'prison': 117.04942321777344, 'immigration': 115.72674560546875, 'arrested': 104.70023345947266, 'lawsuit': 100.63427734375, 'alien': 91.5473861694336, 'applicants': 85.47240447998047, 'penalty': 85.0564956665039, 'refugee': 84.33718872070312, 'deportation': 79.77300262451172, 'candidate': 74.11628723144531, 'police': 52.615577697753906, 'judge': 51.17262649536133, 'jail': 47.93186569213867, 'persecution': 45.44091033935547, 'disability': 43.874114990234375, 'legal': 43.82500457763672, 'qualification': 43.29621887207031, 'jurisdiction': 42.0366096496582, 'registration': 41.738887786865234, 'regulation': 40.19966125488281, 'refugees': 33.98501968383789, 'ban': 32.5144157409668, 'claimed': 32.509605407714844, 'appointment': 31.06020736694336, 'rights': 29.874893188476562, 'protection': 25.767105102539062, 'inmate': 22.7263126373291, 'visa': 22.01372528076172, 'court': 21.313074111938477, 'duty': 20.74359893798828, 'agency': 20.545549392700195, 'threat': 19.69865608215332, 'law': 19.399736404418945, 'discrimination': 18.35834312438965, ')': 17.843687057495117, 'alleged': 17.810102462768555, 'case': 15.500174522399902, 'fraud': 14.901286125183105, 'holder': 14.824771881103516, 'refuge': 13.745416641235352, 'and': 13.37773609161377, 'illegal': 12.181244850158691, 'violation': 11.866278648376465, 'detained': 10.437248229980469, 'restoration': 8.546725273132324, 'torture': 8.531095504760742, 'facility': 8.489020347595215, 'arrest': 7.553507328033447, 'emergency': 6.732095718383789, 'shelter': 6.047550201416016, 'custody': 5.050491809844971, 'suit': 4.690654277801514, 'lawyer': 4.602712154388428, 'sheriff': 3.8064022064208984, 'person': 3.1756751537323, 'employment': 2.6483309268951416, 'denied': 2.3174397945404053, 'bureau': 1.3933528661727905, '##iction': 0.6440478563308716}",The applicant complained of the legality of the administrative detention and of the procedural issues related to this...
0,248,689_chunk000,19,689.830132943371,Applicant Detention and Asylum Claims,"{'asylum': 231.01242065429688, 'detention': 217.1792755126953, 'applicant': 170.61280822753906, 'claim': 155.9637908935547, 'application': 142.39892578125, 'claims': 127.17999267578125, 'prison': 117.04942321777344, 'immigration': 115.72674560546875, 'arrested': 104.70023345947266, 'lawsuit': 100.63427734375, 'alien': 91.5473861694336, 'applicants': 85.47240447998047, 'penalty': 85.0564956665039, 'refugee': 84.33718872070312, 'deportation': 79.77300262451172, 'candidate': 74.11628723144531, 'police': 52.615577697753906, 'judge': 51.17262649536133, 'jail': 47.93186569213867, 'persecution': 45.44091033935547, 'disability': 43.874114990234375, 'legal': 43.82500457763672, 'qualification': 43.29621887207031, 'jurisdiction': 42.0366096496582, 'registration': 41.738887786865234, 'regulation': 40.19966125488281, 'refugees': 33.98501968383789, 'ban': 32.5144157409668, 'claimed': 32.509605407714844, 'appointment': 31.06020736694336, 'rights': 29.874893188476562, 'protection': 25.767105102539062, 'inmate': 22.7263126373291, 'visa': 22.01372528076172, 'court': 21.313074111938477, 'duty': 20.74359893798828, 'agency': 20.545549392700195, 'threat': 19.69865608215332, 'law': 19.399736404418945, 'discrimination': 18.35834312438965, ')': 17.843687057495117, 'alleged': 17.810102462768555, 'case': 15.500174522399902, 'fraud': 14.901286125183105, 'holder': 14.824771881103516, 'refuge': 13.745416641235352, 'and': 13.37773609161377, 'illegal': 12.181244850158691, 'violation': 11.866278648376465, 'detained': 10.437248229980469, 'restoration': 8.546725273132324, 'torture': 8.531095504760742, 'facility': 8.489020347595215, 'arrest': 7.553507328033447, 'emergency': 6.732095718383789, 'shelter': 6.047550201416016, 'custody': 5.050491809844971, 'suit': 4.690654277801514, 'lawyer': 4.602712154388428, 'sheriff': 3.8064022064208984, 'person': 3.1756751537323, 'employment': 2.6483309268951416, 'denied': 2.3174397945404053, 'bureau': 1.3933528661727905, '##iction': 0.6440478563308716}","The applicants, a coalition of Belgian NGOs, filed an appeal claiming the suspension of the Royal Decree of 22 July 2018 due to the reception condition of children in detention, with special concern to the children detained in 127bis Centre, located near Brussels Airport."
0,577,183_chunk000,20,687.9525910124116,Applicant Detention and Asylum Claims,"{'asylum': 231.01242065429688, 'detention': 217.1792755126953, 'applicant': 170.61280822753906, 'claim': 155.9637908935547, 'application': 142.39892578125, 'claims': 127.17999267578125, 'prison': 117.04942321777344, 'immigration': 115.72674560546875, 'arrested': 104.70023345947266, 'lawsuit': 100.63427734375, 'alien': 91.5473861694336, 'applicants': 85.47240447998047, 'penalty': 85.0564956665039, 'refugee': 84.33718872070312, 'deportation': 79.77300262451172, 'candidate': 74.11628723144531, 'police': 52.615577697753906, 'judge': 51.17262649536133, 'jail': 47.93186569213867, 'persecution': 45.44091033935547, 'disability': 43.874114990234375, 'legal': 43.82500457763672, 'qualification': 43.29621887207031, 'jurisdiction': 42.0366096496582, 'registration': 41.738887786865234, 'regulation': 40.19966125488281, 'refugees': 33.98501968383789, 'ban': 32.5144157409668, 'claimed': 32.509605407714844, 'appointment': 31.06020736694336, 'rights': 29.874893188476562, 'protection': 25.767105102539062, 'inmate': 22.7263126373291, 'visa': 22.01372528076172, 'court': 21.313074111938477, 'duty': 20.74359893798828, 'agency': 20.545549392700195, 'threat': 19.69865608215332, 'law': 19.399736404418945, 'discrimination': 18.35834312438965, ')': 17.843687057495117, 'alleged': 17.810102462768555, 'case': 15.500174522399902, 'fraud': 14.901286125183105, 'holder': 14.824771881103516, 'refuge': 13.745416641235352, 'and': 13.37773609161377, 'illegal': 12.181244850158691, 'violation': 11.866278648376465, 'detained': 10.437248229980469, 'restoration': 8.546725273132324, 'torture': 8.531095504760742, 'facility': 8.489020347595215, 'arrest': 7.553507328033447, 'emergency': 6.732095718383789, 'shelter': 6.047550201416016, 'custody': 5.050491809844971, 'suit': 4.690654277801514, 'lawyer': 4.602712154388428, 'sheriff': 3.8064022064208984, 'person': 3.1756751537323, 'employment': 2.6483309268951416, 'denied': 2.3174397945404053, 'bureau': 1.3933528661727905, '##iction': 0.6440478563308716}","These cases concern the detention of Syrian asylum seekers during different periods between 2010 and 2012. In the cases of M.A., A.H. and J.K., H.S. and Others and K.F. the detention occurred after a police operation in June 2010 removing them from an encampment outside government buildings where they were protesting against the Cypriot Government's asylum policy."
0,539,55_chunk001,21,678.3709552959491,Applicant Detention and Asylum Claims,"{'asylum': 231.01242065429688, 'detention': 217.1792755126953, 'applicant': 170.61280822753906, 'claim': 155.9637908935547, 'application': 142.39892578125, 'claims': 127.17999267578125, 'prison': 117.04942321777344, 'immigration': 115.72674560546875, 'arrested': 104.70023345947266, 'lawsuit': 100.63427734375, 'alien': 91.5473861694336, 'applicants': 85.47240447998047, 'penalty': 85.0564956665039, 'refugee': 84.33718872070312, 'deportation': 79.77300262451172, 'candidate': 74.11628723144531, 'police': 52.615577697753906, 'judge': 51.17262649536133, 'jail': 47.93186569213867, 'persecution': 45.44091033935547, 'disability': 43.874114990234375, 'legal': 43.82500457763672, 'qualification': 43.29621887207031, 'jurisdiction': 42.0366096496582, 'registration': 41.738887786865234, 'regulation': 40.19966125488281, 'refugees': 33.98501968383789, 'ban': 32.5144157409668, 'claimed': 32.509605407714844, 'appointment': 31.06020736694336, 'rights': 29.874893188476562, 'protection': 25.767105102539062, 'inmate': 22.7263126373291, 'visa': 22.01372528076172, 'court': 21.313074111938477, 'duty': 20.74359893798828, 'agency': 20.545549392700195, 'threat': 19.69865608215332, 'law': 19.399736404418945, 'discrimination': 18.35834312438965, ')': 17.843687057495117, 'alleged': 17.810102462768555, 'case': 15.500174522399902, 'fraud': 14.901286125183105, 'holder': 14.824771881103516, 'refuge': 13.745416641235352, 'and': 13.37773609161377, 'illegal': 12.181244850158691, 'violation': 11.866278648376465, 'detained': 10.437248229980469, 'restoration': 8.546725273132324, 'torture': 8.531095504760742, 'facility': 8.489020347595215, 'arrest': 7.553507328033447, 'emergency': 6.732095718383789, 'shelter': 6.047550201416016, 'custody': 5.050491809844971, 'suit': 4.690654277801514, 'lawyer': 4.602712154388428, 'sheriff': 3.8064022064208984, 'person': 3.1756751537323, 'employment': 2.6483309268951416, 'denied': 2.3174397945404053, 'bureau': 1.3933528661727905, '##iction': 0.6440478563308716}",As part of her asylum claim the applicant submitted a refugee card and a letter from AREF to corroborate her account. The...
0,508,46_chunk001,22,671.2782588257452,Applicant Detention and Asylum Claims,"{'asylum': 231.01242065429688, 'detention': 217.1792755126953, 'applicant': 170.61280822753906, 'claim': 155.9637908935547, 'application': 142.39892578125, 'claims': 127.17999267578125, 'prison': 117.04942321777344, 'immigration': 115.72674560546875, 'arrested': 104.70023345947266, 'lawsuit': 100.63427734375, 'alien': 91.5473861694336, 'applicants': 85.47240447998047, 'penalty': 85.0564956665039, 'refugee': 84.33718872070312, 'deportation': 79.77300262451172, 'candidate': 74.11628723144531, 'police': 52.615577697753906, 'judge': 51.17262649536133, 'jail': 47.93186569213867, 'persecution': 45.44091033935547, 'disability': 43.874114990234375, 'legal': 43.82500457763672, 'qualification': 43.29621887207031, 'jurisdiction': 42.0366096496582, 'registration': 41.738887786865234, 'regulation': 40.19966125488281, 'refugees': 33.98501968383789, 'ban': 32.5144157409668, 'claimed': 32.509605407714844, 'appointment': 31.06020736694336, 'rights': 29.874893188476562, 'protection': 25.767105102539062, 'inmate': 22.7263126373291, 'visa': 22.01372528076172, 'court': 21.313074111938477, 'duty': 20.74359893798828, 'agency': 20.545549392700195, 'threat': 19.69865608215332, 'law': 19.399736404418945, 'discrimination': 18.35834312438965, ')': 17.843687057495117, 'alleged': 17.810102462768555, 'case': 15.500174522399902, 'fraud': 14.901286125183105, 'holder': 14.824771881103516, 'refuge': 13.745416641235352, 'and': 13.37773609161377, 'illegal': 12.181244850158691, 'violation': 11.866278648376465, 'detained': 10.437248229980469, 'restoration': 8.546725273132324, 'torture': 8.531095504760742, 'facility': 8.489020347595215, 'arrest': 7.553507328033447, 'emergency': 6.732095718383789, 'shelter': 6.047550201416016, 'custody': 5.050491809844971, 'suit': 4.690654277801514, 'lawyer': 4.602712154388428, 'sheriff': 3.8064022064208984, 'person': 3.1756751537323, 'employment': 2.6483309268951416, 'denied': 2.3174397945404053, 'bureau': 1.3933528661727905, '##iction': 0.6440478563308716}",The applicant filed the action for annulment of the decision before the Regional Court in Ostrava on the last day of 15 day time limit laid down by the Act on Asylum for the actions against administrative decisions concerning international protection. The action...
0,2,5443_chunk000,23,671.0212906041102,Applicant Detention and Asylum Claims,"{'asylum': 231.01242065429688, 'detention': 217.1792755126953, 'applicant': 170.61280822753906, 'claim': 155.9637908935547, 'application': 142.39892578125, 'claims': 127.17999267578125, 'prison': 117.04942321777344, 'immigration': 115.72674560546875, 'arrested': 104.70023345947266, 'lawsuit': 100.63427734375, 'alien': 91.5473861694336, 'applicants': 85.47240447998047, 'penalty': 85.0564956665039, 'refugee': 84.33718872070312, 'deportation': 79.77300262451172, 'candidate': 74.11628723144531, 'police': 52.615577697753906, 'judge': 51.17262649536133, 'jail': 47.93186569213867, 'persecution': 45.44091033935547, 'disability': 43.874114990234375, 'legal': 43.82500457763672, 'qualification': 43.29621887207031, 'jurisdiction': 42.0366096496582, 'registration': 41.738887786865234, 'regulation': 40.19966125488281, 'refugees': 33.98501968383789, 'ban': 32.5144157409668, 'claimed': 32.509605407714844, 'appointment': 31.06020736694336, 'rights': 29.874893188476562, 'protection': 25.767105102539062, 'inmate': 22.7263126373291, 'visa': 22.01372528076172, 'court': 21.313074111938477, 'duty': 20.74359893798828, 'agency': 20.545549392700195, 'threat': 19.69865608215332, 'law': 19.399736404418945, 'discrimination': 18.35834312438965, ')': 17.843687057495117, 'alleged': 17.810102462768555, 'case': 15.500174522399902, 'fraud': 14.901286125183105, 'holder': 14.824771881103516, 'refuge': 13.745416641235352, 'and': 13.37773609161377, 'illegal': 12.181244850158691, 'violation': 11.866278648376465, 'detained': 10.437248229980469, 'restoration': 8.546725273132324, 'torture': 8.531095504760742, 'facility': 8.489020347595215, 'arrest': 7.553507328033447, 'emergency': 6.732095718383789, 'shelter': 6.047550201416016, 'custody': 5.050491809844971, 'suit': 4.690654277801514, 'lawyer': 4.602712154388428, 'sheriff': 3.8064022064208984, 'person': 3.1756751537323, 'employment': 2.6483309268951416, 'denied': 2.3174397945404053, 'bureau': 1.3933528661727905, '##iction': 0.6440478563308716}",The Constitutional Court dismissed a complaint against the decision of the Federal Administrative Court concerning detention of a Syrian applicant pending return. It found that the lower court correctly assessed that the detention pending return and its extension were lawful.
0,38,4036_chunk000,24,669.3991675971396,Applicant Detention and Asylum Claims,"{'asylum': 231.01242065429688, 'detention': 217.1792755126953, 'applicant': 170.61280822753906, 'claim': 155.9637908935547, 'application': 142.39892578125, 'claims': 127.17999267578125, 'prison': 117.04942321777344, 'immigration': 115.72674560546875, 'arrested': 104.70023345947266, 'lawsuit': 100.63427734375, 'alien': 91.5473861694336, 'applicants': 85.47240447998047, 'penalty': 85.0564956665039, 'refugee': 84.33718872070312, 'deportation': 79.77300262451172, 'candidate': 74.11628723144531, 'police': 52.615577697753906, 'judge': 51.17262649536133, 'jail': 47.93186569213867, 'persecution': 45.44091033935547, 'disability': 43.874114990234375, 'legal': 43.82500457763672, 'qualification': 43.29621887207031, 'jurisdiction': 42.0366096496582, 'registration': 41.738887786865234, 'regulation': 40.19966125488281, 'refugees': 33.98501968383789, 'ban': 32.5144157409668, 'claimed': 32.509605407714844, 'appointment': 31.06020736694336, 'rights': 29.874893188476562, 'protection': 25.767105102539062, 'inmate': 22.7263126373291, 'visa': 22.01372528076172, 'court': 21.313074111938477, 'duty': 20.74359893798828, 'agency': 20.545549392700195, 'threat': 19.69865608215332, 'law': 19.399736404418945, 'discrimination': 18.35834312438965, ')': 17.843687057495117, 'alleged': 17.810102462768555, 'case': 15.500174522399902, 'fraud': 14.901286125183105, 'holder': 14.824771881103516, 'refuge': 13.745416641235352, 'and': 13.37773609161377, 'illegal': 12.181244850158691, 'violation': 11.866278648376465, 'detained': 10.437248229980469, 'restoration': 8.546725273132324, 'torture': 8.531095504760742, 'facility': 8.489020347595215, 'arrest': 7.553507328033447, 'emergency': 6.732095718383789, 'shelter': 6.047550201416016, 'custody': 5.050491809844971, 'suit': 4.690654277801514, 'lawyer': 4.602712154388428, 'sheriff': 3.8064022064208984, 'person': 3.1756751537323, 'employment': 2.6483309268951416, 'denied': 2.3174397945404053, 'bureau': 1.3933528661727905, '##iction': 0.6440478563308716}",The case concerned an application for asylum submitted by an applicant from Iraq and for which the Finnish Immigration Service considered that he had a well-founded fear of persecution based on religious grounds but excluded him from protection for alleged commission of a serious non-political crime.
0,404,50_chunk000,25,669.289657598108,Applicant Detention and Asylum Claims,"{'asylum': 231.01242065429688, 'detention': 217.1792755126953, 'applicant': 170.61280822753906, 'claim': 155.9637908935547, 'application': 142.39892578125, 'claims': 127.17999267578125, 'prison': 117.04942321777344, 'immigration': 115.72674560546875, 'arrested': 104.70023345947266, 'lawsuit': 100.63427734375, 'alien': 91.5473861694336, 'applicants': 85.47240447998047, 'penalty': 85.0564956665039, 'refugee': 84.33718872070312, 'deportation': 79.77300262451172, 'candidate': 74.11628723144531, 'police': 52.615577697753906, 'judge': 51.17262649536133, 'jail': 47.93186569213867, 'persecution': 45.44091033935547, 'disability': 43.874114990234375, 'legal': 43.82500457763672, 'qualification': 43.29621887207031, 'jurisdiction': 42.0366096496582, 'registration': 41.738887786865234, 'regulation': 40.19966125488281, 'refugees': 33.98501968383789, 'ban': 32.5144157409668, 'claimed': 32.509605407714844, 'appointment': 31.06020736694336, 'rights': 29.874893188476562, 'protection': 25.767105102539062, 'inmate': 22.7263126373291, 'visa': 22.01372528076172, 'court': 21.313074111938477, 'duty': 20.74359893798828, 'agency': 20.545549392700195, 'threat': 19.69865608215332, 'law': 19.399736404418945, 'discrimination': 18.35834312438965, ')': 17.843687057495117, 'alleged': 17.810102462768555, 'case': 15.500174522399902, 'fraud': 14.901286125183105, 'holder': 14.824771881103516, 'refuge': 13.745416641235352, 'and': 13.37773609161377, 'illegal': 12.181244850158691, 'violation': 11.866278648376465, 'detained': 10.437248229980469, 'restoration': 8.546725273132324, 'torture': 8.531095504760742, 'facility': 8.489020347595215, 'arrest': 7.553507328033447, 'emergency': 6.732095718383789, 'shelter': 6.047550201416016, 'custody': 5.050491809844971, 'suit': 4.690654277801514, 'lawyer': 4.602712154388428, 'sheriff': 3.8064022064208984, 'person': 3.1756751537323, 'employment': 2.6483309268951416, 'denied': 2.3174397945404053, 'bureau': 1.3933528661727905, '##iction': 0.6440478563308716}",The applicant (Tunisian national) was detained by the Police of the Czech Republic for the purpose of the removal enforcement. The applicant challenged the decision on detention before the Municipal Court of Prague.
0,422,201_chunk000,26,663.496308893278,Applicant Detention and Asylum Claims,"{'asylum': 231.01242065429688, 'detention': 217.1792755126953, 'applicant': 170.61280822753906, 'claim': 155.9637908935547, 'application': 142.39892578125, 'claims': 127.17999267578125, 'prison': 117.04942321777344, 'immigration': 115.72674560546875, 'arrested': 104.70023345947266, 'lawsuit': 100.63427734375, 'alien': 91.5473861694336, 'applicants': 85.47240447998047, 'penalty': 85.0564956665039, 'refugee': 84.33718872070312, 'deportation': 79.77300262451172, 'candidate': 74.11628723144531, 'police': 52.615577697753906, 'judge': 51.17262649536133, 'jail': 47.93186569213867, 'persecution': 45.44091033935547, 'disability': 43.874114990234375, 'legal': 43.82500457763672, 'qualification': 43.29621887207031, 'jurisdiction': 42.0366096496582, 'registration': 41.738887786865234, 'regulation': 40.19966125488281, 'refugees': 33.98501968383789, 'ban': 32.5144157409668, 'claimed': 32.509605407714844, 'appointment': 31.06020736694336, 'rights': 29.874893188476562, 'protection': 25.767105102539062, 'inmate': 22.7263126373291, 'visa': 22.01372528076172, 'court': 21.313074111938477, 'duty': 20.74359893798828, 'agency': 20.545549392700195, 'threat': 19.69865608215332, 'law': 19.399736404418945, 'discrimination': 18.35834312438965, ')': 17.843687057495117, 'alleged': 17.810102462768555, 'case': 15.500174522399902, 'fraud': 14.901286125183105, 'holder': 14.824771881103516, 'refuge': 13.745416641235352, 'and': 13.37773609161377, 'illegal': 12.181244850158691, 'violation': 11.866278648376465, 'detained': 10.437248229980469, 'restoration': 8.546725273132324, 'torture': 8.531095504760742, 'facility': 8.489020347595215, 'arrest': 7.553507328033447, 'emergency': 6.732095718383789, 'shelter': 6.047550201416016, 'custody': 5.050491809844971, 'suit': 4.690654277801514, 'lawyer': 4.602712154388428, 'sheriff': 3.8064022064208984, 'person': 3.1756751537323, 'employment': 2.6483309268951416, 'denied': 2.3174397945404053, 'bureau': 1.3933528661727905, '##iction': 0.6440478563308716}","The applicant claimed that after he sought to end a relationship with a woman in Albania in 2012, he was confronted by the woman's brothers who threatened, beat and tortured him, and murdered his father. He moved to Ireland in July 2013 and applied for asylum in April 2014, the application was rejected. An appeal to the tribunal was also rejected in May 2016."
0,132,2507_chunk000,27,662.0596547793418,Applicant Detention and Asylum Claims,"{'asylum': 231.01242065429688, 'detention': 217.1792755126953, 'applicant': 170.61280822753906, 'claim': 155.9637908935547, 'application': 142.39892578125, 'claims': 127.17999267578125, 'prison': 117.04942321777344, 'immigration': 115.72674560546875, 'arrested': 104.70023345947266, 'lawsuit': 100.63427734375, 'alien': 91.5473861694336, 'applicants': 85.47240447998047, 'penalty': 85.0564956665039, 'refugee': 84.33718872070312, 'deportation': 79.77300262451172, 'candidate': 74.11628723144531, 'police': 52.615577697753906, 'judge': 51.17262649536133, 'jail': 47.93186569213867, 'persecution': 45.44091033935547, 'disability': 43.874114990234375, 'legal': 43.82500457763672, 'qualification': 43.29621887207031, 'jurisdiction': 42.0366096496582, 'registration': 41.738887786865234, 'regulation': 40.19966125488281, 'refugees': 33.98501968383789, 'ban': 32.5144157409668, 'claimed': 32.509605407714844, 'appointment': 31.06020736694336, 'rights': 29.874893188476562, 'protection': 25.767105102539062, 'inmate': 22.7263126373291, 'visa': 22.01372528076172, 'court': 21.313074111938477, 'duty': 20.74359893798828, 'agency': 20.545549392700195, 'threat': 19.69865608215332, 'law': 19.399736404418945, 'discrimination': 18.35834312438965, ')': 17.843687057495117, 'alleged': 17.810102462768555, 'case': 15.500174522399902, 'fraud': 14.901286125183105, 'holder': 14.824771881103516, 'refuge': 13.745416641235352, 'and': 13.37773609161377, 'illegal': 12.181244850158691, 'violation': 11.866278648376465, 'detained': 10.437248229980469, 'restoration': 8.546725273132324, 'torture': 8.531095504760742, 'facility': 8.489020347595215, 'arrest': 7.553507328033447, 'emergency': 6.732095718383789, 'shelter': 6.047550201416016, 'custody': 5.050491809844971, 'suit': 4.690654277801514, 'lawyer': 4.602712154388428, 'sheriff': 3.8064022064208984, 'person': 3.1756751537323, 'employment': 2.6483309268951416, 'denied': 2.3174397945404053, 'bureau': 1.3933528661727905, '##iction': 0.6440478563308716}","The case concerned an Afghan applicant who contested an inadmissible decision based on Paragraph 29(1)(1)(a) of the AsylG because he had previously applied for asylum in Denmark. The Danish authorities agreed to a readmission on 9 November 2017, and the BAMF ordered the transfer and found no prohibition for the deportation."
0,151,1648_chunk000,28,660.614229418426,Applicant Detention and Asylum Claims,"{'asylum': 231.01242065429688, 'detention': 217.1792755126953, 'applicant': 170.61280822753906, 'claim': 155.9637908935547, 'application': 142.39892578125, 'claims': 127.17999267578125, 'prison': 117.04942321777344, 'immigration': 115.72674560546875, 'arrested': 104.70023345947266, 'lawsuit': 100.63427734375, 'alien': 91.5473861694336, 'applicants': 85.47240447998047, 'penalty': 85.0564956665039, 'refugee': 84.33718872070312, 'deportation': 79.77300262451172, 'candidate': 74.11628723144531, 'police': 52.615577697753906, 'judge': 51.17262649536133, 'jail': 47.93186569213867, 'persecution': 45.44091033935547, 'disability': 43.874114990234375, 'legal': 43.82500457763672, 'qualification': 43.29621887207031, 'jurisdiction': 42.0366096496582, 'registration': 41.738887786865234, 'regulation': 40.19966125488281, 'refugees': 33.98501968383789, 'ban': 32.5144157409668, 'claimed': 32.509605407714844, 'appointment': 31.06020736694336, 'rights': 29.874893188476562, 'protection': 25.767105102539062, 'inmate': 22.7263126373291, 'visa': 22.01372528076172, 'court': 21.313074111938477, 'duty': 20.74359893798828, 'agency': 20.545549392700195, 'threat': 19.69865608215332, 'law': 19.399736404418945, 'discrimination': 18.35834312438965, ')': 17.843687057495117, 'alleged': 17.810102462768555, 'case': 15.500174522399902, 'fraud': 14.901286125183105, 'holder': 14.824771881103516, 'refuge': 13.745416641235352, 'and': 13.37773609161377, 'illegal': 12.181244850158691, 'violation': 11.866278648376465, 'detained': 10.437248229980469, 'restoration': 8.546725273132324, 'torture': 8.531095504760742, 'facility': 8.489020347595215, 'arrest': 7.553507328033447, 'emergency': 6.732095718383789, 'shelter': 6.047550201416016, 'custody': 5.050491809844971, 'suit': 4.690654277801514, 'lawyer': 4.602712154388428, 'sheriff': 3.8064022064208984, 'person': 3.1756751537323, 'employment': 2.6483309268951416, 'denied': 2.3174397945404053, 'bureau': 1.3933528661727905, '##iction': 0.6440478563308716}","The applicant applied for international protection on 13 January 2010, claiming to be a minor from Zimbabwe and by decision of 29 September 2010 the Federal Office for Asylum rejected the application as unfounded. Upon appeal, the Court of Asylum referred the matter back to the Federal Asylum Office for a new hearing and assessment."
0,392,108_chunk000,29,659.7923576369084,Applicant Detention and Asylum Claims,"{'asylum': 231.01242065429688, 'detention': 217.1792755126953, 'applicant': 170.61280822753906, 'claim': 155.9637908935547, 'application': 142.39892578125, 'claims': 127.17999267578125, 'prison': 117.04942321777344, 'immigration': 115.72674560546875, 'arrested': 104.70023345947266, 'lawsuit': 100.63427734375, 'alien': 91.5473861694336, 'applicants': 85.47240447998047, 'penalty': 85.0564956665039, 'refugee': 84.33718872070312, 'deportation': 79.77300262451172, 'candidate': 74.11628723144531, 'police': 52.615577697753906, 'judge': 51.17262649536133, 'jail': 47.93186569213867, 'persecution': 45.44091033935547, 'disability': 43.874114990234375, 'legal': 43.82500457763672, 'qualification': 43.29621887207031, 'jurisdiction': 42.0366096496582, 'registration': 41.738887786865234, 'regulation': 40.19966125488281, 'refugees': 33.98501968383789, 'ban': 32.5144157409668, 'claimed': 32.509605407714844, 'appointment': 31.06020736694336, 'rights': 29.874893188476562, 'protection': 25.767105102539062, 'inmate': 22.7263126373291, 'visa': 22.01372528076172, 'court': 21.313074111938477, 'duty': 20.74359893798828, 'agency': 20.545549392700195, 'threat': 19.69865608215332, 'law': 19.399736404418945, 'discrimination': 18.35834312438965, ')': 17.843687057495117, 'alleged': 17.810102462768555, 'case': 15.500174522399902, 'fraud': 14.901286125183105, 'holder': 14.824771881103516, 'refuge': 13.745416641235352, 'and': 13.37773609161377, 'illegal': 12.181244850158691, 'violation': 11.866278648376465, 'detained': 10.437248229980469, 'restoration': 8.546725273132324, 'torture': 8.531095504760742, 'facility': 8.489020347595215, 'arrest': 7.553507328033447, 'emergency': 6.732095718383789, 'shelter': 6.047550201416016, 'custody': 5.050491809844971, 'suit': 4.690654277801514, 'lawyer': 4.602712154388428, 'sheriff': 3.8064022064208984, 'person': 3.1756751537323, 'employment': 2.6483309268951416, 'denied': 2.3174397945404053, 'bureau': 1.3933528661727905, '##iction': 0.6440478563308716}",According the ECHR's Information Note 213 (December 2017): The applicant entered Switzerland in 2009 and applied for asylum on the grounds that he had been imprisoned and tortured in his country of origin (Iran) after taking part in a demonstration there. His application was rejected after the Swiss authorities found that his account was not credible.
0,442,45_chunk000,30,656.2867358980669,Applicant Detention and Asylum Claims,"{'asylum': 231.01242065429688, 'detention': 217.1792755126953, 'applicant': 170.61280822753906, 'claim': 155.9637908935547, 'application': 142.39892578125, 'claims': 127.17999267578125, 'prison': 117.04942321777344, 'immigration': 115.72674560546875, 'arrested': 104.70023345947266, 'lawsuit': 100.63427734375, 'alien': 91.5473861694336, 'applicants': 85.47240447998047, 'penalty': 85.0564956665039, 'refugee': 84.33718872070312, 'deportation': 79.77300262451172, 'candidate': 74.11628723144531, 'police': 52.615577697753906, 'judge': 51.17262649536133, 'jail': 47.93186569213867, 'persecution': 45.44091033935547, 'disability': 43.874114990234375, 'legal': 43.82500457763672, 'qualification': 43.29621887207031, 'jurisdiction': 42.0366096496582, 'registration': 41.738887786865234, 'regulation': 40.19966125488281, 'refugees': 33.98501968383789, 'ban': 32.5144157409668, 'claimed': 32.509605407714844, 'appointment': 31.06020736694336, 'rights': 29.874893188476562, 'protection': 25.767105102539062, 'inmate': 22.7263126373291, 'visa': 22.01372528076172, 'court': 21.313074111938477, 'duty': 20.74359893798828, 'agency': 20.545549392700195, 'threat': 19.69865608215332, 'law': 19.399736404418945, 'discrimination': 18.35834312438965, ')': 17.843687057495117, 'alleged': 17.810102462768555, 'case': 15.500174522399902, 'fraud': 14.901286125183105, 'holder': 14.824771881103516, 'refuge': 13.745416641235352, 'and': 13.37773609161377, 'illegal': 12.181244850158691, 'violation': 11.866278648376465, 'detained': 10.437248229980469, 'restoration': 8.546725273132324, 'torture': 8.531095504760742, 'facility': 8.489020347595215, 'arrest': 7.553507328033447, 'emergency': 6.732095718383789, 'shelter': 6.047550201416016, 'custody': 5.050491809844971, 'suit': 4.690654277801514, 'lawyer': 4.602712154388428, 'sheriff': 3.8064022064208984, 'person': 3.1756751537323, 'employment': 2.6483309268951416, 'denied': 2.3174397945404053, 'bureau': 1.3933528661727905, '##iction': 0.6440478563308716}",The administrative authority considered applicant's another subsequent application (third application) for international protection inadmissible and terminated the proceedings according to the provisions of the Act on Asylum implementing Art. 33(2)(d) and Art. 40 of the Recast Asylum Procedures Directive.
0,474,198_chunk000,31,655.8573791926106,Applicant Detention and Asylum Claims,"{'asylum': 231.01242065429688, 'detention': 217.1792755126953, 'applicant': 170.61280822753906, 'claim': 155.9637908935547, 'application': 142.39892578125, 'claims': 127.17999267578125, 'prison': 117.04942321777344, 'immigration': 115.72674560546875, 'arrested': 104.70023345947266, 'lawsuit': 100.63427734375, 'alien': 91.5473861694336, 'applicants': 85.47240447998047, 'penalty': 85.0564956665039, 'refugee': 84.33718872070312, 'deportation': 79.77300262451172, 'candidate': 74.11628723144531, 'police': 52.615577697753906, 'judge': 51.17262649536133, 'jail': 47.93186569213867, 'persecution': 45.44091033935547, 'disability': 43.874114990234375, 'legal': 43.82500457763672, 'qualification': 43.29621887207031, 'jurisdiction': 42.0366096496582, 'registration': 41.738887786865234, 'regulation': 40.19966125488281, 'refugees': 33.98501968383789, 'ban': 32.5144157409668, 'claimed': 32.509605407714844, 'appointment': 31.06020736694336, 'rights': 29.874893188476562, 'protection': 25.767105102539062, 'inmate': 22.7263126373291, 'visa': 22.01372528076172, 'court': 21.313074111938477, 'duty': 20.74359893798828, 'agency': 20.545549392700195, 'threat': 19.69865608215332, 'law': 19.399736404418945, 'discrimination': 18.35834312438965, ')': 17.843687057495117, 'alleged': 17.810102462768555, 'case': 15.500174522399902, 'fraud': 14.901286125183105, 'holder': 14.824771881103516, 'refuge': 13.745416641235352, 'and': 13.37773609161377, 'illegal': 12.181244850158691, 'violation': 11.866278648376465, 'detained': 10.437248229980469, 'restoration': 8.546725273132324, 'torture': 8.531095504760742, 'facility': 8.489020347595215, 'arrest': 7.553507328033447, 'emergency': 6.732095718383789, 'shelter': 6.047550201416016, 'custody': 5.050491809844971, 'suit': 4.690654277801514, 'lawyer': 4.602712154388428, 'sheriff': 3.8064022064208984, 'person': 3.1756751537323, 'employment': 2.6483309268951416, 'denied': 2.3174397945404053, 'bureau': 1.3933528661727905, '##iction': 0.6440478563308716}",The applicant had previously applied for asylum in the UK. He appealed unsuccessfully to the Tribunal the decision of the Refugee Applications Commissioner that he be transferred to the UK under Dublin III.
0,297,584_chunk000,32,655.4445778480458,Applicant Detention and Asylum Claims,"{'asylum': 231.01242065429688, 'detention': 217.1792755126953, 'applicant': 170.61280822753906, 'claim': 155.9637908935547, 'application': 142.39892578125, 'claims': 127.17999267578125, 'prison': 117.04942321777344, 'immigration': 115.72674560546875, 'arrested': 104.70023345947266, 'lawsuit': 100.63427734375, 'alien': 91.5473861694336, 'applicants': 85.47240447998047, 'penalty': 85.0564956665039, 'refugee': 84.33718872070312, 'deportation': 79.77300262451172, 'candidate': 74.11628723144531, 'police': 52.615577697753906, 'judge': 51.17262649536133, 'jail': 47.93186569213867, 'persecution': 45.44091033935547, 'disability': 43.874114990234375, 'legal': 43.82500457763672, 'qualification': 43.29621887207031, 'jurisdiction': 42.0366096496582, 'registration': 41.738887786865234, 'regulation': 40.19966125488281, 'refugees': 33.98501968383789, 'ban': 32.5144157409668, 'claimed': 32.509605407714844, 'appointment': 31.06020736694336, 'rights': 29.874893188476562, 'protection': 25.767105102539062, 'inmate': 22.7263126373291, 'visa': 22.01372528076172, 'court': 21.313074111938477, 'duty': 20.74359893798828, 'agency': 20.545549392700195, 'threat': 19.69865608215332, 'law': 19.399736404418945, 'discrimination': 18.35834312438965, ')': 17.843687057495117, 'alleged': 17.810102462768555, 'case': 15.500174522399902, 'fraud': 14.901286125183105, 'holder': 14.824771881103516, 'refuge': 13.745416641235352, 'and': 13.37773609161377, 'illegal': 12.181244850158691, 'violation': 11.866278648376465, 'detained': 10.437248229980469, 'restoration': 8.546725273132324, 'torture': 8.531095504760742, 'facility': 8.489020347595215, 'arrest': 7.553507328033447, 'emergency': 6.732095718383789, 'shelter': 6.047550201416016, 'custody': 5.050491809844971, 'suit': 4.690654277801514, 'lawyer': 4.602712154388428, 'sheriff': 3.8064022064208984, 'person': 3.1756751537323, 'employment': 2.6483309268951416, 'denied': 2.3174397945404053, 'bureau': 1.3933528661727905, '##iction': 0.6440478563308716}","The applicant sought judicial review of the decision to refuse him asylum in Ireland, which he had applied for on the basis of fear of persecution due to issues with the Taliban and Lashkar-e-Islam. The applicant had tactically not applied for asylum in another Member State, which was a factor the decision maker was permitted to take into consideration."
0,286,954_chunk000,33,653.204980497564,Applicant Detention and Asylum Claims,"{'asylum': 231.01242065429688, 'detention': 217.1792755126953, 'applicant': 170.61280822753906, 'claim': 155.9637908935547, 'application': 142.39892578125, 'claims': 127.17999267578125, 'prison': 117.04942321777344, 'immigration': 115.72674560546875, 'arrested': 104.70023345947266, 'lawsuit': 100.63427734375, 'alien': 91.5473861694336, 'applicants': 85.47240447998047, 'penalty': 85.0564956665039, 'refugee': 84.33718872070312, 'deportation': 79.77300262451172, 'candidate': 74.11628723144531, 'police': 52.615577697753906, 'judge': 51.17262649536133, 'jail': 47.93186569213867, 'persecution': 45.44091033935547, 'disability': 43.874114990234375, 'legal': 43.82500457763672, 'qualification': 43.29621887207031, 'jurisdiction': 42.0366096496582, 'registration': 41.738887786865234, 'regulation': 40.19966125488281, 'refugees': 33.98501968383789, 'ban': 32.5144157409668, 'claimed': 32.509605407714844, 'appointment': 31.06020736694336, 'rights': 29.874893188476562, 'protection': 25.767105102539062, 'inmate': 22.7263126373291, 'visa': 22.01372528076172, 'court': 21.313074111938477, 'duty': 20.74359893798828, 'agency': 20.545549392700195, 'threat': 19.69865608215332, 'law': 19.399736404418945, 'discrimination': 18.35834312438965, ')': 17.843687057495117, 'alleged': 17.810102462768555, 'case': 15.500174522399902, 'fraud': 14.901286125183105, 'holder': 14.824771881103516, 'refuge': 13.745416641235352, 'and': 13.37773609161377, 'illegal': 12.181244850158691, 'violation': 11.866278648376465, 'detained': 10.437248229980469, 'restoration': 8.546725273132324, 'torture': 8.531095504760742, 'facility': 8.489020347595215, 'arrest': 7.553507328033447, 'emergency': 6.732095718383789, 'shelter': 6.047550201416016, 'custody': 5.050491809844971, 'suit': 4.690654277801514, 'lawyer': 4.602712154388428, 'sheriff': 3.8064022064208984, 'person': 3.1756751537323, 'employment': 2.6483309268951416, 'denied': 2.3174397945404053, 'bureau': 1.3933528661727905, '##iction': 0.6440478563308716}",The applicants were an Albanian mother and her two daughters whose applications for asylum were refused by the Refugee Applications Commissioner.
0,490,56_chunk000,34,651.9940947461002,Applicant Detention and Asylum Claims,"{'asylum': 231.01242065429688, 'detention': 217.1792755126953, 'applicant': 170.61280822753906, 'claim': 155.9637908935547, 'application': 142.39892578125, 'claims': 127.17999267578125, 'prison': 117.04942321777344, 'immigration': 115.72674560546875, 'arrested': 104.70023345947266, 'lawsuit': 100.63427734375, 'alien': 91.5473861694336, 'applicants': 85.47240447998047, 'penalty': 85.0564956665039, 'refugee': 84.33718872070312, 'deportation': 79.77300262451172, 'candidate': 74.11628723144531, 'police': 52.615577697753906, 'judge': 51.17262649536133, 'jail': 47.93186569213867, 'persecution': 45.44091033935547, 'disability': 43.874114990234375, 'legal': 43.82500457763672, 'qualification': 43.29621887207031, 'jurisdiction': 42.0366096496582, 'registration': 41.738887786865234, 'regulation': 40.19966125488281, 'refugees': 33.98501968383789, 'ban': 32.5144157409668, 'claimed': 32.509605407714844, 'appointment': 31.06020736694336, 'rights': 29.874893188476562, 'protection': 25.767105102539062, 'inmate': 22.7263126373291, 'visa': 22.01372528076172, 'court': 21.313074111938477, 'duty': 20.74359893798828, 'agency': 20.545549392700195, 'threat': 19.69865608215332, 'law': 19.399736404418945, 'discrimination': 18.35834312438965, ')': 17.843687057495117, 'alleged': 17.810102462768555, 'case': 15.500174522399902, 'fraud': 14.901286125183105, 'holder': 14.824771881103516, 'refuge': 13.745416641235352, 'and': 13.37773609161377, 'illegal': 12.181244850158691, 'violation': 11.866278648376465, 'detained': 10.437248229980469, 'restoration': 8.546725273132324, 'torture': 8.531095504760742, 'facility': 8.489020347595215, 'arrest': 7.553507328033447, 'emergency': 6.732095718383789, 'shelter': 6.047550201416016, 'custody': 5.050491809844971, 'suit': 4.690654277801514, 'lawyer': 4.602712154388428, 'sheriff': 3.8064022064208984, 'person': 3.1756751537323, 'employment': 2.6483309268951416, 'denied': 2.3174397945404053, 'bureau': 1.3933528661727905, '##iction': 0.6440478563308716}",The applicants were two Albanian asylum seekers who challenged the decision of the Refugee Appeals Tribunal upholding the decision of the Office of the Refugee Applications Commissioner that the United Kingdom was the member state responsible for determining their applications for asylum.
0,74,3968_chunk000,35,648.1573245881874,Applicant Detention and Asylum Claims,"{'asylum': 231.01242065429688, 'detention': 217.1792755126953, 'applicant': 170.61280822753906, 'claim': 155.9637908935547, 'application': 142.39892578125, 'claims': 127.17999267578125, 'prison': 117.04942321777344, 'immigration': 115.72674560546875, 'arrested': 104.70023345947266, 'lawsuit': 100.63427734375, 'alien': 91.5473861694336, 'applicants': 85.47240447998047, 'penalty': 85.0564956665039, 'refugee': 84.33718872070312, 'deportation': 79.77300262451172, 'candidate': 74.11628723144531, 'police': 52.615577697753906, 'judge': 51.17262649536133, 'jail': 47.93186569213867, 'persecution': 45.44091033935547, 'disability': 43.874114990234375, 'legal': 43.82500457763672, 'qualification': 43.29621887207031, 'jurisdiction': 42.0366096496582, 'registration': 41.738887786865234, 'regulation': 40.19966125488281, 'refugees': 33.98501968383789, 'ban': 32.5144157409668, 'claimed': 32.509605407714844, 'appointment': 31.06020736694336, 'rights': 29.874893188476562, 'protection': 25.767105102539062, 'inmate': 22.7263126373291, 'visa': 22.01372528076172, 'court': 21.313074111938477, 'duty': 20.74359893798828, 'agency': 20.545549392700195, 'threat': 19.69865608215332, 'law': 19.399736404418945, 'discrimination': 18.35834312438965, ')': 17.843687057495117, 'alleged': 17.810102462768555, 'case': 15.500174522399902, 'fraud': 14.901286125183105, 'holder': 14.824771881103516, 'refuge': 13.745416641235352, 'and': 13.37773609161377, 'illegal': 12.181244850158691, 'violation': 11.866278648376465, 'detained': 10.437248229980469, 'restoration': 8.546725273132324, 'torture': 8.531095504760742, 'facility': 8.489020347595215, 'arrest': 7.553507328033447, 'emergency': 6.732095718383789, 'shelter': 6.047550201416016, 'custody': 5.050491809844971, 'suit': 4.690654277801514, 'lawyer': 4.602712154388428, 'sheriff': 3.8064022064208984, 'person': 3.1756751537323, 'employment': 2.6483309268951416, 'denied': 2.3174397945404053, 'bureau': 1.3933528661727905, '##iction': 0.6440478563308716}",The case concerned an applicant from Pakistan who applied unsuccessfully for asylum in 2012 and return was ordered. He applied for reconsideration which was assessed as subsequent application which was rejected and again an expulsion order was adopted. An appeal was again rejected.
0,372,547_chunk000,36,647.9494857334965,Applicant Detention and Asylum Claims,"{'asylum': 231.01242065429688, 'detention': 217.1792755126953, 'applicant': 170.61280822753906, 'claim': 155.9637908935547, 'application': 142.39892578125, 'claims': 127.17999267578125, 'prison': 117.04942321777344, 'immigration': 115.72674560546875, 'arrested': 104.70023345947266, 'lawsuit': 100.63427734375, 'alien': 91.5473861694336, 'applicants': 85.47240447998047, 'penalty': 85.0564956665039, 'refugee': 84.33718872070312, 'deportation': 79.77300262451172, 'candidate': 74.11628723144531, 'police': 52.615577697753906, 'judge': 51.17262649536133, 'jail': 47.93186569213867, 'persecution': 45.44091033935547, 'disability': 43.874114990234375, 'legal': 43.82500457763672, 'qualification': 43.29621887207031, 'jurisdiction': 42.0366096496582, 'registration': 41.738887786865234, 'regulation': 40.19966125488281, 'refugees': 33.98501968383789, 'ban': 32.5144157409668, 'claimed': 32.509605407714844, 'appointment': 31.06020736694336, 'rights': 29.874893188476562, 'protection': 25.767105102539062, 'inmate': 22.7263126373291, 'visa': 22.01372528076172, 'court': 21.313074111938477, 'duty': 20.74359893798828, 'agency': 20.545549392700195, 'threat': 19.69865608215332, 'law': 19.399736404418945, 'discrimination': 18.35834312438965, ')': 17.843687057495117, 'alleged': 17.810102462768555, 'case': 15.500174522399902, 'fraud': 14.901286125183105, 'holder': 14.824771881103516, 'refuge': 13.745416641235352, 'and': 13.37773609161377, 'illegal': 12.181244850158691, 'violation': 11.866278648376465, 'detained': 10.437248229980469, 'restoration': 8.546725273132324, 'torture': 8.531095504760742, 'facility': 8.489020347595215, 'arrest': 7.553507328033447, 'emergency': 6.732095718383789, 'shelter': 6.047550201416016, 'custody': 5.050491809844971, 'suit': 4.690654277801514, 'lawyer': 4.602712154388428, 'sheriff': 3.8064022064208984, 'person': 3.1756751537323, 'employment': 2.6483309268951416, 'denied': 2.3174397945404053, 'bureau': 1.3933528661727905, '##iction': 0.6440478563308716}","In response to a legal remedy filed against the Federal Office for Immigration and Asylum, the Supreme Administrative Court ruled that, in accordance with Art 13 para 1 of the Dublin III Regulation (604/2013), the Member State whose border an individual applying for international protection had crossed irregularly is responsible for examining that application (ruling in case Ra 2017/19/0169-9 of 5"
0,100,3137_chunk000,37,644.8158073153999,Applicant Detention and Asylum Claims,"{'asylum': 231.01242065429688, 'detention': 217.1792755126953, 'applicant': 170.61280822753906, 'claim': 155.9637908935547, 'application': 142.39892578125, 'claims': 127.17999267578125, 'prison': 117.04942321777344, 'immigration': 115.72674560546875, 'arrested': 104.70023345947266, 'lawsuit': 100.63427734375, 'alien': 91.5473861694336, 'applicants': 85.47240447998047, 'penalty': 85.0564956665039, 'refugee': 84.33718872070312, 'deportation': 79.77300262451172, 'candidate': 74.11628723144531, 'police': 52.615577697753906, 'judge': 51.17262649536133, 'jail': 47.93186569213867, 'persecution': 45.44091033935547, 'disability': 43.874114990234375, 'legal': 43.82500457763672, 'qualification': 43.29621887207031, 'jurisdiction': 42.0366096496582, 'registration': 41.738887786865234, 'regulation': 40.19966125488281, 'refugees': 33.98501968383789, 'ban': 32.5144157409668, 'claimed': 32.509605407714844, 'appointment': 31.06020736694336, 'rights': 29.874893188476562, 'protection': 25.767105102539062, 'inmate': 22.7263126373291, 'visa': 22.01372528076172, 'court': 21.313074111938477, 'duty': 20.74359893798828, 'agency': 20.545549392700195, 'threat': 19.69865608215332, 'law': 19.399736404418945, 'discrimination': 18.35834312438965, ')': 17.843687057495117, 'alleged': 17.810102462768555, 'case': 15.500174522399902, 'fraud': 14.901286125183105, 'holder': 14.824771881103516, 'refuge': 13.745416641235352, 'and': 13.37773609161377, 'illegal': 12.181244850158691, 'violation': 11.866278648376465, 'detained': 10.437248229980469, 'restoration': 8.546725273132324, 'torture': 8.531095504760742, 'facility': 8.489020347595215, 'arrest': 7.553507328033447, 'emergency': 6.732095718383789, 'shelter': 6.047550201416016, 'custody': 5.050491809844971, 'suit': 4.690654277801514, 'lawyer': 4.602712154388428, 'sheriff': 3.8064022064208984, 'person': 3.1756751537323, 'employment': 2.6483309268951416, 'denied': 2.3174397945404053, 'bureau': 1.3933528661727905, '##iction': 0.6440478563308716}","The applicant, Colombian national, applied for international protection on 4 September 2019 and he was informed on the same day of his rights in the asylum procedure, including the right to free legal aid from the state in case he lacked sufficient financial resources. The applicant was handed over a form where he could tick the services he requires."
0,144,2471_chunk001,38,639.6296468751351,Applicant Detention and Asylum Claims,"{'asylum': 231.01242065429688, 'detention': 217.1792755126953, 'applicant': 170.61280822753906, 'claim': 155.9637908935547, 'application': 142.39892578125, 'claims': 127.17999267578125, 'prison': 117.04942321777344, 'immigration': 115.72674560546875, 'arrested': 104.70023345947266, 'lawsuit': 100.63427734375, 'alien': 91.5473861694336, 'applicants': 85.47240447998047, 'penalty': 85.0564956665039, 'refugee': 84.33718872070312, 'deportation': 79.77300262451172, 'candidate': 74.11628723144531, 'police': 52.615577697753906, 'judge': 51.17262649536133, 'jail': 47.93186569213867, 'persecution': 45.44091033935547, 'disability': 43.874114990234375, 'legal': 43.82500457763672, 'qualification': 43.29621887207031, 'jurisdiction': 42.0366096496582, 'registration': 41.738887786865234, 'regulation': 40.19966125488281, 'refugees': 33.98501968383789, 'ban': 32.5144157409668, 'claimed': 32.509605407714844, 'appointment': 31.06020736694336, 'rights': 29.874893188476562, 'protection': 25.767105102539062, 'inmate': 22.7263126373291, 'visa': 22.01372528076172, 'court': 21.313074111938477, 'duty': 20.74359893798828, 'agency': 20.545549392700195, 'threat': 19.69865608215332, 'law': 19.399736404418945, 'discrimination': 18.35834312438965, ')': 17.843687057495117, 'alleged': 17.810102462768555, 'case': 15.500174522399902, 'fraud': 14.901286125183105, 'holder': 14.824771881103516, 'refuge': 13.745416641235352, 'and': 13.37773609161377, 'illegal': 12.181244850158691, 'violation': 11.866278648376465, 'detained': 10.437248229980469, 'restoration': 8.546725273132324, 'torture': 8.531095504760742, 'facility': 8.489020347595215, 'arrest': 7.553507328033447, 'emergency': 6.732095718383789, 'shelter': 6.047550201416016, 'custody': 5.050491809844971, 'suit': 4.690654277801514, 'lawyer': 4.602712154388428, 'sheriff': 3.8064022064208984, 'person': 3.1756751537323, 'employment': 2.6483309268951416, 'denied': 2.3174397945404053, 'bureau': 1.3933528661727905, '##iction': 0.6440478563308716}","The applicant stated that he was detained by the police for 54 hours where he was beaten and fed pork that he was unable to eat as he is Jewish. He was released and fined 33,000 euros to..."
0,256,1011_chunk000,39,638.386244560417,Applicant Detention and Asylum Claims,"{'asylum': 231.01242065429688, 'detention': 217.1792755126953, 'applicant': 170.61280822753906, 'claim': 155.9637908935547, 'application': 142.39892578125, 'claims': 127.17999267578125, 'prison': 117.04942321777344, 'immigration': 115.72674560546875, 'arrested': 104.70023345947266, 'lawsuit': 100.63427734375, 'alien': 91.5473861694336, 'applicants': 85.47240447998047, 'penalty': 85.0564956665039, 'refugee': 84.33718872070312, 'deportation': 79.77300262451172, 'candidate': 74.11628723144531, 'police': 52.615577697753906, 'judge': 51.17262649536133, 'jail': 47.93186569213867, 'persecution': 45.44091033935547, 'disability': 43.874114990234375, 'legal': 43.82500457763672, 'qualification': 43.29621887207031, 'jurisdiction': 42.0366096496582, 'registration': 41.738887786865234, 'regulation': 40.19966125488281, 'refugees': 33.98501968383789, 'ban': 32.5144157409668, 'claimed': 32.509605407714844, 'appointment': 31.06020736694336, 'rights': 29.874893188476562, 'protection': 25.767105102539062, 'inmate': 22.7263126373291, 'visa': 22.01372528076172, 'court': 21.313074111938477, 'duty': 20.74359893798828, 'agency': 20.545549392700195, 'threat': 19.69865608215332, 'law': 19.399736404418945, 'discrimination': 18.35834312438965, ')': 17.843687057495117, 'alleged': 17.810102462768555, 'case': 15.500174522399902, 'fraud': 14.901286125183105, 'holder': 14.824771881103516, 'refuge': 13.745416641235352, 'and': 13.37773609161377, 'illegal': 12.181244850158691, 'violation': 11.866278648376465, 'detained': 10.437248229980469, 'restoration': 8.546725273132324, 'torture': 8.531095504760742, 'facility': 8.489020347595215, 'arrest': 7.553507328033447, 'emergency': 6.732095718383789, 'shelter': 6.047550201416016, 'custody': 5.050491809844971, 'suit': 4.690654277801514, 'lawyer': 4.602712154388428, 'sheriff': 3.8064022064208984, 'person': 3.1756751537323, 'employment': 2.6483309268951416, 'denied': 2.3174397945404053, 'bureau': 1.3933528661727905, '##iction': 0.6440478563308716}","The case concerns a challenge to detention under the recast Reception Conditions Directive. The applicant requested international protection after being found illegally working in the Czech Republic and using fake documents to obtain such work.

..."
0,476,186_chunk000,40,633.6648109713549,Applicant Detention and Asylum Claims,"{'asylum': 231.01242065429688, 'detention': 217.1792755126953, 'applicant': 170.61280822753906, 'claim': 155.9637908935547, 'application': 142.39892578125, 'claims': 127.17999267578125, 'prison': 117.04942321777344, 'immigration': 115.72674560546875, 'arrested': 104.70023345947266, 'lawsuit': 100.63427734375, 'alien': 91.5473861694336, 'applicants': 85.47240447998047, 'penalty': 85.0564956665039, 'refugee': 84.33718872070312, 'deportation': 79.77300262451172, 'candidate': 74.11628723144531, 'police': 52.615577697753906, 'judge': 51.17262649536133, 'jail': 47.93186569213867, 'persecution': 45.44091033935547, 'disability': 43.874114990234375, 'legal': 43.82500457763672, 'qualification': 43.29621887207031, 'jurisdiction': 42.0366096496582, 'registration': 41.738887786865234, 'regulation': 40.19966125488281, 'refugees': 33.98501968383789, 'ban': 32.5144157409668, 'claimed': 32.509605407714844, 'appointment': 31.06020736694336, 'rights': 29.874893188476562, 'protection': 25.767105102539062, 'inmate': 22.7263126373291, 'visa': 22.01372528076172, 'court': 21.313074111938477, 'duty': 20.74359893798828, 'agency': 20.545549392700195, 'threat': 19.69865608215332, 'law': 19.399736404418945, 'discrimination': 18.35834312438965, ')': 17.843687057495117, 'alleged': 17.810102462768555, 'case': 15.500174522399902, 'fraud': 14.901286125183105, 'holder': 14.824771881103516, 'refuge': 13.745416641235352, 'and': 13.37773609161377, 'illegal': 12.181244850158691, 'violation': 11.866278648376465, 'detained': 10.437248229980469, 'restoration': 8.546725273132324, 'torture': 8.531095504760742, 'facility': 8.489020347595215, 'arrest': 7.553507328033447, 'emergency': 6.732095718383789, 'shelter': 6.047550201416016, 'custody': 5.050491809844971, 'suit': 4.690654277801514, 'lawyer': 4.602712154388428, 'sheriff': 3.8064022064208984, 'person': 3.1756751537323, 'employment': 2.6483309268951416, 'denied': 2.3174397945404053, 'bureau': 1.3933528661727905, '##iction': 0.6440478563308716}","According the WLR Daily case summaries The asylum claimant, an Iraqi national, entered the United Kingdom and claimed asylum. His claim was refused by the Secretary of State and he appealed pursuant to section 82 of the Nationality, Immigration and Asylum Act 2002. His appeal was dismissed by the First-tier Tribunal."
0,499,54_chunk000,41,633.3853810181054,Applicant Detention and Asylum Claims,"{'asylum': 231.01242065429688, 'detention': 217.1792755126953, 'applicant': 170.61280822753906, 'claim': 155.9637908935547, 'application': 142.39892578125, 'claims': 127.17999267578125, 'prison': 117.04942321777344, 'immigration': 115.72674560546875, 'arrested': 104.70023345947266, 'lawsuit': 100.63427734375, 'alien': 91.5473861694336, 'applicants': 85.47240447998047, 'penalty': 85.0564956665039, 'refugee': 84.33718872070312, 'deportation': 79.77300262451172, 'candidate': 74.11628723144531, 'police': 52.615577697753906, 'judge': 51.17262649536133, 'jail': 47.93186569213867, 'persecution': 45.44091033935547, 'disability': 43.874114990234375, 'legal': 43.82500457763672, 'qualification': 43.29621887207031, 'jurisdiction': 42.0366096496582, 'registration': 41.738887786865234, 'regulation': 40.19966125488281, 'refugees': 33.98501968383789, 'ban': 32.5144157409668, 'claimed': 32.509605407714844, 'appointment': 31.06020736694336, 'rights': 29.874893188476562, 'protection': 25.767105102539062, 'inmate': 22.7263126373291, 'visa': 22.01372528076172, 'court': 21.313074111938477, 'duty': 20.74359893798828, 'agency': 20.545549392700195, 'threat': 19.69865608215332, 'law': 19.399736404418945, 'discrimination': 18.35834312438965, ')': 17.843687057495117, 'alleged': 17.810102462768555, 'case': 15.500174522399902, 'fraud': 14.901286125183105, 'holder': 14.824771881103516, 'refuge': 13.745416641235352, 'and': 13.37773609161377, 'illegal': 12.181244850158691, 'violation': 11.866278648376465, 'detained': 10.437248229980469, 'restoration': 8.546725273132324, 'torture': 8.531095504760742, 'facility': 8.489020347595215, 'arrest': 7.553507328033447, 'emergency': 6.732095718383789, 'shelter': 6.047550201416016, 'custody': 5.050491809844971, 'suit': 4.690654277801514, 'lawyer': 4.602712154388428, 'sheriff': 3.8064022064208984, 'person': 3.1756751537323, 'employment': 2.6483309268951416, 'denied': 2.3174397945404053, 'bureau': 1.3933528661727905, '##iction': 0.6440478563308716}","Section 9 of the Refugee Act 1996 provided that a person seeking asylum is entitled to enter the State and remain while the application for refugee status is processed. Section 9(4) also provided however, that an applicant shall not seek or enter employment before final determination of his or her application for a declaration."
0,460,178_chunk000,42,628.7203971382993,Applicant Detention and Asylum Claims,"{'asylum': 231.01242065429688, 'detention': 217.1792755126953, 'applicant': 170.61280822753906, 'claim': 155.9637908935547, 'application': 142.39892578125, 'claims': 127.17999267578125, 'prison': 117.04942321777344, 'immigration': 115.72674560546875, 'arrested': 104.70023345947266, 'lawsuit': 100.63427734375, 'alien': 91.5473861694336, 'applicants': 85.47240447998047, 'penalty': 85.0564956665039, 'refugee': 84.33718872070312, 'deportation': 79.77300262451172, 'candidate': 74.11628723144531, 'police': 52.615577697753906, 'judge': 51.17262649536133, 'jail': 47.93186569213867, 'persecution': 45.44091033935547, 'disability': 43.874114990234375, 'legal': 43.82500457763672, 'qualification': 43.29621887207031, 'jurisdiction': 42.0366096496582, 'registration': 41.738887786865234, 'regulation': 40.19966125488281, 'refugees': 33.98501968383789, 'ban': 32.5144157409668, 'claimed': 32.509605407714844, 'appointment': 31.06020736694336, 'rights': 29.874893188476562, 'protection': 25.767105102539062, 'inmate': 22.7263126373291, 'visa': 22.01372528076172, 'court': 21.313074111938477, 'duty': 20.74359893798828, 'agency': 20.545549392700195, 'threat': 19.69865608215332, 'law': 19.399736404418945, 'discrimination': 18.35834312438965, ')': 17.843687057495117, 'alleged': 17.810102462768555, 'case': 15.500174522399902, 'fraud': 14.901286125183105, 'holder': 14.824771881103516, 'refuge': 13.745416641235352, 'and': 13.37773609161377, 'illegal': 12.181244850158691, 'violation': 11.866278648376465, 'detained': 10.437248229980469, 'restoration': 8.546725273132324, 'torture': 8.531095504760742, 'facility': 8.489020347595215, 'arrest': 7.553507328033447, 'emergency': 6.732095718383789, 'shelter': 6.047550201416016, 'custody': 5.050491809844971, 'suit': 4.690654277801514, 'lawyer': 4.602712154388428, 'sheriff': 3.8064022064208984, 'person': 3.1756751537323, 'employment': 2.6483309268951416, 'denied': 2.3174397945404053, 'bureau': 1.3933528661727905, '##iction': 0.6440478563308716}","The Court gave guidance on the general approach to be adopted in law and practice by the First-tier Tribunal and Upper Tribunal where claims for asylum were made by children, young people, and other incapacitated or vulnerable persons whose ability to participate effectively in proceedings might be limited."
0,472,196_chunk000,43,627.8946030785071,Applicant Detention and Asylum Claims,"{'asylum': 231.01242065429688, 'detention': 217.1792755126953, 'applicant': 170.61280822753906, 'claim': 155.9637908935547, 'application': 142.39892578125, 'claims': 127.17999267578125, 'prison': 117.04942321777344, 'immigration': 115.72674560546875, 'arrested': 104.70023345947266, 'lawsuit': 100.63427734375, 'alien': 91.5473861694336, 'applicants': 85.47240447998047, 'penalty': 85.0564956665039, 'refugee': 84.33718872070312, 'deportation': 79.77300262451172, 'candidate': 74.11628723144531, 'police': 52.615577697753906, 'judge': 51.17262649536133, 'jail': 47.93186569213867, 'persecution': 45.44091033935547, 'disability': 43.874114990234375, 'legal': 43.82500457763672, 'qualification': 43.29621887207031, 'jurisdiction': 42.0366096496582, 'registration': 41.738887786865234, 'regulation': 40.19966125488281, 'refugees': 33.98501968383789, 'ban': 32.5144157409668, 'claimed': 32.509605407714844, 'appointment': 31.06020736694336, 'rights': 29.874893188476562, 'protection': 25.767105102539062, 'inmate': 22.7263126373291, 'visa': 22.01372528076172, 'court': 21.313074111938477, 'duty': 20.74359893798828, 'agency': 20.545549392700195, 'threat': 19.69865608215332, 'law': 19.399736404418945, 'discrimination': 18.35834312438965, ')': 17.843687057495117, 'alleged': 17.810102462768555, 'case': 15.500174522399902, 'fraud': 14.901286125183105, 'holder': 14.824771881103516, 'refuge': 13.745416641235352, 'and': 13.37773609161377, 'illegal': 12.181244850158691, 'violation': 11.866278648376465, 'detained': 10.437248229980469, 'restoration': 8.546725273132324, 'torture': 8.531095504760742, 'facility': 8.489020347595215, 'arrest': 7.553507328033447, 'emergency': 6.732095718383789, 'shelter': 6.047550201416016, 'custody': 5.050491809844971, 'suit': 4.690654277801514, 'lawyer': 4.602712154388428, 'sheriff': 3.8064022064208984, 'person': 3.1756751537323, 'employment': 2.6483309268951416, 'denied': 2.3174397945404053, 'bureau': 1.3933528661727905, '##iction': 0.6440478563308716}",The applicant applied for asylum in two occasions: in the United Kingdom in 2009 and in Northern Ireland in 2014 and both applications were refused by the corresponding British Authorities. The applicant moved to Ireland in August 2016 where he submitted a new asylum application.
0,178,913_chunk000,44,625.9452054831286,Applicant Detention and Asylum Claims,"{'asylum': 231.01242065429688, 'detention': 217.1792755126953, 'applicant': 170.61280822753906, 'claim': 155.9637908935547, 'application': 142.39892578125, 'claims': 127.17999267578125, 'prison': 117.04942321777344, 'immigration': 115.72674560546875, 'arrested': 104.70023345947266, 'lawsuit': 100.63427734375, 'alien': 91.5473861694336, 'applicants': 85.47240447998047, 'penalty': 85.0564956665039, 'refugee': 84.33718872070312, 'deportation': 79.77300262451172, 'candidate': 74.11628723144531, 'police': 52.615577697753906, 'judge': 51.17262649536133, 'jail': 47.93186569213867, 'persecution': 45.44091033935547, 'disability': 43.874114990234375, 'legal': 43.82500457763672, 'qualification': 43.29621887207031, 'jurisdiction': 42.0366096496582, 'registration': 41.738887786865234, 'regulation': 40.19966125488281, 'refugees': 33.98501968383789, 'ban': 32.5144157409668, 'claimed': 32.509605407714844, 'appointment': 31.06020736694336, 'rights': 29.874893188476562, 'protection': 25.767105102539062, 'inmate': 22.7263126373291, 'visa': 22.01372528076172, 'court': 21.313074111938477, 'duty': 20.74359893798828, 'agency': 20.545549392700195, 'threat': 19.69865608215332, 'law': 19.399736404418945, 'discrimination': 18.35834312438965, ')': 17.843687057495117, 'alleged': 17.810102462768555, 'case': 15.500174522399902, 'fraud': 14.901286125183105, 'holder': 14.824771881103516, 'refuge': 13.745416641235352, 'and': 13.37773609161377, 'illegal': 12.181244850158691, 'violation': 11.866278648376465, 'detained': 10.437248229980469, 'restoration': 8.546725273132324, 'torture': 8.531095504760742, 'facility': 8.489020347595215, 'arrest': 7.553507328033447, 'emergency': 6.732095718383789, 'shelter': 6.047550201416016, 'custody': 5.050491809844971, 'suit': 4.690654277801514, 'lawyer': 4.602712154388428, 'sheriff': 3.8064022064208984, 'person': 3.1756751537323, 'employment': 2.6483309268951416, 'denied': 2.3174397945404053, 'bureau': 1.3933528661727905, '##iction': 0.6440478563308716}",The case concerns the calculation of the maximum time that a person may spend in detention for the purpose of removal. In the present case the applicant had been in detention for more than twenty months.
0,264,923_chunk000,45,624.5891694369108,Applicant Detention and Asylum Claims,"{'asylum': 231.01242065429688, 'detention': 217.1792755126953, 'applicant': 170.61280822753906, 'claim': 155.9637908935547, 'application': 142.39892578125, 'claims': 127.17999267578125, 'prison': 117.04942321777344, 'immigration': 115.72674560546875, 'arrested': 104.70023345947266, 'lawsuit': 100.63427734375, 'alien': 91.5473861694336, 'applicants': 85.47240447998047, 'penalty': 85.0564956665039, 'refugee': 84.33718872070312, 'deportation': 79.77300262451172, 'candidate': 74.11628723144531, 'police': 52.615577697753906, 'judge': 51.17262649536133, 'jail': 47.93186569213867, 'persecution': 45.44091033935547, 'disability': 43.874114990234375, 'legal': 43.82500457763672, 'qualification': 43.29621887207031, 'jurisdiction': 42.0366096496582, 'registration': 41.738887786865234, 'regulation': 40.19966125488281, 'refugees': 33.98501968383789, 'ban': 32.5144157409668, 'claimed': 32.509605407714844, 'appointment': 31.06020736694336, 'rights': 29.874893188476562, 'protection': 25.767105102539062, 'inmate': 22.7263126373291, 'visa': 22.01372528076172, 'court': 21.313074111938477, 'duty': 20.74359893798828, 'agency': 20.545549392700195, 'threat': 19.69865608215332, 'law': 19.399736404418945, 'discrimination': 18.35834312438965, ')': 17.843687057495117, 'alleged': 17.810102462768555, 'case': 15.500174522399902, 'fraud': 14.901286125183105, 'holder': 14.824771881103516, 'refuge': 13.745416641235352, 'and': 13.37773609161377, 'illegal': 12.181244850158691, 'violation': 11.866278648376465, 'detained': 10.437248229980469, 'restoration': 8.546725273132324, 'torture': 8.531095504760742, 'facility': 8.489020347595215, 'arrest': 7.553507328033447, 'emergency': 6.732095718383789, 'shelter': 6.047550201416016, 'custody': 5.050491809844971, 'suit': 4.690654277801514, 'lawyer': 4.602712154388428, 'sheriff': 3.8064022064208984, 'person': 3.1756751537323, 'employment': 2.6483309268951416, 'denied': 2.3174397945404053, 'bureau': 1.3933528661727905, '##iction': 0.6440478563308716}",An applicant must submit a request for protection with which he asserts target-country-related dangers that are objectively suitable in their nature for recognition as a person entitled to asylum or an award for international protection (material asylum request within the meaning of Section 13 (1) Asylum Act) refer the asylum procedure to the Federal Office.
0,42,4233_chunk000,46,624.1584254207698,Applicant Detention and Asylum Claims,"{'asylum': 231.01242065429688, 'detention': 217.1792755126953, 'applicant': 170.61280822753906, 'claim': 155.9637908935547, 'application': 142.39892578125, 'claims': 127.17999267578125, 'prison': 117.04942321777344, 'immigration': 115.72674560546875, 'arrested': 104.70023345947266, 'lawsuit': 100.63427734375, 'alien': 91.5473861694336, 'applicants': 85.47240447998047, 'penalty': 85.0564956665039, 'refugee': 84.33718872070312, 'deportation': 79.77300262451172, 'candidate': 74.11628723144531, 'police': 52.615577697753906, 'judge': 51.17262649536133, 'jail': 47.93186569213867, 'persecution': 45.44091033935547, 'disability': 43.874114990234375, 'legal': 43.82500457763672, 'qualification': 43.29621887207031, 'jurisdiction': 42.0366096496582, 'registration': 41.738887786865234, 'regulation': 40.19966125488281, 'refugees': 33.98501968383789, 'ban': 32.5144157409668, 'claimed': 32.509605407714844, 'appointment': 31.06020736694336, 'rights': 29.874893188476562, 'protection': 25.767105102539062, 'inmate': 22.7263126373291, 'visa': 22.01372528076172, 'court': 21.313074111938477, 'duty': 20.74359893798828, 'agency': 20.545549392700195, 'threat': 19.69865608215332, 'law': 19.399736404418945, 'discrimination': 18.35834312438965, ')': 17.843687057495117, 'alleged': 17.810102462768555, 'case': 15.500174522399902, 'fraud': 14.901286125183105, 'holder': 14.824771881103516, 'refuge': 13.745416641235352, 'and': 13.37773609161377, 'illegal': 12.181244850158691, 'violation': 11.866278648376465, 'detained': 10.437248229980469, 'restoration': 8.546725273132324, 'torture': 8.531095504760742, 'facility': 8.489020347595215, 'arrest': 7.553507328033447, 'emergency': 6.732095718383789, 'shelter': 6.047550201416016, 'custody': 5.050491809844971, 'suit': 4.690654277801514, 'lawyer': 4.602712154388428, 'sheriff': 3.8064022064208984, 'person': 3.1756751537323, 'employment': 2.6483309268951416, 'denied': 2.3174397945404053, 'bureau': 1.3933528661727905, '##iction': 0.6440478563308716}","The case concerned an applicant from Iraq, D.S., who was residing in Samos Greece and complained of the living conditions during the administrative detention in the police office of Sidirokastro, the PROKEKA (detention center for foreigners pending expulsion) in Tavros and the Samos camp, as well as for an alleged lack of an effective remedy to contest the abovementioned."
0,80,3268_chunk000,47,623.6550617899461,Applicant Detention and Asylum Claims,"{'asylum': 231.01242065429688, 'detention': 217.1792755126953, 'applicant': 170.61280822753906, 'claim': 155.9637908935547, 'application': 142.39892578125, 'claims': 127.17999267578125, 'prison': 117.04942321777344, 'immigration': 115.72674560546875, 'arrested': 104.70023345947266, 'lawsuit': 100.63427734375, 'alien': 91.5473861694336, 'applicants': 85.47240447998047, 'penalty': 85.0564956665039, 'refugee': 84.33718872070312, 'deportation': 79.77300262451172, 'candidate': 74.11628723144531, 'police': 52.615577697753906, 'judge': 51.17262649536133, 'jail': 47.93186569213867, 'persecution': 45.44091033935547, 'disability': 43.874114990234375, 'legal': 43.82500457763672, 'qualification': 43.29621887207031, 'jurisdiction': 42.0366096496582, 'registration': 41.738887786865234, 'regulation': 40.19966125488281, 'refugees': 33.98501968383789, 'ban': 32.5144157409668, 'claimed': 32.509605407714844, 'appointment': 31.06020736694336, 'rights': 29.874893188476562, 'protection': 25.767105102539062, 'inmate': 22.7263126373291, 'visa': 22.01372528076172, 'court': 21.313074111938477, 'duty': 20.74359893798828, 'agency': 20.545549392700195, 'threat': 19.69865608215332, 'law': 19.399736404418945, 'discrimination': 18.35834312438965, ')': 17.843687057495117, 'alleged': 17.810102462768555, 'case': 15.500174522399902, 'fraud': 14.901286125183105, 'holder': 14.824771881103516, 'refuge': 13.745416641235352, 'and': 13.37773609161377, 'illegal': 12.181244850158691, 'violation': 11.866278648376465, 'detained': 10.437248229980469, 'restoration': 8.546725273132324, 'torture': 8.531095504760742, 'facility': 8.489020347595215, 'arrest': 7.553507328033447, 'emergency': 6.732095718383789, 'shelter': 6.047550201416016, 'custody': 5.050491809844971, 'suit': 4.690654277801514, 'lawyer': 4.602712154388428, 'sheriff': 3.8064022064208984, 'person': 3.1756751537323, 'employment': 2.6483309268951416, 'denied': 2.3174397945404053, 'bureau': 1.3933528661727905, '##iction': 0.6440478563308716}","The applicant, an Iraqi national, requested international protection in Austria. On 14 May 2022, the Federal Office for Immigration and Asylum (Bundesamt für Fremdenwesen und Asyl‚ BFA) dismissed the request as inadmissible, considering that Lithuania was the responsible Member State to examine the application in accordance with Article 18(1)(b) of the Dublin III Regulation."
0,240,931_chunk000,48,623.3472864430954,Applicant Detention and Asylum Claims,"{'asylum': 231.01242065429688, 'detention': 217.1792755126953, 'applicant': 170.61280822753906, 'claim': 155.9637908935547, 'application': 142.39892578125, 'claims': 127.17999267578125, 'prison': 117.04942321777344, 'immigration': 115.72674560546875, 'arrested': 104.70023345947266, 'lawsuit': 100.63427734375, 'alien': 91.5473861694336, 'applicants': 85.47240447998047, 'penalty': 85.0564956665039, 'refugee': 84.33718872070312, 'deportation': 79.77300262451172, 'candidate': 74.11628723144531, 'police': 52.615577697753906, 'judge': 51.17262649536133, 'jail': 47.93186569213867, 'persecution': 45.44091033935547, 'disability': 43.874114990234375, 'legal': 43.82500457763672, 'qualification': 43.29621887207031, 'jurisdiction': 42.0366096496582, 'registration': 41.738887786865234, 'regulation': 40.19966125488281, 'refugees': 33.98501968383789, 'ban': 32.5144157409668, 'claimed': 32.509605407714844, 'appointment': 31.06020736694336, 'rights': 29.874893188476562, 'protection': 25.767105102539062, 'inmate': 22.7263126373291, 'visa': 22.01372528076172, 'court': 21.313074111938477, 'duty': 20.74359893798828, 'agency': 20.545549392700195, 'threat': 19.69865608215332, 'law': 19.399736404418945, 'discrimination': 18.35834312438965, ')': 17.843687057495117, 'alleged': 17.810102462768555, 'case': 15.500174522399902, 'fraud': 14.901286125183105, 'holder': 14.824771881103516, 'refuge': 13.745416641235352, 'and': 13.37773609161377, 'illegal': 12.181244850158691, 'violation': 11.866278648376465, 'detained': 10.437248229980469, 'restoration': 8.546725273132324, 'torture': 8.531095504760742, 'facility': 8.489020347595215, 'arrest': 7.553507328033447, 'emergency': 6.732095718383789, 'shelter': 6.047550201416016, 'custody': 5.050491809844971, 'suit': 4.690654277801514, 'lawyer': 4.602712154388428, 'sheriff': 3.8064022064208984, 'person': 3.1756751537323, 'employment': 2.6483309268951416, 'denied': 2.3174397945404053, 'bureau': 1.3933528661727905, '##iction': 0.6440478563308716}","Pursuant to Art. 4a of the Asylum Act 2005, an application for international protection is to be rejected as inadmissible where the foreign person has been granted asylum or subsidiary protection status in another EEA Member State or Switzerland. In the specific case, the appellant, a Syrian citizen, filed an application for international protection in April 2018."
0,554,42_chunk000,49,621.6908463679536,Applicant Detention and Asylum Claims,"{'asylum': 231.01242065429688, 'detention': 217.1792755126953, 'applicant': 170.61280822753906, 'claim': 155.9637908935547, 'application': 142.39892578125, 'claims': 127.17999267578125, 'prison': 117.04942321777344, 'immigration': 115.72674560546875, 'arrested': 104.70023345947266, 'lawsuit': 100.63427734375, 'alien': 91.5473861694336, 'applicants': 85.47240447998047, 'penalty': 85.0564956665039, 'refugee': 84.33718872070312, 'deportation': 79.77300262451172, 'candidate': 74.11628723144531, 'police': 52.615577697753906, 'judge': 51.17262649536133, 'jail': 47.93186569213867, 'persecution': 45.44091033935547, 'disability': 43.874114990234375, 'legal': 43.82500457763672, 'qualification': 43.29621887207031, 'jurisdiction': 42.0366096496582, 'registration': 41.738887786865234, 'regulation': 40.19966125488281, 'refugees': 33.98501968383789, 'ban': 32.5144157409668, 'claimed': 32.509605407714844, 'appointment': 31.06020736694336, 'rights': 29.874893188476562, 'protection': 25.767105102539062, 'inmate': 22.7263126373291, 'visa': 22.01372528076172, 'court': 21.313074111938477, 'duty': 20.74359893798828, 'agency': 20.545549392700195, 'threat': 19.69865608215332, 'law': 19.399736404418945, 'discrimination': 18.35834312438965, ')': 17.843687057495117, 'alleged': 17.810102462768555, 'case': 15.500174522399902, 'fraud': 14.901286125183105, 'holder': 14.824771881103516, 'refuge': 13.745416641235352, 'and': 13.37773609161377, 'illegal': 12.181244850158691, 'violation': 11.866278648376465, 'detained': 10.437248229980469, 'restoration': 8.546725273132324, 'torture': 8.531095504760742, 'facility': 8.489020347595215, 'arrest': 7.553507328033447, 'emergency': 6.732095718383789, 'shelter': 6.047550201416016, 'custody': 5.050491809844971, 'suit': 4.690654277801514, 'lawyer': 4.602712154388428, 'sheriff': 3.8064022064208984, 'person': 3.1756751537323, 'employment': 2.6483309268951416, 'denied': 2.3174397945404053, 'bureau': 1.3933528661727905, '##iction': 0.6440478563308716}",The applicant was sentenced by a criminal court to two and half years for the crime of illicit production and possession of drugs.
0,450,51_chunk000,50,619.4156594073355,Applicant Detention and Asylum Claims,"{'asylum': 231.01242065429688, 'detention': 217.1792755126953, 'applicant': 170.61280822753906, 'claim': 155.9637908935547, 'application': 142.39892578125, 'claims': 127.17999267578125, 'prison': 117.04942321777344, 'immigration': 115.72674560546875, 'arrested': 104.70023345947266, 'lawsuit': 100.63427734375, 'alien': 91.5473861694336, 'applicants': 85.47240447998047, 'penalty': 85.0564956665039, 'refugee': 84.33718872070312, 'deportation': 79.77300262451172, 'candidate': 74.11628723144531, 'police': 52.615577697753906, 'judge': 51.17262649536133, 'jail': 47.93186569213867, 'persecution': 45.44091033935547, 'disability': 43.874114990234375, 'legal': 43.82500457763672, 'qualification': 43.29621887207031, 'jurisdiction': 42.0366096496582, 'registration': 41.738887786865234, 'regulation': 40.19966125488281, 'refugees': 33.98501968383789, 'ban': 32.5144157409668, 'claimed': 32.509605407714844, 'appointment': 31.06020736694336, 'rights': 29.874893188476562, 'protection': 25.767105102539062, 'inmate': 22.7263126373291, 'visa': 22.01372528076172, 'court': 21.313074111938477, 'duty': 20.74359893798828, 'agency': 20.545549392700195, 'threat': 19.69865608215332, 'law': 19.399736404418945, 'discrimination': 18.35834312438965, ')': 17.843687057495117, 'alleged': 17.810102462768555, 'case': 15.500174522399902, 'fraud': 14.901286125183105, 'holder': 14.824771881103516, 'refuge': 13.745416641235352, 'and': 13.37773609161377, 'illegal': 12.181244850158691, 'violation': 11.866278648376465, 'detained': 10.437248229980469, 'restoration': 8.546725273132324, 'torture': 8.531095504760742, 'facility': 8.489020347595215, 'arrest': 7.553507328033447, 'emergency': 6.732095718383789, 'shelter': 6.047550201416016, 'custody': 5.050491809844971, 'suit': 4.690654277801514, 'lawyer': 4.602712154388428, 'sheriff': 3.8064022064208984, 'person': 3.1756751537323, 'employment': 2.6483309268951416, 'denied': 2.3174397945404053, 'bureau': 1.3933528661727905, '##iction': 0.6440478563308716}","Subsequent application for international protection lodged by the applicant (national of Cameroon) in 2014 was declared inadmissible and asylum proceedings was terminated by the decision of the administrative authority, which came to the conclusion that the applicant had not presented any new elements or findings which she would be incapable to present in the previous procedure initiated by her fi"
0,337,640_chunk000,51,613.2874859053575,Applicant Detention and Asylum Claims,"{'asylum': 231.01242065429688, 'detention': 217.1792755126953, 'applicant': 170.61280822753906, 'claim': 155.9637908935547, 'application': 142.39892578125, 'claims': 127.17999267578125, 'prison': 117.04942321777344, 'immigration': 115.72674560546875, 'arrested': 104.70023345947266, 'lawsuit': 100.63427734375, 'alien': 91.5473861694336, 'applicants': 85.47240447998047, 'penalty': 85.0564956665039, 'refugee': 84.33718872070312, 'deportation': 79.77300262451172, 'candidate': 74.11628723144531, 'police': 52.615577697753906, 'judge': 51.17262649536133, 'jail': 47.93186569213867, 'persecution': 45.44091033935547, 'disability': 43.874114990234375, 'legal': 43.82500457763672, 'qualification': 43.29621887207031, 'jurisdiction': 42.0366096496582, 'registration': 41.738887786865234, 'regulation': 40.19966125488281, 'refugees': 33.98501968383789, 'ban': 32.5144157409668, 'claimed': 32.509605407714844, 'appointment': 31.06020736694336, 'rights': 29.874893188476562, 'protection': 25.767105102539062, 'inmate': 22.7263126373291, 'visa': 22.01372528076172, 'court': 21.313074111938477, 'duty': 20.74359893798828, 'agency': 20.545549392700195, 'threat': 19.69865608215332, 'law': 19.399736404418945, 'discrimination': 18.35834312438965, ')': 17.843687057495117, 'alleged': 17.810102462768555, 'case': 15.500174522399902, 'fraud': 14.901286125183105, 'holder': 14.824771881103516, 'refuge': 13.745416641235352, 'and': 13.37773609161377, 'illegal': 12.181244850158691, 'violation': 11.866278648376465, 'detained': 10.437248229980469, 'restoration': 8.546725273132324, 'torture': 8.531095504760742, 'facility': 8.489020347595215, 'arrest': 7.553507328033447, 'emergency': 6.732095718383789, 'shelter': 6.047550201416016, 'custody': 5.050491809844971, 'suit': 4.690654277801514, 'lawyer': 4.602712154388428, 'sheriff': 3.8064022064208984, 'person': 3.1756751537323, 'employment': 2.6483309268951416, 'denied': 2.3174397945404053, 'bureau': 1.3933528661727905, '##iction': 0.6440478563308716}","The case relates to the transfer of an asylum seeker to Germany under Dublin Regulation. The applicant requests the annulment of the decision refusing his stay and ordering his leave on medical grounds (diabetes and Parkinson's disease).

..."
0,350,590_chunk000,52,604.2608208672901,Applicant Detention and Asylum Claims,"{'asylum': 231.01242065429688, 'detention': 217.1792755126953, 'applicant': 170.61280822753906, 'claim': 155.9637908935547, 'application': 142.39892578125, 'claims': 127.17999267578125, 'prison': 117.04942321777344, 'immigration': 115.72674560546875, 'arrested': 104.70023345947266, 'lawsuit': 100.63427734375, 'alien': 91.5473861694336, 'applicants': 85.47240447998047, 'penalty': 85.0564956665039, 'refugee': 84.33718872070312, 'deportation': 79.77300262451172, 'candidate': 74.11628723144531, 'police': 52.615577697753906, 'judge': 51.17262649536133, 'jail': 47.93186569213867, 'persecution': 45.44091033935547, 'disability': 43.874114990234375, 'legal': 43.82500457763672, 'qualification': 43.29621887207031, 'jurisdiction': 42.0366096496582, 'registration': 41.738887786865234, 'regulation': 40.19966125488281, 'refugees': 33.98501968383789, 'ban': 32.5144157409668, 'claimed': 32.509605407714844, 'appointment': 31.06020736694336, 'rights': 29.874893188476562, 'protection': 25.767105102539062, 'inmate': 22.7263126373291, 'visa': 22.01372528076172, 'court': 21.313074111938477, 'duty': 20.74359893798828, 'agency': 20.545549392700195, 'threat': 19.69865608215332, 'law': 19.399736404418945, 'discrimination': 18.35834312438965, ')': 17.843687057495117, 'alleged': 17.810102462768555, 'case': 15.500174522399902, 'fraud': 14.901286125183105, 'holder': 14.824771881103516, 'refuge': 13.745416641235352, 'and': 13.37773609161377, 'illegal': 12.181244850158691, 'violation': 11.866278648376465, 'detained': 10.437248229980469, 'restoration': 8.546725273132324, 'torture': 8.531095504760742, 'facility': 8.489020347595215, 'arrest': 7.553507328033447, 'emergency': 6.732095718383789, 'shelter': 6.047550201416016, 'custody': 5.050491809844971, 'suit': 4.690654277801514, 'lawyer': 4.602712154388428, 'sheriff': 3.8064022064208984, 'person': 3.1756751537323, 'employment': 2.6483309268951416, 'denied': 2.3174397945404053, 'bureau': 1.3933528661727905, '##iction': 0.6440478563308716}","In an urgent action for the «granting of asylum or of a residence permit for subsidiary protection» the use of «official international reports on the political and social situation of the applicant's country of origin», by the court of appeal is not in breach of Articles 412 and 662 of the Civil Procedure Code.

..."
0,454,23_chunk000,53,600.5276826045641,Applicant Detention and Asylum Claims,"{'asylum': 231.01242065429688, 'detention': 217.1792755126953, 'applicant': 170.61280822753906, 'claim': 155.9637908935547, 'application': 142.39892578125, 'claims': 127.17999267578125, 'prison': 117.04942321777344, 'immigration': 115.72674560546875, 'arrested': 104.70023345947266, 'lawsuit': 100.63427734375, 'alien': 91.5473861694336, 'applicants': 85.47240447998047, 'penalty': 85.0564956665039, 'refugee': 84.33718872070312, 'deportation': 79.77300262451172, 'candidate': 74.11628723144531, 'police': 52.615577697753906, 'judge': 51.17262649536133, 'jail': 47.93186569213867, 'persecution': 45.44091033935547, 'disability': 43.874114990234375, 'legal': 43.82500457763672, 'qualification': 43.29621887207031, 'jurisdiction': 42.0366096496582, 'registration': 41.738887786865234, 'regulation': 40.19966125488281, 'refugees': 33.98501968383789, 'ban': 32.5144157409668, 'claimed': 32.509605407714844, 'appointment': 31.06020736694336, 'rights': 29.874893188476562, 'protection': 25.767105102539062, 'inmate': 22.7263126373291, 'visa': 22.01372528076172, 'court': 21.313074111938477, 'duty': 20.74359893798828, 'agency': 20.545549392700195, 'threat': 19.69865608215332, 'law': 19.399736404418945, 'discrimination': 18.35834312438965, ')': 17.843687057495117, 'alleged': 17.810102462768555, 'case': 15.500174522399902, 'fraud': 14.901286125183105, 'holder': 14.824771881103516, 'refuge': 13.745416641235352, 'and': 13.37773609161377, 'illegal': 12.181244850158691, 'violation': 11.866278648376465, 'detained': 10.437248229980469, 'restoration': 8.546725273132324, 'torture': 8.531095504760742, 'facility': 8.489020347595215, 'arrest': 7.553507328033447, 'emergency': 6.732095718383789, 'shelter': 6.047550201416016, 'custody': 5.050491809844971, 'suit': 4.690654277801514, 'lawyer': 4.602712154388428, 'sheriff': 3.8064022064208984, 'person': 3.1756751537323, 'employment': 2.6483309268951416, 'denied': 2.3174397945404053, 'bureau': 1.3933528661727905, '##iction': 0.6440478563308716}","The Finnish Immigration Service had rejected A 's application for asylum and residence permit on the basis of the conflict between A and his father' s claims for asylum. Although the father's report has thus affected A's case, he or she has not been given the opportunity to give an explanation of the report and contradictions that it has in relation to his or her report."
0,430,69_chunk000,54,597.4038939490619,Applicant Detention and Asylum Claims,"{'asylum': 231.01242065429688, 'detention': 217.1792755126953, 'applicant': 170.61280822753906, 'claim': 155.9637908935547, 'application': 142.39892578125, 'claims': 127.17999267578125, 'prison': 117.04942321777344, 'immigration': 115.72674560546875, 'arrested': 104.70023345947266, 'lawsuit': 100.63427734375, 'alien': 91.5473861694336, 'applicants': 85.47240447998047, 'penalty': 85.0564956665039, 'refugee': 84.33718872070312, 'deportation': 79.77300262451172, 'candidate': 74.11628723144531, 'police': 52.615577697753906, 'judge': 51.17262649536133, 'jail': 47.93186569213867, 'persecution': 45.44091033935547, 'disability': 43.874114990234375, 'legal': 43.82500457763672, 'qualification': 43.29621887207031, 'jurisdiction': 42.0366096496582, 'registration': 41.738887786865234, 'regulation': 40.19966125488281, 'refugees': 33.98501968383789, 'ban': 32.5144157409668, 'claimed': 32.509605407714844, 'appointment': 31.06020736694336, 'rights': 29.874893188476562, 'protection': 25.767105102539062, 'inmate': 22.7263126373291, 'visa': 22.01372528076172, 'court': 21.313074111938477, 'duty': 20.74359893798828, 'agency': 20.545549392700195, 'threat': 19.69865608215332, 'law': 19.399736404418945, 'discrimination': 18.35834312438965, ')': 17.843687057495117, 'alleged': 17.810102462768555, 'case': 15.500174522399902, 'fraud': 14.901286125183105, 'holder': 14.824771881103516, 'refuge': 13.745416641235352, 'and': 13.37773609161377, 'illegal': 12.181244850158691, 'violation': 11.866278648376465, 'detained': 10.437248229980469, 'restoration': 8.546725273132324, 'torture': 8.531095504760742, 'facility': 8.489020347595215, 'arrest': 7.553507328033447, 'emergency': 6.732095718383789, 'shelter': 6.047550201416016, 'custody': 5.050491809844971, 'suit': 4.690654277801514, 'lawyer': 4.602712154388428, 'sheriff': 3.8064022064208984, 'person': 3.1756751537323, 'employment': 2.6483309268951416, 'denied': 2.3174397945404053, 'bureau': 1.3933528661727905, '##iction': 0.6440478563308716}","If it is not clear whether an asylum applicant has already been granted international protection in another European Union member state (here: Italy), the administrative courts must find out whether this is the case if the admissibility of a new application for protection depends on it."
0,524,148_chunk001,55,597.2472492637095,Applicant Detention and Asylum Claims,"{'asylum': 231.01242065429688, 'detention': 217.1792755126953, 'applicant': 170.61280822753906, 'claim': 155.9637908935547, 'application': 142.39892578125, 'claims': 127.17999267578125, 'prison': 117.04942321777344, 'immigration': 115.72674560546875, 'arrested': 104.70023345947266, 'lawsuit': 100.63427734375, 'alien': 91.5473861694336, 'applicants': 85.47240447998047, 'penalty': 85.0564956665039, 'refugee': 84.33718872070312, 'deportation': 79.77300262451172, 'candidate': 74.11628723144531, 'police': 52.615577697753906, 'judge': 51.17262649536133, 'jail': 47.93186569213867, 'persecution': 45.44091033935547, 'disability': 43.874114990234375, 'legal': 43.82500457763672, 'qualification': 43.29621887207031, 'jurisdiction': 42.0366096496582, 'registration': 41.738887786865234, 'regulation': 40.19966125488281, 'refugees': 33.98501968383789, 'ban': 32.5144157409668, 'claimed': 32.509605407714844, 'appointment': 31.06020736694336, 'rights': 29.874893188476562, 'protection': 25.767105102539062, 'inmate': 22.7263126373291, 'visa': 22.01372528076172, 'court': 21.313074111938477, 'duty': 20.74359893798828, 'agency': 20.545549392700195, 'threat': 19.69865608215332, 'law': 19.399736404418945, 'discrimination': 18.35834312438965, ')': 17.843687057495117, 'alleged': 17.810102462768555, 'case': 15.500174522399902, 'fraud': 14.901286125183105, 'holder': 14.824771881103516, 'refuge': 13.745416641235352, 'and': 13.37773609161377, 'illegal': 12.181244850158691, 'violation': 11.866278648376465, 'detained': 10.437248229980469, 'restoration': 8.546725273132324, 'torture': 8.531095504760742, 'facility': 8.489020347595215, 'arrest': 7.553507328033447, 'emergency': 6.732095718383789, 'shelter': 6.047550201416016, 'custody': 5.050491809844971, 'suit': 4.690654277801514, 'lawyer': 4.602712154388428, 'sheriff': 3.8064022064208984, 'person': 3.1756751537323, 'employment': 2.6483309268951416, 'denied': 2.3174397945404053, 'bureau': 1.3933528661727905, '##iction': 0.6440478563308716}",The Court had to answer whether Contracting States have an obligation to grant refugee status to an asylum-seeker who can establish that he/she has a well-founded fear of persecution for reasons of one or more of the Convention grounds of the 1951 Convention [thus falling under the scope of the inclusion clauses] where the risk of persecution is based on circumstances created by the applicant's ‘o
0,173,1000_chunk000,56,595.6896937502768,Applicant Detention and Asylum Claims,"{'asylum': 231.01242065429688, 'detention': 217.1792755126953, 'applicant': 170.61280822753906, 'claim': 155.9637908935547, 'application': 142.39892578125, 'claims': 127.17999267578125, 'prison': 117.04942321777344, 'immigration': 115.72674560546875, 'arrested': 104.70023345947266, 'lawsuit': 100.63427734375, 'alien': 91.5473861694336, 'applicants': 85.47240447998047, 'penalty': 85.0564956665039, 'refugee': 84.33718872070312, 'deportation': 79.77300262451172, 'candidate': 74.11628723144531, 'police': 52.615577697753906, 'judge': 51.17262649536133, 'jail': 47.93186569213867, 'persecution': 45.44091033935547, 'disability': 43.874114990234375, 'legal': 43.82500457763672, 'qualification': 43.29621887207031, 'jurisdiction': 42.0366096496582, 'registration': 41.738887786865234, 'regulation': 40.19966125488281, 'refugees': 33.98501968383789, 'ban': 32.5144157409668, 'claimed': 32.509605407714844, 'appointment': 31.06020736694336, 'rights': 29.874893188476562, 'protection': 25.767105102539062, 'inmate': 22.7263126373291, 'visa': 22.01372528076172, 'court': 21.313074111938477, 'duty': 20.74359893798828, 'agency': 20.545549392700195, 'threat': 19.69865608215332, 'law': 19.399736404418945, 'discrimination': 18.35834312438965, ')': 17.843687057495117, 'alleged': 17.810102462768555, 'case': 15.500174522399902, 'fraud': 14.901286125183105, 'holder': 14.824771881103516, 'refuge': 13.745416641235352, 'and': 13.37773609161377, 'illegal': 12.181244850158691, 'violation': 11.866278648376465, 'detained': 10.437248229980469, 'restoration': 8.546725273132324, 'torture': 8.531095504760742, 'facility': 8.489020347595215, 'arrest': 7.553507328033447, 'emergency': 6.732095718383789, 'shelter': 6.047550201416016, 'custody': 5.050491809844971, 'suit': 4.690654277801514, 'lawyer': 4.602712154388428, 'sheriff': 3.8064022064208984, 'person': 3.1756751537323, 'employment': 2.6483309268951416, 'denied': 2.3174397945404053, 'bureau': 1.3933528661727905, '##iction': 0.6440478563308716}","The CNDA overturned the decision of the OFPRA who rejected the asylum request of three female applicants belonging to the Wolof ethnic group in Gambia, on the basis that the prevalence rate of FGM/C in this ethnic group is low (12.3%)."
0,365,512_chunk000,57,595.3220598038753,Applicant Detention and Asylum Claims,"{'asylum': 231.01242065429688, 'detention': 217.1792755126953, 'applicant': 170.61280822753906, 'claim': 155.9637908935547, 'application': 142.39892578125, 'claims': 127.17999267578125, 'prison': 117.04942321777344, 'immigration': 115.72674560546875, 'arrested': 104.70023345947266, 'lawsuit': 100.63427734375, 'alien': 91.5473861694336, 'applicants': 85.47240447998047, 'penalty': 85.0564956665039, 'refugee': 84.33718872070312, 'deportation': 79.77300262451172, 'candidate': 74.11628723144531, 'police': 52.615577697753906, 'judge': 51.17262649536133, 'jail': 47.93186569213867, 'persecution': 45.44091033935547, 'disability': 43.874114990234375, 'legal': 43.82500457763672, 'qualification': 43.29621887207031, 'jurisdiction': 42.0366096496582, 'registration': 41.738887786865234, 'regulation': 40.19966125488281, 'refugees': 33.98501968383789, 'ban': 32.5144157409668, 'claimed': 32.509605407714844, 'appointment': 31.06020736694336, 'rights': 29.874893188476562, 'protection': 25.767105102539062, 'inmate': 22.7263126373291, 'visa': 22.01372528076172, 'court': 21.313074111938477, 'duty': 20.74359893798828, 'agency': 20.545549392700195, 'threat': 19.69865608215332, 'law': 19.399736404418945, 'discrimination': 18.35834312438965, ')': 17.843687057495117, 'alleged': 17.810102462768555, 'case': 15.500174522399902, 'fraud': 14.901286125183105, 'holder': 14.824771881103516, 'refuge': 13.745416641235352, 'and': 13.37773609161377, 'illegal': 12.181244850158691, 'violation': 11.866278648376465, 'detained': 10.437248229980469, 'restoration': 8.546725273132324, 'torture': 8.531095504760742, 'facility': 8.489020347595215, 'arrest': 7.553507328033447, 'emergency': 6.732095718383789, 'shelter': 6.047550201416016, 'custody': 5.050491809844971, 'suit': 4.690654277801514, 'lawyer': 4.602712154388428, 'sheriff': 3.8064022064208984, 'person': 3.1756751537323, 'employment': 2.6483309268951416, 'denied': 2.3174397945404053, 'bureau': 1.3933528661727905, '##iction': 0.6440478563308716}","The Supreme Court ruled that Article 31 of the 1951 Geneva Convention (stating no penalties for illegal entry if refugees arrive directly from a country where there are threats to their life or freedom, and they present themselves for the authorities without delay) did not preclude that an asylum seeker could be convicted for violation of an entry ban."
0,523,148_chunk000,58,594.810029994015,Applicant Detention and Asylum Claims,"{'asylum': 231.01242065429688, 'detention': 217.1792755126953, 'applicant': 170.61280822753906, 'claim': 155.9637908935547, 'application': 142.39892578125, 'claims': 127.17999267578125, 'prison': 117.04942321777344, 'immigration': 115.72674560546875, 'arrested': 104.70023345947266, 'lawsuit': 100.63427734375, 'alien': 91.5473861694336, 'applicants': 85.47240447998047, 'penalty': 85.0564956665039, 'refugee': 84.33718872070312, 'deportation': 79.77300262451172, 'candidate': 74.11628723144531, 'police': 52.615577697753906, 'judge': 51.17262649536133, 'jail': 47.93186569213867, 'persecution': 45.44091033935547, 'disability': 43.874114990234375, 'legal': 43.82500457763672, 'qualification': 43.29621887207031, 'jurisdiction': 42.0366096496582, 'registration': 41.738887786865234, 'regulation': 40.19966125488281, 'refugees': 33.98501968383789, 'ban': 32.5144157409668, 'claimed': 32.509605407714844, 'appointment': 31.06020736694336, 'rights': 29.874893188476562, 'protection': 25.767105102539062, 'inmate': 22.7263126373291, 'visa': 22.01372528076172, 'court': 21.313074111938477, 'duty': 20.74359893798828, 'agency': 20.545549392700195, 'threat': 19.69865608215332, 'law': 19.399736404418945, 'discrimination': 18.35834312438965, ')': 17.843687057495117, 'alleged': 17.810102462768555, 'case': 15.500174522399902, 'fraud': 14.901286125183105, 'holder': 14.824771881103516, 'refuge': 13.745416641235352, 'and': 13.37773609161377, 'illegal': 12.181244850158691, 'violation': 11.866278648376465, 'detained': 10.437248229980469, 'restoration': 8.546725273132324, 'torture': 8.531095504760742, 'facility': 8.489020347595215, 'arrest': 7.553507328033447, 'emergency': 6.732095718383789, 'shelter': 6.047550201416016, 'custody': 5.050491809844971, 'suit': 4.690654277801514, 'lawyer': 4.602712154388428, 'sheriff': 3.8064022064208984, 'person': 3.1756751537323, 'employment': 2.6483309268951416, 'denied': 2.3174397945404053, 'bureau': 1.3933528661727905, '##iction': 0.6440478563308716}",The case concerns “sur place” asylum claims.
0,293,589_chunk000,59,593.9959792161999,Applicant Detention and Asylum Claims,"{'asylum': 231.01242065429688, 'detention': 217.1792755126953, 'applicant': 170.61280822753906, 'claim': 155.9637908935547, 'application': 142.39892578125, 'claims': 127.17999267578125, 'prison': 117.04942321777344, 'immigration': 115.72674560546875, 'arrested': 104.70023345947266, 'lawsuit': 100.63427734375, 'alien': 91.5473861694336, 'applicants': 85.47240447998047, 'penalty': 85.0564956665039, 'refugee': 84.33718872070312, 'deportation': 79.77300262451172, 'candidate': 74.11628723144531, 'police': 52.615577697753906, 'judge': 51.17262649536133, 'jail': 47.93186569213867, 'persecution': 45.44091033935547, 'disability': 43.874114990234375, 'legal': 43.82500457763672, 'qualification': 43.29621887207031, 'jurisdiction': 42.0366096496582, 'registration': 41.738887786865234, 'regulation': 40.19966125488281, 'refugees': 33.98501968383789, 'ban': 32.5144157409668, 'claimed': 32.509605407714844, 'appointment': 31.06020736694336, 'rights': 29.874893188476562, 'protection': 25.767105102539062, 'inmate': 22.7263126373291, 'visa': 22.01372528076172, 'court': 21.313074111938477, 'duty': 20.74359893798828, 'agency': 20.545549392700195, 'threat': 19.69865608215332, 'law': 19.399736404418945, 'discrimination': 18.35834312438965, ')': 17.843687057495117, 'alleged': 17.810102462768555, 'case': 15.500174522399902, 'fraud': 14.901286125183105, 'holder': 14.824771881103516, 'refuge': 13.745416641235352, 'and': 13.37773609161377, 'illegal': 12.181244850158691, 'violation': 11.866278648376465, 'detained': 10.437248229980469, 'restoration': 8.546725273132324, 'torture': 8.531095504760742, 'facility': 8.489020347595215, 'arrest': 7.553507328033447, 'emergency': 6.732095718383789, 'shelter': 6.047550201416016, 'custody': 5.050491809844971, 'suit': 4.690654277801514, 'lawyer': 4.602712154388428, 'sheriff': 3.8064022064208984, 'person': 3.1756751537323, 'employment': 2.6483309268951416, 'denied': 2.3174397945404053, 'bureau': 1.3933528661727905, '##iction': 0.6440478563308716}","I – Notification to the applicant for international protection, to account for the content of his statement, does not comply with the formalities required by Article 17 (1 and 2) of the Asylum law under which a written report, containing all the essential information regarding the case and to which the applicant can respond, must be drawn up."
0,108,3409_chunk000,60,593.1205149224422,Applicant Detention and Asylum Claims,"{'asylum': 231.01242065429688, 'detention': 217.1792755126953, 'applicant': 170.61280822753906, 'claim': 155.9637908935547, 'application': 142.39892578125, 'claims': 127.17999267578125, 'prison': 117.04942321777344, 'immigration': 115.72674560546875, 'arrested': 104.70023345947266, 'lawsuit': 100.63427734375, 'alien': 91.5473861694336, 'applicants': 85.47240447998047, 'penalty': 85.0564956665039, 'refugee': 84.33718872070312, 'deportation': 79.77300262451172, 'candidate': 74.11628723144531, 'police': 52.615577697753906, 'judge': 51.17262649536133, 'jail': 47.93186569213867, 'persecution': 45.44091033935547, 'disability': 43.874114990234375, 'legal': 43.82500457763672, 'qualification': 43.29621887207031, 'jurisdiction': 42.0366096496582, 'registration': 41.738887786865234, 'regulation': 40.19966125488281, 'refugees': 33.98501968383789, 'ban': 32.5144157409668, 'claimed': 32.509605407714844, 'appointment': 31.06020736694336, 'rights': 29.874893188476562, 'protection': 25.767105102539062, 'inmate': 22.7263126373291, 'visa': 22.01372528076172, 'court': 21.313074111938477, 'duty': 20.74359893798828, 'agency': 20.545549392700195, 'threat': 19.69865608215332, 'law': 19.399736404418945, 'discrimination': 18.35834312438965, ')': 17.843687057495117, 'alleged': 17.810102462768555, 'case': 15.500174522399902, 'fraud': 14.901286125183105, 'holder': 14.824771881103516, 'refuge': 13.745416641235352, 'and': 13.37773609161377, 'illegal': 12.181244850158691, 'violation': 11.866278648376465, 'detained': 10.437248229980469, 'restoration': 8.546725273132324, 'torture': 8.531095504760742, 'facility': 8.489020347595215, 'arrest': 7.553507328033447, 'emergency': 6.732095718383789, 'shelter': 6.047550201416016, 'custody': 5.050491809844971, 'suit': 4.690654277801514, 'lawyer': 4.602712154388428, 'sheriff': 3.8064022064208984, 'person': 3.1756751537323, 'employment': 2.6483309268951416, 'denied': 2.3174397945404053, 'bureau': 1.3933528661727905, '##iction': 0.6440478563308716}","The applicant contested a Dublin transfer to Lithuania, which was determined by the Federal Office for Migration and Refugees (BAMF) as the state responsible for the examination of the application based on Article 18(1)(b) of the Dublin III Regulation, as the applicant, according to documents submitted, applied for asylum in Lithuania."
0,9,6098_chunk001,61,592.0944877981258,Applicant Detention and Asylum Claims,"{'asylum': 231.01242065429688, 'detention': 217.1792755126953, 'applicant': 170.61280822753906, 'claim': 155.9637908935547, 'application': 142.39892578125, 'claims': 127.17999267578125, 'prison': 117.04942321777344, 'immigration': 115.72674560546875, 'arrested': 104.70023345947266, 'lawsuit': 100.63427734375, 'alien': 91.5473861694336, 'applicants': 85.47240447998047, 'penalty': 85.0564956665039, 'refugee': 84.33718872070312, 'deportation': 79.77300262451172, 'candidate': 74.11628723144531, 'police': 52.615577697753906, 'judge': 51.17262649536133, 'jail': 47.93186569213867, 'persecution': 45.44091033935547, 'disability': 43.874114990234375, 'legal': 43.82500457763672, 'qualification': 43.29621887207031, 'jurisdiction': 42.0366096496582, 'registration': 41.738887786865234, 'regulation': 40.19966125488281, 'refugees': 33.98501968383789, 'ban': 32.5144157409668, 'claimed': 32.509605407714844, 'appointment': 31.06020736694336, 'rights': 29.874893188476562, 'protection': 25.767105102539062, 'inmate': 22.7263126373291, 'visa': 22.01372528076172, 'court': 21.313074111938477, 'duty': 20.74359893798828, 'agency': 20.545549392700195, 'threat': 19.69865608215332, 'law': 19.399736404418945, 'discrimination': 18.35834312438965, ')': 17.843687057495117, 'alleged': 17.810102462768555, 'case': 15.500174522399902, 'fraud': 14.901286125183105, 'holder': 14.824771881103516, 'refuge': 13.745416641235352, 'and': 13.37773609161377, 'illegal': 12.181244850158691, 'violation': 11.866278648376465, 'detained': 10.437248229980469, 'restoration': 8.546725273132324, 'torture': 8.531095504760742, 'facility': 8.489020347595215, 'arrest': 7.553507328033447, 'emergency': 6.732095718383789, 'shelter': 6.047550201416016, 'custody': 5.050491809844971, 'suit': 4.690654277801514, 'lawyer': 4.602712154388428, 'sheriff': 3.8064022064208984, 'person': 3.1756751537323, 'employment': 2.6483309268951416, 'denied': 2.3174397945404053, 'bureau': 1.3933528661727905, '##iction': 0.6440478563308716}","The applicant appealed that decision before the National Court of Asylum (CNDA), which dismissed the appeal on 9 May 2023 on the ground that Egyptian criminal law does not criminalise same-sex..."
0,119,3277_chunk001,62,592.0833940007059,Applicant Detention and Asylum Claims,"{'asylum': 231.01242065429688, 'detention': 217.1792755126953, 'applicant': 170.61280822753906, 'claim': 155.9637908935547, 'application': 142.39892578125, 'claims': 127.17999267578125, 'prison': 117.04942321777344, 'immigration': 115.72674560546875, 'arrested': 104.70023345947266, 'lawsuit': 100.63427734375, 'alien': 91.5473861694336, 'applicants': 85.47240447998047, 'penalty': 85.0564956665039, 'refugee': 84.33718872070312, 'deportation': 79.77300262451172, 'candidate': 74.11628723144531, 'police': 52.615577697753906, 'judge': 51.17262649536133, 'jail': 47.93186569213867, 'persecution': 45.44091033935547, 'disability': 43.874114990234375, 'legal': 43.82500457763672, 'qualification': 43.29621887207031, 'jurisdiction': 42.0366096496582, 'registration': 41.738887786865234, 'regulation': 40.19966125488281, 'refugees': 33.98501968383789, 'ban': 32.5144157409668, 'claimed': 32.509605407714844, 'appointment': 31.06020736694336, 'rights': 29.874893188476562, 'protection': 25.767105102539062, 'inmate': 22.7263126373291, 'visa': 22.01372528076172, 'court': 21.313074111938477, 'duty': 20.74359893798828, 'agency': 20.545549392700195, 'threat': 19.69865608215332, 'law': 19.399736404418945, 'discrimination': 18.35834312438965, ')': 17.843687057495117, 'alleged': 17.810102462768555, 'case': 15.500174522399902, 'fraud': 14.901286125183105, 'holder': 14.824771881103516, 'refuge': 13.745416641235352, 'and': 13.37773609161377, 'illegal': 12.181244850158691, 'violation': 11.866278648376465, 'detained': 10.437248229980469, 'restoration': 8.546725273132324, 'torture': 8.531095504760742, 'facility': 8.489020347595215, 'arrest': 7.553507328033447, 'emergency': 6.732095718383789, 'shelter': 6.047550201416016, 'custody': 5.050491809844971, 'suit': 4.690654277801514, 'lawyer': 4.602712154388428, 'sheriff': 3.8064022064208984, 'person': 3.1756751537323, 'employment': 2.6483309268951416, 'denied': 2.3174397945404053, 'bureau': 1.3933528661727905, '##iction': 0.6440478563308716}","When the asylum procedure starts, applicants are usually assigned a lawyer through the Legal Aid Board. The applicant claimed that he received the contested..."
0,222,914_chunk000,63,591.4699233423471,Applicant Detention and Asylum Claims,"{'asylum': 231.01242065429688, 'detention': 217.1792755126953, 'applicant': 170.61280822753906, 'claim': 155.9637908935547, 'application': 142.39892578125, 'claims': 127.17999267578125, 'prison': 117.04942321777344, 'immigration': 115.72674560546875, 'arrested': 104.70023345947266, 'lawsuit': 100.63427734375, 'alien': 91.5473861694336, 'applicants': 85.47240447998047, 'penalty': 85.0564956665039, 'refugee': 84.33718872070312, 'deportation': 79.77300262451172, 'candidate': 74.11628723144531, 'police': 52.615577697753906, 'judge': 51.17262649536133, 'jail': 47.93186569213867, 'persecution': 45.44091033935547, 'disability': 43.874114990234375, 'legal': 43.82500457763672, 'qualification': 43.29621887207031, 'jurisdiction': 42.0366096496582, 'registration': 41.738887786865234, 'regulation': 40.19966125488281, 'refugees': 33.98501968383789, 'ban': 32.5144157409668, 'claimed': 32.509605407714844, 'appointment': 31.06020736694336, 'rights': 29.874893188476562, 'protection': 25.767105102539062, 'inmate': 22.7263126373291, 'visa': 22.01372528076172, 'court': 21.313074111938477, 'duty': 20.74359893798828, 'agency': 20.545549392700195, 'threat': 19.69865608215332, 'law': 19.399736404418945, 'discrimination': 18.35834312438965, ')': 17.843687057495117, 'alleged': 17.810102462768555, 'case': 15.500174522399902, 'fraud': 14.901286125183105, 'holder': 14.824771881103516, 'refuge': 13.745416641235352, 'and': 13.37773609161377, 'illegal': 12.181244850158691, 'violation': 11.866278648376465, 'detained': 10.437248229980469, 'restoration': 8.546725273132324, 'torture': 8.531095504760742, 'facility': 8.489020347595215, 'arrest': 7.553507328033447, 'emergency': 6.732095718383789, 'shelter': 6.047550201416016, 'custody': 5.050491809844971, 'suit': 4.690654277801514, 'lawyer': 4.602712154388428, 'sheriff': 3.8064022064208984, 'person': 3.1756751537323, 'employment': 2.6483309268951416, 'denied': 2.3174397945404053, 'bureau': 1.3933528661727905, '##iction': 0.6440478563308716}",A. applied for asylum in Sweden in April 2015. The application was rejected and the applicant excluded from asylum for having committed crimes against humanity while working as a guard in Eritrea. An expulsion order had also been issued.
0,360,573_chunk001,64,589.160074803943,Applicant Detention and Asylum Claims,"{'asylum': 231.01242065429688, 'detention': 217.1792755126953, 'applicant': 170.61280822753906, 'claim': 155.9637908935547, 'application': 142.39892578125, 'claims': 127.17999267578125, 'prison': 117.04942321777344, 'immigration': 115.72674560546875, 'arrested': 104.70023345947266, 'lawsuit': 100.63427734375, 'alien': 91.5473861694336, 'applicants': 85.47240447998047, 'penalty': 85.0564956665039, 'refugee': 84.33718872070312, 'deportation': 79.77300262451172, 'candidate': 74.11628723144531, 'police': 52.615577697753906, 'judge': 51.17262649536133, 'jail': 47.93186569213867, 'persecution': 45.44091033935547, 'disability': 43.874114990234375, 'legal': 43.82500457763672, 'qualification': 43.29621887207031, 'jurisdiction': 42.0366096496582, 'registration': 41.738887786865234, 'regulation': 40.19966125488281, 'refugees': 33.98501968383789, 'ban': 32.5144157409668, 'claimed': 32.509605407714844, 'appointment': 31.06020736694336, 'rights': 29.874893188476562, 'protection': 25.767105102539062, 'inmate': 22.7263126373291, 'visa': 22.01372528076172, 'court': 21.313074111938477, 'duty': 20.74359893798828, 'agency': 20.545549392700195, 'threat': 19.69865608215332, 'law': 19.399736404418945, 'discrimination': 18.35834312438965, ')': 17.843687057495117, 'alleged': 17.810102462768555, 'case': 15.500174522399902, 'fraud': 14.901286125183105, 'holder': 14.824771881103516, 'refuge': 13.745416641235352, 'and': 13.37773609161377, 'illegal': 12.181244850158691, 'violation': 11.866278648376465, 'detained': 10.437248229980469, 'restoration': 8.546725273132324, 'torture': 8.531095504760742, 'facility': 8.489020347595215, 'arrest': 7.553507328033447, 'emergency': 6.732095718383789, 'shelter': 6.047550201416016, 'custody': 5.050491809844971, 'suit': 4.690654277801514, 'lawyer': 4.602712154388428, 'sheriff': 3.8064022064208984, 'person': 3.1756751537323, 'employment': 2.6483309268951416, 'denied': 2.3174397945404053, 'bureau': 1.3933528661727905, '##iction': 0.6440478563308716}","By judgment of 7 August 2017, the court dismissed the appeal lodged by the alien, in so far as it was directed against the rejection of the asylum application, as inadmissible, and dismissed his..."
0,203,1564_chunk000,65,589.1036589023929,Applicant Detention and Asylum Claims,"{'asylum': 231.01242065429688, 'detention': 217.1792755126953, 'applicant': 170.61280822753906, 'claim': 155.9637908935547, 'application': 142.39892578125, 'claims': 127.17999267578125, 'prison': 117.04942321777344, 'immigration': 115.72674560546875, 'arrested': 104.70023345947266, 'lawsuit': 100.63427734375, 'alien': 91.5473861694336, 'applicants': 85.47240447998047, 'penalty': 85.0564956665039, 'refugee': 84.33718872070312, 'deportation': 79.77300262451172, 'candidate': 74.11628723144531, 'police': 52.615577697753906, 'judge': 51.17262649536133, 'jail': 47.93186569213867, 'persecution': 45.44091033935547, 'disability': 43.874114990234375, 'legal': 43.82500457763672, 'qualification': 43.29621887207031, 'jurisdiction': 42.0366096496582, 'registration': 41.738887786865234, 'regulation': 40.19966125488281, 'refugees': 33.98501968383789, 'ban': 32.5144157409668, 'claimed': 32.509605407714844, 'appointment': 31.06020736694336, 'rights': 29.874893188476562, 'protection': 25.767105102539062, 'inmate': 22.7263126373291, 'visa': 22.01372528076172, 'court': 21.313074111938477, 'duty': 20.74359893798828, 'agency': 20.545549392700195, 'threat': 19.69865608215332, 'law': 19.399736404418945, 'discrimination': 18.35834312438965, ')': 17.843687057495117, 'alleged': 17.810102462768555, 'case': 15.500174522399902, 'fraud': 14.901286125183105, 'holder': 14.824771881103516, 'refuge': 13.745416641235352, 'and': 13.37773609161377, 'illegal': 12.181244850158691, 'violation': 11.866278648376465, 'detained': 10.437248229980469, 'restoration': 8.546725273132324, 'torture': 8.531095504760742, 'facility': 8.489020347595215, 'arrest': 7.553507328033447, 'emergency': 6.732095718383789, 'shelter': 6.047550201416016, 'custody': 5.050491809844971, 'suit': 4.690654277801514, 'lawyer': 4.602712154388428, 'sheriff': 3.8064022064208984, 'person': 3.1756751537323, 'employment': 2.6483309268951416, 'denied': 2.3174397945404053, 'bureau': 1.3933528661727905, '##iction': 0.6440478563308716}",HA applied for asylum in May 2015 alleging that he is registered with UNRWA and that upon return to Gaza he is at risk of being killed or subjected to inhuman or degrading treatment.
0,135,2508_chunk001,66,588.1472825783684,Applicant Detention and Asylum Claims,"{'asylum': 231.01242065429688, 'detention': 217.1792755126953, 'applicant': 170.61280822753906, 'claim': 155.9637908935547, 'application': 142.39892578125, 'claims': 127.17999267578125, 'prison': 117.04942321777344, 'immigration': 115.72674560546875, 'arrested': 104.70023345947266, 'lawsuit': 100.63427734375, 'alien': 91.5473861694336, 'applicants': 85.47240447998047, 'penalty': 85.0564956665039, 'refugee': 84.33718872070312, 'deportation': 79.77300262451172, 'candidate': 74.11628723144531, 'police': 52.615577697753906, 'judge': 51.17262649536133, 'jail': 47.93186569213867, 'persecution': 45.44091033935547, 'disability': 43.874114990234375, 'legal': 43.82500457763672, 'qualification': 43.29621887207031, 'jurisdiction': 42.0366096496582, 'registration': 41.738887786865234, 'regulation': 40.19966125488281, 'refugees': 33.98501968383789, 'ban': 32.5144157409668, 'claimed': 32.509605407714844, 'appointment': 31.06020736694336, 'rights': 29.874893188476562, 'protection': 25.767105102539062, 'inmate': 22.7263126373291, 'visa': 22.01372528076172, 'court': 21.313074111938477, 'duty': 20.74359893798828, 'agency': 20.545549392700195, 'threat': 19.69865608215332, 'law': 19.399736404418945, 'discrimination': 18.35834312438965, ')': 17.843687057495117, 'alleged': 17.810102462768555, 'case': 15.500174522399902, 'fraud': 14.901286125183105, 'holder': 14.824771881103516, 'refuge': 13.745416641235352, 'and': 13.37773609161377, 'illegal': 12.181244850158691, 'violation': 11.866278648376465, 'detained': 10.437248229980469, 'restoration': 8.546725273132324, 'torture': 8.531095504760742, 'facility': 8.489020347595215, 'arrest': 7.553507328033447, 'emergency': 6.732095718383789, 'shelter': 6.047550201416016, 'custody': 5.050491809844971, 'suit': 4.690654277801514, 'lawyer': 4.602712154388428, 'sheriff': 3.8064022064208984, 'person': 3.1756751537323, 'employment': 2.6483309268951416, 'denied': 2.3174397945404053, 'bureau': 1.3933528661727905, '##iction': 0.6440478563308716}",On 13 July 2018 the Federal Office and Foreigners Registration Office was informed that the applicant resided in a church asylum since 12 July 2018. By letter of...
0,117,3272_chunk001,67,587.4878746584798,Applicant Detention and Asylum Claims,"{'asylum': 231.01242065429688, 'detention': 217.1792755126953, 'applicant': 170.61280822753906, 'claim': 155.9637908935547, 'application': 142.39892578125, 'claims': 127.17999267578125, 'prison': 117.04942321777344, 'immigration': 115.72674560546875, 'arrested': 104.70023345947266, 'lawsuit': 100.63427734375, 'alien': 91.5473861694336, 'applicants': 85.47240447998047, 'penalty': 85.0564956665039, 'refugee': 84.33718872070312, 'deportation': 79.77300262451172, 'candidate': 74.11628723144531, 'police': 52.615577697753906, 'judge': 51.17262649536133, 'jail': 47.93186569213867, 'persecution': 45.44091033935547, 'disability': 43.874114990234375, 'legal': 43.82500457763672, 'qualification': 43.29621887207031, 'jurisdiction': 42.0366096496582, 'registration': 41.738887786865234, 'regulation': 40.19966125488281, 'refugees': 33.98501968383789, 'ban': 32.5144157409668, 'claimed': 32.509605407714844, 'appointment': 31.06020736694336, 'rights': 29.874893188476562, 'protection': 25.767105102539062, 'inmate': 22.7263126373291, 'visa': 22.01372528076172, 'court': 21.313074111938477, 'duty': 20.74359893798828, 'agency': 20.545549392700195, 'threat': 19.69865608215332, 'law': 19.399736404418945, 'discrimination': 18.35834312438965, ')': 17.843687057495117, 'alleged': 17.810102462768555, 'case': 15.500174522399902, 'fraud': 14.901286125183105, 'holder': 14.824771881103516, 'refuge': 13.745416641235352, 'and': 13.37773609161377, 'illegal': 12.181244850158691, 'violation': 11.866278648376465, 'detained': 10.437248229980469, 'restoration': 8.546725273132324, 'torture': 8.531095504760742, 'facility': 8.489020347595215, 'arrest': 7.553507328033447, 'emergency': 6.732095718383789, 'shelter': 6.047550201416016, 'custody': 5.050491809844971, 'suit': 4.690654277801514, 'lawyer': 4.602712154388428, 'sheriff': 3.8064022064208984, 'person': 3.1756751537323, 'employment': 2.6483309268951416, 'denied': 2.3174397945404053, 'bureau': 1.3933528661727905, '##iction': 0.6440478563308716}","The case concerned the accused monk B., who granted church asylum to A., from the Gaza strip, on 25 August 2020 and provided him accommodation and care with the knowledge that A. was a rejected asylum applicant.

A. applied for asylum on 22 April..."
0,64,4167_chunk000,68,586.7626492603183,Applicant Detention and Asylum Claims,"{'asylum': 231.01242065429688, 'detention': 217.1792755126953, 'applicant': 170.61280822753906, 'claim': 155.9637908935547, 'application': 142.39892578125, 'claims': 127.17999267578125, 'prison': 117.04942321777344, 'immigration': 115.72674560546875, 'arrested': 104.70023345947266, 'lawsuit': 100.63427734375, 'alien': 91.5473861694336, 'applicants': 85.47240447998047, 'penalty': 85.0564956665039, 'refugee': 84.33718872070312, 'deportation': 79.77300262451172, 'candidate': 74.11628723144531, 'police': 52.615577697753906, 'judge': 51.17262649536133, 'jail': 47.93186569213867, 'persecution': 45.44091033935547, 'disability': 43.874114990234375, 'legal': 43.82500457763672, 'qualification': 43.29621887207031, 'jurisdiction': 42.0366096496582, 'registration': 41.738887786865234, 'regulation': 40.19966125488281, 'refugees': 33.98501968383789, 'ban': 32.5144157409668, 'claimed': 32.509605407714844, 'appointment': 31.06020736694336, 'rights': 29.874893188476562, 'protection': 25.767105102539062, 'inmate': 22.7263126373291, 'visa': 22.01372528076172, 'court': 21.313074111938477, 'duty': 20.74359893798828, 'agency': 20.545549392700195, 'threat': 19.69865608215332, 'law': 19.399736404418945, 'discrimination': 18.35834312438965, ')': 17.843687057495117, 'alleged': 17.810102462768555, 'case': 15.500174522399902, 'fraud': 14.901286125183105, 'holder': 14.824771881103516, 'refuge': 13.745416641235352, 'and': 13.37773609161377, 'illegal': 12.181244850158691, 'violation': 11.866278648376465, 'detained': 10.437248229980469, 'restoration': 8.546725273132324, 'torture': 8.531095504760742, 'facility': 8.489020347595215, 'arrest': 7.553507328033447, 'emergency': 6.732095718383789, 'shelter': 6.047550201416016, 'custody': 5.050491809844971, 'suit': 4.690654277801514, 'lawyer': 4.602712154388428, 'sheriff': 3.8064022064208984, 'person': 3.1756751537323, 'employment': 2.6483309268951416, 'denied': 2.3174397945404053, 'bureau': 1.3933528661727905, '##iction': 0.6440478563308716}","An applicant of Syrian nationality and Sunni Islamic religion requested international protection on 24 November 2021 in Austria. The Federal Office for Immigration and Asylum (BFA) did not grant him refugee status but subsidiary protection, a decision which he appealed to the Federal Administrative Court."
0,349,563_chunk001,69,586.7039076050374,Applicant Detention and Asylum Claims,"{'asylum': 231.01242065429688, 'detention': 217.1792755126953, 'applicant': 170.61280822753906, 'claim': 155.9637908935547, 'application': 142.39892578125, 'claims': 127.17999267578125, 'prison': 117.04942321777344, 'immigration': 115.72674560546875, 'arrested': 104.70023345947266, 'lawsuit': 100.63427734375, 'alien': 91.5473861694336, 'applicants': 85.47240447998047, 'penalty': 85.0564956665039, 'refugee': 84.33718872070312, 'deportation': 79.77300262451172, 'candidate': 74.11628723144531, 'police': 52.615577697753906, 'judge': 51.17262649536133, 'jail': 47.93186569213867, 'persecution': 45.44091033935547, 'disability': 43.874114990234375, 'legal': 43.82500457763672, 'qualification': 43.29621887207031, 'jurisdiction': 42.0366096496582, 'registration': 41.738887786865234, 'regulation': 40.19966125488281, 'refugees': 33.98501968383789, 'ban': 32.5144157409668, 'claimed': 32.509605407714844, 'appointment': 31.06020736694336, 'rights': 29.874893188476562, 'protection': 25.767105102539062, 'inmate': 22.7263126373291, 'visa': 22.01372528076172, 'court': 21.313074111938477, 'duty': 20.74359893798828, 'agency': 20.545549392700195, 'threat': 19.69865608215332, 'law': 19.399736404418945, 'discrimination': 18.35834312438965, ')': 17.843687057495117, 'alleged': 17.810102462768555, 'case': 15.500174522399902, 'fraud': 14.901286125183105, 'holder': 14.824771881103516, 'refuge': 13.745416641235352, 'and': 13.37773609161377, 'illegal': 12.181244850158691, 'violation': 11.866278648376465, 'detained': 10.437248229980469, 'restoration': 8.546725273132324, 'torture': 8.531095504760742, 'facility': 8.489020347595215, 'arrest': 7.553507328033447, 'emergency': 6.732095718383789, 'shelter': 6.047550201416016, 'custody': 5.050491809844971, 'suit': 4.690654277801514, 'lawyer': 4.602712154388428, 'sheriff': 3.8064022064208984, 'person': 3.1756751537323, 'employment': 2.6483309268951416, 'denied': 2.3174397945404053, 'bureau': 1.3933528661727905, '##iction': 0.6440478563308716}","On 6 June 2017, the Central Agency for the Reception of Asylum Seekers (COA) rejected an application from a foreign national to allow the benefit of reception conditions. By decision of 5 July 2017, the Court of the Hague upheld the appeal lodged by the foreign..."
0,152,1648_chunk001,70,583.9263181177605,Applicant Detention and Asylum Claims,"{'asylum': 231.01242065429688, 'detention': 217.1792755126953, 'applicant': 170.61280822753906, 'claim': 155.9637908935547, 'application': 142.39892578125, 'claims': 127.17999267578125, 'prison': 117.04942321777344, 'immigration': 115.72674560546875, 'arrested': 104.70023345947266, 'lawsuit': 100.63427734375, 'alien': 91.5473861694336, 'applicants': 85.47240447998047, 'penalty': 85.0564956665039, 'refugee': 84.33718872070312, 'deportation': 79.77300262451172, 'candidate': 74.11628723144531, 'police': 52.615577697753906, 'judge': 51.17262649536133, 'jail': 47.93186569213867, 'persecution': 45.44091033935547, 'disability': 43.874114990234375, 'legal': 43.82500457763672, 'qualification': 43.29621887207031, 'jurisdiction': 42.0366096496582, 'registration': 41.738887786865234, 'regulation': 40.19966125488281, 'refugees': 33.98501968383789, 'ban': 32.5144157409668, 'claimed': 32.509605407714844, 'appointment': 31.06020736694336, 'rights': 29.874893188476562, 'protection': 25.767105102539062, 'inmate': 22.7263126373291, 'visa': 22.01372528076172, 'court': 21.313074111938477, 'duty': 20.74359893798828, 'agency': 20.545549392700195, 'threat': 19.69865608215332, 'law': 19.399736404418945, 'discrimination': 18.35834312438965, ')': 17.843687057495117, 'alleged': 17.810102462768555, 'case': 15.500174522399902, 'fraud': 14.901286125183105, 'holder': 14.824771881103516, 'refuge': 13.745416641235352, 'and': 13.37773609161377, 'illegal': 12.181244850158691, 'violation': 11.866278648376465, 'detained': 10.437248229980469, 'restoration': 8.546725273132324, 'torture': 8.531095504760742, 'facility': 8.489020347595215, 'arrest': 7.553507328033447, 'emergency': 6.732095718383789, 'shelter': 6.047550201416016, 'custody': 5.050491809844971, 'suit': 4.690654277801514, 'lawyer': 4.602712154388428, 'sheriff': 3.8064022064208984, 'person': 3.1756751537323, 'employment': 2.6483309268951416, 'denied': 2.3174397945404053, 'bureau': 1.3933528661727905, '##iction': 0.6440478563308716}","On 17 November 2011, the Federal Asylum Office rejected again the application, after having found also that the applicant was from Nigeria and ordered the return...."
0,114,3239_chunk000,71,583.2217901607984,Applicant Detention and Asylum Claims,"{'asylum': 231.01242065429688, 'detention': 217.1792755126953, 'applicant': 170.61280822753906, 'claim': 155.9637908935547, 'application': 142.39892578125, 'claims': 127.17999267578125, 'prison': 117.04942321777344, 'immigration': 115.72674560546875, 'arrested': 104.70023345947266, 'lawsuit': 100.63427734375, 'alien': 91.5473861694336, 'applicants': 85.47240447998047, 'penalty': 85.0564956665039, 'refugee': 84.33718872070312, 'deportation': 79.77300262451172, 'candidate': 74.11628723144531, 'police': 52.615577697753906, 'judge': 51.17262649536133, 'jail': 47.93186569213867, 'persecution': 45.44091033935547, 'disability': 43.874114990234375, 'legal': 43.82500457763672, 'qualification': 43.29621887207031, 'jurisdiction': 42.0366096496582, 'registration': 41.738887786865234, 'regulation': 40.19966125488281, 'refugees': 33.98501968383789, 'ban': 32.5144157409668, 'claimed': 32.509605407714844, 'appointment': 31.06020736694336, 'rights': 29.874893188476562, 'protection': 25.767105102539062, 'inmate': 22.7263126373291, 'visa': 22.01372528076172, 'court': 21.313074111938477, 'duty': 20.74359893798828, 'agency': 20.545549392700195, 'threat': 19.69865608215332, 'law': 19.399736404418945, 'discrimination': 18.35834312438965, ')': 17.843687057495117, 'alleged': 17.810102462768555, 'case': 15.500174522399902, 'fraud': 14.901286125183105, 'holder': 14.824771881103516, 'refuge': 13.745416641235352, 'and': 13.37773609161377, 'illegal': 12.181244850158691, 'violation': 11.866278648376465, 'detained': 10.437248229980469, 'restoration': 8.546725273132324, 'torture': 8.531095504760742, 'facility': 8.489020347595215, 'arrest': 7.553507328033447, 'emergency': 6.732095718383789, 'shelter': 6.047550201416016, 'custody': 5.050491809844971, 'suit': 4.690654277801514, 'lawyer': 4.602712154388428, 'sheriff': 3.8064022064208984, 'person': 3.1756751537323, 'employment': 2.6483309268951416, 'denied': 2.3174397945404053, 'bureau': 1.3933528661727905, '##iction': 0.6440478563308716}","The applicant was refused refugee protection and granted subsidiary protection by national authorities. He appealed against this decision before the Municipal Court, requesting the annulment of the part of the decision rejecting his request for refugee protection."
0,361,639_chunk000,72,581.5181628090896,Applicant Detention and Asylum Claims,"{'asylum': 231.01242065429688, 'detention': 217.1792755126953, 'applicant': 170.61280822753906, 'claim': 155.9637908935547, 'application': 142.39892578125, 'claims': 127.17999267578125, 'prison': 117.04942321777344, 'immigration': 115.72674560546875, 'arrested': 104.70023345947266, 'lawsuit': 100.63427734375, 'alien': 91.5473861694336, 'applicants': 85.47240447998047, 'penalty': 85.0564956665039, 'refugee': 84.33718872070312, 'deportation': 79.77300262451172, 'candidate': 74.11628723144531, 'police': 52.615577697753906, 'judge': 51.17262649536133, 'jail': 47.93186569213867, 'persecution': 45.44091033935547, 'disability': 43.874114990234375, 'legal': 43.82500457763672, 'qualification': 43.29621887207031, 'jurisdiction': 42.0366096496582, 'registration': 41.738887786865234, 'regulation': 40.19966125488281, 'refugees': 33.98501968383789, 'ban': 32.5144157409668, 'claimed': 32.509605407714844, 'appointment': 31.06020736694336, 'rights': 29.874893188476562, 'protection': 25.767105102539062, 'inmate': 22.7263126373291, 'visa': 22.01372528076172, 'court': 21.313074111938477, 'duty': 20.74359893798828, 'agency': 20.545549392700195, 'threat': 19.69865608215332, 'law': 19.399736404418945, 'discrimination': 18.35834312438965, ')': 17.843687057495117, 'alleged': 17.810102462768555, 'case': 15.500174522399902, 'fraud': 14.901286125183105, 'holder': 14.824771881103516, 'refuge': 13.745416641235352, 'and': 13.37773609161377, 'illegal': 12.181244850158691, 'violation': 11.866278648376465, 'detained': 10.437248229980469, 'restoration': 8.546725273132324, 'torture': 8.531095504760742, 'facility': 8.489020347595215, 'arrest': 7.553507328033447, 'emergency': 6.732095718383789, 'shelter': 6.047550201416016, 'custody': 5.050491809844971, 'suit': 4.690654277801514, 'lawyer': 4.602712154388428, 'sheriff': 3.8064022064208984, 'person': 3.1756751537323, 'employment': 2.6483309268951416, 'denied': 2.3174397945404053, 'bureau': 1.3933528661727905, '##iction': 0.6440478563308716}","This case refers to the transfer of an asylum applicant with a new-born child to Spain under Dublin Regulation. In absence of information for adequate reception conditions and individual guarantees for their transfer back, the authorities didn't review closely the evidence regarding a real risk of treatment prohibited by Article 3 of the ECHR

..."
0,128,3269_chunk000,73,578.7616676897213,Applicant Detention and Asylum Claims,"{'asylum': 231.01242065429688, 'detention': 217.1792755126953, 'applicant': 170.61280822753906, 'claim': 155.9637908935547, 'application': 142.39892578125, 'claims': 127.17999267578125, 'prison': 117.04942321777344, 'immigration': 115.72674560546875, 'arrested': 104.70023345947266, 'lawsuit': 100.63427734375, 'alien': 91.5473861694336, 'applicants': 85.47240447998047, 'penalty': 85.0564956665039, 'refugee': 84.33718872070312, 'deportation': 79.77300262451172, 'candidate': 74.11628723144531, 'police': 52.615577697753906, 'judge': 51.17262649536133, 'jail': 47.93186569213867, 'persecution': 45.44091033935547, 'disability': 43.874114990234375, 'legal': 43.82500457763672, 'qualification': 43.29621887207031, 'jurisdiction': 42.0366096496582, 'registration': 41.738887786865234, 'regulation': 40.19966125488281, 'refugees': 33.98501968383789, 'ban': 32.5144157409668, 'claimed': 32.509605407714844, 'appointment': 31.06020736694336, 'rights': 29.874893188476562, 'protection': 25.767105102539062, 'inmate': 22.7263126373291, 'visa': 22.01372528076172, 'court': 21.313074111938477, 'duty': 20.74359893798828, 'agency': 20.545549392700195, 'threat': 19.69865608215332, 'law': 19.399736404418945, 'discrimination': 18.35834312438965, ')': 17.843687057495117, 'alleged': 17.810102462768555, 'case': 15.500174522399902, 'fraud': 14.901286125183105, 'holder': 14.824771881103516, 'refuge': 13.745416641235352, 'and': 13.37773609161377, 'illegal': 12.181244850158691, 'violation': 11.866278648376465, 'detained': 10.437248229980469, 'restoration': 8.546725273132324, 'torture': 8.531095504760742, 'facility': 8.489020347595215, 'arrest': 7.553507328033447, 'emergency': 6.732095718383789, 'shelter': 6.047550201416016, 'custody': 5.050491809844971, 'suit': 4.690654277801514, 'lawyer': 4.602712154388428, 'sheriff': 3.8064022064208984, 'person': 3.1756751537323, 'employment': 2.6483309268951416, 'denied': 2.3174397945404053, 'bureau': 1.3933528661727905, '##iction': 0.6440478563308716}","The applicant, a national of Somalia, applied for international protection in France on 18 December 2020 and he was placed under the Dublin procedure while a request was sent to Germany, considered the Member State responsible to examine the request for international protection. The applicant returned to Germany, and thereafter returned to France and asked for asylum a second time on 26 May 2021."
0,138,2510_chunk000,74,577.1495641699717,Applicant Detention and Asylum Claims,"{'asylum': 231.01242065429688, 'detention': 217.1792755126953, 'applicant': 170.61280822753906, 'claim': 155.9637908935547, 'application': 142.39892578125, 'claims': 127.17999267578125, 'prison': 117.04942321777344, 'immigration': 115.72674560546875, 'arrested': 104.70023345947266, 'lawsuit': 100.63427734375, 'alien': 91.5473861694336, 'applicants': 85.47240447998047, 'penalty': 85.0564956665039, 'refugee': 84.33718872070312, 'deportation': 79.77300262451172, 'candidate': 74.11628723144531, 'police': 52.615577697753906, 'judge': 51.17262649536133, 'jail': 47.93186569213867, 'persecution': 45.44091033935547, 'disability': 43.874114990234375, 'legal': 43.82500457763672, 'qualification': 43.29621887207031, 'jurisdiction': 42.0366096496582, 'registration': 41.738887786865234, 'regulation': 40.19966125488281, 'refugees': 33.98501968383789, 'ban': 32.5144157409668, 'claimed': 32.509605407714844, 'appointment': 31.06020736694336, 'rights': 29.874893188476562, 'protection': 25.767105102539062, 'inmate': 22.7263126373291, 'visa': 22.01372528076172, 'court': 21.313074111938477, 'duty': 20.74359893798828, 'agency': 20.545549392700195, 'threat': 19.69865608215332, 'law': 19.399736404418945, 'discrimination': 18.35834312438965, ')': 17.843687057495117, 'alleged': 17.810102462768555, 'case': 15.500174522399902, 'fraud': 14.901286125183105, 'holder': 14.824771881103516, 'refuge': 13.745416641235352, 'and': 13.37773609161377, 'illegal': 12.181244850158691, 'violation': 11.866278648376465, 'detained': 10.437248229980469, 'restoration': 8.546725273132324, 'torture': 8.531095504760742, 'facility': 8.489020347595215, 'arrest': 7.553507328033447, 'emergency': 6.732095718383789, 'shelter': 6.047550201416016, 'custody': 5.050491809844971, 'suit': 4.690654277801514, 'lawyer': 4.602712154388428, 'sheriff': 3.8064022064208984, 'person': 3.1756751537323, 'employment': 2.6483309268951416, 'denied': 2.3174397945404053, 'bureau': 1.3933528661727905, '##iction': 0.6440478563308716}","The applicant, Guinea national, was rejected the application of asylum as inadmissible by decision of 7 March 2018 because he has already applied in Spain, according to a Eurodac hit report. The Spanish authorities agreed to the transfer on 6 March 2018 and the BAMF decision was adopted on 7 March 2018."
0,434,170_chunk000,75,576.2617816164958,Applicant Detention and Asylum Claims,"{'asylum': 231.01242065429688, 'detention': 217.1792755126953, 'applicant': 170.61280822753906, 'claim': 155.9637908935547, 'application': 142.39892578125, 'claims': 127.17999267578125, 'prison': 117.04942321777344, 'immigration': 115.72674560546875, 'arrested': 104.70023345947266, 'lawsuit': 100.63427734375, 'alien': 91.5473861694336, 'applicants': 85.47240447998047, 'penalty': 85.0564956665039, 'refugee': 84.33718872070312, 'deportation': 79.77300262451172, 'candidate': 74.11628723144531, 'police': 52.615577697753906, 'judge': 51.17262649536133, 'jail': 47.93186569213867, 'persecution': 45.44091033935547, 'disability': 43.874114990234375, 'legal': 43.82500457763672, 'qualification': 43.29621887207031, 'jurisdiction': 42.0366096496582, 'registration': 41.738887786865234, 'regulation': 40.19966125488281, 'refugees': 33.98501968383789, 'ban': 32.5144157409668, 'claimed': 32.509605407714844, 'appointment': 31.06020736694336, 'rights': 29.874893188476562, 'protection': 25.767105102539062, 'inmate': 22.7263126373291, 'visa': 22.01372528076172, 'court': 21.313074111938477, 'duty': 20.74359893798828, 'agency': 20.545549392700195, 'threat': 19.69865608215332, 'law': 19.399736404418945, 'discrimination': 18.35834312438965, ')': 17.843687057495117, 'alleged': 17.810102462768555, 'case': 15.500174522399902, 'fraud': 14.901286125183105, 'holder': 14.824771881103516, 'refuge': 13.745416641235352, 'and': 13.37773609161377, 'illegal': 12.181244850158691, 'violation': 11.866278648376465, 'detained': 10.437248229980469, 'restoration': 8.546725273132324, 'torture': 8.531095504760742, 'facility': 8.489020347595215, 'arrest': 7.553507328033447, 'emergency': 6.732095718383789, 'shelter': 6.047550201416016, 'custody': 5.050491809844971, 'suit': 4.690654277801514, 'lawyer': 4.602712154388428, 'sheriff': 3.8064022064208984, 'person': 3.1756751537323, 'employment': 2.6483309268951416, 'denied': 2.3174397945404053, 'bureau': 1.3933528661727905, '##iction': 0.6440478563308716}",Administrative Court Düsseldorf The plaintiff is an asylum seeker and claims to be from Bangladesh.
0,438,88_chunk000,76,575.9191676407738,Applicant Detention and Asylum Claims,"{'asylum': 231.01242065429688, 'detention': 217.1792755126953, 'applicant': 170.61280822753906, 'claim': 155.9637908935547, 'application': 142.39892578125, 'claims': 127.17999267578125, 'prison': 117.04942321777344, 'immigration': 115.72674560546875, 'arrested': 104.70023345947266, 'lawsuit': 100.63427734375, 'alien': 91.5473861694336, 'applicants': 85.47240447998047, 'penalty': 85.0564956665039, 'refugee': 84.33718872070312, 'deportation': 79.77300262451172, 'candidate': 74.11628723144531, 'police': 52.615577697753906, 'judge': 51.17262649536133, 'jail': 47.93186569213867, 'persecution': 45.44091033935547, 'disability': 43.874114990234375, 'legal': 43.82500457763672, 'qualification': 43.29621887207031, 'jurisdiction': 42.0366096496582, 'registration': 41.738887786865234, 'regulation': 40.19966125488281, 'refugees': 33.98501968383789, 'ban': 32.5144157409668, 'claimed': 32.509605407714844, 'appointment': 31.06020736694336, 'rights': 29.874893188476562, 'protection': 25.767105102539062, 'inmate': 22.7263126373291, 'visa': 22.01372528076172, 'court': 21.313074111938477, 'duty': 20.74359893798828, 'agency': 20.545549392700195, 'threat': 19.69865608215332, 'law': 19.399736404418945, 'discrimination': 18.35834312438965, ')': 17.843687057495117, 'alleged': 17.810102462768555, 'case': 15.500174522399902, 'fraud': 14.901286125183105, 'holder': 14.824771881103516, 'refuge': 13.745416641235352, 'and': 13.37773609161377, 'illegal': 12.181244850158691, 'violation': 11.866278648376465, 'detained': 10.437248229980469, 'restoration': 8.546725273132324, 'torture': 8.531095504760742, 'facility': 8.489020347595215, 'arrest': 7.553507328033447, 'emergency': 6.732095718383789, 'shelter': 6.047550201416016, 'custody': 5.050491809844971, 'suit': 4.690654277801514, 'lawyer': 4.602712154388428, 'sheriff': 3.8064022064208984, 'person': 3.1756751537323, 'employment': 2.6483309268951416, 'denied': 2.3174397945404053, 'bureau': 1.3933528661727905, '##iction': 0.6440478563308716}","The Court of Appeal confirmed that the First-tier Tribunal had been entitled to refuse an asylum seeker's appeal against the refusal of her claims for asylum and humanitarian protection. She had failed to establish a well-founded fear of persecution if returned to Iran on the basis of her political activities, conversion to Christianity, and the risk of domestic violence from her husband..."
0,44,4235_chunk000,77,572.8920710588112,Applicant Detention and Asylum Claims,"{'asylum': 231.01242065429688, 'detention': 217.1792755126953, 'applicant': 170.61280822753906, 'claim': 155.9637908935547, 'application': 142.39892578125, 'claims': 127.17999267578125, 'prison': 117.04942321777344, 'immigration': 115.72674560546875, 'arrested': 104.70023345947266, 'lawsuit': 100.63427734375, 'alien': 91.5473861694336, 'applicants': 85.47240447998047, 'penalty': 85.0564956665039, 'refugee': 84.33718872070312, 'deportation': 79.77300262451172, 'candidate': 74.11628723144531, 'police': 52.615577697753906, 'judge': 51.17262649536133, 'jail': 47.93186569213867, 'persecution': 45.44091033935547, 'disability': 43.874114990234375, 'legal': 43.82500457763672, 'qualification': 43.29621887207031, 'jurisdiction': 42.0366096496582, 'registration': 41.738887786865234, 'regulation': 40.19966125488281, 'refugees': 33.98501968383789, 'ban': 32.5144157409668, 'claimed': 32.509605407714844, 'appointment': 31.06020736694336, 'rights': 29.874893188476562, 'protection': 25.767105102539062, 'inmate': 22.7263126373291, 'visa': 22.01372528076172, 'court': 21.313074111938477, 'duty': 20.74359893798828, 'agency': 20.545549392700195, 'threat': 19.69865608215332, 'law': 19.399736404418945, 'discrimination': 18.35834312438965, ')': 17.843687057495117, 'alleged': 17.810102462768555, 'case': 15.500174522399902, 'fraud': 14.901286125183105, 'holder': 14.824771881103516, 'refuge': 13.745416641235352, 'and': 13.37773609161377, 'illegal': 12.181244850158691, 'violation': 11.866278648376465, 'detained': 10.437248229980469, 'restoration': 8.546725273132324, 'torture': 8.531095504760742, 'facility': 8.489020347595215, 'arrest': 7.553507328033447, 'emergency': 6.732095718383789, 'shelter': 6.047550201416016, 'custody': 5.050491809844971, 'suit': 4.690654277801514, 'lawyer': 4.602712154388428, 'sheriff': 3.8064022064208984, 'person': 3.1756751537323, 'employment': 2.6483309268951416, 'denied': 2.3174397945404053, 'bureau': 1.3933528661727905, '##iction': 0.6440478563308716}","The case concerned two Iranian applicant, a father and his minor child, who entered the Röszke transit zone and applied for asylum on 5 December 2018. The asylum authority rejected the application as inadmissible and considered that Serbia was a safe third country where the applicants should have requested asylum. The decision was confirmed in court."
0,314,577_chunk000,78,569.8302703039502,Applicant Detention and Asylum Claims,"{'asylum': 231.01242065429688, 'detention': 217.1792755126953, 'applicant': 170.61280822753906, 'claim': 155.9637908935547, 'application': 142.39892578125, 'claims': 127.17999267578125, 'prison': 117.04942321777344, 'immigration': 115.72674560546875, 'arrested': 104.70023345947266, 'lawsuit': 100.63427734375, 'alien': 91.5473861694336, 'applicants': 85.47240447998047, 'penalty': 85.0564956665039, 'refugee': 84.33718872070312, 'deportation': 79.77300262451172, 'candidate': 74.11628723144531, 'police': 52.615577697753906, 'judge': 51.17262649536133, 'jail': 47.93186569213867, 'persecution': 45.44091033935547, 'disability': 43.874114990234375, 'legal': 43.82500457763672, 'qualification': 43.29621887207031, 'jurisdiction': 42.0366096496582, 'registration': 41.738887786865234, 'regulation': 40.19966125488281, 'refugees': 33.98501968383789, 'ban': 32.5144157409668, 'claimed': 32.509605407714844, 'appointment': 31.06020736694336, 'rights': 29.874893188476562, 'protection': 25.767105102539062, 'inmate': 22.7263126373291, 'visa': 22.01372528076172, 'court': 21.313074111938477, 'duty': 20.74359893798828, 'agency': 20.545549392700195, 'threat': 19.69865608215332, 'law': 19.399736404418945, 'discrimination': 18.35834312438965, ')': 17.843687057495117, 'alleged': 17.810102462768555, 'case': 15.500174522399902, 'fraud': 14.901286125183105, 'holder': 14.824771881103516, 'refuge': 13.745416641235352, 'and': 13.37773609161377, 'illegal': 12.181244850158691, 'violation': 11.866278648376465, 'detained': 10.437248229980469, 'restoration': 8.546725273132324, 'torture': 8.531095504760742, 'facility': 8.489020347595215, 'arrest': 7.553507328033447, 'emergency': 6.732095718383789, 'shelter': 6.047550201416016, 'custody': 5.050491809844971, 'suit': 4.690654277801514, 'lawyer': 4.602712154388428, 'sheriff': 3.8064022064208984, 'person': 3.1756751537323, 'employment': 2.6483309268951416, 'denied': 2.3174397945404053, 'bureau': 1.3933528661727905, '##iction': 0.6440478563308716}","This case concerns the validity of asylum application in accordance with § 29 para. 1 no. 5 i. V. m. Section 71a (1) Asylum Act, in accordance with Section 31 (3) Sentence 1 AsylG. It also refers to the examination of a prohibition on removal according to § 60 Abs. 5 AufenthG i. V. m."
0,396,119_chunk000,79,569.2868694320119,Applicant Detention and Asylum Claims,"{'asylum': 231.01242065429688, 'detention': 217.1792755126953, 'applicant': 170.61280822753906, 'claim': 155.9637908935547, 'application': 142.39892578125, 'claims': 127.17999267578125, 'prison': 117.04942321777344, 'immigration': 115.72674560546875, 'arrested': 104.70023345947266, 'lawsuit': 100.63427734375, 'alien': 91.5473861694336, 'applicants': 85.47240447998047, 'penalty': 85.0564956665039, 'refugee': 84.33718872070312, 'deportation': 79.77300262451172, 'candidate': 74.11628723144531, 'police': 52.615577697753906, 'judge': 51.17262649536133, 'jail': 47.93186569213867, 'persecution': 45.44091033935547, 'disability': 43.874114990234375, 'legal': 43.82500457763672, 'qualification': 43.29621887207031, 'jurisdiction': 42.0366096496582, 'registration': 41.738887786865234, 'regulation': 40.19966125488281, 'refugees': 33.98501968383789, 'ban': 32.5144157409668, 'claimed': 32.509605407714844, 'appointment': 31.06020736694336, 'rights': 29.874893188476562, 'protection': 25.767105102539062, 'inmate': 22.7263126373291, 'visa': 22.01372528076172, 'court': 21.313074111938477, 'duty': 20.74359893798828, 'agency': 20.545549392700195, 'threat': 19.69865608215332, 'law': 19.399736404418945, 'discrimination': 18.35834312438965, ')': 17.843687057495117, 'alleged': 17.810102462768555, 'case': 15.500174522399902, 'fraud': 14.901286125183105, 'holder': 14.824771881103516, 'refuge': 13.745416641235352, 'and': 13.37773609161377, 'illegal': 12.181244850158691, 'violation': 11.866278648376465, 'detained': 10.437248229980469, 'restoration': 8.546725273132324, 'torture': 8.531095504760742, 'facility': 8.489020347595215, 'arrest': 7.553507328033447, 'emergency': 6.732095718383789, 'shelter': 6.047550201416016, 'custody': 5.050491809844971, 'suit': 4.690654277801514, 'lawyer': 4.602712154388428, 'sheriff': 3.8064022064208984, 'person': 3.1756751537323, 'employment': 2.6483309268951416, 'denied': 2.3174397945404053, 'bureau': 1.3933528661727905, '##iction': 0.6440478563308716}",The case concerns the request to extend international protection to the parents of the applicant (Syrian father and a Palestinian mother) who was granted refugee status in Spain. Spanish authorities rejected the case as they considered that the dependency criteria requested by the Asylum Law in cases of family reunification of ascendants was not accredit in this case.
0,501,4707_chunk000,80,568.2231691645705,Applicant Detention and Asylum Claims,"{'asylum': 231.01242065429688, 'detention': 217.1792755126953, 'applicant': 170.61280822753906, 'claim': 155.9637908935547, 'application': 142.39892578125, 'claims': 127.17999267578125, 'prison': 117.04942321777344, 'immigration': 115.72674560546875, 'arrested': 104.70023345947266, 'lawsuit': 100.63427734375, 'alien': 91.5473861694336, 'applicants': 85.47240447998047, 'penalty': 85.0564956665039, 'refugee': 84.33718872070312, 'deportation': 79.77300262451172, 'candidate': 74.11628723144531, 'police': 52.615577697753906, 'judge': 51.17262649536133, 'jail': 47.93186569213867, 'persecution': 45.44091033935547, 'disability': 43.874114990234375, 'legal': 43.82500457763672, 'qualification': 43.29621887207031, 'jurisdiction': 42.0366096496582, 'registration': 41.738887786865234, 'regulation': 40.19966125488281, 'refugees': 33.98501968383789, 'ban': 32.5144157409668, 'claimed': 32.509605407714844, 'appointment': 31.06020736694336, 'rights': 29.874893188476562, 'protection': 25.767105102539062, 'inmate': 22.7263126373291, 'visa': 22.01372528076172, 'court': 21.313074111938477, 'duty': 20.74359893798828, 'agency': 20.545549392700195, 'threat': 19.69865608215332, 'law': 19.399736404418945, 'discrimination': 18.35834312438965, ')': 17.843687057495117, 'alleged': 17.810102462768555, 'case': 15.500174522399902, 'fraud': 14.901286125183105, 'holder': 14.824771881103516, 'refuge': 13.745416641235352, 'and': 13.37773609161377, 'illegal': 12.181244850158691, 'violation': 11.866278648376465, 'detained': 10.437248229980469, 'restoration': 8.546725273132324, 'torture': 8.531095504760742, 'facility': 8.489020347595215, 'arrest': 7.553507328033447, 'emergency': 6.732095718383789, 'shelter': 6.047550201416016, 'custody': 5.050491809844971, 'suit': 4.690654277801514, 'lawyer': 4.602712154388428, 'sheriff': 3.8064022064208984, 'person': 3.1756751537323, 'employment': 2.6483309268951416, 'denied': 2.3174397945404053, 'bureau': 1.3933528661727905, '##iction': 0.6440478563308716}","In A.I. v. Switzerland the Court held in particular that, on account of his political activities in exile, it was possible that the applicant had attracted the attention of the Sudanese intelligence services. It found that there were therefore reasonable grounds for believing that the applicant ran the risk of being detained, interrogated and tortured on his arrival at Khartoum Airport.

..."
0,552,218_chunk000,81,564.8009994233164,Applicant Detention and Asylum Claims,"{'asylum': 231.01242065429688, 'detention': 217.1792755126953, 'applicant': 170.61280822753906, 'claim': 155.9637908935547, 'application': 142.39892578125, 'claims': 127.17999267578125, 'prison': 117.04942321777344, 'immigration': 115.72674560546875, 'arrested': 104.70023345947266, 'lawsuit': 100.63427734375, 'alien': 91.5473861694336, 'applicants': 85.47240447998047, 'penalty': 85.0564956665039, 'refugee': 84.33718872070312, 'deportation': 79.77300262451172, 'candidate': 74.11628723144531, 'police': 52.615577697753906, 'judge': 51.17262649536133, 'jail': 47.93186569213867, 'persecution': 45.44091033935547, 'disability': 43.874114990234375, 'legal': 43.82500457763672, 'qualification': 43.29621887207031, 'jurisdiction': 42.0366096496582, 'registration': 41.738887786865234, 'regulation': 40.19966125488281, 'refugees': 33.98501968383789, 'ban': 32.5144157409668, 'claimed': 32.509605407714844, 'appointment': 31.06020736694336, 'rights': 29.874893188476562, 'protection': 25.767105102539062, 'inmate': 22.7263126373291, 'visa': 22.01372528076172, 'court': 21.313074111938477, 'duty': 20.74359893798828, 'agency': 20.545549392700195, 'threat': 19.69865608215332, 'law': 19.399736404418945, 'discrimination': 18.35834312438965, ')': 17.843687057495117, 'alleged': 17.810102462768555, 'case': 15.500174522399902, 'fraud': 14.901286125183105, 'holder': 14.824771881103516, 'refuge': 13.745416641235352, 'and': 13.37773609161377, 'illegal': 12.181244850158691, 'violation': 11.866278648376465, 'detained': 10.437248229980469, 'restoration': 8.546725273132324, 'torture': 8.531095504760742, 'facility': 8.489020347595215, 'arrest': 7.553507328033447, 'emergency': 6.732095718383789, 'shelter': 6.047550201416016, 'custody': 5.050491809844971, 'suit': 4.690654277801514, 'lawyer': 4.602712154388428, 'sheriff': 3.8064022064208984, 'person': 3.1756751537323, 'employment': 2.6483309268951416, 'denied': 2.3174397945404053, 'bureau': 1.3933528661727905, '##iction': 0.6440478563308716}","In the present case the applicant, Ms. Danqua, (Ghanaian national), made a very belated application for subsidiary protection on 8th October 2013, having first applied for refugee status in 2010 and having been refused asylum following a decision of the Refugee Appeal Tribunal in January 2011."
0,232,1090_chunk000,82,561.8879513236218,Applicant Detention and Asylum Claims,"{'asylum': 231.01242065429688, 'detention': 217.1792755126953, 'applicant': 170.61280822753906, 'claim': 155.9637908935547, 'application': 142.39892578125, 'claims': 127.17999267578125, 'prison': 117.04942321777344, 'immigration': 115.72674560546875, 'arrested': 104.70023345947266, 'lawsuit': 100.63427734375, 'alien': 91.5473861694336, 'applicants': 85.47240447998047, 'penalty': 85.0564956665039, 'refugee': 84.33718872070312, 'deportation': 79.77300262451172, 'candidate': 74.11628723144531, 'police': 52.615577697753906, 'judge': 51.17262649536133, 'jail': 47.93186569213867, 'persecution': 45.44091033935547, 'disability': 43.874114990234375, 'legal': 43.82500457763672, 'qualification': 43.29621887207031, 'jurisdiction': 42.0366096496582, 'registration': 41.738887786865234, 'regulation': 40.19966125488281, 'refugees': 33.98501968383789, 'ban': 32.5144157409668, 'claimed': 32.509605407714844, 'appointment': 31.06020736694336, 'rights': 29.874893188476562, 'protection': 25.767105102539062, 'inmate': 22.7263126373291, 'visa': 22.01372528076172, 'court': 21.313074111938477, 'duty': 20.74359893798828, 'agency': 20.545549392700195, 'threat': 19.69865608215332, 'law': 19.399736404418945, 'discrimination': 18.35834312438965, ')': 17.843687057495117, 'alleged': 17.810102462768555, 'case': 15.500174522399902, 'fraud': 14.901286125183105, 'holder': 14.824771881103516, 'refuge': 13.745416641235352, 'and': 13.37773609161377, 'illegal': 12.181244850158691, 'violation': 11.866278648376465, 'detained': 10.437248229980469, 'restoration': 8.546725273132324, 'torture': 8.531095504760742, 'facility': 8.489020347595215, 'arrest': 7.553507328033447, 'emergency': 6.732095718383789, 'shelter': 6.047550201416016, 'custody': 5.050491809844971, 'suit': 4.690654277801514, 'lawyer': 4.602712154388428, 'sheriff': 3.8064022064208984, 'person': 3.1756751537323, 'employment': 2.6483309268951416, 'denied': 2.3174397945404053, 'bureau': 1.3933528661727905, '##iction': 0.6440478563308716}","The applicant, a Nigerian national, requested international protection after entering Austria on 21 September 2015. This application was rejected by decision of the Federal Office for Aliens and Asylum (BFA) on 31 October 2017. A return decision was issued against the applicant and it was not contested."
0,393,108_chunk001,83,560.8187580744848,Applicant Detention and Asylum Claims,"{'asylum': 231.01242065429688, 'detention': 217.1792755126953, 'applicant': 170.61280822753906, 'claim': 155.9637908935547, 'application': 142.39892578125, 'claims': 127.17999267578125, 'prison': 117.04942321777344, 'immigration': 115.72674560546875, 'arrested': 104.70023345947266, 'lawsuit': 100.63427734375, 'alien': 91.5473861694336, 'applicants': 85.47240447998047, 'penalty': 85.0564956665039, 'refugee': 84.33718872070312, 'deportation': 79.77300262451172, 'candidate': 74.11628723144531, 'police': 52.615577697753906, 'judge': 51.17262649536133, 'jail': 47.93186569213867, 'persecution': 45.44091033935547, 'disability': 43.874114990234375, 'legal': 43.82500457763672, 'qualification': 43.29621887207031, 'jurisdiction': 42.0366096496582, 'registration': 41.738887786865234, 'regulation': 40.19966125488281, 'refugees': 33.98501968383789, 'ban': 32.5144157409668, 'claimed': 32.509605407714844, 'appointment': 31.06020736694336, 'rights': 29.874893188476562, 'protection': 25.767105102539062, 'inmate': 22.7263126373291, 'visa': 22.01372528076172, 'court': 21.313074111938477, 'duty': 20.74359893798828, 'agency': 20.545549392700195, 'threat': 19.69865608215332, 'law': 19.399736404418945, 'discrimination': 18.35834312438965, ')': 17.843687057495117, 'alleged': 17.810102462768555, 'case': 15.500174522399902, 'fraud': 14.901286125183105, 'holder': 14.824771881103516, 'refuge': 13.745416641235352, 'and': 13.37773609161377, 'illegal': 12.181244850158691, 'violation': 11.866278648376465, 'detained': 10.437248229980469, 'restoration': 8.546725273132324, 'torture': 8.531095504760742, 'facility': 8.489020347595215, 'arrest': 7.553507328033447, 'emergency': 6.732095718383789, 'shelter': 6.047550201416016, 'custody': 5.050491809844971, 'suit': 4.690654277801514, 'lawyer': 4.602712154388428, 'sheriff': 3.8064022064208984, 'person': 3.1756751537323, 'employment': 2.6483309268951416, 'denied': 2.3174397945404053, 'bureau': 1.3933528661727905, '##iction': 0.6440478563308716}",The applicant subsequently lodged a request for his asylum application to be reconsidered followed by an application for temporary admission on...
0,491,56_chunk001,84,560.5688497502912,Applicant Detention and Asylum Claims,"{'asylum': 231.01242065429688, 'detention': 217.1792755126953, 'applicant': 170.61280822753906, 'claim': 155.9637908935547, 'application': 142.39892578125, 'claims': 127.17999267578125, 'prison': 117.04942321777344, 'immigration': 115.72674560546875, 'arrested': 104.70023345947266, 'lawsuit': 100.63427734375, 'alien': 91.5473861694336, 'applicants': 85.47240447998047, 'penalty': 85.0564956665039, 'refugee': 84.33718872070312, 'deportation': 79.77300262451172, 'candidate': 74.11628723144531, 'police': 52.615577697753906, 'judge': 51.17262649536133, 'jail': 47.93186569213867, 'persecution': 45.44091033935547, 'disability': 43.874114990234375, 'legal': 43.82500457763672, 'qualification': 43.29621887207031, 'jurisdiction': 42.0366096496582, 'registration': 41.738887786865234, 'regulation': 40.19966125488281, 'refugees': 33.98501968383789, 'ban': 32.5144157409668, 'claimed': 32.509605407714844, 'appointment': 31.06020736694336, 'rights': 29.874893188476562, 'protection': 25.767105102539062, 'inmate': 22.7263126373291, 'visa': 22.01372528076172, 'court': 21.313074111938477, 'duty': 20.74359893798828, 'agency': 20.545549392700195, 'threat': 19.69865608215332, 'law': 19.399736404418945, 'discrimination': 18.35834312438965, ')': 17.843687057495117, 'alleged': 17.810102462768555, 'case': 15.500174522399902, 'fraud': 14.901286125183105, 'holder': 14.824771881103516, 'refuge': 13.745416641235352, 'and': 13.37773609161377, 'illegal': 12.181244850158691, 'violation': 11.866278648376465, 'detained': 10.437248229980469, 'restoration': 8.546725273132324, 'torture': 8.531095504760742, 'facility': 8.489020347595215, 'arrest': 7.553507328033447, 'emergency': 6.732095718383789, 'shelter': 6.047550201416016, 'custody': 5.050491809844971, 'suit': 4.690654277801514, 'lawyer': 4.602712154388428, 'sheriff': 3.8064022064208984, 'person': 3.1756751537323, 'employment': 2.6483309268951416, 'denied': 2.3174397945404053, 'bureau': 1.3933528661727905, '##iction': 0.6440478563308716}","The applicants claimed asylum in Ireland on 16 December 2014, and completed their asylum application questionnaires on 26 December 2014. An information request by the Office of the Refugee Applications..."
0,447,129_chunk000,85,555.4262563613408,Applicant Detention and Asylum Claims,"{'asylum': 231.01242065429688, 'detention': 217.1792755126953, 'applicant': 170.61280822753906, 'claim': 155.9637908935547, 'application': 142.39892578125, 'claims': 127.17999267578125, 'prison': 117.04942321777344, 'immigration': 115.72674560546875, 'arrested': 104.70023345947266, 'lawsuit': 100.63427734375, 'alien': 91.5473861694336, 'applicants': 85.47240447998047, 'penalty': 85.0564956665039, 'refugee': 84.33718872070312, 'deportation': 79.77300262451172, 'candidate': 74.11628723144531, 'police': 52.615577697753906, 'judge': 51.17262649536133, 'jail': 47.93186569213867, 'persecution': 45.44091033935547, 'disability': 43.874114990234375, 'legal': 43.82500457763672, 'qualification': 43.29621887207031, 'jurisdiction': 42.0366096496582, 'registration': 41.738887786865234, 'regulation': 40.19966125488281, 'refugees': 33.98501968383789, 'ban': 32.5144157409668, 'claimed': 32.509605407714844, 'appointment': 31.06020736694336, 'rights': 29.874893188476562, 'protection': 25.767105102539062, 'inmate': 22.7263126373291, 'visa': 22.01372528076172, 'court': 21.313074111938477, 'duty': 20.74359893798828, 'agency': 20.545549392700195, 'threat': 19.69865608215332, 'law': 19.399736404418945, 'discrimination': 18.35834312438965, ')': 17.843687057495117, 'alleged': 17.810102462768555, 'case': 15.500174522399902, 'fraud': 14.901286125183105, 'holder': 14.824771881103516, 'refuge': 13.745416641235352, 'and': 13.37773609161377, 'illegal': 12.181244850158691, 'violation': 11.866278648376465, 'detained': 10.437248229980469, 'restoration': 8.546725273132324, 'torture': 8.531095504760742, 'facility': 8.489020347595215, 'arrest': 7.553507328033447, 'emergency': 6.732095718383789, 'shelter': 6.047550201416016, 'custody': 5.050491809844971, 'suit': 4.690654277801514, 'lawyer': 4.602712154388428, 'sheriff': 3.8064022064208984, 'person': 3.1756751537323, 'employment': 2.6483309268951416, 'denied': 2.3174397945404053, 'bureau': 1.3933528661727905, '##iction': 0.6440478563308716}","In the absence of legally binding criteria to assess risk of absconding, applicants may not be detained while waiting for a transfer under the Dublin Regulation.

..."
0,35,4231_chunk001,86,554.9900360336037,Applicant Detention and Asylum Claims,"{'asylum': 231.01242065429688, 'detention': 217.1792755126953, 'applicant': 170.61280822753906, 'claim': 155.9637908935547, 'application': 142.39892578125, 'claims': 127.17999267578125, 'prison': 117.04942321777344, 'immigration': 115.72674560546875, 'arrested': 104.70023345947266, 'lawsuit': 100.63427734375, 'alien': 91.5473861694336, 'applicants': 85.47240447998047, 'penalty': 85.0564956665039, 'refugee': 84.33718872070312, 'deportation': 79.77300262451172, 'candidate': 74.11628723144531, 'police': 52.615577697753906, 'judge': 51.17262649536133, 'jail': 47.93186569213867, 'persecution': 45.44091033935547, 'disability': 43.874114990234375, 'legal': 43.82500457763672, 'qualification': 43.29621887207031, 'jurisdiction': 42.0366096496582, 'registration': 41.738887786865234, 'regulation': 40.19966125488281, 'refugees': 33.98501968383789, 'ban': 32.5144157409668, 'claimed': 32.509605407714844, 'appointment': 31.06020736694336, 'rights': 29.874893188476562, 'protection': 25.767105102539062, 'inmate': 22.7263126373291, 'visa': 22.01372528076172, 'court': 21.313074111938477, 'duty': 20.74359893798828, 'agency': 20.545549392700195, 'threat': 19.69865608215332, 'law': 19.399736404418945, 'discrimination': 18.35834312438965, ')': 17.843687057495117, 'alleged': 17.810102462768555, 'case': 15.500174522399902, 'fraud': 14.901286125183105, 'holder': 14.824771881103516, 'refuge': 13.745416641235352, 'and': 13.37773609161377, 'illegal': 12.181244850158691, 'violation': 11.866278648376465, 'detained': 10.437248229980469, 'restoration': 8.546725273132324, 'torture': 8.531095504760742, 'facility': 8.489020347595215, 'arrest': 7.553507328033447, 'emergency': 6.732095718383789, 'shelter': 6.047550201416016, 'custody': 5.050491809844971, 'suit': 4.690654277801514, 'lawyer': 4.602712154388428, 'sheriff': 3.8064022064208984, 'person': 3.1756751537323, 'employment': 2.6483309268951416, 'denied': 2.3174397945404053, 'bureau': 1.3933528661727905, '##iction': 0.6440478563308716}","In fact, the State Secretary rejected as inadmissible the first asylum application and did not process it on the merits because it determined that Germany was the Member State responsible to process it, according to the Dublin III Regulation. Since the time limit to transfer the applicant to Germany..."
0,168,981_chunk001,87,554.2029104703421,Applicant Detention and Asylum Claims,"{'asylum': 231.01242065429688, 'detention': 217.1792755126953, 'applicant': 170.61280822753906, 'claim': 155.9637908935547, 'application': 142.39892578125, 'claims': 127.17999267578125, 'prison': 117.04942321777344, 'immigration': 115.72674560546875, 'arrested': 104.70023345947266, 'lawsuit': 100.63427734375, 'alien': 91.5473861694336, 'applicants': 85.47240447998047, 'penalty': 85.0564956665039, 'refugee': 84.33718872070312, 'deportation': 79.77300262451172, 'candidate': 74.11628723144531, 'police': 52.615577697753906, 'judge': 51.17262649536133, 'jail': 47.93186569213867, 'persecution': 45.44091033935547, 'disability': 43.874114990234375, 'legal': 43.82500457763672, 'qualification': 43.29621887207031, 'jurisdiction': 42.0366096496582, 'registration': 41.738887786865234, 'regulation': 40.19966125488281, 'refugees': 33.98501968383789, 'ban': 32.5144157409668, 'claimed': 32.509605407714844, 'appointment': 31.06020736694336, 'rights': 29.874893188476562, 'protection': 25.767105102539062, 'inmate': 22.7263126373291, 'visa': 22.01372528076172, 'court': 21.313074111938477, 'duty': 20.74359893798828, 'agency': 20.545549392700195, 'threat': 19.69865608215332, 'law': 19.399736404418945, 'discrimination': 18.35834312438965, ')': 17.843687057495117, 'alleged': 17.810102462768555, 'case': 15.500174522399902, 'fraud': 14.901286125183105, 'holder': 14.824771881103516, 'refuge': 13.745416641235352, 'and': 13.37773609161377, 'illegal': 12.181244850158691, 'violation': 11.866278648376465, 'detained': 10.437248229980469, 'restoration': 8.546725273132324, 'torture': 8.531095504760742, 'facility': 8.489020347595215, 'arrest': 7.553507328033447, 'emergency': 6.732095718383789, 'shelter': 6.047550201416016, 'custody': 5.050491809844971, 'suit': 4.690654277801514, 'lawyer': 4.602712154388428, 'sheriff': 3.8064022064208984, 'person': 3.1756751537323, 'employment': 2.6483309268951416, 'denied': 2.3174397945404053, 'bureau': 1.3933528661727905, '##iction': 0.6440478563308716}","Upon appeal, the applicant argued that he is a Palestinian refugee, and that he is eligible of UNRWA protection despite not having been registered with and not having received material assistance from UNRWA or lived in its area of operation. The applicant claimed to fall within the personal scope of Article 1D..."
0,149,1647_chunk000,88,552.7639982700324,Applicant Detention and Asylum Claims,"{'asylum': 231.01242065429688, 'detention': 217.1792755126953, 'applicant': 170.61280822753906, 'claim': 155.9637908935547, 'application': 142.39892578125, 'claims': 127.17999267578125, 'prison': 117.04942321777344, 'immigration': 115.72674560546875, 'arrested': 104.70023345947266, 'lawsuit': 100.63427734375, 'alien': 91.5473861694336, 'applicants': 85.47240447998047, 'penalty': 85.0564956665039, 'refugee': 84.33718872070312, 'deportation': 79.77300262451172, 'candidate': 74.11628723144531, 'police': 52.615577697753906, 'judge': 51.17262649536133, 'jail': 47.93186569213867, 'persecution': 45.44091033935547, 'disability': 43.874114990234375, 'legal': 43.82500457763672, 'qualification': 43.29621887207031, 'jurisdiction': 42.0366096496582, 'registration': 41.738887786865234, 'regulation': 40.19966125488281, 'refugees': 33.98501968383789, 'ban': 32.5144157409668, 'claimed': 32.509605407714844, 'appointment': 31.06020736694336, 'rights': 29.874893188476562, 'protection': 25.767105102539062, 'inmate': 22.7263126373291, 'visa': 22.01372528076172, 'court': 21.313074111938477, 'duty': 20.74359893798828, 'agency': 20.545549392700195, 'threat': 19.69865608215332, 'law': 19.399736404418945, 'discrimination': 18.35834312438965, ')': 17.843687057495117, 'alleged': 17.810102462768555, 'case': 15.500174522399902, 'fraud': 14.901286125183105, 'holder': 14.824771881103516, 'refuge': 13.745416641235352, 'and': 13.37773609161377, 'illegal': 12.181244850158691, 'violation': 11.866278648376465, 'detained': 10.437248229980469, 'restoration': 8.546725273132324, 'torture': 8.531095504760742, 'facility': 8.489020347595215, 'arrest': 7.553507328033447, 'emergency': 6.732095718383789, 'shelter': 6.047550201416016, 'custody': 5.050491809844971, 'suit': 4.690654277801514, 'lawyer': 4.602712154388428, 'sheriff': 3.8064022064208984, 'person': 3.1756751537323, 'employment': 2.6483309268951416, 'denied': 2.3174397945404053, 'bureau': 1.3933528661727905, '##iction': 0.6440478563308716}","MM and F, nationals of Pakistan, applied for international protection on 4 October 2015, but it was rejected  and the Federal Administrative Court confirmed it by decision of 22 October 2018, jointly with the issuance of a return order against the applicants. A subsequent application was submitted from detention centre by the second applicant, on 3 March 2020."
0,502,209_chunk000,89,552.6043202759215,Applicant Detention and Asylum Claims,"{'asylum': 231.01242065429688, 'detention': 217.1792755126953, 'applicant': 170.61280822753906, 'claim': 155.9637908935547, 'application': 142.39892578125, 'claims': 127.17999267578125, 'prison': 117.04942321777344, 'immigration': 115.72674560546875, 'arrested': 104.70023345947266, 'lawsuit': 100.63427734375, 'alien': 91.5473861694336, 'applicants': 85.47240447998047, 'penalty': 85.0564956665039, 'refugee': 84.33718872070312, 'deportation': 79.77300262451172, 'candidate': 74.11628723144531, 'police': 52.615577697753906, 'judge': 51.17262649536133, 'jail': 47.93186569213867, 'persecution': 45.44091033935547, 'disability': 43.874114990234375, 'legal': 43.82500457763672, 'qualification': 43.29621887207031, 'jurisdiction': 42.0366096496582, 'registration': 41.738887786865234, 'regulation': 40.19966125488281, 'refugees': 33.98501968383789, 'ban': 32.5144157409668, 'claimed': 32.509605407714844, 'appointment': 31.06020736694336, 'rights': 29.874893188476562, 'protection': 25.767105102539062, 'inmate': 22.7263126373291, 'visa': 22.01372528076172, 'court': 21.313074111938477, 'duty': 20.74359893798828, 'agency': 20.545549392700195, 'threat': 19.69865608215332, 'law': 19.399736404418945, 'discrimination': 18.35834312438965, ')': 17.843687057495117, 'alleged': 17.810102462768555, 'case': 15.500174522399902, 'fraud': 14.901286125183105, 'holder': 14.824771881103516, 'refuge': 13.745416641235352, 'and': 13.37773609161377, 'illegal': 12.181244850158691, 'violation': 11.866278648376465, 'detained': 10.437248229980469, 'restoration': 8.546725273132324, 'torture': 8.531095504760742, 'facility': 8.489020347595215, 'arrest': 7.553507328033447, 'emergency': 6.732095718383789, 'shelter': 6.047550201416016, 'custody': 5.050491809844971, 'suit': 4.690654277801514, 'lawyer': 4.602712154388428, 'sheriff': 3.8064022064208984, 'person': 3.1756751537323, 'employment': 2.6483309268951416, 'denied': 2.3174397945404053, 'bureau': 1.3933528661727905, '##iction': 0.6440478563308716}","In this case, the applicant applied for asylum in his city of residence, Ceuta, and his application was admitted. At that point the Spanish authorities issued him the corresponding identity document valid for the entire national territory and until the resolution of his asylum application."
0,121,3232_chunk001,90,550.3330661730955,Applicant Detention and Asylum Claims,"{'asylum': 231.01242065429688, 'detention': 217.1792755126953, 'applicant': 170.61280822753906, 'claim': 155.9637908935547, 'application': 142.39892578125, 'claims': 127.17999267578125, 'prison': 117.04942321777344, 'immigration': 115.72674560546875, 'arrested': 104.70023345947266, 'lawsuit': 100.63427734375, 'alien': 91.5473861694336, 'applicants': 85.47240447998047, 'penalty': 85.0564956665039, 'refugee': 84.33718872070312, 'deportation': 79.77300262451172, 'candidate': 74.11628723144531, 'police': 52.615577697753906, 'judge': 51.17262649536133, 'jail': 47.93186569213867, 'persecution': 45.44091033935547, 'disability': 43.874114990234375, 'legal': 43.82500457763672, 'qualification': 43.29621887207031, 'jurisdiction': 42.0366096496582, 'registration': 41.738887786865234, 'regulation': 40.19966125488281, 'refugees': 33.98501968383789, 'ban': 32.5144157409668, 'claimed': 32.509605407714844, 'appointment': 31.06020736694336, 'rights': 29.874893188476562, 'protection': 25.767105102539062, 'inmate': 22.7263126373291, 'visa': 22.01372528076172, 'court': 21.313074111938477, 'duty': 20.74359893798828, 'agency': 20.545549392700195, 'threat': 19.69865608215332, 'law': 19.399736404418945, 'discrimination': 18.35834312438965, ')': 17.843687057495117, 'alleged': 17.810102462768555, 'case': 15.500174522399902, 'fraud': 14.901286125183105, 'holder': 14.824771881103516, 'refuge': 13.745416641235352, 'and': 13.37773609161377, 'illegal': 12.181244850158691, 'violation': 11.866278648376465, 'detained': 10.437248229980469, 'restoration': 8.546725273132324, 'torture': 8.531095504760742, 'facility': 8.489020347595215, 'arrest': 7.553507328033447, 'emergency': 6.732095718383789, 'shelter': 6.047550201416016, 'custody': 5.050491809844971, 'suit': 4.690654277801514, 'lawyer': 4.602712154388428, 'sheriff': 3.8064022064208984, 'person': 3.1756751537323, 'employment': 2.6483309268951416, 'denied': 2.3174397945404053, 'bureau': 1.3933528661727905, '##iction': 0.6440478563308716}","This provision authorised access to the labour market to applicants who did not receive a decision from OFPRA within six months from their application, due to circumstances beyond their control, excluding Dublin applicants awaiting for their transfer to the Member State responsible to examine their asylum..."
0,540,173_chunk000,91,548.3998918482397,Applicant Detention and Asylum Claims,"{'asylum': 231.01242065429688, 'detention': 217.1792755126953, 'applicant': 170.61280822753906, 'claim': 155.9637908935547, 'application': 142.39892578125, 'claims': 127.17999267578125, 'prison': 117.04942321777344, 'immigration': 115.72674560546875, 'arrested': 104.70023345947266, 'lawsuit': 100.63427734375, 'alien': 91.5473861694336, 'applicants': 85.47240447998047, 'penalty': 85.0564956665039, 'refugee': 84.33718872070312, 'deportation': 79.77300262451172, 'candidate': 74.11628723144531, 'police': 52.615577697753906, 'judge': 51.17262649536133, 'jail': 47.93186569213867, 'persecution': 45.44091033935547, 'disability': 43.874114990234375, 'legal': 43.82500457763672, 'qualification': 43.29621887207031, 'jurisdiction': 42.0366096496582, 'registration': 41.738887786865234, 'regulation': 40.19966125488281, 'refugees': 33.98501968383789, 'ban': 32.5144157409668, 'claimed': 32.509605407714844, 'appointment': 31.06020736694336, 'rights': 29.874893188476562, 'protection': 25.767105102539062, 'inmate': 22.7263126373291, 'visa': 22.01372528076172, 'court': 21.313074111938477, 'duty': 20.74359893798828, 'agency': 20.545549392700195, 'threat': 19.69865608215332, 'law': 19.399736404418945, 'discrimination': 18.35834312438965, ')': 17.843687057495117, 'alleged': 17.810102462768555, 'case': 15.500174522399902, 'fraud': 14.901286125183105, 'holder': 14.824771881103516, 'refuge': 13.745416641235352, 'and': 13.37773609161377, 'illegal': 12.181244850158691, 'violation': 11.866278648376465, 'detained': 10.437248229980469, 'restoration': 8.546725273132324, 'torture': 8.531095504760742, 'facility': 8.489020347595215, 'arrest': 7.553507328033447, 'emergency': 6.732095718383789, 'shelter': 6.047550201416016, 'custody': 5.050491809844971, 'suit': 4.690654277801514, 'lawyer': 4.602712154388428, 'sheriff': 3.8064022064208984, 'person': 3.1756751537323, 'employment': 2.6483309268951416, 'denied': 2.3174397945404053, 'bureau': 1.3933528661727905, '##iction': 0.6440478563308716}","A Sri Lankan national's appeal against the refusal of his asylum claim based on his membership of proscribed groups and participation in political demonstrations was allowed. The First-tier Tribunal and Upper Tribunal had not been referred to 2014 Home Office policy guidance entitled ""Tamil Separatism"" which was material to the decision and might realistically have affected the outcome...."
0,199,938_chunk000,92,545.9574113982383,Applicant Detention and Asylum Claims,"{'asylum': 231.01242065429688, 'detention': 217.1792755126953, 'applicant': 170.61280822753906, 'claim': 155.9637908935547, 'application': 142.39892578125, 'claims': 127.17999267578125, 'prison': 117.04942321777344, 'immigration': 115.72674560546875, 'arrested': 104.70023345947266, 'lawsuit': 100.63427734375, 'alien': 91.5473861694336, 'applicants': 85.47240447998047, 'penalty': 85.0564956665039, 'refugee': 84.33718872070312, 'deportation': 79.77300262451172, 'candidate': 74.11628723144531, 'police': 52.615577697753906, 'judge': 51.17262649536133, 'jail': 47.93186569213867, 'persecution': 45.44091033935547, 'disability': 43.874114990234375, 'legal': 43.82500457763672, 'qualification': 43.29621887207031, 'jurisdiction': 42.0366096496582, 'registration': 41.738887786865234, 'regulation': 40.19966125488281, 'refugees': 33.98501968383789, 'ban': 32.5144157409668, 'claimed': 32.509605407714844, 'appointment': 31.06020736694336, 'rights': 29.874893188476562, 'protection': 25.767105102539062, 'inmate': 22.7263126373291, 'visa': 22.01372528076172, 'court': 21.313074111938477, 'duty': 20.74359893798828, 'agency': 20.545549392700195, 'threat': 19.69865608215332, 'law': 19.399736404418945, 'discrimination': 18.35834312438965, ')': 17.843687057495117, 'alleged': 17.810102462768555, 'case': 15.500174522399902, 'fraud': 14.901286125183105, 'holder': 14.824771881103516, 'refuge': 13.745416641235352, 'and': 13.37773609161377, 'illegal': 12.181244850158691, 'violation': 11.866278648376465, 'detained': 10.437248229980469, 'restoration': 8.546725273132324, 'torture': 8.531095504760742, 'facility': 8.489020347595215, 'arrest': 7.553507328033447, 'emergency': 6.732095718383789, 'shelter': 6.047550201416016, 'custody': 5.050491809844971, 'suit': 4.690654277801514, 'lawyer': 4.602712154388428, 'sheriff': 3.8064022064208984, 'person': 3.1756751537323, 'employment': 2.6483309268951416, 'denied': 2.3174397945404053, 'bureau': 1.3933528661727905, '##iction': 0.6440478563308716}",IThe foreign national has submitted a subsequent asylum application. The decision on that application was taken on behalf of the State Secretary by the employee of the Immigration and Naturalization Service (hereinafter: the IND) who heard the alien and also issued the intention.
0,305,554_chunk000,93,543.3855473641395,Applicant Detention and Asylum Claims,"{'asylum': 231.01242065429688, 'detention': 217.1792755126953, 'applicant': 170.61280822753906, 'claim': 155.9637908935547, 'application': 142.39892578125, 'claims': 127.17999267578125, 'prison': 117.04942321777344, 'immigration': 115.72674560546875, 'arrested': 104.70023345947266, 'lawsuit': 100.63427734375, 'alien': 91.5473861694336, 'applicants': 85.47240447998047, 'penalty': 85.0564956665039, 'refugee': 84.33718872070312, 'deportation': 79.77300262451172, 'candidate': 74.11628723144531, 'police': 52.615577697753906, 'judge': 51.17262649536133, 'jail': 47.93186569213867, 'persecution': 45.44091033935547, 'disability': 43.874114990234375, 'legal': 43.82500457763672, 'qualification': 43.29621887207031, 'jurisdiction': 42.0366096496582, 'registration': 41.738887786865234, 'regulation': 40.19966125488281, 'refugees': 33.98501968383789, 'ban': 32.5144157409668, 'claimed': 32.509605407714844, 'appointment': 31.06020736694336, 'rights': 29.874893188476562, 'protection': 25.767105102539062, 'inmate': 22.7263126373291, 'visa': 22.01372528076172, 'court': 21.313074111938477, 'duty': 20.74359893798828, 'agency': 20.545549392700195, 'threat': 19.69865608215332, 'law': 19.399736404418945, 'discrimination': 18.35834312438965, ')': 17.843687057495117, 'alleged': 17.810102462768555, 'case': 15.500174522399902, 'fraud': 14.901286125183105, 'holder': 14.824771881103516, 'refuge': 13.745416641235352, 'and': 13.37773609161377, 'illegal': 12.181244850158691, 'violation': 11.866278648376465, 'detained': 10.437248229980469, 'restoration': 8.546725273132324, 'torture': 8.531095504760742, 'facility': 8.489020347595215, 'arrest': 7.553507328033447, 'emergency': 6.732095718383789, 'shelter': 6.047550201416016, 'custody': 5.050491809844971, 'suit': 4.690654277801514, 'lawyer': 4.602712154388428, 'sheriff': 3.8064022064208984, 'person': 3.1756751537323, 'employment': 2.6483309268951416, 'denied': 2.3174397945404053, 'bureau': 1.3933528661727905, '##iction': 0.6440478563308716}","Appeal against case no. 16/23224 of the Court of The Hague issued on the 1st June 2017. By decision of 10 October 2016, the State Secretary rejected an application from the foreign national to grant her a temporary asylum residence permit and issued an entry ban against her. By judgment of 1 June 2017, the court dismissed the appeal against this decision by the foreign national as unfounded."
0,16,4998_chunk000,94,538.525135183099,Applicant Detention and Asylum Claims,"{'asylum': 231.01242065429688, 'detention': 217.1792755126953, 'applicant': 170.61280822753906, 'claim': 155.9637908935547, 'application': 142.39892578125, 'claims': 127.17999267578125, 'prison': 117.04942321777344, 'immigration': 115.72674560546875, 'arrested': 104.70023345947266, 'lawsuit': 100.63427734375, 'alien': 91.5473861694336, 'applicants': 85.47240447998047, 'penalty': 85.0564956665039, 'refugee': 84.33718872070312, 'deportation': 79.77300262451172, 'candidate': 74.11628723144531, 'police': 52.615577697753906, 'judge': 51.17262649536133, 'jail': 47.93186569213867, 'persecution': 45.44091033935547, 'disability': 43.874114990234375, 'legal': 43.82500457763672, 'qualification': 43.29621887207031, 'jurisdiction': 42.0366096496582, 'registration': 41.738887786865234, 'regulation': 40.19966125488281, 'refugees': 33.98501968383789, 'ban': 32.5144157409668, 'claimed': 32.509605407714844, 'appointment': 31.06020736694336, 'rights': 29.874893188476562, 'protection': 25.767105102539062, 'inmate': 22.7263126373291, 'visa': 22.01372528076172, 'court': 21.313074111938477, 'duty': 20.74359893798828, 'agency': 20.545549392700195, 'threat': 19.69865608215332, 'law': 19.399736404418945, 'discrimination': 18.35834312438965, ')': 17.843687057495117, 'alleged': 17.810102462768555, 'case': 15.500174522399902, 'fraud': 14.901286125183105, 'holder': 14.824771881103516, 'refuge': 13.745416641235352, 'and': 13.37773609161377, 'illegal': 12.181244850158691, 'violation': 11.866278648376465, 'detained': 10.437248229980469, 'restoration': 8.546725273132324, 'torture': 8.531095504760742, 'facility': 8.489020347595215, 'arrest': 7.553507328033447, 'emergency': 6.732095718383789, 'shelter': 6.047550201416016, 'custody': 5.050491809844971, 'suit': 4.690654277801514, 'lawyer': 4.602712154388428, 'sheriff': 3.8064022064208984, 'person': 3.1756751537323, 'employment': 2.6483309268951416, 'denied': 2.3174397945404053, 'bureau': 1.3933528661727905, '##iction': 0.6440478563308716}","The applicant is a national of Iran. On 27 December 2023, he requested international protection in Luxembourg. In support of his application, he claimed he feared persecution, inhumane and degrading treatment or even the death penalty because of his homosexuality, his opposition to the Iranian government and his support to the “organisation of the Mujahedin of the Iranian People”."
0,468,130_chunk000,95,538.4003952627291,Applicant Detention and Asylum Claims,"{'asylum': 231.01242065429688, 'detention': 217.1792755126953, 'applicant': 170.61280822753906, 'claim': 155.9637908935547, 'application': 142.39892578125, 'claims': 127.17999267578125, 'prison': 117.04942321777344, 'immigration': 115.72674560546875, 'arrested': 104.70023345947266, 'lawsuit': 100.63427734375, 'alien': 91.5473861694336, 'applicants': 85.47240447998047, 'penalty': 85.0564956665039, 'refugee': 84.33718872070312, 'deportation': 79.77300262451172, 'candidate': 74.11628723144531, 'police': 52.615577697753906, 'judge': 51.17262649536133, 'jail': 47.93186569213867, 'persecution': 45.44091033935547, 'disability': 43.874114990234375, 'legal': 43.82500457763672, 'qualification': 43.29621887207031, 'jurisdiction': 42.0366096496582, 'registration': 41.738887786865234, 'regulation': 40.19966125488281, 'refugees': 33.98501968383789, 'ban': 32.5144157409668, 'claimed': 32.509605407714844, 'appointment': 31.06020736694336, 'rights': 29.874893188476562, 'protection': 25.767105102539062, 'inmate': 22.7263126373291, 'visa': 22.01372528076172, 'court': 21.313074111938477, 'duty': 20.74359893798828, 'agency': 20.545549392700195, 'threat': 19.69865608215332, 'law': 19.399736404418945, 'discrimination': 18.35834312438965, ')': 17.843687057495117, 'alleged': 17.810102462768555, 'case': 15.500174522399902, 'fraud': 14.901286125183105, 'holder': 14.824771881103516, 'refuge': 13.745416641235352, 'and': 13.37773609161377, 'illegal': 12.181244850158691, 'violation': 11.866278648376465, 'detained': 10.437248229980469, 'restoration': 8.546725273132324, 'torture': 8.531095504760742, 'facility': 8.489020347595215, 'arrest': 7.553507328033447, 'emergency': 6.732095718383789, 'shelter': 6.047550201416016, 'custody': 5.050491809844971, 'suit': 4.690654277801514, 'lawyer': 4.602712154388428, 'sheriff': 3.8064022064208984, 'person': 3.1756751537323, 'employment': 2.6483309268951416, 'denied': 2.3174397945404053, 'bureau': 1.3933528661727905, '##iction': 0.6440478563308716}",The Council ruled that to be able to transfer an applicant to another member state the administrative authority must obtain the consent of the State responsible for examining the asylum application before it can take a decision to transfer the asylum seeker to that State.
0,307,557_chunk000,96,538.1497667175221,Applicant Detention and Asylum Claims,"{'asylum': 231.01242065429688, 'detention': 217.1792755126953, 'applicant': 170.61280822753906, 'claim': 155.9637908935547, 'application': 142.39892578125, 'claims': 127.17999267578125, 'prison': 117.04942321777344, 'immigration': 115.72674560546875, 'arrested': 104.70023345947266, 'lawsuit': 100.63427734375, 'alien': 91.5473861694336, 'applicants': 85.47240447998047, 'penalty': 85.0564956665039, 'refugee': 84.33718872070312, 'deportation': 79.77300262451172, 'candidate': 74.11628723144531, 'police': 52.615577697753906, 'judge': 51.17262649536133, 'jail': 47.93186569213867, 'persecution': 45.44091033935547, 'disability': 43.874114990234375, 'legal': 43.82500457763672, 'qualification': 43.29621887207031, 'jurisdiction': 42.0366096496582, 'registration': 41.738887786865234, 'regulation': 40.19966125488281, 'refugees': 33.98501968383789, 'ban': 32.5144157409668, 'claimed': 32.509605407714844, 'appointment': 31.06020736694336, 'rights': 29.874893188476562, 'protection': 25.767105102539062, 'inmate': 22.7263126373291, 'visa': 22.01372528076172, 'court': 21.313074111938477, 'duty': 20.74359893798828, 'agency': 20.545549392700195, 'threat': 19.69865608215332, 'law': 19.399736404418945, 'discrimination': 18.35834312438965, ')': 17.843687057495117, 'alleged': 17.810102462768555, 'case': 15.500174522399902, 'fraud': 14.901286125183105, 'holder': 14.824771881103516, 'refuge': 13.745416641235352, 'and': 13.37773609161377, 'illegal': 12.181244850158691, 'violation': 11.866278648376465, 'detained': 10.437248229980469, 'restoration': 8.546725273132324, 'torture': 8.531095504760742, 'facility': 8.489020347595215, 'arrest': 7.553507328033447, 'emergency': 6.732095718383789, 'shelter': 6.047550201416016, 'custody': 5.050491809844971, 'suit': 4.690654277801514, 'lawyer': 4.602712154388428, 'sheriff': 3.8064022064208984, 'person': 3.1756751537323, 'employment': 2.6483309268951416, 'denied': 2.3174397945404053, 'bureau': 1.3933528661727905, '##iction': 0.6440478563308716}","Appeal against the decision of the Court of The Hague, Middelburg seat, of January 12, 2017 in case no. 16/29461 by which the State Secretary for Justice and Security rejected an application from the foreign national to grant her a temporary asylum residence permit and issued an entry ban against her. ..."
0,338,1088_chunk000,97,537.8385098089593,Applicant Detention and Asylum Claims,"{'asylum': 231.01242065429688, 'detention': 217.1792755126953, 'applicant': 170.61280822753906, 'claim': 155.9637908935547, 'application': 142.39892578125, 'claims': 127.17999267578125, 'prison': 117.04942321777344, 'immigration': 115.72674560546875, 'arrested': 104.70023345947266, 'lawsuit': 100.63427734375, 'alien': 91.5473861694336, 'applicants': 85.47240447998047, 'penalty': 85.0564956665039, 'refugee': 84.33718872070312, 'deportation': 79.77300262451172, 'candidate': 74.11628723144531, 'police': 52.615577697753906, 'judge': 51.17262649536133, 'jail': 47.93186569213867, 'persecution': 45.44091033935547, 'disability': 43.874114990234375, 'legal': 43.82500457763672, 'qualification': 43.29621887207031, 'jurisdiction': 42.0366096496582, 'registration': 41.738887786865234, 'regulation': 40.19966125488281, 'refugees': 33.98501968383789, 'ban': 32.5144157409668, 'claimed': 32.509605407714844, 'appointment': 31.06020736694336, 'rights': 29.874893188476562, 'protection': 25.767105102539062, 'inmate': 22.7263126373291, 'visa': 22.01372528076172, 'court': 21.313074111938477, 'duty': 20.74359893798828, 'agency': 20.545549392700195, 'threat': 19.69865608215332, 'law': 19.399736404418945, 'discrimination': 18.35834312438965, ')': 17.843687057495117, 'alleged': 17.810102462768555, 'case': 15.500174522399902, 'fraud': 14.901286125183105, 'holder': 14.824771881103516, 'refuge': 13.745416641235352, 'and': 13.37773609161377, 'illegal': 12.181244850158691, 'violation': 11.866278648376465, 'detained': 10.437248229980469, 'restoration': 8.546725273132324, 'torture': 8.531095504760742, 'facility': 8.489020347595215, 'arrest': 7.553507328033447, 'emergency': 6.732095718383789, 'shelter': 6.047550201416016, 'custody': 5.050491809844971, 'suit': 4.690654277801514, 'lawyer': 4.602712154388428, 'sheriff': 3.8064022064208984, 'person': 3.1756751537323, 'employment': 2.6483309268951416, 'denied': 2.3174397945404053, 'bureau': 1.3933528661727905, '##iction': 0.6440478563308716}","The decision concerns two joined cases 422159 and 422160, in which the applicants requested from the OFPRA the allowance for asylum applicants and transport vouchers necessary for them to travel to a hearing for the purpose of the Dublin procedure."
0,274,647_chunk000,98,537.3143200598724,Applicant Detention and Asylum Claims,"{'asylum': 231.01242065429688, 'detention': 217.1792755126953, 'applicant': 170.61280822753906, 'claim': 155.9637908935547, 'application': 142.39892578125, 'claims': 127.17999267578125, 'prison': 117.04942321777344, 'immigration': 115.72674560546875, 'arrested': 104.70023345947266, 'lawsuit': 100.63427734375, 'alien': 91.5473861694336, 'applicants': 85.47240447998047, 'penalty': 85.0564956665039, 'refugee': 84.33718872070312, 'deportation': 79.77300262451172, 'candidate': 74.11628723144531, 'police': 52.615577697753906, 'judge': 51.17262649536133, 'jail': 47.93186569213867, 'persecution': 45.44091033935547, 'disability': 43.874114990234375, 'legal': 43.82500457763672, 'qualification': 43.29621887207031, 'jurisdiction': 42.0366096496582, 'registration': 41.738887786865234, 'regulation': 40.19966125488281, 'refugees': 33.98501968383789, 'ban': 32.5144157409668, 'claimed': 32.509605407714844, 'appointment': 31.06020736694336, 'rights': 29.874893188476562, 'protection': 25.767105102539062, 'inmate': 22.7263126373291, 'visa': 22.01372528076172, 'court': 21.313074111938477, 'duty': 20.74359893798828, 'agency': 20.545549392700195, 'threat': 19.69865608215332, 'law': 19.399736404418945, 'discrimination': 18.35834312438965, ')': 17.843687057495117, 'alleged': 17.810102462768555, 'case': 15.500174522399902, 'fraud': 14.901286125183105, 'holder': 14.824771881103516, 'refuge': 13.745416641235352, 'and': 13.37773609161377, 'illegal': 12.181244850158691, 'violation': 11.866278648376465, 'detained': 10.437248229980469, 'restoration': 8.546725273132324, 'torture': 8.531095504760742, 'facility': 8.489020347595215, 'arrest': 7.553507328033447, 'emergency': 6.732095718383789, 'shelter': 6.047550201416016, 'custody': 5.050491809844971, 'suit': 4.690654277801514, 'lawyer': 4.602712154388428, 'sheriff': 3.8064022064208984, 'person': 3.1756751537323, 'employment': 2.6483309268951416, 'denied': 2.3174397945404053, 'bureau': 1.3933528661727905, '##iction': 0.6440478563308716}","According to EDAL, On 14 February, the Administrative Tribunal of Paris ruled in an urgent procedure regarding practical complications in the registration of asylum applications in the Île-de-France region."
0,48,4037_chunk000,99,534.7973404425728,Applicant Detention and Asylum Claims,"{'asylum': 231.01242065429688, 'detention': 217.1792755126953, 'applicant': 170.61280822753906, 'claim': 155.9637908935547, 'application': 142.39892578125, 'claims': 127.17999267578125, 'prison': 117.04942321777344, 'immigration': 115.72674560546875, 'arrested': 104.70023345947266, 'lawsuit': 100.63427734375, 'alien': 91.5473861694336, 'applicants': 85.47240447998047, 'penalty': 85.0564956665039, 'refugee': 84.33718872070312, 'deportation': 79.77300262451172, 'candidate': 74.11628723144531, 'police': 52.615577697753906, 'judge': 51.17262649536133, 'jail': 47.93186569213867, 'persecution': 45.44091033935547, 'disability': 43.874114990234375, 'legal': 43.82500457763672, 'qualification': 43.29621887207031, 'jurisdiction': 42.0366096496582, 'registration': 41.738887786865234, 'regulation': 40.19966125488281, 'refugees': 33.98501968383789, 'ban': 32.5144157409668, 'claimed': 32.509605407714844, 'appointment': 31.06020736694336, 'rights': 29.874893188476562, 'protection': 25.767105102539062, 'inmate': 22.7263126373291, 'visa': 22.01372528076172, 'court': 21.313074111938477, 'duty': 20.74359893798828, 'agency': 20.545549392700195, 'threat': 19.69865608215332, 'law': 19.399736404418945, 'discrimination': 18.35834312438965, ')': 17.843687057495117, 'alleged': 17.810102462768555, 'case': 15.500174522399902, 'fraud': 14.901286125183105, 'holder': 14.824771881103516, 'refuge': 13.745416641235352, 'and': 13.37773609161377, 'illegal': 12.181244850158691, 'violation': 11.866278648376465, 'detained': 10.437248229980469, 'restoration': 8.546725273132324, 'torture': 8.531095504760742, 'facility': 8.489020347595215, 'arrest': 7.553507328033447, 'emergency': 6.732095718383789, 'shelter': 6.047550201416016, 'custody': 5.050491809844971, 'suit': 4.690654277801514, 'lawyer': 4.602712154388428, 'sheriff': 3.8064022064208984, 'person': 3.1756751537323, 'employment': 2.6483309268951416, 'denied': 2.3174397945404053, 'bureau': 1.3933528661727905, '##iction': 0.6440478563308716}","The case concerned the cassation appeal submitted by H.A., Syrian national, against the negative decision on his asylum application issued by the State Agency for Refugees."
1,190,996_chunk000,0,868.8022773695773,Emigration  Asylum  And 2019 Report,"{'emigration': 214.53294372558594, 'asylum': 213.81268310546875, '2019': 203.77456665039062, 'report': 184.51950073242188, 'migration': 150.71681213378906, 'immigration': 133.0200958251953, 'emi': 124.34751892089844, 'exit': 114.1431655883789, 'exile': 98.28520202636719, 'alien': 88.2066421508789, 'reports': 87.43453979492188, 'refugees': 82.38231658935547, 'refugee': 79.89944458007812, 'nationality': 75.85978698730469, 'russia': 67.6956558227539, 'departure': 67.4822006225586, 'persecution': 62.33326721191406, 'deportation': 60.52138137817383, 'population': 60.16860580444336, 'refuge': 54.626190185546875, 'settlement': 48.42446517944336, 'australia': 40.83114242553711, 'result': 32.41591262817383, 'country': 31.46607208251953, 'hawkins': 25.87531852722168, 'survey': 25.827333450317383, 'gypsy': 25.2220516204834, 'prison': 25.190549850463867, 'ireland': 24.453407287597656, 'ellis': 23.284273147583008, 'germany': 21.9423885345459, 'policy': 19.256053924560547, 'france': 17.680339813232422, '19': 17.575281143188477, 'canada': 17.56451988220215, 'wave': 17.401296615600586, 'exiled': 16.625564575195312, 'case': 15.457919120788574, 'noah': 15.125825881958008, 'farewell': 14.890707969665527, 'marty': 14.082439422607422, 'slavery': 13.999947547912598, 'results': 11.501599311828613, 'escape': 11.17159366607666, 'israel': 10.294816970825195, 'view': 7.689342021942139, 'retirement': 7.003781795501709, '%': 6.803530693054199, 'passport': 6.340615272521973, 'argentina': 5.7837018966674805, 'extinction': 5.387546539306641, 'scotland': 4.230378150939941, 'immigrants': 1.7760058641433716, 'crash': 1.4698081016540527, 'gabriel': 1.1952801942825317, 'death': 0.9109129309654236, 'tourism': 0.7775397896766663, 'alex': 0.6417499780654907, 'statistics': 0.3415348529815674, 'visa': 0.22913172841072083}","According to the national contribution to the EMN Annual Report on Migration and Asylum 2019:

For the Council of State, the civil registry records reconstituted by the French Office for the Protection of Refugees and Stateless Persons (OFPRA) have identical value to the official originals, which precludes consular authorities contesting the particulars contained therein, except in cases of fraud."
1,160,980_chunk000,1,855.9198632635182,Emigration  Asylum  And 2019 Report,"{'emigration': 214.53294372558594, 'asylum': 213.81268310546875, '2019': 203.77456665039062, 'report': 184.51950073242188, 'migration': 150.71681213378906, 'immigration': 133.0200958251953, 'emi': 124.34751892089844, 'exit': 114.1431655883789, 'exile': 98.28520202636719, 'alien': 88.2066421508789, 'reports': 87.43453979492188, 'refugees': 82.38231658935547, 'refugee': 79.89944458007812, 'nationality': 75.85978698730469, 'russia': 67.6956558227539, 'departure': 67.4822006225586, 'persecution': 62.33326721191406, 'deportation': 60.52138137817383, 'population': 60.16860580444336, 'refuge': 54.626190185546875, 'settlement': 48.42446517944336, 'australia': 40.83114242553711, 'result': 32.41591262817383, 'country': 31.46607208251953, 'hawkins': 25.87531852722168, 'survey': 25.827333450317383, 'gypsy': 25.2220516204834, 'prison': 25.190549850463867, 'ireland': 24.453407287597656, 'ellis': 23.284273147583008, 'germany': 21.9423885345459, 'policy': 19.256053924560547, 'france': 17.680339813232422, '19': 17.575281143188477, 'canada': 17.56451988220215, 'wave': 17.401296615600586, 'exiled': 16.625564575195312, 'case': 15.457919120788574, 'noah': 15.125825881958008, 'farewell': 14.890707969665527, 'marty': 14.082439422607422, 'slavery': 13.999947547912598, 'results': 11.501599311828613, 'escape': 11.17159366607666, 'israel': 10.294816970825195, 'view': 7.689342021942139, 'retirement': 7.003781795501709, '%': 6.803530693054199, 'passport': 6.340615272521973, 'argentina': 5.7837018966674805, 'extinction': 5.387546539306641, 'scotland': 4.230378150939941, 'immigrants': 1.7760058641433716, 'crash': 1.4698081016540527, 'gabriel': 1.1952801942825317, 'death': 0.9109129309654236, 'tourism': 0.7775397896766663, 'alex': 0.6417499780654907, 'statistics': 0.3415348529815674, 'visa': 0.22913172841072083}","According to the national contribution to the EMN Annual Report on Migration and Asylum 2019:

In these judgments (no. 230.067 and no. 230.068) the Council states that the principle of ""family unity"" does not give rise to a right to..."
1,252,993_chunk000,2,852.487894302145,Emigration  Asylum  And 2019 Report,"{'emigration': 214.53294372558594, 'asylum': 213.81268310546875, '2019': 203.77456665039062, 'report': 184.51950073242188, 'migration': 150.71681213378906, 'immigration': 133.0200958251953, 'emi': 124.34751892089844, 'exit': 114.1431655883789, 'exile': 98.28520202636719, 'alien': 88.2066421508789, 'reports': 87.43453979492188, 'refugees': 82.38231658935547, 'refugee': 79.89944458007812, 'nationality': 75.85978698730469, 'russia': 67.6956558227539, 'departure': 67.4822006225586, 'persecution': 62.33326721191406, 'deportation': 60.52138137817383, 'population': 60.16860580444336, 'refuge': 54.626190185546875, 'settlement': 48.42446517944336, 'australia': 40.83114242553711, 'result': 32.41591262817383, 'country': 31.46607208251953, 'hawkins': 25.87531852722168, 'survey': 25.827333450317383, 'gypsy': 25.2220516204834, 'prison': 25.190549850463867, 'ireland': 24.453407287597656, 'ellis': 23.284273147583008, 'germany': 21.9423885345459, 'policy': 19.256053924560547, 'france': 17.680339813232422, '19': 17.575281143188477, 'canada': 17.56451988220215, 'wave': 17.401296615600586, 'exiled': 16.625564575195312, 'case': 15.457919120788574, 'noah': 15.125825881958008, 'farewell': 14.890707969665527, 'marty': 14.082439422607422, 'slavery': 13.999947547912598, 'results': 11.501599311828613, 'escape': 11.17159366607666, 'israel': 10.294816970825195, 'view': 7.689342021942139, 'retirement': 7.003781795501709, '%': 6.803530693054199, 'passport': 6.340615272521973, 'argentina': 5.7837018966674805, 'extinction': 5.387546539306641, 'scotland': 4.230378150939941, 'immigrants': 1.7760058641433716, 'crash': 1.4698081016540527, 'gabriel': 1.1952801942825317, 'death': 0.9109129309654236, 'tourism': 0.7775397896766663, 'alex': 0.6417499780654907, 'statistics': 0.3415348529815674, 'visa': 0.22913172841072083}",According to the national contribution to the EMN Report on Migration and Asylum 2019:
1,258,992_chunk000,3,852.487894302145,Emigration  Asylum  And 2019 Report,"{'emigration': 214.53294372558594, 'asylum': 213.81268310546875, '2019': 203.77456665039062, 'report': 184.51950073242188, 'migration': 150.71681213378906, 'immigration': 133.0200958251953, 'emi': 124.34751892089844, 'exit': 114.1431655883789, 'exile': 98.28520202636719, 'alien': 88.2066421508789, 'reports': 87.43453979492188, 'refugees': 82.38231658935547, 'refugee': 79.89944458007812, 'nationality': 75.85978698730469, 'russia': 67.6956558227539, 'departure': 67.4822006225586, 'persecution': 62.33326721191406, 'deportation': 60.52138137817383, 'population': 60.16860580444336, 'refuge': 54.626190185546875, 'settlement': 48.42446517944336, 'australia': 40.83114242553711, 'result': 32.41591262817383, 'country': 31.46607208251953, 'hawkins': 25.87531852722168, 'survey': 25.827333450317383, 'gypsy': 25.2220516204834, 'prison': 25.190549850463867, 'ireland': 24.453407287597656, 'ellis': 23.284273147583008, 'germany': 21.9423885345459, 'policy': 19.256053924560547, 'france': 17.680339813232422, '19': 17.575281143188477, 'canada': 17.56451988220215, 'wave': 17.401296615600586, 'exiled': 16.625564575195312, 'case': 15.457919120788574, 'noah': 15.125825881958008, 'farewell': 14.890707969665527, 'marty': 14.082439422607422, 'slavery': 13.999947547912598, 'results': 11.501599311828613, 'escape': 11.17159366607666, 'israel': 10.294816970825195, 'view': 7.689342021942139, 'retirement': 7.003781795501709, '%': 6.803530693054199, 'passport': 6.340615272521973, 'argentina': 5.7837018966674805, 'extinction': 5.387546539306641, 'scotland': 4.230378150939941, 'immigrants': 1.7760058641433716, 'crash': 1.4698081016540527, 'gabriel': 1.1952801942825317, 'death': 0.9109129309654236, 'tourism': 0.7775397896766663, 'alex': 0.6417499780654907, 'statistics': 0.3415348529815674, 'visa': 0.22913172841072083}",According to the national contribution to the EMN Report on Migration and Asylum 2019:
1,262,991_chunk000,4,852.487894302145,Emigration  Asylum  And 2019 Report,"{'emigration': 214.53294372558594, 'asylum': 213.81268310546875, '2019': 203.77456665039062, 'report': 184.51950073242188, 'migration': 150.71681213378906, 'immigration': 133.0200958251953, 'emi': 124.34751892089844, 'exit': 114.1431655883789, 'exile': 98.28520202636719, 'alien': 88.2066421508789, 'reports': 87.43453979492188, 'refugees': 82.38231658935547, 'refugee': 79.89944458007812, 'nationality': 75.85978698730469, 'russia': 67.6956558227539, 'departure': 67.4822006225586, 'persecution': 62.33326721191406, 'deportation': 60.52138137817383, 'population': 60.16860580444336, 'refuge': 54.626190185546875, 'settlement': 48.42446517944336, 'australia': 40.83114242553711, 'result': 32.41591262817383, 'country': 31.46607208251953, 'hawkins': 25.87531852722168, 'survey': 25.827333450317383, 'gypsy': 25.2220516204834, 'prison': 25.190549850463867, 'ireland': 24.453407287597656, 'ellis': 23.284273147583008, 'germany': 21.9423885345459, 'policy': 19.256053924560547, 'france': 17.680339813232422, '19': 17.575281143188477, 'canada': 17.56451988220215, 'wave': 17.401296615600586, 'exiled': 16.625564575195312, 'case': 15.457919120788574, 'noah': 15.125825881958008, 'farewell': 14.890707969665527, 'marty': 14.082439422607422, 'slavery': 13.999947547912598, 'results': 11.501599311828613, 'escape': 11.17159366607666, 'israel': 10.294816970825195, 'view': 7.689342021942139, 'retirement': 7.003781795501709, '%': 6.803530693054199, 'passport': 6.340615272521973, 'argentina': 5.7837018966674805, 'extinction': 5.387546539306641, 'scotland': 4.230378150939941, 'immigrants': 1.7760058641433716, 'crash': 1.4698081016540527, 'gabriel': 1.1952801942825317, 'death': 0.9109129309654236, 'tourism': 0.7775397896766663, 'alex': 0.6417499780654907, 'statistics': 0.3415348529815674, 'visa': 0.22913172841072083}",According to the national contribution to the EMN Report on Migration and Asylum 2019:
1,184,979_chunk000,5,851.9858049540401,Emigration  Asylum  And 2019 Report,"{'emigration': 214.53294372558594, 'asylum': 213.81268310546875, '2019': 203.77456665039062, 'report': 184.51950073242188, 'migration': 150.71681213378906, 'immigration': 133.0200958251953, 'emi': 124.34751892089844, 'exit': 114.1431655883789, 'exile': 98.28520202636719, 'alien': 88.2066421508789, 'reports': 87.43453979492188, 'refugees': 82.38231658935547, 'refugee': 79.89944458007812, 'nationality': 75.85978698730469, 'russia': 67.6956558227539, 'departure': 67.4822006225586, 'persecution': 62.33326721191406, 'deportation': 60.52138137817383, 'population': 60.16860580444336, 'refuge': 54.626190185546875, 'settlement': 48.42446517944336, 'australia': 40.83114242553711, 'result': 32.41591262817383, 'country': 31.46607208251953, 'hawkins': 25.87531852722168, 'survey': 25.827333450317383, 'gypsy': 25.2220516204834, 'prison': 25.190549850463867, 'ireland': 24.453407287597656, 'ellis': 23.284273147583008, 'germany': 21.9423885345459, 'policy': 19.256053924560547, 'france': 17.680339813232422, '19': 17.575281143188477, 'canada': 17.56451988220215, 'wave': 17.401296615600586, 'exiled': 16.625564575195312, 'case': 15.457919120788574, 'noah': 15.125825881958008, 'farewell': 14.890707969665527, 'marty': 14.082439422607422, 'slavery': 13.999947547912598, 'results': 11.501599311828613, 'escape': 11.17159366607666, 'israel': 10.294816970825195, 'view': 7.689342021942139, 'retirement': 7.003781795501709, '%': 6.803530693054199, 'passport': 6.340615272521973, 'argentina': 5.7837018966674805, 'extinction': 5.387546539306641, 'scotland': 4.230378150939941, 'immigrants': 1.7760058641433716, 'crash': 1.4698081016540527, 'gabriel': 1.1952801942825317, 'death': 0.9109129309654236, 'tourism': 0.7775397896766663, 'alex': 0.6417499780654907, 'statistics': 0.3415348529815674, 'visa': 0.22913172841072083}",According to the national contribution to the EMN Annual Report on Migration and Asylum 2019:
1,186,997_chunk000,6,851.9858049540401,Emigration  Asylum  And 2019 Report,"{'emigration': 214.53294372558594, 'asylum': 213.81268310546875, '2019': 203.77456665039062, 'report': 184.51950073242188, 'migration': 150.71681213378906, 'immigration': 133.0200958251953, 'emi': 124.34751892089844, 'exit': 114.1431655883789, 'exile': 98.28520202636719, 'alien': 88.2066421508789, 'reports': 87.43453979492188, 'refugees': 82.38231658935547, 'refugee': 79.89944458007812, 'nationality': 75.85978698730469, 'russia': 67.6956558227539, 'departure': 67.4822006225586, 'persecution': 62.33326721191406, 'deportation': 60.52138137817383, 'population': 60.16860580444336, 'refuge': 54.626190185546875, 'settlement': 48.42446517944336, 'australia': 40.83114242553711, 'result': 32.41591262817383, 'country': 31.46607208251953, 'hawkins': 25.87531852722168, 'survey': 25.827333450317383, 'gypsy': 25.2220516204834, 'prison': 25.190549850463867, 'ireland': 24.453407287597656, 'ellis': 23.284273147583008, 'germany': 21.9423885345459, 'policy': 19.256053924560547, 'france': 17.680339813232422, '19': 17.575281143188477, 'canada': 17.56451988220215, 'wave': 17.401296615600586, 'exiled': 16.625564575195312, 'case': 15.457919120788574, 'noah': 15.125825881958008, 'farewell': 14.890707969665527, 'marty': 14.082439422607422, 'slavery': 13.999947547912598, 'results': 11.501599311828613, 'escape': 11.17159366607666, 'israel': 10.294816970825195, 'view': 7.689342021942139, 'retirement': 7.003781795501709, '%': 6.803530693054199, 'passport': 6.340615272521973, 'argentina': 5.7837018966674805, 'extinction': 5.387546539306641, 'scotland': 4.230378150939941, 'immigrants': 1.7760058641433716, 'crash': 1.4698081016540527, 'gabriel': 1.1952801942825317, 'death': 0.9109129309654236, 'tourism': 0.7775397896766663, 'alex': 0.6417499780654907, 'statistics': 0.3415348529815674, 'visa': 0.22913172841072083}",According to the national contribution to the EMN Annual Report on Migration and Asylum 2019:
1,192,972_chunk000,7,851.9858049540401,Emigration  Asylum  And 2019 Report,"{'emigration': 214.53294372558594, 'asylum': 213.81268310546875, '2019': 203.77456665039062, 'report': 184.51950073242188, 'migration': 150.71681213378906, 'immigration': 133.0200958251953, 'emi': 124.34751892089844, 'exit': 114.1431655883789, 'exile': 98.28520202636719, 'alien': 88.2066421508789, 'reports': 87.43453979492188, 'refugees': 82.38231658935547, 'refugee': 79.89944458007812, 'nationality': 75.85978698730469, 'russia': 67.6956558227539, 'departure': 67.4822006225586, 'persecution': 62.33326721191406, 'deportation': 60.52138137817383, 'population': 60.16860580444336, 'refuge': 54.626190185546875, 'settlement': 48.42446517944336, 'australia': 40.83114242553711, 'result': 32.41591262817383, 'country': 31.46607208251953, 'hawkins': 25.87531852722168, 'survey': 25.827333450317383, 'gypsy': 25.2220516204834, 'prison': 25.190549850463867, 'ireland': 24.453407287597656, 'ellis': 23.284273147583008, 'germany': 21.9423885345459, 'policy': 19.256053924560547, 'france': 17.680339813232422, '19': 17.575281143188477, 'canada': 17.56451988220215, 'wave': 17.401296615600586, 'exiled': 16.625564575195312, 'case': 15.457919120788574, 'noah': 15.125825881958008, 'farewell': 14.890707969665527, 'marty': 14.082439422607422, 'slavery': 13.999947547912598, 'results': 11.501599311828613, 'escape': 11.17159366607666, 'israel': 10.294816970825195, 'view': 7.689342021942139, 'retirement': 7.003781795501709, '%': 6.803530693054199, 'passport': 6.340615272521973, 'argentina': 5.7837018966674805, 'extinction': 5.387546539306641, 'scotland': 4.230378150939941, 'immigrants': 1.7760058641433716, 'crash': 1.4698081016540527, 'gabriel': 1.1952801942825317, 'death': 0.9109129309654236, 'tourism': 0.7775397896766663, 'alex': 0.6417499780654907, 'statistics': 0.3415348529815674, 'visa': 0.22913172841072083}",According to the national contribution to the EMN Annual Report on Migration and Asylum 2019:
1,216,983_chunk000,8,851.9858049540401,Emigration  Asylum  And 2019 Report,"{'emigration': 214.53294372558594, 'asylum': 213.81268310546875, '2019': 203.77456665039062, 'report': 184.51950073242188, 'migration': 150.71681213378906, 'immigration': 133.0200958251953, 'emi': 124.34751892089844, 'exit': 114.1431655883789, 'exile': 98.28520202636719, 'alien': 88.2066421508789, 'reports': 87.43453979492188, 'refugees': 82.38231658935547, 'refugee': 79.89944458007812, 'nationality': 75.85978698730469, 'russia': 67.6956558227539, 'departure': 67.4822006225586, 'persecution': 62.33326721191406, 'deportation': 60.52138137817383, 'population': 60.16860580444336, 'refuge': 54.626190185546875, 'settlement': 48.42446517944336, 'australia': 40.83114242553711, 'result': 32.41591262817383, 'country': 31.46607208251953, 'hawkins': 25.87531852722168, 'survey': 25.827333450317383, 'gypsy': 25.2220516204834, 'prison': 25.190549850463867, 'ireland': 24.453407287597656, 'ellis': 23.284273147583008, 'germany': 21.9423885345459, 'policy': 19.256053924560547, 'france': 17.680339813232422, '19': 17.575281143188477, 'canada': 17.56451988220215, 'wave': 17.401296615600586, 'exiled': 16.625564575195312, 'case': 15.457919120788574, 'noah': 15.125825881958008, 'farewell': 14.890707969665527, 'marty': 14.082439422607422, 'slavery': 13.999947547912598, 'results': 11.501599311828613, 'escape': 11.17159366607666, 'israel': 10.294816970825195, 'view': 7.689342021942139, 'retirement': 7.003781795501709, '%': 6.803530693054199, 'passport': 6.340615272521973, 'argentina': 5.7837018966674805, 'extinction': 5.387546539306641, 'scotland': 4.230378150939941, 'immigrants': 1.7760058641433716, 'crash': 1.4698081016540527, 'gabriel': 1.1952801942825317, 'death': 0.9109129309654236, 'tourism': 0.7775397896766663, 'alex': 0.6417499780654907, 'statistics': 0.3415348529815674, 'visa': 0.22913172841072083}",According to the national contribution to the EMN Annual Report on Migration and Asylum 2019:
1,218,998_chunk000,9,851.9858049540401,Emigration  Asylum  And 2019 Report,"{'emigration': 214.53294372558594, 'asylum': 213.81268310546875, '2019': 203.77456665039062, 'report': 184.51950073242188, 'migration': 150.71681213378906, 'immigration': 133.0200958251953, 'emi': 124.34751892089844, 'exit': 114.1431655883789, 'exile': 98.28520202636719, 'alien': 88.2066421508789, 'reports': 87.43453979492188, 'refugees': 82.38231658935547, 'refugee': 79.89944458007812, 'nationality': 75.85978698730469, 'russia': 67.6956558227539, 'departure': 67.4822006225586, 'persecution': 62.33326721191406, 'deportation': 60.52138137817383, 'population': 60.16860580444336, 'refuge': 54.626190185546875, 'settlement': 48.42446517944336, 'australia': 40.83114242553711, 'result': 32.41591262817383, 'country': 31.46607208251953, 'hawkins': 25.87531852722168, 'survey': 25.827333450317383, 'gypsy': 25.2220516204834, 'prison': 25.190549850463867, 'ireland': 24.453407287597656, 'ellis': 23.284273147583008, 'germany': 21.9423885345459, 'policy': 19.256053924560547, 'france': 17.680339813232422, '19': 17.575281143188477, 'canada': 17.56451988220215, 'wave': 17.401296615600586, 'exiled': 16.625564575195312, 'case': 15.457919120788574, 'noah': 15.125825881958008, 'farewell': 14.890707969665527, 'marty': 14.082439422607422, 'slavery': 13.999947547912598, 'results': 11.501599311828613, 'escape': 11.17159366607666, 'israel': 10.294816970825195, 'view': 7.689342021942139, 'retirement': 7.003781795501709, '%': 6.803530693054199, 'passport': 6.340615272521973, 'argentina': 5.7837018966674805, 'extinction': 5.387546539306641, 'scotland': 4.230378150939941, 'immigrants': 1.7760058641433716, 'crash': 1.4698081016540527, 'gabriel': 1.1952801942825317, 'death': 0.9109129309654236, 'tourism': 0.7775397896766663, 'alex': 0.6417499780654907, 'statistics': 0.3415348529815674, 'visa': 0.22913172841072083}",According to the national contribution to the EMN Annual Report on Migration and Asylum 2019:
1,238,995_chunk000,10,851.9858049540401,Emigration  Asylum  And 2019 Report,"{'emigration': 214.53294372558594, 'asylum': 213.81268310546875, '2019': 203.77456665039062, 'report': 184.51950073242188, 'migration': 150.71681213378906, 'immigration': 133.0200958251953, 'emi': 124.34751892089844, 'exit': 114.1431655883789, 'exile': 98.28520202636719, 'alien': 88.2066421508789, 'reports': 87.43453979492188, 'refugees': 82.38231658935547, 'refugee': 79.89944458007812, 'nationality': 75.85978698730469, 'russia': 67.6956558227539, 'departure': 67.4822006225586, 'persecution': 62.33326721191406, 'deportation': 60.52138137817383, 'population': 60.16860580444336, 'refuge': 54.626190185546875, 'settlement': 48.42446517944336, 'australia': 40.83114242553711, 'result': 32.41591262817383, 'country': 31.46607208251953, 'hawkins': 25.87531852722168, 'survey': 25.827333450317383, 'gypsy': 25.2220516204834, 'prison': 25.190549850463867, 'ireland': 24.453407287597656, 'ellis': 23.284273147583008, 'germany': 21.9423885345459, 'policy': 19.256053924560547, 'france': 17.680339813232422, '19': 17.575281143188477, 'canada': 17.56451988220215, 'wave': 17.401296615600586, 'exiled': 16.625564575195312, 'case': 15.457919120788574, 'noah': 15.125825881958008, 'farewell': 14.890707969665527, 'marty': 14.082439422607422, 'slavery': 13.999947547912598, 'results': 11.501599311828613, 'escape': 11.17159366607666, 'israel': 10.294816970825195, 'view': 7.689342021942139, 'retirement': 7.003781795501709, '%': 6.803530693054199, 'passport': 6.340615272521973, 'argentina': 5.7837018966674805, 'extinction': 5.387546539306641, 'scotland': 4.230378150939941, 'immigrants': 1.7760058641433716, 'crash': 1.4698081016540527, 'gabriel': 1.1952801942825317, 'death': 0.9109129309654236, 'tourism': 0.7775397896766663, 'alex': 0.6417499780654907, 'statistics': 0.3415348529815674, 'visa': 0.22913172841072083}",According to the national contribution to the EMN Annual Report on Migration and Asylum 2019:
1,242,994_chunk000,11,851.9858049540401,Emigration  Asylum  And 2019 Report,"{'emigration': 214.53294372558594, 'asylum': 213.81268310546875, '2019': 203.77456665039062, 'report': 184.51950073242188, 'migration': 150.71681213378906, 'immigration': 133.0200958251953, 'emi': 124.34751892089844, 'exit': 114.1431655883789, 'exile': 98.28520202636719, 'alien': 88.2066421508789, 'reports': 87.43453979492188, 'refugees': 82.38231658935547, 'refugee': 79.89944458007812, 'nationality': 75.85978698730469, 'russia': 67.6956558227539, 'departure': 67.4822006225586, 'persecution': 62.33326721191406, 'deportation': 60.52138137817383, 'population': 60.16860580444336, 'refuge': 54.626190185546875, 'settlement': 48.42446517944336, 'australia': 40.83114242553711, 'result': 32.41591262817383, 'country': 31.46607208251953, 'hawkins': 25.87531852722168, 'survey': 25.827333450317383, 'gypsy': 25.2220516204834, 'prison': 25.190549850463867, 'ireland': 24.453407287597656, 'ellis': 23.284273147583008, 'germany': 21.9423885345459, 'policy': 19.256053924560547, 'france': 17.680339813232422, '19': 17.575281143188477, 'canada': 17.56451988220215, 'wave': 17.401296615600586, 'exiled': 16.625564575195312, 'case': 15.457919120788574, 'noah': 15.125825881958008, 'farewell': 14.890707969665527, 'marty': 14.082439422607422, 'slavery': 13.999947547912598, 'results': 11.501599311828613, 'escape': 11.17159366607666, 'israel': 10.294816970825195, 'view': 7.689342021942139, 'retirement': 7.003781795501709, '%': 6.803530693054199, 'passport': 6.340615272521973, 'argentina': 5.7837018966674805, 'extinction': 5.387546539306641, 'scotland': 4.230378150939941, 'immigrants': 1.7760058641433716, 'crash': 1.4698081016540527, 'gabriel': 1.1952801942825317, 'death': 0.9109129309654236, 'tourism': 0.7775397896766663, 'alex': 0.6417499780654907, 'statistics': 0.3415348529815674, 'visa': 0.22913172841072083}",According to the national contribution to the EMN Annual Report on Migration and Asylum 2019:
1,268,988_chunk000,12,851.9858049540401,Emigration  Asylum  And 2019 Report,"{'emigration': 214.53294372558594, 'asylum': 213.81268310546875, '2019': 203.77456665039062, 'report': 184.51950073242188, 'migration': 150.71681213378906, 'immigration': 133.0200958251953, 'emi': 124.34751892089844, 'exit': 114.1431655883789, 'exile': 98.28520202636719, 'alien': 88.2066421508789, 'reports': 87.43453979492188, 'refugees': 82.38231658935547, 'refugee': 79.89944458007812, 'nationality': 75.85978698730469, 'russia': 67.6956558227539, 'departure': 67.4822006225586, 'persecution': 62.33326721191406, 'deportation': 60.52138137817383, 'population': 60.16860580444336, 'refuge': 54.626190185546875, 'settlement': 48.42446517944336, 'australia': 40.83114242553711, 'result': 32.41591262817383, 'country': 31.46607208251953, 'hawkins': 25.87531852722168, 'survey': 25.827333450317383, 'gypsy': 25.2220516204834, 'prison': 25.190549850463867, 'ireland': 24.453407287597656, 'ellis': 23.284273147583008, 'germany': 21.9423885345459, 'policy': 19.256053924560547, 'france': 17.680339813232422, '19': 17.575281143188477, 'canada': 17.56451988220215, 'wave': 17.401296615600586, 'exiled': 16.625564575195312, 'case': 15.457919120788574, 'noah': 15.125825881958008, 'farewell': 14.890707969665527, 'marty': 14.082439422607422, 'slavery': 13.999947547912598, 'results': 11.501599311828613, 'escape': 11.17159366607666, 'israel': 10.294816970825195, 'view': 7.689342021942139, 'retirement': 7.003781795501709, '%': 6.803530693054199, 'passport': 6.340615272521973, 'argentina': 5.7837018966674805, 'extinction': 5.387546539306641, 'scotland': 4.230378150939941, 'immigrants': 1.7760058641433716, 'crash': 1.4698081016540527, 'gabriel': 1.1952801942825317, 'death': 0.9109129309654236, 'tourism': 0.7775397896766663, 'alex': 0.6417499780654907, 'statistics': 0.3415348529815674, 'visa': 0.22913172841072083}",According to the national contribution to the EMN Annual Report on Migration and Asylum 2019:
1,270,989_chunk000,13,851.9858049540401,Emigration  Asylum  And 2019 Report,"{'emigration': 214.53294372558594, 'asylum': 213.81268310546875, '2019': 203.77456665039062, 'report': 184.51950073242188, 'migration': 150.71681213378906, 'immigration': 133.0200958251953, 'emi': 124.34751892089844, 'exit': 114.1431655883789, 'exile': 98.28520202636719, 'alien': 88.2066421508789, 'reports': 87.43453979492188, 'refugees': 82.38231658935547, 'refugee': 79.89944458007812, 'nationality': 75.85978698730469, 'russia': 67.6956558227539, 'departure': 67.4822006225586, 'persecution': 62.33326721191406, 'deportation': 60.52138137817383, 'population': 60.16860580444336, 'refuge': 54.626190185546875, 'settlement': 48.42446517944336, 'australia': 40.83114242553711, 'result': 32.41591262817383, 'country': 31.46607208251953, 'hawkins': 25.87531852722168, 'survey': 25.827333450317383, 'gypsy': 25.2220516204834, 'prison': 25.190549850463867, 'ireland': 24.453407287597656, 'ellis': 23.284273147583008, 'germany': 21.9423885345459, 'policy': 19.256053924560547, 'france': 17.680339813232422, '19': 17.575281143188477, 'canada': 17.56451988220215, 'wave': 17.401296615600586, 'exiled': 16.625564575195312, 'case': 15.457919120788574, 'noah': 15.125825881958008, 'farewell': 14.890707969665527, 'marty': 14.082439422607422, 'slavery': 13.999947547912598, 'results': 11.501599311828613, 'escape': 11.17159366607666, 'israel': 10.294816970825195, 'view': 7.689342021942139, 'retirement': 7.003781795501709, '%': 6.803530693054199, 'passport': 6.340615272521973, 'argentina': 5.7837018966674805, 'extinction': 5.387546539306641, 'scotland': 4.230378150939941, 'immigrants': 1.7760058641433716, 'crash': 1.4698081016540527, 'gabriel': 1.1952801942825317, 'death': 0.9109129309654236, 'tourism': 0.7775397896766663, 'alex': 0.6417499780654907, 'statistics': 0.3415348529815674, 'visa': 0.22913172841072083}",According to the national contribution to the EMN Annual Report on Migration and Asylum 2019:
1,272,990_chunk000,14,851.9858049540401,Emigration  Asylum  And 2019 Report,"{'emigration': 214.53294372558594, 'asylum': 213.81268310546875, '2019': 203.77456665039062, 'report': 184.51950073242188, 'migration': 150.71681213378906, 'immigration': 133.0200958251953, 'emi': 124.34751892089844, 'exit': 114.1431655883789, 'exile': 98.28520202636719, 'alien': 88.2066421508789, 'reports': 87.43453979492188, 'refugees': 82.38231658935547, 'refugee': 79.89944458007812, 'nationality': 75.85978698730469, 'russia': 67.6956558227539, 'departure': 67.4822006225586, 'persecution': 62.33326721191406, 'deportation': 60.52138137817383, 'population': 60.16860580444336, 'refuge': 54.626190185546875, 'settlement': 48.42446517944336, 'australia': 40.83114242553711, 'result': 32.41591262817383, 'country': 31.46607208251953, 'hawkins': 25.87531852722168, 'survey': 25.827333450317383, 'gypsy': 25.2220516204834, 'prison': 25.190549850463867, 'ireland': 24.453407287597656, 'ellis': 23.284273147583008, 'germany': 21.9423885345459, 'policy': 19.256053924560547, 'france': 17.680339813232422, '19': 17.575281143188477, 'canada': 17.56451988220215, 'wave': 17.401296615600586, 'exiled': 16.625564575195312, 'case': 15.457919120788574, 'noah': 15.125825881958008, 'farewell': 14.890707969665527, 'marty': 14.082439422607422, 'slavery': 13.999947547912598, 'results': 11.501599311828613, 'escape': 11.17159366607666, 'israel': 10.294816970825195, 'view': 7.689342021942139, 'retirement': 7.003781795501709, '%': 6.803530693054199, 'passport': 6.340615272521973, 'argentina': 5.7837018966674805, 'extinction': 5.387546539306641, 'scotland': 4.230378150939941, 'immigrants': 1.7760058641433716, 'crash': 1.4698081016540527, 'gabriel': 1.1952801942825317, 'death': 0.9109129309654236, 'tourism': 0.7775397896766663, 'alex': 0.6417499780654907, 'statistics': 0.3415348529815674, 'visa': 0.22913172841072083}",According to the national contribution to the EMN Annual Report on Migration and Asylum 2019:
1,280,986_chunk000,15,851.9858049540401,Emigration  Asylum  And 2019 Report,"{'emigration': 214.53294372558594, 'asylum': 213.81268310546875, '2019': 203.77456665039062, 'report': 184.51950073242188, 'migration': 150.71681213378906, 'immigration': 133.0200958251953, 'emi': 124.34751892089844, 'exit': 114.1431655883789, 'exile': 98.28520202636719, 'alien': 88.2066421508789, 'reports': 87.43453979492188, 'refugees': 82.38231658935547, 'refugee': 79.89944458007812, 'nationality': 75.85978698730469, 'russia': 67.6956558227539, 'departure': 67.4822006225586, 'persecution': 62.33326721191406, 'deportation': 60.52138137817383, 'population': 60.16860580444336, 'refuge': 54.626190185546875, 'settlement': 48.42446517944336, 'australia': 40.83114242553711, 'result': 32.41591262817383, 'country': 31.46607208251953, 'hawkins': 25.87531852722168, 'survey': 25.827333450317383, 'gypsy': 25.2220516204834, 'prison': 25.190549850463867, 'ireland': 24.453407287597656, 'ellis': 23.284273147583008, 'germany': 21.9423885345459, 'policy': 19.256053924560547, 'france': 17.680339813232422, '19': 17.575281143188477, 'canada': 17.56451988220215, 'wave': 17.401296615600586, 'exiled': 16.625564575195312, 'case': 15.457919120788574, 'noah': 15.125825881958008, 'farewell': 14.890707969665527, 'marty': 14.082439422607422, 'slavery': 13.999947547912598, 'results': 11.501599311828613, 'escape': 11.17159366607666, 'israel': 10.294816970825195, 'view': 7.689342021942139, 'retirement': 7.003781795501709, '%': 6.803530693054199, 'passport': 6.340615272521973, 'argentina': 5.7837018966674805, 'extinction': 5.387546539306641, 'scotland': 4.230378150939941, 'immigrants': 1.7760058641433716, 'crash': 1.4698081016540527, 'gabriel': 1.1952801942825317, 'death': 0.9109129309654236, 'tourism': 0.7775397896766663, 'alex': 0.6417499780654907, 'statistics': 0.3415348529815674, 'visa': 0.22913172841072083}",According to the national contribution to the EMN Annual Report on Migration and Asylum 2019:
1,282,987_chunk000,16,851.9858049540401,Emigration  Asylum  And 2019 Report,"{'emigration': 214.53294372558594, 'asylum': 213.81268310546875, '2019': 203.77456665039062, 'report': 184.51950073242188, 'migration': 150.71681213378906, 'immigration': 133.0200958251953, 'emi': 124.34751892089844, 'exit': 114.1431655883789, 'exile': 98.28520202636719, 'alien': 88.2066421508789, 'reports': 87.43453979492188, 'refugees': 82.38231658935547, 'refugee': 79.89944458007812, 'nationality': 75.85978698730469, 'russia': 67.6956558227539, 'departure': 67.4822006225586, 'persecution': 62.33326721191406, 'deportation': 60.52138137817383, 'population': 60.16860580444336, 'refuge': 54.626190185546875, 'settlement': 48.42446517944336, 'australia': 40.83114242553711, 'result': 32.41591262817383, 'country': 31.46607208251953, 'hawkins': 25.87531852722168, 'survey': 25.827333450317383, 'gypsy': 25.2220516204834, 'prison': 25.190549850463867, 'ireland': 24.453407287597656, 'ellis': 23.284273147583008, 'germany': 21.9423885345459, 'policy': 19.256053924560547, 'france': 17.680339813232422, '19': 17.575281143188477, 'canada': 17.56451988220215, 'wave': 17.401296615600586, 'exiled': 16.625564575195312, 'case': 15.457919120788574, 'noah': 15.125825881958008, 'farewell': 14.890707969665527, 'marty': 14.082439422607422, 'slavery': 13.999947547912598, 'results': 11.501599311828613, 'escape': 11.17159366607666, 'israel': 10.294816970825195, 'view': 7.689342021942139, 'retirement': 7.003781795501709, '%': 6.803530693054199, 'passport': 6.340615272521973, 'argentina': 5.7837018966674805, 'extinction': 5.387546539306641, 'scotland': 4.230378150939941, 'immigrants': 1.7760058641433716, 'crash': 1.4698081016540527, 'gabriel': 1.1952801942825317, 'death': 0.9109129309654236, 'tourism': 0.7775397896766663, 'alex': 0.6417499780654907, 'statistics': 0.3415348529815674, 'visa': 0.22913172841072083}",According to the national contribution to the EMN Annual Report on Migration and Asylum 2019:
1,284,985_chunk000,17,851.9858049540401,Emigration  Asylum  And 2019 Report,"{'emigration': 214.53294372558594, 'asylum': 213.81268310546875, '2019': 203.77456665039062, 'report': 184.51950073242188, 'migration': 150.71681213378906, 'immigration': 133.0200958251953, 'emi': 124.34751892089844, 'exit': 114.1431655883789, 'exile': 98.28520202636719, 'alien': 88.2066421508789, 'reports': 87.43453979492188, 'refugees': 82.38231658935547, 'refugee': 79.89944458007812, 'nationality': 75.85978698730469, 'russia': 67.6956558227539, 'departure': 67.4822006225586, 'persecution': 62.33326721191406, 'deportation': 60.52138137817383, 'population': 60.16860580444336, 'refuge': 54.626190185546875, 'settlement': 48.42446517944336, 'australia': 40.83114242553711, 'result': 32.41591262817383, 'country': 31.46607208251953, 'hawkins': 25.87531852722168, 'survey': 25.827333450317383, 'gypsy': 25.2220516204834, 'prison': 25.190549850463867, 'ireland': 24.453407287597656, 'ellis': 23.284273147583008, 'germany': 21.9423885345459, 'policy': 19.256053924560547, 'france': 17.680339813232422, '19': 17.575281143188477, 'canada': 17.56451988220215, 'wave': 17.401296615600586, 'exiled': 16.625564575195312, 'case': 15.457919120788574, 'noah': 15.125825881958008, 'farewell': 14.890707969665527, 'marty': 14.082439422607422, 'slavery': 13.999947547912598, 'results': 11.501599311828613, 'escape': 11.17159366607666, 'israel': 10.294816970825195, 'view': 7.689342021942139, 'retirement': 7.003781795501709, '%': 6.803530693054199, 'passport': 6.340615272521973, 'argentina': 5.7837018966674805, 'extinction': 5.387546539306641, 'scotland': 4.230378150939941, 'immigrants': 1.7760058641433716, 'crash': 1.4698081016540527, 'gabriel': 1.1952801942825317, 'death': 0.9109129309654236, 'tourism': 0.7775397896766663, 'alex': 0.6417499780654907, 'statistics': 0.3415348529815674, 'visa': 0.22913172841072083}",According to the national contribution to the EMN Annual Report on Migration and Asylum 2019:
1,289,984_chunk000,18,851.9858049540401,Emigration  Asylum  And 2019 Report,"{'emigration': 214.53294372558594, 'asylum': 213.81268310546875, '2019': 203.77456665039062, 'report': 184.51950073242188, 'migration': 150.71681213378906, 'immigration': 133.0200958251953, 'emi': 124.34751892089844, 'exit': 114.1431655883789, 'exile': 98.28520202636719, 'alien': 88.2066421508789, 'reports': 87.43453979492188, 'refugees': 82.38231658935547, 'refugee': 79.89944458007812, 'nationality': 75.85978698730469, 'russia': 67.6956558227539, 'departure': 67.4822006225586, 'persecution': 62.33326721191406, 'deportation': 60.52138137817383, 'population': 60.16860580444336, 'refuge': 54.626190185546875, 'settlement': 48.42446517944336, 'australia': 40.83114242553711, 'result': 32.41591262817383, 'country': 31.46607208251953, 'hawkins': 25.87531852722168, 'survey': 25.827333450317383, 'gypsy': 25.2220516204834, 'prison': 25.190549850463867, 'ireland': 24.453407287597656, 'ellis': 23.284273147583008, 'germany': 21.9423885345459, 'policy': 19.256053924560547, 'france': 17.680339813232422, '19': 17.575281143188477, 'canada': 17.56451988220215, 'wave': 17.401296615600586, 'exiled': 16.625564575195312, 'case': 15.457919120788574, 'noah': 15.125825881958008, 'farewell': 14.890707969665527, 'marty': 14.082439422607422, 'slavery': 13.999947547912598, 'results': 11.501599311828613, 'escape': 11.17159366607666, 'israel': 10.294816970825195, 'view': 7.689342021942139, 'retirement': 7.003781795501709, '%': 6.803530693054199, 'passport': 6.340615272521973, 'argentina': 5.7837018966674805, 'extinction': 5.387546539306641, 'scotland': 4.230378150939941, 'immigrants': 1.7760058641433716, 'crash': 1.4698081016540527, 'gabriel': 1.1952801942825317, 'death': 0.9109129309654236, 'tourism': 0.7775397896766663, 'alex': 0.6417499780654907, 'statistics': 0.3415348529815674, 'visa': 0.22913172841072083}",According to the national contribution to the EMN Annual Report on Migration and Asylum 2019:
1,182,976_chunk000,19,836.3240959812682,Emigration  Asylum  And 2019 Report,"{'emigration': 214.53294372558594, 'asylum': 213.81268310546875, '2019': 203.77456665039062, 'report': 184.51950073242188, 'migration': 150.71681213378906, 'immigration': 133.0200958251953, 'emi': 124.34751892089844, 'exit': 114.1431655883789, 'exile': 98.28520202636719, 'alien': 88.2066421508789, 'reports': 87.43453979492188, 'refugees': 82.38231658935547, 'refugee': 79.89944458007812, 'nationality': 75.85978698730469, 'russia': 67.6956558227539, 'departure': 67.4822006225586, 'persecution': 62.33326721191406, 'deportation': 60.52138137817383, 'population': 60.16860580444336, 'refuge': 54.626190185546875, 'settlement': 48.42446517944336, 'australia': 40.83114242553711, 'result': 32.41591262817383, 'country': 31.46607208251953, 'hawkins': 25.87531852722168, 'survey': 25.827333450317383, 'gypsy': 25.2220516204834, 'prison': 25.190549850463867, 'ireland': 24.453407287597656, 'ellis': 23.284273147583008, 'germany': 21.9423885345459, 'policy': 19.256053924560547, 'france': 17.680339813232422, '19': 17.575281143188477, 'canada': 17.56451988220215, 'wave': 17.401296615600586, 'exiled': 16.625564575195312, 'case': 15.457919120788574, 'noah': 15.125825881958008, 'farewell': 14.890707969665527, 'marty': 14.082439422607422, 'slavery': 13.999947547912598, 'results': 11.501599311828613, 'escape': 11.17159366607666, 'israel': 10.294816970825195, 'view': 7.689342021942139, 'retirement': 7.003781795501709, '%': 6.803530693054199, 'passport': 6.340615272521973, 'argentina': 5.7837018966674805, 'extinction': 5.387546539306641, 'scotland': 4.230378150939941, 'immigrants': 1.7760058641433716, 'crash': 1.4698081016540527, 'gabriel': 1.1952801942825317, 'death': 0.9109129309654236, 'tourism': 0.7775397896766663, 'alex': 0.6417499780654907, 'statistics': 0.3415348529815674, 'visa': 0.22913172841072083}",According to the national contribution to the EMN Annual Report on Migration and Asylum 2019 (information provided by the MO MoI of SR):
1,207,978_chunk000,20,836.3240959812682,Emigration  Asylum  And 2019 Report,"{'emigration': 214.53294372558594, 'asylum': 213.81268310546875, '2019': 203.77456665039062, 'report': 184.51950073242188, 'migration': 150.71681213378906, 'immigration': 133.0200958251953, 'emi': 124.34751892089844, 'exit': 114.1431655883789, 'exile': 98.28520202636719, 'alien': 88.2066421508789, 'reports': 87.43453979492188, 'refugees': 82.38231658935547, 'refugee': 79.89944458007812, 'nationality': 75.85978698730469, 'russia': 67.6956558227539, 'departure': 67.4822006225586, 'persecution': 62.33326721191406, 'deportation': 60.52138137817383, 'population': 60.16860580444336, 'refuge': 54.626190185546875, 'settlement': 48.42446517944336, 'australia': 40.83114242553711, 'result': 32.41591262817383, 'country': 31.46607208251953, 'hawkins': 25.87531852722168, 'survey': 25.827333450317383, 'gypsy': 25.2220516204834, 'prison': 25.190549850463867, 'ireland': 24.453407287597656, 'ellis': 23.284273147583008, 'germany': 21.9423885345459, 'policy': 19.256053924560547, 'france': 17.680339813232422, '19': 17.575281143188477, 'canada': 17.56451988220215, 'wave': 17.401296615600586, 'exiled': 16.625564575195312, 'case': 15.457919120788574, 'noah': 15.125825881958008, 'farewell': 14.890707969665527, 'marty': 14.082439422607422, 'slavery': 13.999947547912598, 'results': 11.501599311828613, 'escape': 11.17159366607666, 'israel': 10.294816970825195, 'view': 7.689342021942139, 'retirement': 7.003781795501709, '%': 6.803530693054199, 'passport': 6.340615272521973, 'argentina': 5.7837018966674805, 'extinction': 5.387546539306641, 'scotland': 4.230378150939941, 'immigrants': 1.7760058641433716, 'crash': 1.4698081016540527, 'gabriel': 1.1952801942825317, 'death': 0.9109129309654236, 'tourism': 0.7775397896766663, 'alex': 0.6417499780654907, 'statistics': 0.3415348529815674, 'visa': 0.22913172841072083}",According to the national contribution to the EMN Annual Report on Migration and Asylum 2019 (information provided by the MO MoI of SR):
1,169,970_chunk000,21,835.1417712423693,Emigration  Asylum  And 2019 Report,"{'emigration': 214.53294372558594, 'asylum': 213.81268310546875, '2019': 203.77456665039062, 'report': 184.51950073242188, 'migration': 150.71681213378906, 'immigration': 133.0200958251953, 'emi': 124.34751892089844, 'exit': 114.1431655883789, 'exile': 98.28520202636719, 'alien': 88.2066421508789, 'reports': 87.43453979492188, 'refugees': 82.38231658935547, 'refugee': 79.89944458007812, 'nationality': 75.85978698730469, 'russia': 67.6956558227539, 'departure': 67.4822006225586, 'persecution': 62.33326721191406, 'deportation': 60.52138137817383, 'population': 60.16860580444336, 'refuge': 54.626190185546875, 'settlement': 48.42446517944336, 'australia': 40.83114242553711, 'result': 32.41591262817383, 'country': 31.46607208251953, 'hawkins': 25.87531852722168, 'survey': 25.827333450317383, 'gypsy': 25.2220516204834, 'prison': 25.190549850463867, 'ireland': 24.453407287597656, 'ellis': 23.284273147583008, 'germany': 21.9423885345459, 'policy': 19.256053924560547, 'france': 17.680339813232422, '19': 17.575281143188477, 'canada': 17.56451988220215, 'wave': 17.401296615600586, 'exiled': 16.625564575195312, 'case': 15.457919120788574, 'noah': 15.125825881958008, 'farewell': 14.890707969665527, 'marty': 14.082439422607422, 'slavery': 13.999947547912598, 'results': 11.501599311828613, 'escape': 11.17159366607666, 'israel': 10.294816970825195, 'view': 7.689342021942139, 'retirement': 7.003781795501709, '%': 6.803530693054199, 'passport': 6.340615272521973, 'argentina': 5.7837018966674805, 'extinction': 5.387546539306641, 'scotland': 4.230378150939941, 'immigrants': 1.7760058641433716, 'crash': 1.4698081016540527, 'gabriel': 1.1952801942825317, 'death': 0.9109129309654236, 'tourism': 0.7775397896766663, 'alex': 0.6417499780654907, 'statistics': 0.3415348529815674, 'visa': 0.22913172841072083}",According to the national contribution to the EMN Annual Report on Migration and Asylum 2019 (information provided by the MO MoI SR):
1,180,974_chunk000,22,835.1417712423693,Emigration  Asylum  And 2019 Report,"{'emigration': 214.53294372558594, 'asylum': 213.81268310546875, '2019': 203.77456665039062, 'report': 184.51950073242188, 'migration': 150.71681213378906, 'immigration': 133.0200958251953, 'emi': 124.34751892089844, 'exit': 114.1431655883789, 'exile': 98.28520202636719, 'alien': 88.2066421508789, 'reports': 87.43453979492188, 'refugees': 82.38231658935547, 'refugee': 79.89944458007812, 'nationality': 75.85978698730469, 'russia': 67.6956558227539, 'departure': 67.4822006225586, 'persecution': 62.33326721191406, 'deportation': 60.52138137817383, 'population': 60.16860580444336, 'refuge': 54.626190185546875, 'settlement': 48.42446517944336, 'australia': 40.83114242553711, 'result': 32.41591262817383, 'country': 31.46607208251953, 'hawkins': 25.87531852722168, 'survey': 25.827333450317383, 'gypsy': 25.2220516204834, 'prison': 25.190549850463867, 'ireland': 24.453407287597656, 'ellis': 23.284273147583008, 'germany': 21.9423885345459, 'policy': 19.256053924560547, 'france': 17.680339813232422, '19': 17.575281143188477, 'canada': 17.56451988220215, 'wave': 17.401296615600586, 'exiled': 16.625564575195312, 'case': 15.457919120788574, 'noah': 15.125825881958008, 'farewell': 14.890707969665527, 'marty': 14.082439422607422, 'slavery': 13.999947547912598, 'results': 11.501599311828613, 'escape': 11.17159366607666, 'israel': 10.294816970825195, 'view': 7.689342021942139, 'retirement': 7.003781795501709, '%': 6.803530693054199, 'passport': 6.340615272521973, 'argentina': 5.7837018966674805, 'extinction': 5.387546539306641, 'scotland': 4.230378150939941, 'immigrants': 1.7760058641433716, 'crash': 1.4698081016540527, 'gabriel': 1.1952801942825317, 'death': 0.9109129309654236, 'tourism': 0.7775397896766663, 'alex': 0.6417499780654907, 'statistics': 0.3415348529815674, 'visa': 0.22913172841072083}",According to the national contribution to the EMN Annual Report on Migration and Asylum 2019 (information provided by the MO MoI SR):
1,197,961_chunk000,23,831.6883749005932,Emigration  Asylum  And 2019 Report,"{'emigration': 214.53294372558594, 'asylum': 213.81268310546875, '2019': 203.77456665039062, 'report': 184.51950073242188, 'migration': 150.71681213378906, 'immigration': 133.0200958251953, 'emi': 124.34751892089844, 'exit': 114.1431655883789, 'exile': 98.28520202636719, 'alien': 88.2066421508789, 'reports': 87.43453979492188, 'refugees': 82.38231658935547, 'refugee': 79.89944458007812, 'nationality': 75.85978698730469, 'russia': 67.6956558227539, 'departure': 67.4822006225586, 'persecution': 62.33326721191406, 'deportation': 60.52138137817383, 'population': 60.16860580444336, 'refuge': 54.626190185546875, 'settlement': 48.42446517944336, 'australia': 40.83114242553711, 'result': 32.41591262817383, 'country': 31.46607208251953, 'hawkins': 25.87531852722168, 'survey': 25.827333450317383, 'gypsy': 25.2220516204834, 'prison': 25.190549850463867, 'ireland': 24.453407287597656, 'ellis': 23.284273147583008, 'germany': 21.9423885345459, 'policy': 19.256053924560547, 'france': 17.680339813232422, '19': 17.575281143188477, 'canada': 17.56451988220215, 'wave': 17.401296615600586, 'exiled': 16.625564575195312, 'case': 15.457919120788574, 'noah': 15.125825881958008, 'farewell': 14.890707969665527, 'marty': 14.082439422607422, 'slavery': 13.999947547912598, 'results': 11.501599311828613, 'escape': 11.17159366607666, 'israel': 10.294816970825195, 'view': 7.689342021942139, 'retirement': 7.003781795501709, '%': 6.803530693054199, 'passport': 6.340615272521973, 'argentina': 5.7837018966674805, 'extinction': 5.387546539306641, 'scotland': 4.230378150939941, 'immigrants': 1.7760058641433716, 'crash': 1.4698081016540527, 'gabriel': 1.1952801942825317, 'death': 0.9109129309654236, 'tourism': 0.7775397896766663, 'alex': 0.6417499780654907, 'statistics': 0.3415348529815674, 'visa': 0.22913172841072083}",According to the national contribution to the EMN Annual Report on Migration and Asylum 2019 (information provided by MO MoI SR):
1,211,967_chunk000,24,831.6883749005932,Emigration  Asylum  And 2019 Report,"{'emigration': 214.53294372558594, 'asylum': 213.81268310546875, '2019': 203.77456665039062, 'report': 184.51950073242188, 'migration': 150.71681213378906, 'immigration': 133.0200958251953, 'emi': 124.34751892089844, 'exit': 114.1431655883789, 'exile': 98.28520202636719, 'alien': 88.2066421508789, 'reports': 87.43453979492188, 'refugees': 82.38231658935547, 'refugee': 79.89944458007812, 'nationality': 75.85978698730469, 'russia': 67.6956558227539, 'departure': 67.4822006225586, 'persecution': 62.33326721191406, 'deportation': 60.52138137817383, 'population': 60.16860580444336, 'refuge': 54.626190185546875, 'settlement': 48.42446517944336, 'australia': 40.83114242553711, 'result': 32.41591262817383, 'country': 31.46607208251953, 'hawkins': 25.87531852722168, 'survey': 25.827333450317383, 'gypsy': 25.2220516204834, 'prison': 25.190549850463867, 'ireland': 24.453407287597656, 'ellis': 23.284273147583008, 'germany': 21.9423885345459, 'policy': 19.256053924560547, 'france': 17.680339813232422, '19': 17.575281143188477, 'canada': 17.56451988220215, 'wave': 17.401296615600586, 'exiled': 16.625564575195312, 'case': 15.457919120788574, 'noah': 15.125825881958008, 'farewell': 14.890707969665527, 'marty': 14.082439422607422, 'slavery': 13.999947547912598, 'results': 11.501599311828613, 'escape': 11.17159366607666, 'israel': 10.294816970825195, 'view': 7.689342021942139, 'retirement': 7.003781795501709, '%': 6.803530693054199, 'passport': 6.340615272521973, 'argentina': 5.7837018966674805, 'extinction': 5.387546539306641, 'scotland': 4.230378150939941, 'immigrants': 1.7760058641433716, 'crash': 1.4698081016540527, 'gabriel': 1.1952801942825317, 'death': 0.9109129309654236, 'tourism': 0.7775397896766663, 'alex': 0.6417499780654907, 'statistics': 0.3415348529815674, 'visa': 0.22913172841072083}",According to the national contribution to the EMN Annual Report on Migration and Asylum 2019 (information provided by MO MoI SR):
1,220,964_chunk000,25,831.6883749005932,Emigration  Asylum  And 2019 Report,"{'emigration': 214.53294372558594, 'asylum': 213.81268310546875, '2019': 203.77456665039062, 'report': 184.51950073242188, 'migration': 150.71681213378906, 'immigration': 133.0200958251953, 'emi': 124.34751892089844, 'exit': 114.1431655883789, 'exile': 98.28520202636719, 'alien': 88.2066421508789, 'reports': 87.43453979492188, 'refugees': 82.38231658935547, 'refugee': 79.89944458007812, 'nationality': 75.85978698730469, 'russia': 67.6956558227539, 'departure': 67.4822006225586, 'persecution': 62.33326721191406, 'deportation': 60.52138137817383, 'population': 60.16860580444336, 'refuge': 54.626190185546875, 'settlement': 48.42446517944336, 'australia': 40.83114242553711, 'result': 32.41591262817383, 'country': 31.46607208251953, 'hawkins': 25.87531852722168, 'survey': 25.827333450317383, 'gypsy': 25.2220516204834, 'prison': 25.190549850463867, 'ireland': 24.453407287597656, 'ellis': 23.284273147583008, 'germany': 21.9423885345459, 'policy': 19.256053924560547, 'france': 17.680339813232422, '19': 17.575281143188477, 'canada': 17.56451988220215, 'wave': 17.401296615600586, 'exiled': 16.625564575195312, 'case': 15.457919120788574, 'noah': 15.125825881958008, 'farewell': 14.890707969665527, 'marty': 14.082439422607422, 'slavery': 13.999947547912598, 'results': 11.501599311828613, 'escape': 11.17159366607666, 'israel': 10.294816970825195, 'view': 7.689342021942139, 'retirement': 7.003781795501709, '%': 6.803530693054199, 'passport': 6.340615272521973, 'argentina': 5.7837018966674805, 'extinction': 5.387546539306641, 'scotland': 4.230378150939941, 'immigrants': 1.7760058641433716, 'crash': 1.4698081016540527, 'gabriel': 1.1952801942825317, 'death': 0.9109129309654236, 'tourism': 0.7775397896766663, 'alex': 0.6417499780654907, 'statistics': 0.3415348529815674, 'visa': 0.22913172841072083}",According to the national contribution to the EMN Annual Report on Migration and Asylum 2019 (information provided by MO MoI SR):
1,23,4828_chunk001,26,753.2999344706702,Emigration  Asylum  And 2019 Report,"{'emigration': 214.53294372558594, 'asylum': 213.81268310546875, '2019': 203.77456665039062, 'report': 184.51950073242188, 'migration': 150.71681213378906, 'immigration': 133.0200958251953, 'emi': 124.34751892089844, 'exit': 114.1431655883789, 'exile': 98.28520202636719, 'alien': 88.2066421508789, 'reports': 87.43453979492188, 'refugees': 82.38231658935547, 'refugee': 79.89944458007812, 'nationality': 75.85978698730469, 'russia': 67.6956558227539, 'departure': 67.4822006225586, 'persecution': 62.33326721191406, 'deportation': 60.52138137817383, 'population': 60.16860580444336, 'refuge': 54.626190185546875, 'settlement': 48.42446517944336, 'australia': 40.83114242553711, 'result': 32.41591262817383, 'country': 31.46607208251953, 'hawkins': 25.87531852722168, 'survey': 25.827333450317383, 'gypsy': 25.2220516204834, 'prison': 25.190549850463867, 'ireland': 24.453407287597656, 'ellis': 23.284273147583008, 'germany': 21.9423885345459, 'policy': 19.256053924560547, 'france': 17.680339813232422, '19': 17.575281143188477, 'canada': 17.56451988220215, 'wave': 17.401296615600586, 'exiled': 16.625564575195312, 'case': 15.457919120788574, 'noah': 15.125825881958008, 'farewell': 14.890707969665527, 'marty': 14.082439422607422, 'slavery': 13.999947547912598, 'results': 11.501599311828613, 'escape': 11.17159366607666, 'israel': 10.294816970825195, 'view': 7.689342021942139, 'retirement': 7.003781795501709, '%': 6.803530693054199, 'passport': 6.340615272521973, 'argentina': 5.7837018966674805, 'extinction': 5.387546539306641, 'scotland': 4.230378150939941, 'immigrants': 1.7760058641433716, 'crash': 1.4698081016540527, 'gabriel': 1.1952801942825317, 'death': 0.9109129309654236, 'tourism': 0.7775397896766663, 'alex': 0.6417499780654907, 'statistics': 0.3415348529815674, 'visa': 0.22913172841072083}","On 1 August 2023, the Minister for Asylum and Migration declared..."
1,11,5761_chunk001,27,705.5482753688407,Emigration  Asylum  And 2019 Report,"{'emigration': 214.53294372558594, 'asylum': 213.81268310546875, '2019': 203.77456665039062, 'report': 184.51950073242188, 'migration': 150.71681213378906, 'immigration': 133.0200958251953, 'emi': 124.34751892089844, 'exit': 114.1431655883789, 'exile': 98.28520202636719, 'alien': 88.2066421508789, 'reports': 87.43453979492188, 'refugees': 82.38231658935547, 'refugee': 79.89944458007812, 'nationality': 75.85978698730469, 'russia': 67.6956558227539, 'departure': 67.4822006225586, 'persecution': 62.33326721191406, 'deportation': 60.52138137817383, 'population': 60.16860580444336, 'refuge': 54.626190185546875, 'settlement': 48.42446517944336, 'australia': 40.83114242553711, 'result': 32.41591262817383, 'country': 31.46607208251953, 'hawkins': 25.87531852722168, 'survey': 25.827333450317383, 'gypsy': 25.2220516204834, 'prison': 25.190549850463867, 'ireland': 24.453407287597656, 'ellis': 23.284273147583008, 'germany': 21.9423885345459, 'policy': 19.256053924560547, 'france': 17.680339813232422, '19': 17.575281143188477, 'canada': 17.56451988220215, 'wave': 17.401296615600586, 'exiled': 16.625564575195312, 'case': 15.457919120788574, 'noah': 15.125825881958008, 'farewell': 14.890707969665527, 'marty': 14.082439422607422, 'slavery': 13.999947547912598, 'results': 11.501599311828613, 'escape': 11.17159366607666, 'israel': 10.294816970825195, 'view': 7.689342021942139, 'retirement': 7.003781795501709, '%': 6.803530693054199, 'passport': 6.340615272521973, 'argentina': 5.7837018966674805, 'extinction': 5.387546539306641, 'scotland': 4.230378150939941, 'immigrants': 1.7760058641433716, 'crash': 1.4698081016540527, 'gabriel': 1.1952801942825317, 'death': 0.9109129309654236, 'tourism': 0.7775397896766663, 'alex': 0.6417499780654907, 'statistics': 0.3415348529815674, 'visa': 0.22913172841072083}","On 7 November 2023, the State Secretariat for Migration (SEM) rejected their asylum application and ordered their transfer to Romania. By separate decision, also dated 7 November 2023, the SEM rejected the..."
1,57,4164_chunk001,28,698.4556014949388,Emigration  Asylum  And 2019 Report,"{'emigration': 214.53294372558594, 'asylum': 213.81268310546875, '2019': 203.77456665039062, 'report': 184.51950073242188, 'migration': 150.71681213378906, 'immigration': 133.0200958251953, 'emi': 124.34751892089844, 'exit': 114.1431655883789, 'exile': 98.28520202636719, 'alien': 88.2066421508789, 'reports': 87.43453979492188, 'refugees': 82.38231658935547, 'refugee': 79.89944458007812, 'nationality': 75.85978698730469, 'russia': 67.6956558227539, 'departure': 67.4822006225586, 'persecution': 62.33326721191406, 'deportation': 60.52138137817383, 'population': 60.16860580444336, 'refuge': 54.626190185546875, 'settlement': 48.42446517944336, 'australia': 40.83114242553711, 'result': 32.41591262817383, 'country': 31.46607208251953, 'hawkins': 25.87531852722168, 'survey': 25.827333450317383, 'gypsy': 25.2220516204834, 'prison': 25.190549850463867, 'ireland': 24.453407287597656, 'ellis': 23.284273147583008, 'germany': 21.9423885345459, 'policy': 19.256053924560547, 'france': 17.680339813232422, '19': 17.575281143188477, 'canada': 17.56451988220215, 'wave': 17.401296615600586, 'exiled': 16.625564575195312, 'case': 15.457919120788574, 'noah': 15.125825881958008, 'farewell': 14.890707969665527, 'marty': 14.082439422607422, 'slavery': 13.999947547912598, 'results': 11.501599311828613, 'escape': 11.17159366607666, 'israel': 10.294816970825195, 'view': 7.689342021942139, 'retirement': 7.003781795501709, '%': 6.803530693054199, 'passport': 6.340615272521973, 'argentina': 5.7837018966674805, 'extinction': 5.387546539306641, 'scotland': 4.230378150939941, 'immigrants': 1.7760058641433716, 'crash': 1.4698081016540527, 'gabriel': 1.1952801942825317, 'death': 0.9109129309654236, 'tourism': 0.7775397896766663, 'alex': 0.6417499780654907, 'statistics': 0.3415348529815674, 'visa': 0.22913172841072083}",The decision on his request for asylum was postponed by the Migration Department under the Ministry of the Interior until the third quarter of 2023. VR appealed against this written...
1,22,4828_chunk000,29,689.6234844612025,Emigration  Asylum  And 2019 Report,"{'emigration': 214.53294372558594, 'asylum': 213.81268310546875, '2019': 203.77456665039062, 'report': 184.51950073242188, 'migration': 150.71681213378906, 'immigration': 133.0200958251953, 'emi': 124.34751892089844, 'exit': 114.1431655883789, 'exile': 98.28520202636719, 'alien': 88.2066421508789, 'reports': 87.43453979492188, 'refugees': 82.38231658935547, 'refugee': 79.89944458007812, 'nationality': 75.85978698730469, 'russia': 67.6956558227539, 'departure': 67.4822006225586, 'persecution': 62.33326721191406, 'deportation': 60.52138137817383, 'population': 60.16860580444336, 'refuge': 54.626190185546875, 'settlement': 48.42446517944336, 'australia': 40.83114242553711, 'result': 32.41591262817383, 'country': 31.46607208251953, 'hawkins': 25.87531852722168, 'survey': 25.827333450317383, 'gypsy': 25.2220516204834, 'prison': 25.190549850463867, 'ireland': 24.453407287597656, 'ellis': 23.284273147583008, 'germany': 21.9423885345459, 'policy': 19.256053924560547, 'france': 17.680339813232422, '19': 17.575281143188477, 'canada': 17.56451988220215, 'wave': 17.401296615600586, 'exiled': 16.625564575195312, 'case': 15.457919120788574, 'noah': 15.125825881958008, 'farewell': 14.890707969665527, 'marty': 14.082439422607422, 'slavery': 13.999947547912598, 'results': 11.501599311828613, 'escape': 11.17159366607666, 'israel': 10.294816970825195, 'view': 7.689342021942139, 'retirement': 7.003781795501709, '%': 6.803530693054199, 'passport': 6.340615272521973, 'argentina': 5.7837018966674805, 'extinction': 5.387546539306641, 'scotland': 4.230378150939941, 'immigrants': 1.7760058641433716, 'crash': 1.4698081016540527, 'gabriel': 1.1952801942825317, 'death': 0.9109129309654236, 'tourism': 0.7775397896766663, 'alex': 0.6417499780654907, 'statistics': 0.3415348529815674, 'visa': 0.22913172841072083}","A Burundian national belonging to the Tutsi community applied for asylum on 18 March 2022. He fled Burundi in 2015 because he feared persecution based on his work as an independent consultant and supporter/translator for journalists. Before arriving in the Netherlands, the applicant resided in Rwanda and Kenya. However, he did not feel safe in either country and feared refoulement to Burundi."
1,163,937_chunk000,30,642.1317271532896,Emigration  Asylum  And 2019 Report,"{'emigration': 214.53294372558594, 'asylum': 213.81268310546875, '2019': 203.77456665039062, 'report': 184.51950073242188, 'migration': 150.71681213378906, 'immigration': 133.0200958251953, 'emi': 124.34751892089844, 'exit': 114.1431655883789, 'exile': 98.28520202636719, 'alien': 88.2066421508789, 'reports': 87.43453979492188, 'refugees': 82.38231658935547, 'refugee': 79.89944458007812, 'nationality': 75.85978698730469, 'russia': 67.6956558227539, 'departure': 67.4822006225586, 'persecution': 62.33326721191406, 'deportation': 60.52138137817383, 'population': 60.16860580444336, 'refuge': 54.626190185546875, 'settlement': 48.42446517944336, 'australia': 40.83114242553711, 'result': 32.41591262817383, 'country': 31.46607208251953, 'hawkins': 25.87531852722168, 'survey': 25.827333450317383, 'gypsy': 25.2220516204834, 'prison': 25.190549850463867, 'ireland': 24.453407287597656, 'ellis': 23.284273147583008, 'germany': 21.9423885345459, 'policy': 19.256053924560547, 'france': 17.680339813232422, '19': 17.575281143188477, 'canada': 17.56451988220215, 'wave': 17.401296615600586, 'exiled': 16.625564575195312, 'case': 15.457919120788574, 'noah': 15.125825881958008, 'farewell': 14.890707969665527, 'marty': 14.082439422607422, 'slavery': 13.999947547912598, 'results': 11.501599311828613, 'escape': 11.17159366607666, 'israel': 10.294816970825195, 'view': 7.689342021942139, 'retirement': 7.003781795501709, '%': 6.803530693054199, 'passport': 6.340615272521973, 'argentina': 5.7837018966674805, 'extinction': 5.387546539306641, 'scotland': 4.230378150939941, 'immigrants': 1.7760058641433716, 'crash': 1.4698081016540527, 'gabriel': 1.1952801942825317, 'death': 0.9109129309654236, 'tourism': 0.7775397896766663, 'alex': 0.6417499780654907, 'statistics': 0.3415348529815674, 'visa': 0.22913172841072083}","By decision of 26 July 2019, the State Secretary for Justice and Security established a so-called decision and departure moratorium for asylum seekers from Libya (Government Gazette 26 July 2019, no. 40679). This ruling is about a decision to establish a decision moratorium for Libya."
1,62,3981_chunk000,31,630.7257861011781,Emigration  Asylum  And 2019 Report,"{'emigration': 214.53294372558594, 'asylum': 213.81268310546875, '2019': 203.77456665039062, 'report': 184.51950073242188, 'migration': 150.71681213378906, 'immigration': 133.0200958251953, 'emi': 124.34751892089844, 'exit': 114.1431655883789, 'exile': 98.28520202636719, 'alien': 88.2066421508789, 'reports': 87.43453979492188, 'refugees': 82.38231658935547, 'refugee': 79.89944458007812, 'nationality': 75.85978698730469, 'russia': 67.6956558227539, 'departure': 67.4822006225586, 'persecution': 62.33326721191406, 'deportation': 60.52138137817383, 'population': 60.16860580444336, 'refuge': 54.626190185546875, 'settlement': 48.42446517944336, 'australia': 40.83114242553711, 'result': 32.41591262817383, 'country': 31.46607208251953, 'hawkins': 25.87531852722168, 'survey': 25.827333450317383, 'gypsy': 25.2220516204834, 'prison': 25.190549850463867, 'ireland': 24.453407287597656, 'ellis': 23.284273147583008, 'germany': 21.9423885345459, 'policy': 19.256053924560547, 'france': 17.680339813232422, '19': 17.575281143188477, 'canada': 17.56451988220215, 'wave': 17.401296615600586, 'exiled': 16.625564575195312, 'case': 15.457919120788574, 'noah': 15.125825881958008, 'farewell': 14.890707969665527, 'marty': 14.082439422607422, 'slavery': 13.999947547912598, 'results': 11.501599311828613, 'escape': 11.17159366607666, 'israel': 10.294816970825195, 'view': 7.689342021942139, 'retirement': 7.003781795501709, '%': 6.803530693054199, 'passport': 6.340615272521973, 'argentina': 5.7837018966674805, 'extinction': 5.387546539306641, 'scotland': 4.230378150939941, 'immigrants': 1.7760058641433716, 'crash': 1.4698081016540527, 'gabriel': 1.1952801942825317, 'death': 0.9109129309654236, 'tourism': 0.7775397896766663, 'alex': 0.6417499780654907, 'statistics': 0.3415348529815674, 'visa': 0.22913172841072083}","The case concerned an applicant from Belarus, a mother with her minor son who applied for asylum in Slovakia claiming a fear of persecution upon return to her home country due to opposition to the current regime. She claimed to have publicly and actively participated in anti-government protests following the 2020 presidential elections, within the territory of Slovakia."
1,491,56_chunk001,32,611.7932743746808,Emigration  Asylum  And 2019 Report,"{'emigration': 214.53294372558594, 'asylum': 213.81268310546875, '2019': 203.77456665039062, 'report': 184.51950073242188, 'migration': 150.71681213378906, 'immigration': 133.0200958251953, 'emi': 124.34751892089844, 'exit': 114.1431655883789, 'exile': 98.28520202636719, 'alien': 88.2066421508789, 'reports': 87.43453979492188, 'refugees': 82.38231658935547, 'refugee': 79.89944458007812, 'nationality': 75.85978698730469, 'russia': 67.6956558227539, 'departure': 67.4822006225586, 'persecution': 62.33326721191406, 'deportation': 60.52138137817383, 'population': 60.16860580444336, 'refuge': 54.626190185546875, 'settlement': 48.42446517944336, 'australia': 40.83114242553711, 'result': 32.41591262817383, 'country': 31.46607208251953, 'hawkins': 25.87531852722168, 'survey': 25.827333450317383, 'gypsy': 25.2220516204834, 'prison': 25.190549850463867, 'ireland': 24.453407287597656, 'ellis': 23.284273147583008, 'germany': 21.9423885345459, 'policy': 19.256053924560547, 'france': 17.680339813232422, '19': 17.575281143188477, 'canada': 17.56451988220215, 'wave': 17.401296615600586, 'exiled': 16.625564575195312, 'case': 15.457919120788574, 'noah': 15.125825881958008, 'farewell': 14.890707969665527, 'marty': 14.082439422607422, 'slavery': 13.999947547912598, 'results': 11.501599311828613, 'escape': 11.17159366607666, 'israel': 10.294816970825195, 'view': 7.689342021942139, 'retirement': 7.003781795501709, '%': 6.803530693054199, 'passport': 6.340615272521973, 'argentina': 5.7837018966674805, 'extinction': 5.387546539306641, 'scotland': 4.230378150939941, 'immigrants': 1.7760058641433716, 'crash': 1.4698081016540527, 'gabriel': 1.1952801942825317, 'death': 0.9109129309654236, 'tourism': 0.7775397896766663, 'alex': 0.6417499780654907, 'statistics': 0.3415348529815674, 'visa': 0.22913172841072083}","The applicants claimed asylum in Ireland on 16 December 2014, and completed their asylum application questionnaires on 26 December 2014. An information request by the Office of the Refugee Applications..."
1,80,3268_chunk000,33,591.8177681745698,Emigration  Asylum  And 2019 Report,"{'emigration': 214.53294372558594, 'asylum': 213.81268310546875, '2019': 203.77456665039062, 'report': 184.51950073242188, 'migration': 150.71681213378906, 'immigration': 133.0200958251953, 'emi': 124.34751892089844, 'exit': 114.1431655883789, 'exile': 98.28520202636719, 'alien': 88.2066421508789, 'reports': 87.43453979492188, 'refugees': 82.38231658935547, 'refugee': 79.89944458007812, 'nationality': 75.85978698730469, 'russia': 67.6956558227539, 'departure': 67.4822006225586, 'persecution': 62.33326721191406, 'deportation': 60.52138137817383, 'population': 60.16860580444336, 'refuge': 54.626190185546875, 'settlement': 48.42446517944336, 'australia': 40.83114242553711, 'result': 32.41591262817383, 'country': 31.46607208251953, 'hawkins': 25.87531852722168, 'survey': 25.827333450317383, 'gypsy': 25.2220516204834, 'prison': 25.190549850463867, 'ireland': 24.453407287597656, 'ellis': 23.284273147583008, 'germany': 21.9423885345459, 'policy': 19.256053924560547, 'france': 17.680339813232422, '19': 17.575281143188477, 'canada': 17.56451988220215, 'wave': 17.401296615600586, 'exiled': 16.625564575195312, 'case': 15.457919120788574, 'noah': 15.125825881958008, 'farewell': 14.890707969665527, 'marty': 14.082439422607422, 'slavery': 13.999947547912598, 'results': 11.501599311828613, 'escape': 11.17159366607666, 'israel': 10.294816970825195, 'view': 7.689342021942139, 'retirement': 7.003781795501709, '%': 6.803530693054199, 'passport': 6.340615272521973, 'argentina': 5.7837018966674805, 'extinction': 5.387546539306641, 'scotland': 4.230378150939941, 'immigrants': 1.7760058641433716, 'crash': 1.4698081016540527, 'gabriel': 1.1952801942825317, 'death': 0.9109129309654236, 'tourism': 0.7775397896766663, 'alex': 0.6417499780654907, 'statistics': 0.3415348529815674, 'visa': 0.22913172841072083}","The applicant, an Iraqi national, requested international protection in Austria. On 14 May 2022, the Federal Office for Immigration and Asylum (Bundesamt für Fremdenwesen und Asyl‚ BFA) dismissed the request as inadmissible, considering that Lithuania was the responsible Member State to examine the application in accordance with Article 18(1)(b) of the Dublin III Regulation."
1,472,196_chunk000,34,589.7514188683303,Emigration  Asylum  And 2019 Report,"{'emigration': 214.53294372558594, 'asylum': 213.81268310546875, '2019': 203.77456665039062, 'report': 184.51950073242188, 'migration': 150.71681213378906, 'immigration': 133.0200958251953, 'emi': 124.34751892089844, 'exit': 114.1431655883789, 'exile': 98.28520202636719, 'alien': 88.2066421508789, 'reports': 87.43453979492188, 'refugees': 82.38231658935547, 'refugee': 79.89944458007812, 'nationality': 75.85978698730469, 'russia': 67.6956558227539, 'departure': 67.4822006225586, 'persecution': 62.33326721191406, 'deportation': 60.52138137817383, 'population': 60.16860580444336, 'refuge': 54.626190185546875, 'settlement': 48.42446517944336, 'australia': 40.83114242553711, 'result': 32.41591262817383, 'country': 31.46607208251953, 'hawkins': 25.87531852722168, 'survey': 25.827333450317383, 'gypsy': 25.2220516204834, 'prison': 25.190549850463867, 'ireland': 24.453407287597656, 'ellis': 23.284273147583008, 'germany': 21.9423885345459, 'policy': 19.256053924560547, 'france': 17.680339813232422, '19': 17.575281143188477, 'canada': 17.56451988220215, 'wave': 17.401296615600586, 'exiled': 16.625564575195312, 'case': 15.457919120788574, 'noah': 15.125825881958008, 'farewell': 14.890707969665527, 'marty': 14.082439422607422, 'slavery': 13.999947547912598, 'results': 11.501599311828613, 'escape': 11.17159366607666, 'israel': 10.294816970825195, 'view': 7.689342021942139, 'retirement': 7.003781795501709, '%': 6.803530693054199, 'passport': 6.340615272521973, 'argentina': 5.7837018966674805, 'extinction': 5.387546539306641, 'scotland': 4.230378150939941, 'immigrants': 1.7760058641433716, 'crash': 1.4698081016540527, 'gabriel': 1.1952801942825317, 'death': 0.9109129309654236, 'tourism': 0.7775397896766663, 'alex': 0.6417499780654907, 'statistics': 0.3415348529815674, 'visa': 0.22913172841072083}",The applicant applied for asylum in two occasions: in the United Kingdom in 2009 and in Northern Ireland in 2014 and both applications were refused by the corresponding British Authorities. The applicant moved to Ireland in August 2016 where he submitted a new asylum application.
1,499,54_chunk000,35,589.2561974397739,Emigration  Asylum  And 2019 Report,"{'emigration': 214.53294372558594, 'asylum': 213.81268310546875, '2019': 203.77456665039062, 'report': 184.51950073242188, 'migration': 150.71681213378906, 'immigration': 133.0200958251953, 'emi': 124.34751892089844, 'exit': 114.1431655883789, 'exile': 98.28520202636719, 'alien': 88.2066421508789, 'reports': 87.43453979492188, 'refugees': 82.38231658935547, 'refugee': 79.89944458007812, 'nationality': 75.85978698730469, 'russia': 67.6956558227539, 'departure': 67.4822006225586, 'persecution': 62.33326721191406, 'deportation': 60.52138137817383, 'population': 60.16860580444336, 'refuge': 54.626190185546875, 'settlement': 48.42446517944336, 'australia': 40.83114242553711, 'result': 32.41591262817383, 'country': 31.46607208251953, 'hawkins': 25.87531852722168, 'survey': 25.827333450317383, 'gypsy': 25.2220516204834, 'prison': 25.190549850463867, 'ireland': 24.453407287597656, 'ellis': 23.284273147583008, 'germany': 21.9423885345459, 'policy': 19.256053924560547, 'france': 17.680339813232422, '19': 17.575281143188477, 'canada': 17.56451988220215, 'wave': 17.401296615600586, 'exiled': 16.625564575195312, 'case': 15.457919120788574, 'noah': 15.125825881958008, 'farewell': 14.890707969665527, 'marty': 14.082439422607422, 'slavery': 13.999947547912598, 'results': 11.501599311828613, 'escape': 11.17159366607666, 'israel': 10.294816970825195, 'view': 7.689342021942139, 'retirement': 7.003781795501709, '%': 6.803530693054199, 'passport': 6.340615272521973, 'argentina': 5.7837018966674805, 'extinction': 5.387546539306641, 'scotland': 4.230378150939941, 'immigrants': 1.7760058641433716, 'crash': 1.4698081016540527, 'gabriel': 1.1952801942825317, 'death': 0.9109129309654236, 'tourism': 0.7775397896766663, 'alex': 0.6417499780654907, 'statistics': 0.3415348529815674, 'visa': 0.22913172841072083}","Section 9 of the Refugee Act 1996 provided that a person seeking asylum is entitled to enter the State and remain while the application for refugee status is processed. Section 9(4) also provided however, that an applicant shall not seek or enter employment before final determination of his or her application for a declaration."
1,64,4167_chunk000,36,581.3645529285235,Emigration  Asylum  And 2019 Report,"{'emigration': 214.53294372558594, 'asylum': 213.81268310546875, '2019': 203.77456665039062, 'report': 184.51950073242188, 'migration': 150.71681213378906, 'immigration': 133.0200958251953, 'emi': 124.34751892089844, 'exit': 114.1431655883789, 'exile': 98.28520202636719, 'alien': 88.2066421508789, 'reports': 87.43453979492188, 'refugees': 82.38231658935547, 'refugee': 79.89944458007812, 'nationality': 75.85978698730469, 'russia': 67.6956558227539, 'departure': 67.4822006225586, 'persecution': 62.33326721191406, 'deportation': 60.52138137817383, 'population': 60.16860580444336, 'refuge': 54.626190185546875, 'settlement': 48.42446517944336, 'australia': 40.83114242553711, 'result': 32.41591262817383, 'country': 31.46607208251953, 'hawkins': 25.87531852722168, 'survey': 25.827333450317383, 'gypsy': 25.2220516204834, 'prison': 25.190549850463867, 'ireland': 24.453407287597656, 'ellis': 23.284273147583008, 'germany': 21.9423885345459, 'policy': 19.256053924560547, 'france': 17.680339813232422, '19': 17.575281143188477, 'canada': 17.56451988220215, 'wave': 17.401296615600586, 'exiled': 16.625564575195312, 'case': 15.457919120788574, 'noah': 15.125825881958008, 'farewell': 14.890707969665527, 'marty': 14.082439422607422, 'slavery': 13.999947547912598, 'results': 11.501599311828613, 'escape': 11.17159366607666, 'israel': 10.294816970825195, 'view': 7.689342021942139, 'retirement': 7.003781795501709, '%': 6.803530693054199, 'passport': 6.340615272521973, 'argentina': 5.7837018966674805, 'extinction': 5.387546539306641, 'scotland': 4.230378150939941, 'immigrants': 1.7760058641433716, 'crash': 1.4698081016540527, 'gabriel': 1.1952801942825317, 'death': 0.9109129309654236, 'tourism': 0.7775397896766663, 'alex': 0.6417499780654907, 'statistics': 0.3415348529815674, 'visa': 0.22913172841072083}","An applicant of Syrian nationality and Sunni Islamic religion requested international protection on 24 November 2021 in Austria. The Federal Office for Immigration and Asylum (BFA) did not grant him refugee status but subsidiary protection, a decision which he appealed to the Federal Administrative Court."
1,79,3406_chunk001,37,578.964504528498,Emigration  Asylum  And 2019 Report,"{'emigration': 214.53294372558594, 'asylum': 213.81268310546875, '2019': 203.77456665039062, 'report': 184.51950073242188, 'migration': 150.71681213378906, 'immigration': 133.0200958251953, 'emi': 124.34751892089844, 'exit': 114.1431655883789, 'exile': 98.28520202636719, 'alien': 88.2066421508789, 'reports': 87.43453979492188, 'refugees': 82.38231658935547, 'refugee': 79.89944458007812, 'nationality': 75.85978698730469, 'russia': 67.6956558227539, 'departure': 67.4822006225586, 'persecution': 62.33326721191406, 'deportation': 60.52138137817383, 'population': 60.16860580444336, 'refuge': 54.626190185546875, 'settlement': 48.42446517944336, 'australia': 40.83114242553711, 'result': 32.41591262817383, 'country': 31.46607208251953, 'hawkins': 25.87531852722168, 'survey': 25.827333450317383, 'gypsy': 25.2220516204834, 'prison': 25.190549850463867, 'ireland': 24.453407287597656, 'ellis': 23.284273147583008, 'germany': 21.9423885345459, 'policy': 19.256053924560547, 'france': 17.680339813232422, '19': 17.575281143188477, 'canada': 17.56451988220215, 'wave': 17.401296615600586, 'exiled': 16.625564575195312, 'case': 15.457919120788574, 'noah': 15.125825881958008, 'farewell': 14.890707969665527, 'marty': 14.082439422607422, 'slavery': 13.999947547912598, 'results': 11.501599311828613, 'escape': 11.17159366607666, 'israel': 10.294816970825195, 'view': 7.689342021942139, 'retirement': 7.003781795501709, '%': 6.803530693054199, 'passport': 6.340615272521973, 'argentina': 5.7837018966674805, 'extinction': 5.387546539306641, 'scotland': 4.230378150939941, 'immigrants': 1.7760058641433716, 'crash': 1.4698081016540527, 'gabriel': 1.1952801942825317, 'death': 0.9109129309654236, 'tourism': 0.7775397896766663, 'alex': 0.6417499780654907, 'statistics': 0.3415348529815674, 'visa': 0.22913172841072083}","The Federal Office for Migration and Refugees (BAMF) confirmed a Eurodac hit with regard to Croatia, where the applicants also applied for asylum.

The applicants argued that in Croatia they were receiving..."
1,454,23_chunk000,38,577.6129557146244,Emigration  Asylum  And 2019 Report,"{'emigration': 214.53294372558594, 'asylum': 213.81268310546875, '2019': 203.77456665039062, 'report': 184.51950073242188, 'migration': 150.71681213378906, 'immigration': 133.0200958251953, 'emi': 124.34751892089844, 'exit': 114.1431655883789, 'exile': 98.28520202636719, 'alien': 88.2066421508789, 'reports': 87.43453979492188, 'refugees': 82.38231658935547, 'refugee': 79.89944458007812, 'nationality': 75.85978698730469, 'russia': 67.6956558227539, 'departure': 67.4822006225586, 'persecution': 62.33326721191406, 'deportation': 60.52138137817383, 'population': 60.16860580444336, 'refuge': 54.626190185546875, 'settlement': 48.42446517944336, 'australia': 40.83114242553711, 'result': 32.41591262817383, 'country': 31.46607208251953, 'hawkins': 25.87531852722168, 'survey': 25.827333450317383, 'gypsy': 25.2220516204834, 'prison': 25.190549850463867, 'ireland': 24.453407287597656, 'ellis': 23.284273147583008, 'germany': 21.9423885345459, 'policy': 19.256053924560547, 'france': 17.680339813232422, '19': 17.575281143188477, 'canada': 17.56451988220215, 'wave': 17.401296615600586, 'exiled': 16.625564575195312, 'case': 15.457919120788574, 'noah': 15.125825881958008, 'farewell': 14.890707969665527, 'marty': 14.082439422607422, 'slavery': 13.999947547912598, 'results': 11.501599311828613, 'escape': 11.17159366607666, 'israel': 10.294816970825195, 'view': 7.689342021942139, 'retirement': 7.003781795501709, '%': 6.803530693054199, 'passport': 6.340615272521973, 'argentina': 5.7837018966674805, 'extinction': 5.387546539306641, 'scotland': 4.230378150939941, 'immigrants': 1.7760058641433716, 'crash': 1.4698081016540527, 'gabriel': 1.1952801942825317, 'death': 0.9109129309654236, 'tourism': 0.7775397896766663, 'alex': 0.6417499780654907, 'statistics': 0.3415348529815674, 'visa': 0.22913172841072083}","The Finnish Immigration Service had rejected A 's application for asylum and residence permit on the basis of the conflict between A and his father' s claims for asylum. Although the father's report has thus affected A's case, he or she has not been given the opportunity to give an explanation of the report and contradictions that it has in relation to his or her report."
1,138,2510_chunk000,39,574.2824166390036,Emigration  Asylum  And 2019 Report,"{'emigration': 214.53294372558594, 'asylum': 213.81268310546875, '2019': 203.77456665039062, 'report': 184.51950073242188, 'migration': 150.71681213378906, 'immigration': 133.0200958251953, 'emi': 124.34751892089844, 'exit': 114.1431655883789, 'exile': 98.28520202636719, 'alien': 88.2066421508789, 'reports': 87.43453979492188, 'refugees': 82.38231658935547, 'refugee': 79.89944458007812, 'nationality': 75.85978698730469, 'russia': 67.6956558227539, 'departure': 67.4822006225586, 'persecution': 62.33326721191406, 'deportation': 60.52138137817383, 'population': 60.16860580444336, 'refuge': 54.626190185546875, 'settlement': 48.42446517944336, 'australia': 40.83114242553711, 'result': 32.41591262817383, 'country': 31.46607208251953, 'hawkins': 25.87531852722168, 'survey': 25.827333450317383, 'gypsy': 25.2220516204834, 'prison': 25.190549850463867, 'ireland': 24.453407287597656, 'ellis': 23.284273147583008, 'germany': 21.9423885345459, 'policy': 19.256053924560547, 'france': 17.680339813232422, '19': 17.575281143188477, 'canada': 17.56451988220215, 'wave': 17.401296615600586, 'exiled': 16.625564575195312, 'case': 15.457919120788574, 'noah': 15.125825881958008, 'farewell': 14.890707969665527, 'marty': 14.082439422607422, 'slavery': 13.999947547912598, 'results': 11.501599311828613, 'escape': 11.17159366607666, 'israel': 10.294816970825195, 'view': 7.689342021942139, 'retirement': 7.003781795501709, '%': 6.803530693054199, 'passport': 6.340615272521973, 'argentina': 5.7837018966674805, 'extinction': 5.387546539306641, 'scotland': 4.230378150939941, 'immigrants': 1.7760058641433716, 'crash': 1.4698081016540527, 'gabriel': 1.1952801942825317, 'death': 0.9109129309654236, 'tourism': 0.7775397896766663, 'alex': 0.6417499780654907, 'statistics': 0.3415348529815674, 'visa': 0.22913172841072083}","The applicant, Guinea national, was rejected the application of asylum as inadmissible by decision of 7 March 2018 because he has already applied in Spain, according to a Eurodac hit report. The Spanish authorities agreed to the transfer on 6 March 2018 and the BAMF decision was adopted on 7 March 2018."
1,6,5890_chunk000,40,572.0449374758964,Emigration  Asylum  And 2019 Report,"{'emigration': 214.53294372558594, 'asylum': 213.81268310546875, '2019': 203.77456665039062, 'report': 184.51950073242188, 'migration': 150.71681213378906, 'immigration': 133.0200958251953, 'emi': 124.34751892089844, 'exit': 114.1431655883789, 'exile': 98.28520202636719, 'alien': 88.2066421508789, 'reports': 87.43453979492188, 'refugees': 82.38231658935547, 'refugee': 79.89944458007812, 'nationality': 75.85978698730469, 'russia': 67.6956558227539, 'departure': 67.4822006225586, 'persecution': 62.33326721191406, 'deportation': 60.52138137817383, 'population': 60.16860580444336, 'refuge': 54.626190185546875, 'settlement': 48.42446517944336, 'australia': 40.83114242553711, 'result': 32.41591262817383, 'country': 31.46607208251953, 'hawkins': 25.87531852722168, 'survey': 25.827333450317383, 'gypsy': 25.2220516204834, 'prison': 25.190549850463867, 'ireland': 24.453407287597656, 'ellis': 23.284273147583008, 'germany': 21.9423885345459, 'policy': 19.256053924560547, 'france': 17.680339813232422, '19': 17.575281143188477, 'canada': 17.56451988220215, 'wave': 17.401296615600586, 'exiled': 16.625564575195312, 'case': 15.457919120788574, 'noah': 15.125825881958008, 'farewell': 14.890707969665527, 'marty': 14.082439422607422, 'slavery': 13.999947547912598, 'results': 11.501599311828613, 'escape': 11.17159366607666, 'israel': 10.294816970825195, 'view': 7.689342021942139, 'retirement': 7.003781795501709, '%': 6.803530693054199, 'passport': 6.340615272521973, 'argentina': 5.7837018966674805, 'extinction': 5.387546539306641, 'scotland': 4.230378150939941, 'immigrants': 1.7760058641433716, 'crash': 1.4698081016540527, 'gabriel': 1.1952801942825317, 'death': 0.9109129309654236, 'tourism': 0.7775397896766663, 'alex': 0.6417499780654907, 'statistics': 0.3415348529815674, 'visa': 0.22913172841072083}","Six Iraqi nationals, a family of two parents and their four minor children, entered the Hungarian transit zone bordering Serbia on 10 July 2018 and submitted an asylum application. On the same day, the asylum authority designated the transit zone in Tompa as the applicants' place of stay."
1,195,1091_chunk001,41,568.775404513164,Emigration  Asylum  And 2019 Report,"{'emigration': 214.53294372558594, 'asylum': 213.81268310546875, '2019': 203.77456665039062, 'report': 184.51950073242188, 'migration': 150.71681213378906, 'immigration': 133.0200958251953, 'emi': 124.34751892089844, 'exit': 114.1431655883789, 'exile': 98.28520202636719, 'alien': 88.2066421508789, 'reports': 87.43453979492188, 'refugees': 82.38231658935547, 'refugee': 79.89944458007812, 'nationality': 75.85978698730469, 'russia': 67.6956558227539, 'departure': 67.4822006225586, 'persecution': 62.33326721191406, 'deportation': 60.52138137817383, 'population': 60.16860580444336, 'refuge': 54.626190185546875, 'settlement': 48.42446517944336, 'australia': 40.83114242553711, 'result': 32.41591262817383, 'country': 31.46607208251953, 'hawkins': 25.87531852722168, 'survey': 25.827333450317383, 'gypsy': 25.2220516204834, 'prison': 25.190549850463867, 'ireland': 24.453407287597656, 'ellis': 23.284273147583008, 'germany': 21.9423885345459, 'policy': 19.256053924560547, 'france': 17.680339813232422, '19': 17.575281143188477, 'canada': 17.56451988220215, 'wave': 17.401296615600586, 'exiled': 16.625564575195312, 'case': 15.457919120788574, 'noah': 15.125825881958008, 'farewell': 14.890707969665527, 'marty': 14.082439422607422, 'slavery': 13.999947547912598, 'results': 11.501599311828613, 'escape': 11.17159366607666, 'israel': 10.294816970825195, 'view': 7.689342021942139, 'retirement': 7.003781795501709, '%': 6.803530693054199, 'passport': 6.340615272521973, 'argentina': 5.7837018966674805, 'extinction': 5.387546539306641, 'scotland': 4.230378150939941, 'immigrants': 1.7760058641433716, 'crash': 1.4698081016540527, 'gabriel': 1.1952801942825317, 'death': 0.9109129309654236, 'tourism': 0.7775397896766663, 'alex': 0.6417499780654907, 'statistics': 0.3415348529815674, 'visa': 0.22913172841072083}","The applicant was arrested on 6 June 2019 in execution of a detention order that had since been issued and, after being questioned, received a notification from the Federal Office for Foreign Affairs and Asylum (BFA) on the same day on detention pending deportation. During detention pending..."
1,350,590_chunk000,42,568.711343508156,Emigration  Asylum  And 2019 Report,"{'emigration': 214.53294372558594, 'asylum': 213.81268310546875, '2019': 203.77456665039062, 'report': 184.51950073242188, 'migration': 150.71681213378906, 'immigration': 133.0200958251953, 'emi': 124.34751892089844, 'exit': 114.1431655883789, 'exile': 98.28520202636719, 'alien': 88.2066421508789, 'reports': 87.43453979492188, 'refugees': 82.38231658935547, 'refugee': 79.89944458007812, 'nationality': 75.85978698730469, 'russia': 67.6956558227539, 'departure': 67.4822006225586, 'persecution': 62.33326721191406, 'deportation': 60.52138137817383, 'population': 60.16860580444336, 'refuge': 54.626190185546875, 'settlement': 48.42446517944336, 'australia': 40.83114242553711, 'result': 32.41591262817383, 'country': 31.46607208251953, 'hawkins': 25.87531852722168, 'survey': 25.827333450317383, 'gypsy': 25.2220516204834, 'prison': 25.190549850463867, 'ireland': 24.453407287597656, 'ellis': 23.284273147583008, 'germany': 21.9423885345459, 'policy': 19.256053924560547, 'france': 17.680339813232422, '19': 17.575281143188477, 'canada': 17.56451988220215, 'wave': 17.401296615600586, 'exiled': 16.625564575195312, 'case': 15.457919120788574, 'noah': 15.125825881958008, 'farewell': 14.890707969665527, 'marty': 14.082439422607422, 'slavery': 13.999947547912598, 'results': 11.501599311828613, 'escape': 11.17159366607666, 'israel': 10.294816970825195, 'view': 7.689342021942139, 'retirement': 7.003781795501709, '%': 6.803530693054199, 'passport': 6.340615272521973, 'argentina': 5.7837018966674805, 'extinction': 5.387546539306641, 'scotland': 4.230378150939941, 'immigrants': 1.7760058641433716, 'crash': 1.4698081016540527, 'gabriel': 1.1952801942825317, 'death': 0.9109129309654236, 'tourism': 0.7775397896766663, 'alex': 0.6417499780654907, 'statistics': 0.3415348529815674, 'visa': 0.22913172841072083}","In an urgent action for the «granting of asylum or of a residence permit for subsidiary protection» the use of «official international reports on the political and social situation of the applicant's country of origin», by the court of appeal is not in breach of Articles 412 and 662 of the Civil Procedure Code.

..."
1,100,3137_chunk000,43,567.8646186480338,Emigration  Asylum  And 2019 Report,"{'emigration': 214.53294372558594, 'asylum': 213.81268310546875, '2019': 203.77456665039062, 'report': 184.51950073242188, 'migration': 150.71681213378906, 'immigration': 133.0200958251953, 'emi': 124.34751892089844, 'exit': 114.1431655883789, 'exile': 98.28520202636719, 'alien': 88.2066421508789, 'reports': 87.43453979492188, 'refugees': 82.38231658935547, 'refugee': 79.89944458007812, 'nationality': 75.85978698730469, 'russia': 67.6956558227539, 'departure': 67.4822006225586, 'persecution': 62.33326721191406, 'deportation': 60.52138137817383, 'population': 60.16860580444336, 'refuge': 54.626190185546875, 'settlement': 48.42446517944336, 'australia': 40.83114242553711, 'result': 32.41591262817383, 'country': 31.46607208251953, 'hawkins': 25.87531852722168, 'survey': 25.827333450317383, 'gypsy': 25.2220516204834, 'prison': 25.190549850463867, 'ireland': 24.453407287597656, 'ellis': 23.284273147583008, 'germany': 21.9423885345459, 'policy': 19.256053924560547, 'france': 17.680339813232422, '19': 17.575281143188477, 'canada': 17.56451988220215, 'wave': 17.401296615600586, 'exiled': 16.625564575195312, 'case': 15.457919120788574, 'noah': 15.125825881958008, 'farewell': 14.890707969665527, 'marty': 14.082439422607422, 'slavery': 13.999947547912598, 'results': 11.501599311828613, 'escape': 11.17159366607666, 'israel': 10.294816970825195, 'view': 7.689342021942139, 'retirement': 7.003781795501709, '%': 6.803530693054199, 'passport': 6.340615272521973, 'argentina': 5.7837018966674805, 'extinction': 5.387546539306641, 'scotland': 4.230378150939941, 'immigrants': 1.7760058641433716, 'crash': 1.4698081016540527, 'gabriel': 1.1952801942825317, 'death': 0.9109129309654236, 'tourism': 0.7775397896766663, 'alex': 0.6417499780654907, 'statistics': 0.3415348529815674, 'visa': 0.22913172841072083}","The applicant, Colombian national, applied for international protection on 4 September 2019 and he was informed on the same day of his rights in the asylum procedure, including the right to free legal aid from the state in case he lacked sufficient financial resources. The applicant was handed over a form where he could tick the services he requires."
1,158,935_chunk000,44,566.9636321683071,Emigration  Asylum  And 2019 Report,"{'emigration': 214.53294372558594, 'asylum': 213.81268310546875, '2019': 203.77456665039062, 'report': 184.51950073242188, 'migration': 150.71681213378906, 'immigration': 133.0200958251953, 'emi': 124.34751892089844, 'exit': 114.1431655883789, 'exile': 98.28520202636719, 'alien': 88.2066421508789, 'reports': 87.43453979492188, 'refugees': 82.38231658935547, 'refugee': 79.89944458007812, 'nationality': 75.85978698730469, 'russia': 67.6956558227539, 'departure': 67.4822006225586, 'persecution': 62.33326721191406, 'deportation': 60.52138137817383, 'population': 60.16860580444336, 'refuge': 54.626190185546875, 'settlement': 48.42446517944336, 'australia': 40.83114242553711, 'result': 32.41591262817383, 'country': 31.46607208251953, 'hawkins': 25.87531852722168, 'survey': 25.827333450317383, 'gypsy': 25.2220516204834, 'prison': 25.190549850463867, 'ireland': 24.453407287597656, 'ellis': 23.284273147583008, 'germany': 21.9423885345459, 'policy': 19.256053924560547, 'france': 17.680339813232422, '19': 17.575281143188477, 'canada': 17.56451988220215, 'wave': 17.401296615600586, 'exiled': 16.625564575195312, 'case': 15.457919120788574, 'noah': 15.125825881958008, 'farewell': 14.890707969665527, 'marty': 14.082439422607422, 'slavery': 13.999947547912598, 'results': 11.501599311828613, 'escape': 11.17159366607666, 'israel': 10.294816970825195, 'view': 7.689342021942139, 'retirement': 7.003781795501709, '%': 6.803530693054199, 'passport': 6.340615272521973, 'argentina': 5.7837018966674805, 'extinction': 5.387546539306641, 'scotland': 4.230378150939941, 'immigrants': 1.7760058641433716, 'crash': 1.4698081016540527, 'gabriel': 1.1952801942825317, 'death': 0.9109129309654236, 'tourism': 0.7775397896766663, 'alex': 0.6417499780654907, 'statistics': 0.3415348529815674, 'visa': 0.22913172841072083}","The woman, known as an LGBTI activist in Surinam, did not obtain an asylum residence permit from the Minister for Migration in March 2018. She had asked for the residence permit in the Netherlands because, in her own words, she runs a risk in Surinam because of her transsexuality. A previous appeal to the court against rejection of the permit failed, after which the woman appealed to the ABRvS."
1,73,3963_chunk001,45,566.8640296941993,Emigration  Asylum  And 2019 Report,"{'emigration': 214.53294372558594, 'asylum': 213.81268310546875, '2019': 203.77456665039062, 'report': 184.51950073242188, 'migration': 150.71681213378906, 'immigration': 133.0200958251953, 'emi': 124.34751892089844, 'exit': 114.1431655883789, 'exile': 98.28520202636719, 'alien': 88.2066421508789, 'reports': 87.43453979492188, 'refugees': 82.38231658935547, 'refugee': 79.89944458007812, 'nationality': 75.85978698730469, 'russia': 67.6956558227539, 'departure': 67.4822006225586, 'persecution': 62.33326721191406, 'deportation': 60.52138137817383, 'population': 60.16860580444336, 'refuge': 54.626190185546875, 'settlement': 48.42446517944336, 'australia': 40.83114242553711, 'result': 32.41591262817383, 'country': 31.46607208251953, 'hawkins': 25.87531852722168, 'survey': 25.827333450317383, 'gypsy': 25.2220516204834, 'prison': 25.190549850463867, 'ireland': 24.453407287597656, 'ellis': 23.284273147583008, 'germany': 21.9423885345459, 'policy': 19.256053924560547, 'france': 17.680339813232422, '19': 17.575281143188477, 'canada': 17.56451988220215, 'wave': 17.401296615600586, 'exiled': 16.625564575195312, 'case': 15.457919120788574, 'noah': 15.125825881958008, 'farewell': 14.890707969665527, 'marty': 14.082439422607422, 'slavery': 13.999947547912598, 'results': 11.501599311828613, 'escape': 11.17159366607666, 'israel': 10.294816970825195, 'view': 7.689342021942139, 'retirement': 7.003781795501709, '%': 6.803530693054199, 'passport': 6.340615272521973, 'argentina': 5.7837018966674805, 'extinction': 5.387546539306641, 'scotland': 4.230378150939941, 'immigrants': 1.7760058641433716, 'crash': 1.4698081016540527, 'gabriel': 1.1952801942825317, 'death': 0.9109129309654236, 'tourism': 0.7775397896766663, 'alex': 0.6417499780654907, 'statistics': 0.3415348529815674, 'visa': 0.22913172841072083}","He left Iran for Turkey in 2015 (where he applied for asylum) and from there he travelled to Czechia in 2019. In support of his request, the..."
1,524,148_chunk001,46,557.2920274985833,Emigration  Asylum  And 2019 Report,"{'emigration': 214.53294372558594, 'asylum': 213.81268310546875, '2019': 203.77456665039062, 'report': 184.51950073242188, 'migration': 150.71681213378906, 'immigration': 133.0200958251953, 'emi': 124.34751892089844, 'exit': 114.1431655883789, 'exile': 98.28520202636719, 'alien': 88.2066421508789, 'reports': 87.43453979492188, 'refugees': 82.38231658935547, 'refugee': 79.89944458007812, 'nationality': 75.85978698730469, 'russia': 67.6956558227539, 'departure': 67.4822006225586, 'persecution': 62.33326721191406, 'deportation': 60.52138137817383, 'population': 60.16860580444336, 'refuge': 54.626190185546875, 'settlement': 48.42446517944336, 'australia': 40.83114242553711, 'result': 32.41591262817383, 'country': 31.46607208251953, 'hawkins': 25.87531852722168, 'survey': 25.827333450317383, 'gypsy': 25.2220516204834, 'prison': 25.190549850463867, 'ireland': 24.453407287597656, 'ellis': 23.284273147583008, 'germany': 21.9423885345459, 'policy': 19.256053924560547, 'france': 17.680339813232422, '19': 17.575281143188477, 'canada': 17.56451988220215, 'wave': 17.401296615600586, 'exiled': 16.625564575195312, 'case': 15.457919120788574, 'noah': 15.125825881958008, 'farewell': 14.890707969665527, 'marty': 14.082439422607422, 'slavery': 13.999947547912598, 'results': 11.501599311828613, 'escape': 11.17159366607666, 'israel': 10.294816970825195, 'view': 7.689342021942139, 'retirement': 7.003781795501709, '%': 6.803530693054199, 'passport': 6.340615272521973, 'argentina': 5.7837018966674805, 'extinction': 5.387546539306641, 'scotland': 4.230378150939941, 'immigrants': 1.7760058641433716, 'crash': 1.4698081016540527, 'gabriel': 1.1952801942825317, 'death': 0.9109129309654236, 'tourism': 0.7775397896766663, 'alex': 0.6417499780654907, 'statistics': 0.3415348529815674, 'visa': 0.22913172841072083}",The Court had to answer whether Contracting States have an obligation to grant refugee status to an asylum-seeker who can establish that he/she has a well-founded fear of persecution for reasons of one or more of the Convention grounds of the 1951 Convention [thus falling under the scope of the inclusion clauses] where the risk of persecution is based on circumstances created by the applicant's ‘o
1,365,512_chunk000,47,555.956961253466,Emigration  Asylum  And 2019 Report,"{'emigration': 214.53294372558594, 'asylum': 213.81268310546875, '2019': 203.77456665039062, 'report': 184.51950073242188, 'migration': 150.71681213378906, 'immigration': 133.0200958251953, 'emi': 124.34751892089844, 'exit': 114.1431655883789, 'exile': 98.28520202636719, 'alien': 88.2066421508789, 'reports': 87.43453979492188, 'refugees': 82.38231658935547, 'refugee': 79.89944458007812, 'nationality': 75.85978698730469, 'russia': 67.6956558227539, 'departure': 67.4822006225586, 'persecution': 62.33326721191406, 'deportation': 60.52138137817383, 'population': 60.16860580444336, 'refuge': 54.626190185546875, 'settlement': 48.42446517944336, 'australia': 40.83114242553711, 'result': 32.41591262817383, 'country': 31.46607208251953, 'hawkins': 25.87531852722168, 'survey': 25.827333450317383, 'gypsy': 25.2220516204834, 'prison': 25.190549850463867, 'ireland': 24.453407287597656, 'ellis': 23.284273147583008, 'germany': 21.9423885345459, 'policy': 19.256053924560547, 'france': 17.680339813232422, '19': 17.575281143188477, 'canada': 17.56451988220215, 'wave': 17.401296615600586, 'exiled': 16.625564575195312, 'case': 15.457919120788574, 'noah': 15.125825881958008, 'farewell': 14.890707969665527, 'marty': 14.082439422607422, 'slavery': 13.999947547912598, 'results': 11.501599311828613, 'escape': 11.17159366607666, 'israel': 10.294816970825195, 'view': 7.689342021942139, 'retirement': 7.003781795501709, '%': 6.803530693054199, 'passport': 6.340615272521973, 'argentina': 5.7837018966674805, 'extinction': 5.387546539306641, 'scotland': 4.230378150939941, 'immigrants': 1.7760058641433716, 'crash': 1.4698081016540527, 'gabriel': 1.1952801942825317, 'death': 0.9109129309654236, 'tourism': 0.7775397896766663, 'alex': 0.6417499780654907, 'statistics': 0.3415348529815674, 'visa': 0.22913172841072083}","The Supreme Court ruled that Article 31 of the 1951 Geneva Convention (stating no penalties for illegal entry if refugees arrive directly from a country where there are threats to their life or freedom, and they present themselves for the authorities without delay) did not preclude that an asylum seeker could be convicted for violation of an entry ban."
1,128,3269_chunk000,48,555.6218079914105,Emigration  Asylum  And 2019 Report,"{'emigration': 214.53294372558594, 'asylum': 213.81268310546875, '2019': 203.77456665039062, 'report': 184.51950073242188, 'migration': 150.71681213378906, 'immigration': 133.0200958251953, 'emi': 124.34751892089844, 'exit': 114.1431655883789, 'exile': 98.28520202636719, 'alien': 88.2066421508789, 'reports': 87.43453979492188, 'refugees': 82.38231658935547, 'refugee': 79.89944458007812, 'nationality': 75.85978698730469, 'russia': 67.6956558227539, 'departure': 67.4822006225586, 'persecution': 62.33326721191406, 'deportation': 60.52138137817383, 'population': 60.16860580444336, 'refuge': 54.626190185546875, 'settlement': 48.42446517944336, 'australia': 40.83114242553711, 'result': 32.41591262817383, 'country': 31.46607208251953, 'hawkins': 25.87531852722168, 'survey': 25.827333450317383, 'gypsy': 25.2220516204834, 'prison': 25.190549850463867, 'ireland': 24.453407287597656, 'ellis': 23.284273147583008, 'germany': 21.9423885345459, 'policy': 19.256053924560547, 'france': 17.680339813232422, '19': 17.575281143188477, 'canada': 17.56451988220215, 'wave': 17.401296615600586, 'exiled': 16.625564575195312, 'case': 15.457919120788574, 'noah': 15.125825881958008, 'farewell': 14.890707969665527, 'marty': 14.082439422607422, 'slavery': 13.999947547912598, 'results': 11.501599311828613, 'escape': 11.17159366607666, 'israel': 10.294816970825195, 'view': 7.689342021942139, 'retirement': 7.003781795501709, '%': 6.803530693054199, 'passport': 6.340615272521973, 'argentina': 5.7837018966674805, 'extinction': 5.387546539306641, 'scotland': 4.230378150939941, 'immigrants': 1.7760058641433716, 'crash': 1.4698081016540527, 'gabriel': 1.1952801942825317, 'death': 0.9109129309654236, 'tourism': 0.7775397896766663, 'alex': 0.6417499780654907, 'statistics': 0.3415348529815674, 'visa': 0.22913172841072083}","The applicant, a national of Somalia, applied for international protection in France on 18 December 2020 and he was placed under the Dublin procedure while a request was sent to Germany, considered the Member State responsible to examine the request for international protection. The applicant returned to Germany, and thereafter returned to France and asked for asylum a second time on 26 May 2021."
1,222,914_chunk000,49,555.5308899597258,Emigration  Asylum  And 2019 Report,"{'emigration': 214.53294372558594, 'asylum': 213.81268310546875, '2019': 203.77456665039062, 'report': 184.51950073242188, 'migration': 150.71681213378906, 'immigration': 133.0200958251953, 'emi': 124.34751892089844, 'exit': 114.1431655883789, 'exile': 98.28520202636719, 'alien': 88.2066421508789, 'reports': 87.43453979492188, 'refugees': 82.38231658935547, 'refugee': 79.89944458007812, 'nationality': 75.85978698730469, 'russia': 67.6956558227539, 'departure': 67.4822006225586, 'persecution': 62.33326721191406, 'deportation': 60.52138137817383, 'population': 60.16860580444336, 'refuge': 54.626190185546875, 'settlement': 48.42446517944336, 'australia': 40.83114242553711, 'result': 32.41591262817383, 'country': 31.46607208251953, 'hawkins': 25.87531852722168, 'survey': 25.827333450317383, 'gypsy': 25.2220516204834, 'prison': 25.190549850463867, 'ireland': 24.453407287597656, 'ellis': 23.284273147583008, 'germany': 21.9423885345459, 'policy': 19.256053924560547, 'france': 17.680339813232422, '19': 17.575281143188477, 'canada': 17.56451988220215, 'wave': 17.401296615600586, 'exiled': 16.625564575195312, 'case': 15.457919120788574, 'noah': 15.125825881958008, 'farewell': 14.890707969665527, 'marty': 14.082439422607422, 'slavery': 13.999947547912598, 'results': 11.501599311828613, 'escape': 11.17159366607666, 'israel': 10.294816970825195, 'view': 7.689342021942139, 'retirement': 7.003781795501709, '%': 6.803530693054199, 'passport': 6.340615272521973, 'argentina': 5.7837018966674805, 'extinction': 5.387546539306641, 'scotland': 4.230378150939941, 'immigrants': 1.7760058641433716, 'crash': 1.4698081016540527, 'gabriel': 1.1952801942825317, 'death': 0.9109129309654236, 'tourism': 0.7775397896766663, 'alex': 0.6417499780654907, 'statistics': 0.3415348529815674, 'visa': 0.22913172841072083}",A. applied for asylum in Sweden in April 2015. The application was rejected and the applicant excluded from asylum for having committed crimes against humanity while working as a guard in Eritrea. An expulsion order had also been issued.
1,44,4235_chunk000,50,554.9855167931692,Emigration  Asylum  And 2019 Report,"{'emigration': 214.53294372558594, 'asylum': 213.81268310546875, '2019': 203.77456665039062, 'report': 184.51950073242188, 'migration': 150.71681213378906, 'immigration': 133.0200958251953, 'emi': 124.34751892089844, 'exit': 114.1431655883789, 'exile': 98.28520202636719, 'alien': 88.2066421508789, 'reports': 87.43453979492188, 'refugees': 82.38231658935547, 'refugee': 79.89944458007812, 'nationality': 75.85978698730469, 'russia': 67.6956558227539, 'departure': 67.4822006225586, 'persecution': 62.33326721191406, 'deportation': 60.52138137817383, 'population': 60.16860580444336, 'refuge': 54.626190185546875, 'settlement': 48.42446517944336, 'australia': 40.83114242553711, 'result': 32.41591262817383, 'country': 31.46607208251953, 'hawkins': 25.87531852722168, 'survey': 25.827333450317383, 'gypsy': 25.2220516204834, 'prison': 25.190549850463867, 'ireland': 24.453407287597656, 'ellis': 23.284273147583008, 'germany': 21.9423885345459, 'policy': 19.256053924560547, 'france': 17.680339813232422, '19': 17.575281143188477, 'canada': 17.56451988220215, 'wave': 17.401296615600586, 'exiled': 16.625564575195312, 'case': 15.457919120788574, 'noah': 15.125825881958008, 'farewell': 14.890707969665527, 'marty': 14.082439422607422, 'slavery': 13.999947547912598, 'results': 11.501599311828613, 'escape': 11.17159366607666, 'israel': 10.294816970825195, 'view': 7.689342021942139, 'retirement': 7.003781795501709, '%': 6.803530693054199, 'passport': 6.340615272521973, 'argentina': 5.7837018966674805, 'extinction': 5.387546539306641, 'scotland': 4.230378150939941, 'immigrants': 1.7760058641433716, 'crash': 1.4698081016540527, 'gabriel': 1.1952801942825317, 'death': 0.9109129309654236, 'tourism': 0.7775397896766663, 'alex': 0.6417499780654907, 'statistics': 0.3415348529815674, 'visa': 0.22913172841072083}","The case concerned two Iranian applicant, a father and his minor child, who entered the Röszke transit zone and applied for asylum on 5 December 2018. The asylum authority rejected the application as inadmissible and considered that Serbia was a safe third country where the applicants should have requested asylum. The decision was confirmed in court."
1,349,563_chunk001,51,554.3355473507138,Emigration  Asylum  And 2019 Report,"{'emigration': 214.53294372558594, 'asylum': 213.81268310546875, '2019': 203.77456665039062, 'report': 184.51950073242188, 'migration': 150.71681213378906, 'immigration': 133.0200958251953, 'emi': 124.34751892089844, 'exit': 114.1431655883789, 'exile': 98.28520202636719, 'alien': 88.2066421508789, 'reports': 87.43453979492188, 'refugees': 82.38231658935547, 'refugee': 79.89944458007812, 'nationality': 75.85978698730469, 'russia': 67.6956558227539, 'departure': 67.4822006225586, 'persecution': 62.33326721191406, 'deportation': 60.52138137817383, 'population': 60.16860580444336, 'refuge': 54.626190185546875, 'settlement': 48.42446517944336, 'australia': 40.83114242553711, 'result': 32.41591262817383, 'country': 31.46607208251953, 'hawkins': 25.87531852722168, 'survey': 25.827333450317383, 'gypsy': 25.2220516204834, 'prison': 25.190549850463867, 'ireland': 24.453407287597656, 'ellis': 23.284273147583008, 'germany': 21.9423885345459, 'policy': 19.256053924560547, 'france': 17.680339813232422, '19': 17.575281143188477, 'canada': 17.56451988220215, 'wave': 17.401296615600586, 'exiled': 16.625564575195312, 'case': 15.457919120788574, 'noah': 15.125825881958008, 'farewell': 14.890707969665527, 'marty': 14.082439422607422, 'slavery': 13.999947547912598, 'results': 11.501599311828613, 'escape': 11.17159366607666, 'israel': 10.294816970825195, 'view': 7.689342021942139, 'retirement': 7.003781795501709, '%': 6.803530693054199, 'passport': 6.340615272521973, 'argentina': 5.7837018966674805, 'extinction': 5.387546539306641, 'scotland': 4.230378150939941, 'immigrants': 1.7760058641433716, 'crash': 1.4698081016540527, 'gabriel': 1.1952801942825317, 'death': 0.9109129309654236, 'tourism': 0.7775397896766663, 'alex': 0.6417499780654907, 'statistics': 0.3415348529815674, 'visa': 0.22913172841072083}","On 6 June 2017, the Central Agency for the Reception of Asylum Seekers (COA) rejected an application from a foreign national to allow the benefit of reception conditions. By decision of 5 July 2017, the Court of the Hague upheld the appeal lodged by the foreign..."
1,108,3409_chunk000,52,550.1712630858223,Emigration  Asylum  And 2019 Report,"{'emigration': 214.53294372558594, 'asylum': 213.81268310546875, '2019': 203.77456665039062, 'report': 184.51950073242188, 'migration': 150.71681213378906, 'immigration': 133.0200958251953, 'emi': 124.34751892089844, 'exit': 114.1431655883789, 'exile': 98.28520202636719, 'alien': 88.2066421508789, 'reports': 87.43453979492188, 'refugees': 82.38231658935547, 'refugee': 79.89944458007812, 'nationality': 75.85978698730469, 'russia': 67.6956558227539, 'departure': 67.4822006225586, 'persecution': 62.33326721191406, 'deportation': 60.52138137817383, 'population': 60.16860580444336, 'refuge': 54.626190185546875, 'settlement': 48.42446517944336, 'australia': 40.83114242553711, 'result': 32.41591262817383, 'country': 31.46607208251953, 'hawkins': 25.87531852722168, 'survey': 25.827333450317383, 'gypsy': 25.2220516204834, 'prison': 25.190549850463867, 'ireland': 24.453407287597656, 'ellis': 23.284273147583008, 'germany': 21.9423885345459, 'policy': 19.256053924560547, 'france': 17.680339813232422, '19': 17.575281143188477, 'canada': 17.56451988220215, 'wave': 17.401296615600586, 'exiled': 16.625564575195312, 'case': 15.457919120788574, 'noah': 15.125825881958008, 'farewell': 14.890707969665527, 'marty': 14.082439422607422, 'slavery': 13.999947547912598, 'results': 11.501599311828613, 'escape': 11.17159366607666, 'israel': 10.294816970825195, 'view': 7.689342021942139, 'retirement': 7.003781795501709, '%': 6.803530693054199, 'passport': 6.340615272521973, 'argentina': 5.7837018966674805, 'extinction': 5.387546539306641, 'scotland': 4.230378150939941, 'immigrants': 1.7760058641433716, 'crash': 1.4698081016540527, 'gabriel': 1.1952801942825317, 'death': 0.9109129309654236, 'tourism': 0.7775397896766663, 'alex': 0.6417499780654907, 'statistics': 0.3415348529815674, 'visa': 0.22913172841072083}","The applicant contested a Dublin transfer to Lithuania, which was determined by the Federal Office for Migration and Refugees (BAMF) as the state responsible for the examination of the application based on Article 18(1)(b) of the Dublin III Regulation, as the applicant, according to documents submitted, applied for asylum in Lithuania."
1,432,22_chunk000,53,543.079585035667,Emigration  Asylum  And 2019 Report,"{'emigration': 214.53294372558594, 'asylum': 213.81268310546875, '2019': 203.77456665039062, 'report': 184.51950073242188, 'migration': 150.71681213378906, 'immigration': 133.0200958251953, 'emi': 124.34751892089844, 'exit': 114.1431655883789, 'exile': 98.28520202636719, 'alien': 88.2066421508789, 'reports': 87.43453979492188, 'refugees': 82.38231658935547, 'refugee': 79.89944458007812, 'nationality': 75.85978698730469, 'russia': 67.6956558227539, 'departure': 67.4822006225586, 'persecution': 62.33326721191406, 'deportation': 60.52138137817383, 'population': 60.16860580444336, 'refuge': 54.626190185546875, 'settlement': 48.42446517944336, 'australia': 40.83114242553711, 'result': 32.41591262817383, 'country': 31.46607208251953, 'hawkins': 25.87531852722168, 'survey': 25.827333450317383, 'gypsy': 25.2220516204834, 'prison': 25.190549850463867, 'ireland': 24.453407287597656, 'ellis': 23.284273147583008, 'germany': 21.9423885345459, 'policy': 19.256053924560547, 'france': 17.680339813232422, '19': 17.575281143188477, 'canada': 17.56451988220215, 'wave': 17.401296615600586, 'exiled': 16.625564575195312, 'case': 15.457919120788574, 'noah': 15.125825881958008, 'farewell': 14.890707969665527, 'marty': 14.082439422607422, 'slavery': 13.999947547912598, 'results': 11.501599311828613, 'escape': 11.17159366607666, 'israel': 10.294816970825195, 'view': 7.689342021942139, 'retirement': 7.003781795501709, '%': 6.803530693054199, 'passport': 6.340615272521973, 'argentina': 5.7837018966674805, 'extinction': 5.387546539306641, 'scotland': 4.230378150939941, 'immigrants': 1.7760058641433716, 'crash': 1.4698081016540527, 'gabriel': 1.1952801942825317, 'death': 0.9109129309654236, 'tourism': 0.7775397896766663, 'alex': 0.6417499780654907, 'statistics': 0.3415348529815674, 'visa': 0.22913172841072083}","The Finnish Immigration Service had rejected asylum seeker A's application for asylum and residence permit and decided to return him to his country of origin, Iraq. On 29 June 2017 A. requested permission to appeal the decision of the Administrative Court and to be granted international protection."
1,4,5889_chunk000,54,542.7580986722486,Emigration  Asylum  And 2019 Report,"{'emigration': 214.53294372558594, 'asylum': 213.81268310546875, '2019': 203.77456665039062, 'report': 184.51950073242188, 'migration': 150.71681213378906, 'immigration': 133.0200958251953, 'emi': 124.34751892089844, 'exit': 114.1431655883789, 'exile': 98.28520202636719, 'alien': 88.2066421508789, 'reports': 87.43453979492188, 'refugees': 82.38231658935547, 'refugee': 79.89944458007812, 'nationality': 75.85978698730469, 'russia': 67.6956558227539, 'departure': 67.4822006225586, 'persecution': 62.33326721191406, 'deportation': 60.52138137817383, 'population': 60.16860580444336, 'refuge': 54.626190185546875, 'settlement': 48.42446517944336, 'australia': 40.83114242553711, 'result': 32.41591262817383, 'country': 31.46607208251953, 'hawkins': 25.87531852722168, 'survey': 25.827333450317383, 'gypsy': 25.2220516204834, 'prison': 25.190549850463867, 'ireland': 24.453407287597656, 'ellis': 23.284273147583008, 'germany': 21.9423885345459, 'policy': 19.256053924560547, 'france': 17.680339813232422, '19': 17.575281143188477, 'canada': 17.56451988220215, 'wave': 17.401296615600586, 'exiled': 16.625564575195312, 'case': 15.457919120788574, 'noah': 15.125825881958008, 'farewell': 14.890707969665527, 'marty': 14.082439422607422, 'slavery': 13.999947547912598, 'results': 11.501599311828613, 'escape': 11.17159366607666, 'israel': 10.294816970825195, 'view': 7.689342021942139, 'retirement': 7.003781795501709, '%': 6.803530693054199, 'passport': 6.340615272521973, 'argentina': 5.7837018966674805, 'extinction': 5.387546539306641, 'scotland': 4.230378150939941, 'immigrants': 1.7760058641433716, 'crash': 1.4698081016540527, 'gabriel': 1.1952801942825317, 'death': 0.9109129309654236, 'tourism': 0.7775397896766663, 'alex': 0.6417499780654907, 'statistics': 0.3415348529815674, 'visa': 0.22913172841072083}","The applicants, F.S. and A.S., two brothers who fled Afghanistan after losing their parents in a bombing, travelled through Pakistan, Iran, Turkey, Bulgaria and Serbia before arriving in the Hungarian transit zone in Röszke on 24 October 2017. There, they were detained in a 5-person container on their own and applied for asylum."
1,462,34_chunk000,55,541.6377194823748,Emigration  Asylum  And 2019 Report,"{'emigration': 214.53294372558594, 'asylum': 213.81268310546875, '2019': 203.77456665039062, 'report': 184.51950073242188, 'migration': 150.71681213378906, 'immigration': 133.0200958251953, 'emi': 124.34751892089844, 'exit': 114.1431655883789, 'exile': 98.28520202636719, 'alien': 88.2066421508789, 'reports': 87.43453979492188, 'refugees': 82.38231658935547, 'refugee': 79.89944458007812, 'nationality': 75.85978698730469, 'russia': 67.6956558227539, 'departure': 67.4822006225586, 'persecution': 62.33326721191406, 'deportation': 60.52138137817383, 'population': 60.16860580444336, 'refuge': 54.626190185546875, 'settlement': 48.42446517944336, 'australia': 40.83114242553711, 'result': 32.41591262817383, 'country': 31.46607208251953, 'hawkins': 25.87531852722168, 'survey': 25.827333450317383, 'gypsy': 25.2220516204834, 'prison': 25.190549850463867, 'ireland': 24.453407287597656, 'ellis': 23.284273147583008, 'germany': 21.9423885345459, 'policy': 19.256053924560547, 'france': 17.680339813232422, '19': 17.575281143188477, 'canada': 17.56451988220215, 'wave': 17.401296615600586, 'exiled': 16.625564575195312, 'case': 15.457919120788574, 'noah': 15.125825881958008, 'farewell': 14.890707969665527, 'marty': 14.082439422607422, 'slavery': 13.999947547912598, 'results': 11.501599311828613, 'escape': 11.17159366607666, 'israel': 10.294816970825195, 'view': 7.689342021942139, 'retirement': 7.003781795501709, '%': 6.803530693054199, 'passport': 6.340615272521973, 'argentina': 5.7837018966674805, 'extinction': 5.387546539306641, 'scotland': 4.230378150939941, 'immigrants': 1.7760058641433716, 'crash': 1.4698081016540527, 'gabriel': 1.1952801942825317, 'death': 0.9109129309654236, 'tourism': 0.7775397896766663, 'alex': 0.6417499780654907, 'statistics': 0.3415348529815674, 'visa': 0.22913172841072083}","On 14 September 2015, Mr Tsegezab Mengesteab, an Eritrean national, requested asylum in Munich (Germany) with the Government of Upper Bavaria, which issued to him, on the same day, a certificate of registration as an asylum seeker. On 22 July 2016, Mr Mengesteab was heard by the Bundesamt and was able to lodge an official application for asylum."
1,150,1647_chunk001,56,541.3209385920702,Emigration  Asylum  And 2019 Report,"{'emigration': 214.53294372558594, 'asylum': 213.81268310546875, '2019': 203.77456665039062, 'report': 184.51950073242188, 'migration': 150.71681213378906, 'immigration': 133.0200958251953, 'emi': 124.34751892089844, 'exit': 114.1431655883789, 'exile': 98.28520202636719, 'alien': 88.2066421508789, 'reports': 87.43453979492188, 'refugees': 82.38231658935547, 'refugee': 79.89944458007812, 'nationality': 75.85978698730469, 'russia': 67.6956558227539, 'departure': 67.4822006225586, 'persecution': 62.33326721191406, 'deportation': 60.52138137817383, 'population': 60.16860580444336, 'refuge': 54.626190185546875, 'settlement': 48.42446517944336, 'australia': 40.83114242553711, 'result': 32.41591262817383, 'country': 31.46607208251953, 'hawkins': 25.87531852722168, 'survey': 25.827333450317383, 'gypsy': 25.2220516204834, 'prison': 25.190549850463867, 'ireland': 24.453407287597656, 'ellis': 23.284273147583008, 'germany': 21.9423885345459, 'policy': 19.256053924560547, 'france': 17.680339813232422, '19': 17.575281143188477, 'canada': 17.56451988220215, 'wave': 17.401296615600586, 'exiled': 16.625564575195312, 'case': 15.457919120788574, 'noah': 15.125825881958008, 'farewell': 14.890707969665527, 'marty': 14.082439422607422, 'slavery': 13.999947547912598, 'results': 11.501599311828613, 'escape': 11.17159366607666, 'israel': 10.294816970825195, 'view': 7.689342021942139, 'retirement': 7.003781795501709, '%': 6.803530693054199, 'passport': 6.340615272521973, 'argentina': 5.7837018966674805, 'extinction': 5.387546539306641, 'scotland': 4.230378150939941, 'immigrants': 1.7760058641433716, 'crash': 1.4698081016540527, 'gabriel': 1.1952801942825317, 'death': 0.9109129309654236, 'tourism': 0.7775397896766663, 'alex': 0.6417499780654907, 'statistics': 0.3415348529815674, 'visa': 0.22913172841072083}","On 18 March 2020, the Federal Office for Foreign Affairs and Asylum conducted the interview remotely, by video-conference..."
1,372,547_chunk000,57,541.0273108450886,Emigration  Asylum  And 2019 Report,"{'emigration': 214.53294372558594, 'asylum': 213.81268310546875, '2019': 203.77456665039062, 'report': 184.51950073242188, 'migration': 150.71681213378906, 'immigration': 133.0200958251953, 'emi': 124.34751892089844, 'exit': 114.1431655883789, 'exile': 98.28520202636719, 'alien': 88.2066421508789, 'reports': 87.43453979492188, 'refugees': 82.38231658935547, 'refugee': 79.89944458007812, 'nationality': 75.85978698730469, 'russia': 67.6956558227539, 'departure': 67.4822006225586, 'persecution': 62.33326721191406, 'deportation': 60.52138137817383, 'population': 60.16860580444336, 'refuge': 54.626190185546875, 'settlement': 48.42446517944336, 'australia': 40.83114242553711, 'result': 32.41591262817383, 'country': 31.46607208251953, 'hawkins': 25.87531852722168, 'survey': 25.827333450317383, 'gypsy': 25.2220516204834, 'prison': 25.190549850463867, 'ireland': 24.453407287597656, 'ellis': 23.284273147583008, 'germany': 21.9423885345459, 'policy': 19.256053924560547, 'france': 17.680339813232422, '19': 17.575281143188477, 'canada': 17.56451988220215, 'wave': 17.401296615600586, 'exiled': 16.625564575195312, 'case': 15.457919120788574, 'noah': 15.125825881958008, 'farewell': 14.890707969665527, 'marty': 14.082439422607422, 'slavery': 13.999947547912598, 'results': 11.501599311828613, 'escape': 11.17159366607666, 'israel': 10.294816970825195, 'view': 7.689342021942139, 'retirement': 7.003781795501709, '%': 6.803530693054199, 'passport': 6.340615272521973, 'argentina': 5.7837018966674805, 'extinction': 5.387546539306641, 'scotland': 4.230378150939941, 'immigrants': 1.7760058641433716, 'crash': 1.4698081016540527, 'gabriel': 1.1952801942825317, 'death': 0.9109129309654236, 'tourism': 0.7775397896766663, 'alex': 0.6417499780654907, 'statistics': 0.3415348529815674, 'visa': 0.22913172841072083}","In response to a legal remedy filed against the Federal Office for Immigration and Asylum, the Supreme Administrative Court ruled that, in accordance with Art 13 para 1 of the Dublin III Regulation (604/2013), the Member State whose border an individual applying for international protection had crossed irregularly is responsible for examining that application (ruling in case Ra 2017/19/0169-9 of 5"
1,38,4036_chunk000,58,538.4897970029253,Emigration  Asylum  And 2019 Report,"{'emigration': 214.53294372558594, 'asylum': 213.81268310546875, '2019': 203.77456665039062, 'report': 184.51950073242188, 'migration': 150.71681213378906, 'immigration': 133.0200958251953, 'emi': 124.34751892089844, 'exit': 114.1431655883789, 'exile': 98.28520202636719, 'alien': 88.2066421508789, 'reports': 87.43453979492188, 'refugees': 82.38231658935547, 'refugee': 79.89944458007812, 'nationality': 75.85978698730469, 'russia': 67.6956558227539, 'departure': 67.4822006225586, 'persecution': 62.33326721191406, 'deportation': 60.52138137817383, 'population': 60.16860580444336, 'refuge': 54.626190185546875, 'settlement': 48.42446517944336, 'australia': 40.83114242553711, 'result': 32.41591262817383, 'country': 31.46607208251953, 'hawkins': 25.87531852722168, 'survey': 25.827333450317383, 'gypsy': 25.2220516204834, 'prison': 25.190549850463867, 'ireland': 24.453407287597656, 'ellis': 23.284273147583008, 'germany': 21.9423885345459, 'policy': 19.256053924560547, 'france': 17.680339813232422, '19': 17.575281143188477, 'canada': 17.56451988220215, 'wave': 17.401296615600586, 'exiled': 16.625564575195312, 'case': 15.457919120788574, 'noah': 15.125825881958008, 'farewell': 14.890707969665527, 'marty': 14.082439422607422, 'slavery': 13.999947547912598, 'results': 11.501599311828613, 'escape': 11.17159366607666, 'israel': 10.294816970825195, 'view': 7.689342021942139, 'retirement': 7.003781795501709, '%': 6.803530693054199, 'passport': 6.340615272521973, 'argentina': 5.7837018966674805, 'extinction': 5.387546539306641, 'scotland': 4.230378150939941, 'immigrants': 1.7760058641433716, 'crash': 1.4698081016540527, 'gabriel': 1.1952801942825317, 'death': 0.9109129309654236, 'tourism': 0.7775397896766663, 'alex': 0.6417499780654907, 'statistics': 0.3415348529815674, 'visa': 0.22913172841072083}",The case concerned an application for asylum submitted by an applicant from Iraq and for which the Finnish Immigration Service considered that he had a well-founded fear of persecution based on religious grounds but excluded him from protection for alleged commission of a serious non-political crime.
1,165,958_chunk000,59,538.111909814653,Emigration  Asylum  And 2019 Report,"{'emigration': 214.53294372558594, 'asylum': 213.81268310546875, '2019': 203.77456665039062, 'report': 184.51950073242188, 'migration': 150.71681213378906, 'immigration': 133.0200958251953, 'emi': 124.34751892089844, 'exit': 114.1431655883789, 'exile': 98.28520202636719, 'alien': 88.2066421508789, 'reports': 87.43453979492188, 'refugees': 82.38231658935547, 'refugee': 79.89944458007812, 'nationality': 75.85978698730469, 'russia': 67.6956558227539, 'departure': 67.4822006225586, 'persecution': 62.33326721191406, 'deportation': 60.52138137817383, 'population': 60.16860580444336, 'refuge': 54.626190185546875, 'settlement': 48.42446517944336, 'australia': 40.83114242553711, 'result': 32.41591262817383, 'country': 31.46607208251953, 'hawkins': 25.87531852722168, 'survey': 25.827333450317383, 'gypsy': 25.2220516204834, 'prison': 25.190549850463867, 'ireland': 24.453407287597656, 'ellis': 23.284273147583008, 'germany': 21.9423885345459, 'policy': 19.256053924560547, 'france': 17.680339813232422, '19': 17.575281143188477, 'canada': 17.56451988220215, 'wave': 17.401296615600586, 'exiled': 16.625564575195312, 'case': 15.457919120788574, 'noah': 15.125825881958008, 'farewell': 14.890707969665527, 'marty': 14.082439422607422, 'slavery': 13.999947547912598, 'results': 11.501599311828613, 'escape': 11.17159366607666, 'israel': 10.294816970825195, 'view': 7.689342021942139, 'retirement': 7.003781795501709, '%': 6.803530693054199, 'passport': 6.340615272521973, 'argentina': 5.7837018966674805, 'extinction': 5.387546539306641, 'scotland': 4.230378150939941, 'immigrants': 1.7760058641433716, 'crash': 1.4698081016540527, 'gabriel': 1.1952801942825317, 'death': 0.9109129309654236, 'tourism': 0.7775397896766663, 'alex': 0.6417499780654907, 'statistics': 0.3415348529815674, 'visa': 0.22913172841072083}","The appellants were Afghan nationals who arrived in Ireland in 2008. They lived in direct provision and had four children, three of whom were born in Ireland. The entire family applied for asylum in 2013. In December 2014, the Refugee Appeals Tribunal issued a decision declaring their youngest son to be a refugee and this was communicated to the family by letter dated 8 January 2015."
1,299,634_chunk000,60,536.0368430594045,Emigration  Asylum  And 2019 Report,"{'emigration': 214.53294372558594, 'asylum': 213.81268310546875, '2019': 203.77456665039062, 'report': 184.51950073242188, 'migration': 150.71681213378906, 'immigration': 133.0200958251953, 'emi': 124.34751892089844, 'exit': 114.1431655883789, 'exile': 98.28520202636719, 'alien': 88.2066421508789, 'reports': 87.43453979492188, 'refugees': 82.38231658935547, 'refugee': 79.89944458007812, 'nationality': 75.85978698730469, 'russia': 67.6956558227539, 'departure': 67.4822006225586, 'persecution': 62.33326721191406, 'deportation': 60.52138137817383, 'population': 60.16860580444336, 'refuge': 54.626190185546875, 'settlement': 48.42446517944336, 'australia': 40.83114242553711, 'result': 32.41591262817383, 'country': 31.46607208251953, 'hawkins': 25.87531852722168, 'survey': 25.827333450317383, 'gypsy': 25.2220516204834, 'prison': 25.190549850463867, 'ireland': 24.453407287597656, 'ellis': 23.284273147583008, 'germany': 21.9423885345459, 'policy': 19.256053924560547, 'france': 17.680339813232422, '19': 17.575281143188477, 'canada': 17.56451988220215, 'wave': 17.401296615600586, 'exiled': 16.625564575195312, 'case': 15.457919120788574, 'noah': 15.125825881958008, 'farewell': 14.890707969665527, 'marty': 14.082439422607422, 'slavery': 13.999947547912598, 'results': 11.501599311828613, 'escape': 11.17159366607666, 'israel': 10.294816970825195, 'view': 7.689342021942139, 'retirement': 7.003781795501709, '%': 6.803530693054199, 'passport': 6.340615272521973, 'argentina': 5.7837018966674805, 'extinction': 5.387546539306641, 'scotland': 4.230378150939941, 'immigrants': 1.7760058641433716, 'crash': 1.4698081016540527, 'gabriel': 1.1952801942825317, 'death': 0.9109129309654236, 'tourism': 0.7775397896766663, 'alex': 0.6417499780654907, 'statistics': 0.3415348529815674, 'visa': 0.22913172841072083}","As per EDAL, On 7 December 2018, the Superior Court of Madrid ruled that the Spanish authorities had to ensure that an asylum seeker transferred to Spain from Germany under the Dublin Regulation would have access to the reception system."
1,353,564_chunk000,61,533.9343610741666,Emigration  Asylum  And 2019 Report,"{'emigration': 214.53294372558594, 'asylum': 213.81268310546875, '2019': 203.77456665039062, 'report': 184.51950073242188, 'migration': 150.71681213378906, 'immigration': 133.0200958251953, 'emi': 124.34751892089844, 'exit': 114.1431655883789, 'exile': 98.28520202636719, 'alien': 88.2066421508789, 'reports': 87.43453979492188, 'refugees': 82.38231658935547, 'refugee': 79.89944458007812, 'nationality': 75.85978698730469, 'russia': 67.6956558227539, 'departure': 67.4822006225586, 'persecution': 62.33326721191406, 'deportation': 60.52138137817383, 'population': 60.16860580444336, 'refuge': 54.626190185546875, 'settlement': 48.42446517944336, 'australia': 40.83114242553711, 'result': 32.41591262817383, 'country': 31.46607208251953, 'hawkins': 25.87531852722168, 'survey': 25.827333450317383, 'gypsy': 25.2220516204834, 'prison': 25.190549850463867, 'ireland': 24.453407287597656, 'ellis': 23.284273147583008, 'germany': 21.9423885345459, 'policy': 19.256053924560547, 'france': 17.680339813232422, '19': 17.575281143188477, 'canada': 17.56451988220215, 'wave': 17.401296615600586, 'exiled': 16.625564575195312, 'case': 15.457919120788574, 'noah': 15.125825881958008, 'farewell': 14.890707969665527, 'marty': 14.082439422607422, 'slavery': 13.999947547912598, 'results': 11.501599311828613, 'escape': 11.17159366607666, 'israel': 10.294816970825195, 'view': 7.689342021942139, 'retirement': 7.003781795501709, '%': 6.803530693054199, 'passport': 6.340615272521973, 'argentina': 5.7837018966674805, 'extinction': 5.387546539306641, 'scotland': 4.230378150939941, 'immigrants': 1.7760058641433716, 'crash': 1.4698081016540527, 'gabriel': 1.1952801942825317, 'death': 0.9109129309654236, 'tourism': 0.7775397896766663, 'alex': 0.6417499780654907, 'statistics': 0.3415348529815674, 'visa': 0.22913172841072083}","By decision of 13 July 2016, the State Secretary declared an application from the foreign national to grant him a temporary asylum residence permit inadmissible."
1,240,931_chunk000,62,530.1128024934015,Emigration  Asylum  And 2019 Report,"{'emigration': 214.53294372558594, 'asylum': 213.81268310546875, '2019': 203.77456665039062, 'report': 184.51950073242188, 'migration': 150.71681213378906, 'immigration': 133.0200958251953, 'emi': 124.34751892089844, 'exit': 114.1431655883789, 'exile': 98.28520202636719, 'alien': 88.2066421508789, 'reports': 87.43453979492188, 'refugees': 82.38231658935547, 'refugee': 79.89944458007812, 'nationality': 75.85978698730469, 'russia': 67.6956558227539, 'departure': 67.4822006225586, 'persecution': 62.33326721191406, 'deportation': 60.52138137817383, 'population': 60.16860580444336, 'refuge': 54.626190185546875, 'settlement': 48.42446517944336, 'australia': 40.83114242553711, 'result': 32.41591262817383, 'country': 31.46607208251953, 'hawkins': 25.87531852722168, 'survey': 25.827333450317383, 'gypsy': 25.2220516204834, 'prison': 25.190549850463867, 'ireland': 24.453407287597656, 'ellis': 23.284273147583008, 'germany': 21.9423885345459, 'policy': 19.256053924560547, 'france': 17.680339813232422, '19': 17.575281143188477, 'canada': 17.56451988220215, 'wave': 17.401296615600586, 'exiled': 16.625564575195312, 'case': 15.457919120788574, 'noah': 15.125825881958008, 'farewell': 14.890707969665527, 'marty': 14.082439422607422, 'slavery': 13.999947547912598, 'results': 11.501599311828613, 'escape': 11.17159366607666, 'israel': 10.294816970825195, 'view': 7.689342021942139, 'retirement': 7.003781795501709, '%': 6.803530693054199, 'passport': 6.340615272521973, 'argentina': 5.7837018966674805, 'extinction': 5.387546539306641, 'scotland': 4.230378150939941, 'immigrants': 1.7760058641433716, 'crash': 1.4698081016540527, 'gabriel': 1.1952801942825317, 'death': 0.9109129309654236, 'tourism': 0.7775397896766663, 'alex': 0.6417499780654907, 'statistics': 0.3415348529815674, 'visa': 0.22913172841072083}","Pursuant to Art. 4a of the Asylum Act 2005, an application for international protection is to be rejected as inadmissible where the foreign person has been granted asylum or subsidiary protection status in another EEA Member State or Switzerland. In the specific case, the appellant, a Syrian citizen, filed an application for international protection in April 2018."
1,132,2507_chunk000,63,527.1554805587342,Emigration  Asylum  And 2019 Report,"{'emigration': 214.53294372558594, 'asylum': 213.81268310546875, '2019': 203.77456665039062, 'report': 184.51950073242188, 'migration': 150.71681213378906, 'immigration': 133.0200958251953, 'emi': 124.34751892089844, 'exit': 114.1431655883789, 'exile': 98.28520202636719, 'alien': 88.2066421508789, 'reports': 87.43453979492188, 'refugees': 82.38231658935547, 'refugee': 79.89944458007812, 'nationality': 75.85978698730469, 'russia': 67.6956558227539, 'departure': 67.4822006225586, 'persecution': 62.33326721191406, 'deportation': 60.52138137817383, 'population': 60.16860580444336, 'refuge': 54.626190185546875, 'settlement': 48.42446517944336, 'australia': 40.83114242553711, 'result': 32.41591262817383, 'country': 31.46607208251953, 'hawkins': 25.87531852722168, 'survey': 25.827333450317383, 'gypsy': 25.2220516204834, 'prison': 25.190549850463867, 'ireland': 24.453407287597656, 'ellis': 23.284273147583008, 'germany': 21.9423885345459, 'policy': 19.256053924560547, 'france': 17.680339813232422, '19': 17.575281143188477, 'canada': 17.56451988220215, 'wave': 17.401296615600586, 'exiled': 16.625564575195312, 'case': 15.457919120788574, 'noah': 15.125825881958008, 'farewell': 14.890707969665527, 'marty': 14.082439422607422, 'slavery': 13.999947547912598, 'results': 11.501599311828613, 'escape': 11.17159366607666, 'israel': 10.294816970825195, 'view': 7.689342021942139, 'retirement': 7.003781795501709, '%': 6.803530693054199, 'passport': 6.340615272521973, 'argentina': 5.7837018966674805, 'extinction': 5.387546539306641, 'scotland': 4.230378150939941, 'immigrants': 1.7760058641433716, 'crash': 1.4698081016540527, 'gabriel': 1.1952801942825317, 'death': 0.9109129309654236, 'tourism': 0.7775397896766663, 'alex': 0.6417499780654907, 'statistics': 0.3415348529815674, 'visa': 0.22913172841072083}","The case concerned an Afghan applicant who contested an inadmissible decision based on Paragraph 29(1)(1)(a) of the AsylG because he had previously applied for asylum in Denmark. The Danish authorities agreed to a readmission on 9 November 2017, and the BAMF ordered the transfer and found no prohibition for the deportation."
1,56,4164_chunk000,64,525.0505142277823,Emigration  Asylum  And 2019 Report,"{'emigration': 214.53294372558594, 'asylum': 213.81268310546875, '2019': 203.77456665039062, 'report': 184.51950073242188, 'migration': 150.71681213378906, 'immigration': 133.0200958251953, 'emi': 124.34751892089844, 'exit': 114.1431655883789, 'exile': 98.28520202636719, 'alien': 88.2066421508789, 'reports': 87.43453979492188, 'refugees': 82.38231658935547, 'refugee': 79.89944458007812, 'nationality': 75.85978698730469, 'russia': 67.6956558227539, 'departure': 67.4822006225586, 'persecution': 62.33326721191406, 'deportation': 60.52138137817383, 'population': 60.16860580444336, 'refuge': 54.626190185546875, 'settlement': 48.42446517944336, 'australia': 40.83114242553711, 'result': 32.41591262817383, 'country': 31.46607208251953, 'hawkins': 25.87531852722168, 'survey': 25.827333450317383, 'gypsy': 25.2220516204834, 'prison': 25.190549850463867, 'ireland': 24.453407287597656, 'ellis': 23.284273147583008, 'germany': 21.9423885345459, 'policy': 19.256053924560547, 'france': 17.680339813232422, '19': 17.575281143188477, 'canada': 17.56451988220215, 'wave': 17.401296615600586, 'exiled': 16.625564575195312, 'case': 15.457919120788574, 'noah': 15.125825881958008, 'farewell': 14.890707969665527, 'marty': 14.082439422607422, 'slavery': 13.999947547912598, 'results': 11.501599311828613, 'escape': 11.17159366607666, 'israel': 10.294816970825195, 'view': 7.689342021942139, 'retirement': 7.003781795501709, '%': 6.803530693054199, 'passport': 6.340615272521973, 'argentina': 5.7837018966674805, 'extinction': 5.387546539306641, 'scotland': 4.230378150939941, 'immigrants': 1.7760058641433716, 'crash': 1.4698081016540527, 'gabriel': 1.1952801942825317, 'death': 0.9109129309654236, 'tourism': 0.7775397896766663, 'alex': 0.6417499780654907, 'statistics': 0.3415348529815674, 'visa': 0.22913172841072083}","VR arrived in Lithuania on 25 April 2022, with the assistance of Freedom House Foundation. He requested asylum in Lithuania after his visa for special humanitarian reasons had expired. In his asylum request, the applicant argued that he had a well-founded fear of being persecuted for his political beliefs."
1,514,181_chunk001,65,523.5500434749081,Emigration  Asylum  And 2019 Report,"{'emigration': 214.53294372558594, 'asylum': 213.81268310546875, '2019': 203.77456665039062, 'report': 184.51950073242188, 'migration': 150.71681213378906, 'immigration': 133.0200958251953, 'emi': 124.34751892089844, 'exit': 114.1431655883789, 'exile': 98.28520202636719, 'alien': 88.2066421508789, 'reports': 87.43453979492188, 'refugees': 82.38231658935547, 'refugee': 79.89944458007812, 'nationality': 75.85978698730469, 'russia': 67.6956558227539, 'departure': 67.4822006225586, 'persecution': 62.33326721191406, 'deportation': 60.52138137817383, 'population': 60.16860580444336, 'refuge': 54.626190185546875, 'settlement': 48.42446517944336, 'australia': 40.83114242553711, 'result': 32.41591262817383, 'country': 31.46607208251953, 'hawkins': 25.87531852722168, 'survey': 25.827333450317383, 'gypsy': 25.2220516204834, 'prison': 25.190549850463867, 'ireland': 24.453407287597656, 'ellis': 23.284273147583008, 'germany': 21.9423885345459, 'policy': 19.256053924560547, 'france': 17.680339813232422, '19': 17.575281143188477, 'canada': 17.56451988220215, 'wave': 17.401296615600586, 'exiled': 16.625564575195312, 'case': 15.457919120788574, 'noah': 15.125825881958008, 'farewell': 14.890707969665527, 'marty': 14.082439422607422, 'slavery': 13.999947547912598, 'results': 11.501599311828613, 'escape': 11.17159366607666, 'israel': 10.294816970825195, 'view': 7.689342021942139, 'retirement': 7.003781795501709, '%': 6.803530693054199, 'passport': 6.340615272521973, 'argentina': 5.7837018966674805, 'extinction': 5.387546539306641, 'scotland': 4.230378150939941, 'immigrants': 1.7760058641433716, 'crash': 1.4698081016540527, 'gabriel': 1.1952801942825317, 'death': 0.9109129309654236, 'tourism': 0.7775397896766663, 'alex': 0.6417499780654907, 'statistics': 0.3415348529815674, 'visa': 0.22913172841072083}","However, it is recognized that individuals fleeing persecution may have to resort to the use of false papers to make good their escape. Therefore, under section 31 of the Immigration and Asylum Act 1999..."
1,366,512_chunk001,66,517.2430489230597,Emigration  Asylum  And 2019 Report,"{'emigration': 214.53294372558594, 'asylum': 213.81268310546875, '2019': 203.77456665039062, 'report': 184.51950073242188, 'migration': 150.71681213378906, 'immigration': 133.0200958251953, 'emi': 124.34751892089844, 'exit': 114.1431655883789, 'exile': 98.28520202636719, 'alien': 88.2066421508789, 'reports': 87.43453979492188, 'refugees': 82.38231658935547, 'refugee': 79.89944458007812, 'nationality': 75.85978698730469, 'russia': 67.6956558227539, 'departure': 67.4822006225586, 'persecution': 62.33326721191406, 'deportation': 60.52138137817383, 'population': 60.16860580444336, 'refuge': 54.626190185546875, 'settlement': 48.42446517944336, 'australia': 40.83114242553711, 'result': 32.41591262817383, 'country': 31.46607208251953, 'hawkins': 25.87531852722168, 'survey': 25.827333450317383, 'gypsy': 25.2220516204834, 'prison': 25.190549850463867, 'ireland': 24.453407287597656, 'ellis': 23.284273147583008, 'germany': 21.9423885345459, 'policy': 19.256053924560547, 'france': 17.680339813232422, '19': 17.575281143188477, 'canada': 17.56451988220215, 'wave': 17.401296615600586, 'exiled': 16.625564575195312, 'case': 15.457919120788574, 'noah': 15.125825881958008, 'farewell': 14.890707969665527, 'marty': 14.082439422607422, 'slavery': 13.999947547912598, 'results': 11.501599311828613, 'escape': 11.17159366607666, 'israel': 10.294816970825195, 'view': 7.689342021942139, 'retirement': 7.003781795501709, '%': 6.803530693054199, 'passport': 6.340615272521973, 'argentina': 5.7837018966674805, 'extinction': 5.387546539306641, 'scotland': 4.230378150939941, 'immigrants': 1.7760058641433716, 'crash': 1.4698081016540527, 'gabriel': 1.1952801942825317, 'death': 0.9109129309654236, 'tourism': 0.7775397896766663, 'alex': 0.6417499780654907, 'statistics': 0.3415348529815674, 'visa': 0.22913172841072083}","An asylum seeker from Afghanistan had been expelled and issued with a five year entry ban to Norway in 2012, due to not leaving the country..."
1,205,928_chunk000,67,512.5390821933623,Emigration  Asylum  And 2019 Report,"{'emigration': 214.53294372558594, 'asylum': 213.81268310546875, '2019': 203.77456665039062, 'report': 184.51950073242188, 'migration': 150.71681213378906, 'immigration': 133.0200958251953, 'emi': 124.34751892089844, 'exit': 114.1431655883789, 'exile': 98.28520202636719, 'alien': 88.2066421508789, 'reports': 87.43453979492188, 'refugees': 82.38231658935547, 'refugee': 79.89944458007812, 'nationality': 75.85978698730469, 'russia': 67.6956558227539, 'departure': 67.4822006225586, 'persecution': 62.33326721191406, 'deportation': 60.52138137817383, 'population': 60.16860580444336, 'refuge': 54.626190185546875, 'settlement': 48.42446517944336, 'australia': 40.83114242553711, 'result': 32.41591262817383, 'country': 31.46607208251953, 'hawkins': 25.87531852722168, 'survey': 25.827333450317383, 'gypsy': 25.2220516204834, 'prison': 25.190549850463867, 'ireland': 24.453407287597656, 'ellis': 23.284273147583008, 'germany': 21.9423885345459, 'policy': 19.256053924560547, 'france': 17.680339813232422, '19': 17.575281143188477, 'canada': 17.56451988220215, 'wave': 17.401296615600586, 'exiled': 16.625564575195312, 'case': 15.457919120788574, 'noah': 15.125825881958008, 'farewell': 14.890707969665527, 'marty': 14.082439422607422, 'slavery': 13.999947547912598, 'results': 11.501599311828613, 'escape': 11.17159366607666, 'israel': 10.294816970825195, 'view': 7.689342021942139, 'retirement': 7.003781795501709, '%': 6.803530693054199, 'passport': 6.340615272521973, 'argentina': 5.7837018966674805, 'extinction': 5.387546539306641, 'scotland': 4.230378150939941, 'immigrants': 1.7760058641433716, 'crash': 1.4698081016540527, 'gabriel': 1.1952801942825317, 'death': 0.9109129309654236, 'tourism': 0.7775397896766663, 'alex': 0.6417499780654907, 'statistics': 0.3415348529815674, 'visa': 0.22913172841072083}",Returning Syrian asylum seekers who have withdrawn from compulsory military service in Syria by traveling abroad are currently not likely to face political persecution by the Syrian state because of an at least anti-regime attitude attributed to them.
1,406,36_chunk000,68,509.37689216626796,Emigration  Asylum  And 2019 Report,"{'emigration': 214.53294372558594, 'asylum': 213.81268310546875, '2019': 203.77456665039062, 'report': 184.51950073242188, 'migration': 150.71681213378906, 'immigration': 133.0200958251953, 'emi': 124.34751892089844, 'exit': 114.1431655883789, 'exile': 98.28520202636719, 'alien': 88.2066421508789, 'reports': 87.43453979492188, 'refugees': 82.38231658935547, 'refugee': 79.89944458007812, 'nationality': 75.85978698730469, 'russia': 67.6956558227539, 'departure': 67.4822006225586, 'persecution': 62.33326721191406, 'deportation': 60.52138137817383, 'population': 60.16860580444336, 'refuge': 54.626190185546875, 'settlement': 48.42446517944336, 'australia': 40.83114242553711, 'result': 32.41591262817383, 'country': 31.46607208251953, 'hawkins': 25.87531852722168, 'survey': 25.827333450317383, 'gypsy': 25.2220516204834, 'prison': 25.190549850463867, 'ireland': 24.453407287597656, 'ellis': 23.284273147583008, 'germany': 21.9423885345459, 'policy': 19.256053924560547, 'france': 17.680339813232422, '19': 17.575281143188477, 'canada': 17.56451988220215, 'wave': 17.401296615600586, 'exiled': 16.625564575195312, 'case': 15.457919120788574, 'noah': 15.125825881958008, 'farewell': 14.890707969665527, 'marty': 14.082439422607422, 'slavery': 13.999947547912598, 'results': 11.501599311828613, 'escape': 11.17159366607666, 'israel': 10.294816970825195, 'view': 7.689342021942139, 'retirement': 7.003781795501709, '%': 6.803530693054199, 'passport': 6.340615272521973, 'argentina': 5.7837018966674805, 'extinction': 5.387546539306641, 'scotland': 4.230378150939941, 'immigrants': 1.7760058641433716, 'crash': 1.4698081016540527, 'gabriel': 1.1952801942825317, 'death': 0.9109129309654236, 'tourism': 0.7775397896766663, 'alex': 0.6417499780654907, 'statistics': 0.3415348529815674, 'visa': 0.22913172841072083}","The appellants in this case are asylum seekers who came to the UK via Bulgaria. They are nationals of Afghanistan (SK and FK), Iraq (HK) and Iran (HH)."
1,106,3315_chunk000,69,504.01804838421464,Emigration  Asylum  And 2019 Report,"{'emigration': 214.53294372558594, 'asylum': 213.81268310546875, '2019': 203.77456665039062, 'report': 184.51950073242188, 'migration': 150.71681213378906, 'immigration': 133.0200958251953, 'emi': 124.34751892089844, 'exit': 114.1431655883789, 'exile': 98.28520202636719, 'alien': 88.2066421508789, 'reports': 87.43453979492188, 'refugees': 82.38231658935547, 'refugee': 79.89944458007812, 'nationality': 75.85978698730469, 'russia': 67.6956558227539, 'departure': 67.4822006225586, 'persecution': 62.33326721191406, 'deportation': 60.52138137817383, 'population': 60.16860580444336, 'refuge': 54.626190185546875, 'settlement': 48.42446517944336, 'australia': 40.83114242553711, 'result': 32.41591262817383, 'country': 31.46607208251953, 'hawkins': 25.87531852722168, 'survey': 25.827333450317383, 'gypsy': 25.2220516204834, 'prison': 25.190549850463867, 'ireland': 24.453407287597656, 'ellis': 23.284273147583008, 'germany': 21.9423885345459, 'policy': 19.256053924560547, 'france': 17.680339813232422, '19': 17.575281143188477, 'canada': 17.56451988220215, 'wave': 17.401296615600586, 'exiled': 16.625564575195312, 'case': 15.457919120788574, 'noah': 15.125825881958008, 'farewell': 14.890707969665527, 'marty': 14.082439422607422, 'slavery': 13.999947547912598, 'results': 11.501599311828613, 'escape': 11.17159366607666, 'israel': 10.294816970825195, 'view': 7.689342021942139, 'retirement': 7.003781795501709, '%': 6.803530693054199, 'passport': 6.340615272521973, 'argentina': 5.7837018966674805, 'extinction': 5.387546539306641, 'scotland': 4.230378150939941, 'immigrants': 1.7760058641433716, 'crash': 1.4698081016540527, 'gabriel': 1.1952801942825317, 'death': 0.9109129309654236, 'tourism': 0.7775397896766663, 'alex': 0.6417499780654907, 'statistics': 0.3415348529815674, 'visa': 0.22913172841072083}","The case concerned a request for urgent interim measures submitted by an Afghan national against a Dublin transfer to Austria. The Dublin transfer was accepted by Austria, but it has been annulled in court by decision of 20 January 2021, when the judicial authority decided that Italy had the competence to process the asylum application."
1,490,56_chunk000,70,501.1166124117514,Emigration  Asylum  And 2019 Report,"{'emigration': 214.53294372558594, 'asylum': 213.81268310546875, '2019': 203.77456665039062, 'report': 184.51950073242188, 'migration': 150.71681213378906, 'immigration': 133.0200958251953, 'emi': 124.34751892089844, 'exit': 114.1431655883789, 'exile': 98.28520202636719, 'alien': 88.2066421508789, 'reports': 87.43453979492188, 'refugees': 82.38231658935547, 'refugee': 79.89944458007812, 'nationality': 75.85978698730469, 'russia': 67.6956558227539, 'departure': 67.4822006225586, 'persecution': 62.33326721191406, 'deportation': 60.52138137817383, 'population': 60.16860580444336, 'refuge': 54.626190185546875, 'settlement': 48.42446517944336, 'australia': 40.83114242553711, 'result': 32.41591262817383, 'country': 31.46607208251953, 'hawkins': 25.87531852722168, 'survey': 25.827333450317383, 'gypsy': 25.2220516204834, 'prison': 25.190549850463867, 'ireland': 24.453407287597656, 'ellis': 23.284273147583008, 'germany': 21.9423885345459, 'policy': 19.256053924560547, 'france': 17.680339813232422, '19': 17.575281143188477, 'canada': 17.56451988220215, 'wave': 17.401296615600586, 'exiled': 16.625564575195312, 'case': 15.457919120788574, 'noah': 15.125825881958008, 'farewell': 14.890707969665527, 'marty': 14.082439422607422, 'slavery': 13.999947547912598, 'results': 11.501599311828613, 'escape': 11.17159366607666, 'israel': 10.294816970825195, 'view': 7.689342021942139, 'retirement': 7.003781795501709, '%': 6.803530693054199, 'passport': 6.340615272521973, 'argentina': 5.7837018966674805, 'extinction': 5.387546539306641, 'scotland': 4.230378150939941, 'immigrants': 1.7760058641433716, 'crash': 1.4698081016540527, 'gabriel': 1.1952801942825317, 'death': 0.9109129309654236, 'tourism': 0.7775397896766663, 'alex': 0.6417499780654907, 'statistics': 0.3415348529815674, 'visa': 0.22913172841072083}",The applicants were two Albanian asylum seekers who challenged the decision of the Refugee Appeals Tribunal upholding the decision of the Office of the Refugee Applications Commissioner that the United Kingdom was the member state responsible for determining their applications for asylum.
1,76,3276_chunk000,71,498.91132032383814,Emigration  Asylum  And 2019 Report,"{'emigration': 214.53294372558594, 'asylum': 213.81268310546875, '2019': 203.77456665039062, 'report': 184.51950073242188, 'migration': 150.71681213378906, 'immigration': 133.0200958251953, 'emi': 124.34751892089844, 'exit': 114.1431655883789, 'exile': 98.28520202636719, 'alien': 88.2066421508789, 'reports': 87.43453979492188, 'refugees': 82.38231658935547, 'refugee': 79.89944458007812, 'nationality': 75.85978698730469, 'russia': 67.6956558227539, 'departure': 67.4822006225586, 'persecution': 62.33326721191406, 'deportation': 60.52138137817383, 'population': 60.16860580444336, 'refuge': 54.626190185546875, 'settlement': 48.42446517944336, 'australia': 40.83114242553711, 'result': 32.41591262817383, 'country': 31.46607208251953, 'hawkins': 25.87531852722168, 'survey': 25.827333450317383, 'gypsy': 25.2220516204834, 'prison': 25.190549850463867, 'ireland': 24.453407287597656, 'ellis': 23.284273147583008, 'germany': 21.9423885345459, 'policy': 19.256053924560547, 'france': 17.680339813232422, '19': 17.575281143188477, 'canada': 17.56451988220215, 'wave': 17.401296615600586, 'exiled': 16.625564575195312, 'case': 15.457919120788574, 'noah': 15.125825881958008, 'farewell': 14.890707969665527, 'marty': 14.082439422607422, 'slavery': 13.999947547912598, 'results': 11.501599311828613, 'escape': 11.17159366607666, 'israel': 10.294816970825195, 'view': 7.689342021942139, 'retirement': 7.003781795501709, '%': 6.803530693054199, 'passport': 6.340615272521973, 'argentina': 5.7837018966674805, 'extinction': 5.387546539306641, 'scotland': 4.230378150939941, 'immigrants': 1.7760058641433716, 'crash': 1.4698081016540527, 'gabriel': 1.1952801942825317, 'death': 0.9109129309654236, 'tourism': 0.7775397896766663, 'alex': 0.6417499780654907, 'statistics': 0.3415348529815674, 'visa': 0.22913172841072083}","On 12 January 2023, the Rome Tribunal confirmed its previous case law of 13 October 2022, and annulled a Dublin transfer to Romania according to Article 3(2) of the Dublin Regulation and to Article 4 of the EU Charter of Fundamental Rights of the European Union, considering that there are systemic deficiencies in the asylum system."
1,104,3275_chunk000,72,498.53524241945803,Emigration  Asylum  And 2019 Report,"{'emigration': 214.53294372558594, 'asylum': 213.81268310546875, '2019': 203.77456665039062, 'report': 184.51950073242188, 'migration': 150.71681213378906, 'immigration': 133.0200958251953, 'emi': 124.34751892089844, 'exit': 114.1431655883789, 'exile': 98.28520202636719, 'alien': 88.2066421508789, 'reports': 87.43453979492188, 'refugees': 82.38231658935547, 'refugee': 79.89944458007812, 'nationality': 75.85978698730469, 'russia': 67.6956558227539, 'departure': 67.4822006225586, 'persecution': 62.33326721191406, 'deportation': 60.52138137817383, 'population': 60.16860580444336, 'refuge': 54.626190185546875, 'settlement': 48.42446517944336, 'australia': 40.83114242553711, 'result': 32.41591262817383, 'country': 31.46607208251953, 'hawkins': 25.87531852722168, 'survey': 25.827333450317383, 'gypsy': 25.2220516204834, 'prison': 25.190549850463867, 'ireland': 24.453407287597656, 'ellis': 23.284273147583008, 'germany': 21.9423885345459, 'policy': 19.256053924560547, 'france': 17.680339813232422, '19': 17.575281143188477, 'canada': 17.56451988220215, 'wave': 17.401296615600586, 'exiled': 16.625564575195312, 'case': 15.457919120788574, 'noah': 15.125825881958008, 'farewell': 14.890707969665527, 'marty': 14.082439422607422, 'slavery': 13.999947547912598, 'results': 11.501599311828613, 'escape': 11.17159366607666, 'israel': 10.294816970825195, 'view': 7.689342021942139, 'retirement': 7.003781795501709, '%': 6.803530693054199, 'passport': 6.340615272521973, 'argentina': 5.7837018966674805, 'extinction': 5.387546539306641, 'scotland': 4.230378150939941, 'immigrants': 1.7760058641433716, 'crash': 1.4698081016540527, 'gabriel': 1.1952801942825317, 'death': 0.9109129309654236, 'tourism': 0.7775397896766663, 'alex': 0.6417499780654907, 'statistics': 0.3415348529815674, 'visa': 0.22913172841072083}","The applicant, a Syrian national, applied for international protection on 2 October 2021 in Austria. As he had already applied for international protection in Malta in September 2021, the Federal Office for Immigration and Asylum (BFA) requested the Maltese authorities to take back the applicant, which Malta accepted."
1,474,198_chunk000,73,498.5120165367237,Emigration  Asylum  And 2019 Report,"{'emigration': 214.53294372558594, 'asylum': 213.81268310546875, '2019': 203.77456665039062, 'report': 184.51950073242188, 'migration': 150.71681213378906, 'immigration': 133.0200958251953, 'emi': 124.34751892089844, 'exit': 114.1431655883789, 'exile': 98.28520202636719, 'alien': 88.2066421508789, 'reports': 87.43453979492188, 'refugees': 82.38231658935547, 'refugee': 79.89944458007812, 'nationality': 75.85978698730469, 'russia': 67.6956558227539, 'departure': 67.4822006225586, 'persecution': 62.33326721191406, 'deportation': 60.52138137817383, 'population': 60.16860580444336, 'refuge': 54.626190185546875, 'settlement': 48.42446517944336, 'australia': 40.83114242553711, 'result': 32.41591262817383, 'country': 31.46607208251953, 'hawkins': 25.87531852722168, 'survey': 25.827333450317383, 'gypsy': 25.2220516204834, 'prison': 25.190549850463867, 'ireland': 24.453407287597656, 'ellis': 23.284273147583008, 'germany': 21.9423885345459, 'policy': 19.256053924560547, 'france': 17.680339813232422, '19': 17.575281143188477, 'canada': 17.56451988220215, 'wave': 17.401296615600586, 'exiled': 16.625564575195312, 'case': 15.457919120788574, 'noah': 15.125825881958008, 'farewell': 14.890707969665527, 'marty': 14.082439422607422, 'slavery': 13.999947547912598, 'results': 11.501599311828613, 'escape': 11.17159366607666, 'israel': 10.294816970825195, 'view': 7.689342021942139, 'retirement': 7.003781795501709, '%': 6.803530693054199, 'passport': 6.340615272521973, 'argentina': 5.7837018966674805, 'extinction': 5.387546539306641, 'scotland': 4.230378150939941, 'immigrants': 1.7760058641433716, 'crash': 1.4698081016540527, 'gabriel': 1.1952801942825317, 'death': 0.9109129309654236, 'tourism': 0.7775397896766663, 'alex': 0.6417499780654907, 'statistics': 0.3415348529815674, 'visa': 0.22913172841072083}",The applicant had previously applied for asylum in the UK. He appealed unsuccessfully to the Tribunal the decision of the Refugee Applications Commissioner that he be transferred to the UK under Dublin III.
1,293,589_chunk000,74,497.03821148792895,Emigration  Asylum  And 2019 Report,"{'emigration': 214.53294372558594, 'asylum': 213.81268310546875, '2019': 203.77456665039062, 'report': 184.51950073242188, 'migration': 150.71681213378906, 'immigration': 133.0200958251953, 'emi': 124.34751892089844, 'exit': 114.1431655883789, 'exile': 98.28520202636719, 'alien': 88.2066421508789, 'reports': 87.43453979492188, 'refugees': 82.38231658935547, 'refugee': 79.89944458007812, 'nationality': 75.85978698730469, 'russia': 67.6956558227539, 'departure': 67.4822006225586, 'persecution': 62.33326721191406, 'deportation': 60.52138137817383, 'population': 60.16860580444336, 'refuge': 54.626190185546875, 'settlement': 48.42446517944336, 'australia': 40.83114242553711, 'result': 32.41591262817383, 'country': 31.46607208251953, 'hawkins': 25.87531852722168, 'survey': 25.827333450317383, 'gypsy': 25.2220516204834, 'prison': 25.190549850463867, 'ireland': 24.453407287597656, 'ellis': 23.284273147583008, 'germany': 21.9423885345459, 'policy': 19.256053924560547, 'france': 17.680339813232422, '19': 17.575281143188477, 'canada': 17.56451988220215, 'wave': 17.401296615600586, 'exiled': 16.625564575195312, 'case': 15.457919120788574, 'noah': 15.125825881958008, 'farewell': 14.890707969665527, 'marty': 14.082439422607422, 'slavery': 13.999947547912598, 'results': 11.501599311828613, 'escape': 11.17159366607666, 'israel': 10.294816970825195, 'view': 7.689342021942139, 'retirement': 7.003781795501709, '%': 6.803530693054199, 'passport': 6.340615272521973, 'argentina': 5.7837018966674805, 'extinction': 5.387546539306641, 'scotland': 4.230378150939941, 'immigrants': 1.7760058641433716, 'crash': 1.4698081016540527, 'gabriel': 1.1952801942825317, 'death': 0.9109129309654236, 'tourism': 0.7775397896766663, 'alex': 0.6417499780654907, 'statistics': 0.3415348529815674, 'visa': 0.22913172841072083}","I – Notification to the applicant for international protection, to account for the content of his statement, does not comply with the formalities required by Article 17 (1 and 2) of the Asylum law under which a written report, containing all the essential information regarding the case and to which the applicant can respond, must be drawn up."
1,232,1090_chunk000,75,496.87438002995,Emigration  Asylum  And 2019 Report,"{'emigration': 214.53294372558594, 'asylum': 213.81268310546875, '2019': 203.77456665039062, 'report': 184.51950073242188, 'migration': 150.71681213378906, 'immigration': 133.0200958251953, 'emi': 124.34751892089844, 'exit': 114.1431655883789, 'exile': 98.28520202636719, 'alien': 88.2066421508789, 'reports': 87.43453979492188, 'refugees': 82.38231658935547, 'refugee': 79.89944458007812, 'nationality': 75.85978698730469, 'russia': 67.6956558227539, 'departure': 67.4822006225586, 'persecution': 62.33326721191406, 'deportation': 60.52138137817383, 'population': 60.16860580444336, 'refuge': 54.626190185546875, 'settlement': 48.42446517944336, 'australia': 40.83114242553711, 'result': 32.41591262817383, 'country': 31.46607208251953, 'hawkins': 25.87531852722168, 'survey': 25.827333450317383, 'gypsy': 25.2220516204834, 'prison': 25.190549850463867, 'ireland': 24.453407287597656, 'ellis': 23.284273147583008, 'germany': 21.9423885345459, 'policy': 19.256053924560547, 'france': 17.680339813232422, '19': 17.575281143188477, 'canada': 17.56451988220215, 'wave': 17.401296615600586, 'exiled': 16.625564575195312, 'case': 15.457919120788574, 'noah': 15.125825881958008, 'farewell': 14.890707969665527, 'marty': 14.082439422607422, 'slavery': 13.999947547912598, 'results': 11.501599311828613, 'escape': 11.17159366607666, 'israel': 10.294816970825195, 'view': 7.689342021942139, 'retirement': 7.003781795501709, '%': 6.803530693054199, 'passport': 6.340615272521973, 'argentina': 5.7837018966674805, 'extinction': 5.387546539306641, 'scotland': 4.230378150939941, 'immigrants': 1.7760058641433716, 'crash': 1.4698081016540527, 'gabriel': 1.1952801942825317, 'death': 0.9109129309654236, 'tourism': 0.7775397896766663, 'alex': 0.6417499780654907, 'statistics': 0.3415348529815674, 'visa': 0.22913172841072083}","The applicant, a Nigerian national, requested international protection after entering Austria on 21 September 2015. This application was rejected by decision of the Federal Office for Aliens and Asylum (BFA) on 31 October 2017. A return decision was issued against the applicant and it was not contested."
1,476,186_chunk000,76,494.75574903777954,Emigration  Asylum  And 2019 Report,"{'emigration': 214.53294372558594, 'asylum': 213.81268310546875, '2019': 203.77456665039062, 'report': 184.51950073242188, 'migration': 150.71681213378906, 'immigration': 133.0200958251953, 'emi': 124.34751892089844, 'exit': 114.1431655883789, 'exile': 98.28520202636719, 'alien': 88.2066421508789, 'reports': 87.43453979492188, 'refugees': 82.38231658935547, 'refugee': 79.89944458007812, 'nationality': 75.85978698730469, 'russia': 67.6956558227539, 'departure': 67.4822006225586, 'persecution': 62.33326721191406, 'deportation': 60.52138137817383, 'population': 60.16860580444336, 'refuge': 54.626190185546875, 'settlement': 48.42446517944336, 'australia': 40.83114242553711, 'result': 32.41591262817383, 'country': 31.46607208251953, 'hawkins': 25.87531852722168, 'survey': 25.827333450317383, 'gypsy': 25.2220516204834, 'prison': 25.190549850463867, 'ireland': 24.453407287597656, 'ellis': 23.284273147583008, 'germany': 21.9423885345459, 'policy': 19.256053924560547, 'france': 17.680339813232422, '19': 17.575281143188477, 'canada': 17.56451988220215, 'wave': 17.401296615600586, 'exiled': 16.625564575195312, 'case': 15.457919120788574, 'noah': 15.125825881958008, 'farewell': 14.890707969665527, 'marty': 14.082439422607422, 'slavery': 13.999947547912598, 'results': 11.501599311828613, 'escape': 11.17159366607666, 'israel': 10.294816970825195, 'view': 7.689342021942139, 'retirement': 7.003781795501709, '%': 6.803530693054199, 'passport': 6.340615272521973, 'argentina': 5.7837018966674805, 'extinction': 5.387546539306641, 'scotland': 4.230378150939941, 'immigrants': 1.7760058641433716, 'crash': 1.4698081016540527, 'gabriel': 1.1952801942825317, 'death': 0.9109129309654236, 'tourism': 0.7775397896766663, 'alex': 0.6417499780654907, 'statistics': 0.3415348529815674, 'visa': 0.22913172841072083}","According the WLR Daily case summaries The asylum claimant, an Iraqi national, entered the United Kingdom and claimed asylum. His claim was refused by the Secretary of State and he appealed pursuant to section 82 of the Nationality, Immigration and Asylum Act 2002. His appeal was dismissed by the First-tier Tribunal."
1,228,960_chunk000,77,492.9888849518608,Emigration  Asylum  And 2019 Report,"{'emigration': 214.53294372558594, 'asylum': 213.81268310546875, '2019': 203.77456665039062, 'report': 184.51950073242188, 'migration': 150.71681213378906, 'immigration': 133.0200958251953, 'emi': 124.34751892089844, 'exit': 114.1431655883789, 'exile': 98.28520202636719, 'alien': 88.2066421508789, 'reports': 87.43453979492188, 'refugees': 82.38231658935547, 'refugee': 79.89944458007812, 'nationality': 75.85978698730469, 'russia': 67.6956558227539, 'departure': 67.4822006225586, 'persecution': 62.33326721191406, 'deportation': 60.52138137817383, 'population': 60.16860580444336, 'refuge': 54.626190185546875, 'settlement': 48.42446517944336, 'australia': 40.83114242553711, 'result': 32.41591262817383, 'country': 31.46607208251953, 'hawkins': 25.87531852722168, 'survey': 25.827333450317383, 'gypsy': 25.2220516204834, 'prison': 25.190549850463867, 'ireland': 24.453407287597656, 'ellis': 23.284273147583008, 'germany': 21.9423885345459, 'policy': 19.256053924560547, 'france': 17.680339813232422, '19': 17.575281143188477, 'canada': 17.56451988220215, 'wave': 17.401296615600586, 'exiled': 16.625564575195312, 'case': 15.457919120788574, 'noah': 15.125825881958008, 'farewell': 14.890707969665527, 'marty': 14.082439422607422, 'slavery': 13.999947547912598, 'results': 11.501599311828613, 'escape': 11.17159366607666, 'israel': 10.294816970825195, 'view': 7.689342021942139, 'retirement': 7.003781795501709, '%': 6.803530693054199, 'passport': 6.340615272521973, 'argentina': 5.7837018966674805, 'extinction': 5.387546539306641, 'scotland': 4.230378150939941, 'immigrants': 1.7760058641433716, 'crash': 1.4698081016540527, 'gabriel': 1.1952801942825317, 'death': 0.9109129309654236, 'tourism': 0.7775397896766663, 'alex': 0.6417499780654907, 'statistics': 0.3415348529815674, 'visa': 0.22913172841072083}","The appellants were Albanian nationals who previously lived in Kosovo (*). They arrived in Ireland on 12 December 2014 and two days later they made an application for asylum. They did not disclose a full account of the circumstances of their arrival in Ireland, in particular that they had previously been issued with a visa for the United Kingdom."
1,92,3427_chunk000,78,492.68044733027125,Emigration  Asylum  And 2019 Report,"{'emigration': 214.53294372558594, 'asylum': 213.81268310546875, '2019': 203.77456665039062, 'report': 184.51950073242188, 'migration': 150.71681213378906, 'immigration': 133.0200958251953, 'emi': 124.34751892089844, 'exit': 114.1431655883789, 'exile': 98.28520202636719, 'alien': 88.2066421508789, 'reports': 87.43453979492188, 'refugees': 82.38231658935547, 'refugee': 79.89944458007812, 'nationality': 75.85978698730469, 'russia': 67.6956558227539, 'departure': 67.4822006225586, 'persecution': 62.33326721191406, 'deportation': 60.52138137817383, 'population': 60.16860580444336, 'refuge': 54.626190185546875, 'settlement': 48.42446517944336, 'australia': 40.83114242553711, 'result': 32.41591262817383, 'country': 31.46607208251953, 'hawkins': 25.87531852722168, 'survey': 25.827333450317383, 'gypsy': 25.2220516204834, 'prison': 25.190549850463867, 'ireland': 24.453407287597656, 'ellis': 23.284273147583008, 'germany': 21.9423885345459, 'policy': 19.256053924560547, 'france': 17.680339813232422, '19': 17.575281143188477, 'canada': 17.56451988220215, 'wave': 17.401296615600586, 'exiled': 16.625564575195312, 'case': 15.457919120788574, 'noah': 15.125825881958008, 'farewell': 14.890707969665527, 'marty': 14.082439422607422, 'slavery': 13.999947547912598, 'results': 11.501599311828613, 'escape': 11.17159366607666, 'israel': 10.294816970825195, 'view': 7.689342021942139, 'retirement': 7.003781795501709, '%': 6.803530693054199, 'passport': 6.340615272521973, 'argentina': 5.7837018966674805, 'extinction': 5.387546539306641, 'scotland': 4.230378150939941, 'immigrants': 1.7760058641433716, 'crash': 1.4698081016540527, 'gabriel': 1.1952801942825317, 'death': 0.9109129309654236, 'tourism': 0.7775397896766663, 'alex': 0.6417499780654907, 'statistics': 0.3415348529815674, 'visa': 0.22913172841072083}","The applicant, an Iranian national, of Azerbaijani origin and Christian, entered Germany on 23 January 2016. On 11 May 2016, the person applied for international protection with the Federal Office for Migration and Refugees (BAMF). BAMF rejected the application by decision of 30 January 2017 and did not provide any prohibition to deportation."
1,305,554_chunk000,79,491.9758419574012,Emigration  Asylum  And 2019 Report,"{'emigration': 214.53294372558594, 'asylum': 213.81268310546875, '2019': 203.77456665039062, 'report': 184.51950073242188, 'migration': 150.71681213378906, 'immigration': 133.0200958251953, 'emi': 124.34751892089844, 'exit': 114.1431655883789, 'exile': 98.28520202636719, 'alien': 88.2066421508789, 'reports': 87.43453979492188, 'refugees': 82.38231658935547, 'refugee': 79.89944458007812, 'nationality': 75.85978698730469, 'russia': 67.6956558227539, 'departure': 67.4822006225586, 'persecution': 62.33326721191406, 'deportation': 60.52138137817383, 'population': 60.16860580444336, 'refuge': 54.626190185546875, 'settlement': 48.42446517944336, 'australia': 40.83114242553711, 'result': 32.41591262817383, 'country': 31.46607208251953, 'hawkins': 25.87531852722168, 'survey': 25.827333450317383, 'gypsy': 25.2220516204834, 'prison': 25.190549850463867, 'ireland': 24.453407287597656, 'ellis': 23.284273147583008, 'germany': 21.9423885345459, 'policy': 19.256053924560547, 'france': 17.680339813232422, '19': 17.575281143188477, 'canada': 17.56451988220215, 'wave': 17.401296615600586, 'exiled': 16.625564575195312, 'case': 15.457919120788574, 'noah': 15.125825881958008, 'farewell': 14.890707969665527, 'marty': 14.082439422607422, 'slavery': 13.999947547912598, 'results': 11.501599311828613, 'escape': 11.17159366607666, 'israel': 10.294816970825195, 'view': 7.689342021942139, 'retirement': 7.003781795501709, '%': 6.803530693054199, 'passport': 6.340615272521973, 'argentina': 5.7837018966674805, 'extinction': 5.387546539306641, 'scotland': 4.230378150939941, 'immigrants': 1.7760058641433716, 'crash': 1.4698081016540527, 'gabriel': 1.1952801942825317, 'death': 0.9109129309654236, 'tourism': 0.7775397896766663, 'alex': 0.6417499780654907, 'statistics': 0.3415348529815674, 'visa': 0.22913172841072083}","Appeal against case no. 16/23224 of the Court of The Hague issued on the 1st June 2017. By decision of 10 October 2016, the State Secretary rejected an application from the foreign national to grant her a temporary asylum residence permit and issued an entry ban against her. By judgment of 1 June 2017, the court dismissed the appeal against this decision by the foreign national as unfounded."
1,53,4184_chunk001,80,491.8220193025459,Emigration  Asylum  And 2019 Report,"{'emigration': 214.53294372558594, 'asylum': 213.81268310546875, '2019': 203.77456665039062, 'report': 184.51950073242188, 'migration': 150.71681213378906, 'immigration': 133.0200958251953, 'emi': 124.34751892089844, 'exit': 114.1431655883789, 'exile': 98.28520202636719, 'alien': 88.2066421508789, 'reports': 87.43453979492188, 'refugees': 82.38231658935547, 'refugee': 79.89944458007812, 'nationality': 75.85978698730469, 'russia': 67.6956558227539, 'departure': 67.4822006225586, 'persecution': 62.33326721191406, 'deportation': 60.52138137817383, 'population': 60.16860580444336, 'refuge': 54.626190185546875, 'settlement': 48.42446517944336, 'australia': 40.83114242553711, 'result': 32.41591262817383, 'country': 31.46607208251953, 'hawkins': 25.87531852722168, 'survey': 25.827333450317383, 'gypsy': 25.2220516204834, 'prison': 25.190549850463867, 'ireland': 24.453407287597656, 'ellis': 23.284273147583008, 'germany': 21.9423885345459, 'policy': 19.256053924560547, 'france': 17.680339813232422, '19': 17.575281143188477, 'canada': 17.56451988220215, 'wave': 17.401296615600586, 'exiled': 16.625564575195312, 'case': 15.457919120788574, 'noah': 15.125825881958008, 'farewell': 14.890707969665527, 'marty': 14.082439422607422, 'slavery': 13.999947547912598, 'results': 11.501599311828613, 'escape': 11.17159366607666, 'israel': 10.294816970825195, 'view': 7.689342021942139, 'retirement': 7.003781795501709, '%': 6.803530693054199, 'passport': 6.340615272521973, 'argentina': 5.7837018966674805, 'extinction': 5.387546539306641, 'scotland': 4.230378150939941, 'immigrants': 1.7760058641433716, 'crash': 1.4698081016540527, 'gabriel': 1.1952801942825317, 'death': 0.9109129309654236, 'tourism': 0.7775397896766663, 'alex': 0.6417499780654907, 'statistics': 0.3415348529815674, 'visa': 0.22913172841072083}","The State Secretary for Justice and Security postponed the decision on her entry to the Netherlands and by decision of 29 March 2023, the State Secretary imposed a custodial measure for the duration of the processing of her asylum application in the border procedure (Article 6, third paragraph, of the Aliens Act 2000). The applicant..."
1,217,983_chunk001,81,491.0177612767949,Emigration  Asylum  And 2019 Report,"{'emigration': 214.53294372558594, 'asylum': 213.81268310546875, '2019': 203.77456665039062, 'report': 184.51950073242188, 'migration': 150.71681213378906, 'immigration': 133.0200958251953, 'emi': 124.34751892089844, 'exit': 114.1431655883789, 'exile': 98.28520202636719, 'alien': 88.2066421508789, 'reports': 87.43453979492188, 'refugees': 82.38231658935547, 'refugee': 79.89944458007812, 'nationality': 75.85978698730469, 'russia': 67.6956558227539, 'departure': 67.4822006225586, 'persecution': 62.33326721191406, 'deportation': 60.52138137817383, 'population': 60.16860580444336, 'refuge': 54.626190185546875, 'settlement': 48.42446517944336, 'australia': 40.83114242553711, 'result': 32.41591262817383, 'country': 31.46607208251953, 'hawkins': 25.87531852722168, 'survey': 25.827333450317383, 'gypsy': 25.2220516204834, 'prison': 25.190549850463867, 'ireland': 24.453407287597656, 'ellis': 23.284273147583008, 'germany': 21.9423885345459, 'policy': 19.256053924560547, 'france': 17.680339813232422, '19': 17.575281143188477, 'canada': 17.56451988220215, 'wave': 17.401296615600586, 'exiled': 16.625564575195312, 'case': 15.457919120788574, 'noah': 15.125825881958008, 'farewell': 14.890707969665527, 'marty': 14.082439422607422, 'slavery': 13.999947547912598, 'results': 11.501599311828613, 'escape': 11.17159366607666, 'israel': 10.294816970825195, 'view': 7.689342021942139, 'retirement': 7.003781795501709, '%': 6.803530693054199, 'passport': 6.340615272521973, 'argentina': 5.7837018966674805, 'extinction': 5.387546539306641, 'scotland': 4.230378150939941, 'immigrants': 1.7760058641433716, 'crash': 1.4698081016540527, 'gabriel': 1.1952801942825317, 'death': 0.9109129309654236, 'tourism': 0.7775397896766663, 'alex': 0.6417499780654907, 'statistics': 0.3415348529815674, 'visa': 0.22913172841072083}","The Council notes that it nevertheless emerges sufficiently from the judgment [CJEU, judgment of 14 May 2019]- which the defendant does not fail to point out in its observation note - that the Court stated, at the very least, that the use, in the French version, of the terms ""exclusion from the status of refugee"" referred to in..."
1,286,954_chunk000,82,490.65540384324385,Emigration  Asylum  And 2019 Report,"{'emigration': 214.53294372558594, 'asylum': 213.81268310546875, '2019': 203.77456665039062, 'report': 184.51950073242188, 'migration': 150.71681213378906, 'immigration': 133.0200958251953, 'emi': 124.34751892089844, 'exit': 114.1431655883789, 'exile': 98.28520202636719, 'alien': 88.2066421508789, 'reports': 87.43453979492188, 'refugees': 82.38231658935547, 'refugee': 79.89944458007812, 'nationality': 75.85978698730469, 'russia': 67.6956558227539, 'departure': 67.4822006225586, 'persecution': 62.33326721191406, 'deportation': 60.52138137817383, 'population': 60.16860580444336, 'refuge': 54.626190185546875, 'settlement': 48.42446517944336, 'australia': 40.83114242553711, 'result': 32.41591262817383, 'country': 31.46607208251953, 'hawkins': 25.87531852722168, 'survey': 25.827333450317383, 'gypsy': 25.2220516204834, 'prison': 25.190549850463867, 'ireland': 24.453407287597656, 'ellis': 23.284273147583008, 'germany': 21.9423885345459, 'policy': 19.256053924560547, 'france': 17.680339813232422, '19': 17.575281143188477, 'canada': 17.56451988220215, 'wave': 17.401296615600586, 'exiled': 16.625564575195312, 'case': 15.457919120788574, 'noah': 15.125825881958008, 'farewell': 14.890707969665527, 'marty': 14.082439422607422, 'slavery': 13.999947547912598, 'results': 11.501599311828613, 'escape': 11.17159366607666, 'israel': 10.294816970825195, 'view': 7.689342021942139, 'retirement': 7.003781795501709, '%': 6.803530693054199, 'passport': 6.340615272521973, 'argentina': 5.7837018966674805, 'extinction': 5.387546539306641, 'scotland': 4.230378150939941, 'immigrants': 1.7760058641433716, 'crash': 1.4698081016540527, 'gabriel': 1.1952801942825317, 'death': 0.9109129309654236, 'tourism': 0.7775397896766663, 'alex': 0.6417499780654907, 'statistics': 0.3415348529815674, 'visa': 0.22913172841072083}",The applicants were an Albanian mother and her two daughters whose applications for asylum were refused by the Refugee Applications Commissioner.
1,77,3276_chunk001,83,490.5467314427942,Emigration  Asylum  And 2019 Report,"{'emigration': 214.53294372558594, 'asylum': 213.81268310546875, '2019': 203.77456665039062, 'report': 184.51950073242188, 'migration': 150.71681213378906, 'immigration': 133.0200958251953, 'emi': 124.34751892089844, 'exit': 114.1431655883789, 'exile': 98.28520202636719, 'alien': 88.2066421508789, 'reports': 87.43453979492188, 'refugees': 82.38231658935547, 'refugee': 79.89944458007812, 'nationality': 75.85978698730469, 'russia': 67.6956558227539, 'departure': 67.4822006225586, 'persecution': 62.33326721191406, 'deportation': 60.52138137817383, 'population': 60.16860580444336, 'refuge': 54.626190185546875, 'settlement': 48.42446517944336, 'australia': 40.83114242553711, 'result': 32.41591262817383, 'country': 31.46607208251953, 'hawkins': 25.87531852722168, 'survey': 25.827333450317383, 'gypsy': 25.2220516204834, 'prison': 25.190549850463867, 'ireland': 24.453407287597656, 'ellis': 23.284273147583008, 'germany': 21.9423885345459, 'policy': 19.256053924560547, 'france': 17.680339813232422, '19': 17.575281143188477, 'canada': 17.56451988220215, 'wave': 17.401296615600586, 'exiled': 16.625564575195312, 'case': 15.457919120788574, 'noah': 15.125825881958008, 'farewell': 14.890707969665527, 'marty': 14.082439422607422, 'slavery': 13.999947547912598, 'results': 11.501599311828613, 'escape': 11.17159366607666, 'israel': 10.294816970825195, 'view': 7.689342021942139, 'retirement': 7.003781795501709, '%': 6.803530693054199, 'passport': 6.340615272521973, 'argentina': 5.7837018966674805, 'extinction': 5.387546539306641, 'scotland': 4.230378150939941, 'immigrants': 1.7760058641433716, 'crash': 1.4698081016540527, 'gabriel': 1.1952801942825317, 'death': 0.9109129309654236, 'tourism': 0.7775397896766663, 'alex': 0.6417499780654907, 'statistics': 0.3415348529815674, 'visa': 0.22913172841072083}",The court noted that Romania was already unprepared to accommodate asylum applicants before the Ukrainian crisis and that with the high influx of persons...
1,135,2508_chunk001,84,486.90420295542117,Emigration  Asylum  And 2019 Report,"{'emigration': 214.53294372558594, 'asylum': 213.81268310546875, '2019': 203.77456665039062, 'report': 184.51950073242188, 'migration': 150.71681213378906, 'immigration': 133.0200958251953, 'emi': 124.34751892089844, 'exit': 114.1431655883789, 'exile': 98.28520202636719, 'alien': 88.2066421508789, 'reports': 87.43453979492188, 'refugees': 82.38231658935547, 'refugee': 79.89944458007812, 'nationality': 75.85978698730469, 'russia': 67.6956558227539, 'departure': 67.4822006225586, 'persecution': 62.33326721191406, 'deportation': 60.52138137817383, 'population': 60.16860580444336, 'refuge': 54.626190185546875, 'settlement': 48.42446517944336, 'australia': 40.83114242553711, 'result': 32.41591262817383, 'country': 31.46607208251953, 'hawkins': 25.87531852722168, 'survey': 25.827333450317383, 'gypsy': 25.2220516204834, 'prison': 25.190549850463867, 'ireland': 24.453407287597656, 'ellis': 23.284273147583008, 'germany': 21.9423885345459, 'policy': 19.256053924560547, 'france': 17.680339813232422, '19': 17.575281143188477, 'canada': 17.56451988220215, 'wave': 17.401296615600586, 'exiled': 16.625564575195312, 'case': 15.457919120788574, 'noah': 15.125825881958008, 'farewell': 14.890707969665527, 'marty': 14.082439422607422, 'slavery': 13.999947547912598, 'results': 11.501599311828613, 'escape': 11.17159366607666, 'israel': 10.294816970825195, 'view': 7.689342021942139, 'retirement': 7.003781795501709, '%': 6.803530693054199, 'passport': 6.340615272521973, 'argentina': 5.7837018966674805, 'extinction': 5.387546539306641, 'scotland': 4.230378150939941, 'immigrants': 1.7760058641433716, 'crash': 1.4698081016540527, 'gabriel': 1.1952801942825317, 'death': 0.9109129309654236, 'tourism': 0.7775397896766663, 'alex': 0.6417499780654907, 'statistics': 0.3415348529815674, 'visa': 0.22913172841072083}",On 13 July 2018 the Federal Office and Foreigners Registration Office was informed that the applicant resided in a church asylum since 12 July 2018. By letter of...
1,117,3272_chunk001,85,486.4313397293425,Emigration  Asylum  And 2019 Report,"{'emigration': 214.53294372558594, 'asylum': 213.81268310546875, '2019': 203.77456665039062, 'report': 184.51950073242188, 'migration': 150.71681213378906, 'immigration': 133.0200958251953, 'emi': 124.34751892089844, 'exit': 114.1431655883789, 'exile': 98.28520202636719, 'alien': 88.2066421508789, 'reports': 87.43453979492188, 'refugees': 82.38231658935547, 'refugee': 79.89944458007812, 'nationality': 75.85978698730469, 'russia': 67.6956558227539, 'departure': 67.4822006225586, 'persecution': 62.33326721191406, 'deportation': 60.52138137817383, 'population': 60.16860580444336, 'refuge': 54.626190185546875, 'settlement': 48.42446517944336, 'australia': 40.83114242553711, 'result': 32.41591262817383, 'country': 31.46607208251953, 'hawkins': 25.87531852722168, 'survey': 25.827333450317383, 'gypsy': 25.2220516204834, 'prison': 25.190549850463867, 'ireland': 24.453407287597656, 'ellis': 23.284273147583008, 'germany': 21.9423885345459, 'policy': 19.256053924560547, 'france': 17.680339813232422, '19': 17.575281143188477, 'canada': 17.56451988220215, 'wave': 17.401296615600586, 'exiled': 16.625564575195312, 'case': 15.457919120788574, 'noah': 15.125825881958008, 'farewell': 14.890707969665527, 'marty': 14.082439422607422, 'slavery': 13.999947547912598, 'results': 11.501599311828613, 'escape': 11.17159366607666, 'israel': 10.294816970825195, 'view': 7.689342021942139, 'retirement': 7.003781795501709, '%': 6.803530693054199, 'passport': 6.340615272521973, 'argentina': 5.7837018966674805, 'extinction': 5.387546539306641, 'scotland': 4.230378150939941, 'immigrants': 1.7760058641433716, 'crash': 1.4698081016540527, 'gabriel': 1.1952801942825317, 'death': 0.9109129309654236, 'tourism': 0.7775397896766663, 'alex': 0.6417499780654907, 'statistics': 0.3415348529815674, 'visa': 0.22913172841072083}","The case concerned the accused monk B., who granted church asylum to A., from the Gaza strip, on 25 August 2020 and provided him accommodation and care with the knowledge that A. was a rejected asylum applicant.

A. applied for asylum on 22 April..."
1,173,1000_chunk000,86,483.03464818438323,Emigration  Asylum  And 2019 Report,"{'emigration': 214.53294372558594, 'asylum': 213.81268310546875, '2019': 203.77456665039062, 'report': 184.51950073242188, 'migration': 150.71681213378906, 'immigration': 133.0200958251953, 'emi': 124.34751892089844, 'exit': 114.1431655883789, 'exile': 98.28520202636719, 'alien': 88.2066421508789, 'reports': 87.43453979492188, 'refugees': 82.38231658935547, 'refugee': 79.89944458007812, 'nationality': 75.85978698730469, 'russia': 67.6956558227539, 'departure': 67.4822006225586, 'persecution': 62.33326721191406, 'deportation': 60.52138137817383, 'population': 60.16860580444336, 'refuge': 54.626190185546875, 'settlement': 48.42446517944336, 'australia': 40.83114242553711, 'result': 32.41591262817383, 'country': 31.46607208251953, 'hawkins': 25.87531852722168, 'survey': 25.827333450317383, 'gypsy': 25.2220516204834, 'prison': 25.190549850463867, 'ireland': 24.453407287597656, 'ellis': 23.284273147583008, 'germany': 21.9423885345459, 'policy': 19.256053924560547, 'france': 17.680339813232422, '19': 17.575281143188477, 'canada': 17.56451988220215, 'wave': 17.401296615600586, 'exiled': 16.625564575195312, 'case': 15.457919120788574, 'noah': 15.125825881958008, 'farewell': 14.890707969665527, 'marty': 14.082439422607422, 'slavery': 13.999947547912598, 'results': 11.501599311828613, 'escape': 11.17159366607666, 'israel': 10.294816970825195, 'view': 7.689342021942139, 'retirement': 7.003781795501709, '%': 6.803530693054199, 'passport': 6.340615272521973, 'argentina': 5.7837018966674805, 'extinction': 5.387546539306641, 'scotland': 4.230378150939941, 'immigrants': 1.7760058641433716, 'crash': 1.4698081016540527, 'gabriel': 1.1952801942825317, 'death': 0.9109129309654236, 'tourism': 0.7775397896766663, 'alex': 0.6417499780654907, 'statistics': 0.3415348529815674, 'visa': 0.22913172841072083}","The CNDA overturned the decision of the OFPRA who rejected the asylum request of three female applicants belonging to the Wolof ethnic group in Gambia, on the basis that the prevalence rate of FGM/C in this ethnic group is low (12.3%)."
1,392,108_chunk000,87,481.36135646840324,Emigration  Asylum  And 2019 Report,"{'emigration': 214.53294372558594, 'asylum': 213.81268310546875, '2019': 203.77456665039062, 'report': 184.51950073242188, 'migration': 150.71681213378906, 'immigration': 133.0200958251953, 'emi': 124.34751892089844, 'exit': 114.1431655883789, 'exile': 98.28520202636719, 'alien': 88.2066421508789, 'reports': 87.43453979492188, 'refugees': 82.38231658935547, 'refugee': 79.89944458007812, 'nationality': 75.85978698730469, 'russia': 67.6956558227539, 'departure': 67.4822006225586, 'persecution': 62.33326721191406, 'deportation': 60.52138137817383, 'population': 60.16860580444336, 'refuge': 54.626190185546875, 'settlement': 48.42446517944336, 'australia': 40.83114242553711, 'result': 32.41591262817383, 'country': 31.46607208251953, 'hawkins': 25.87531852722168, 'survey': 25.827333450317383, 'gypsy': 25.2220516204834, 'prison': 25.190549850463867, 'ireland': 24.453407287597656, 'ellis': 23.284273147583008, 'germany': 21.9423885345459, 'policy': 19.256053924560547, 'france': 17.680339813232422, '19': 17.575281143188477, 'canada': 17.56451988220215, 'wave': 17.401296615600586, 'exiled': 16.625564575195312, 'case': 15.457919120788574, 'noah': 15.125825881958008, 'farewell': 14.890707969665527, 'marty': 14.082439422607422, 'slavery': 13.999947547912598, 'results': 11.501599311828613, 'escape': 11.17159366607666, 'israel': 10.294816970825195, 'view': 7.689342021942139, 'retirement': 7.003781795501709, '%': 6.803530693054199, 'passport': 6.340615272521973, 'argentina': 5.7837018966674805, 'extinction': 5.387546539306641, 'scotland': 4.230378150939941, 'immigrants': 1.7760058641433716, 'crash': 1.4698081016540527, 'gabriel': 1.1952801942825317, 'death': 0.9109129309654236, 'tourism': 0.7775397896766663, 'alex': 0.6417499780654907, 'statistics': 0.3415348529815674, 'visa': 0.22913172841072083}",According the ECHR's Information Note 213 (December 2017): The applicant entered Switzerland in 2009 and applied for asylum on the grounds that he had been imprisoned and tortured in his country of origin (Iran) after taking part in a demonstration there. His application was rejected after the Swiss authorities found that his account was not credible.
1,538,55_chunk000,88,480.88350240511306,Emigration  Asylum  And 2019 Report,"{'emigration': 214.53294372558594, 'asylum': 213.81268310546875, '2019': 203.77456665039062, 'report': 184.51950073242188, 'migration': 150.71681213378906, 'immigration': 133.0200958251953, 'emi': 124.34751892089844, 'exit': 114.1431655883789, 'exile': 98.28520202636719, 'alien': 88.2066421508789, 'reports': 87.43453979492188, 'refugees': 82.38231658935547, 'refugee': 79.89944458007812, 'nationality': 75.85978698730469, 'russia': 67.6956558227539, 'departure': 67.4822006225586, 'persecution': 62.33326721191406, 'deportation': 60.52138137817383, 'population': 60.16860580444336, 'refuge': 54.626190185546875, 'settlement': 48.42446517944336, 'australia': 40.83114242553711, 'result': 32.41591262817383, 'country': 31.46607208251953, 'hawkins': 25.87531852722168, 'survey': 25.827333450317383, 'gypsy': 25.2220516204834, 'prison': 25.190549850463867, 'ireland': 24.453407287597656, 'ellis': 23.284273147583008, 'germany': 21.9423885345459, 'policy': 19.256053924560547, 'france': 17.680339813232422, '19': 17.575281143188477, 'canada': 17.56451988220215, 'wave': 17.401296615600586, 'exiled': 16.625564575195312, 'case': 15.457919120788574, 'noah': 15.125825881958008, 'farewell': 14.890707969665527, 'marty': 14.082439422607422, 'slavery': 13.999947547912598, 'results': 11.501599311828613, 'escape': 11.17159366607666, 'israel': 10.294816970825195, 'view': 7.689342021942139, 'retirement': 7.003781795501709, '%': 6.803530693054199, 'passport': 6.340615272521973, 'argentina': 5.7837018966674805, 'extinction': 5.387546539306641, 'scotland': 4.230378150939941, 'immigrants': 1.7760058641433716, 'crash': 1.4698081016540527, 'gabriel': 1.1952801942825317, 'death': 0.9109129309654236, 'tourism': 0.7775397896766663, 'alex': 0.6417499780654907, 'statistics': 0.3415348529815674, 'visa': 0.22913172841072083}",The applicant was a Nigerian national who was born in May 1991. She arrived in the State on 9 January 2007 when she was 15 years old and applied for asylum. The applicant claimed to have been threatened with forced marriage and attempted rape. She said she was given assistance by the African Refugee Foundation (“AREF”) before ultimately leaving Nigeria.
1,422,201_chunk000,89,477.4621641886386,Emigration  Asylum  And 2019 Report,"{'emigration': 214.53294372558594, 'asylum': 213.81268310546875, '2019': 203.77456665039062, 'report': 184.51950073242188, 'migration': 150.71681213378906, 'immigration': 133.0200958251953, 'emi': 124.34751892089844, 'exit': 114.1431655883789, 'exile': 98.28520202636719, 'alien': 88.2066421508789, 'reports': 87.43453979492188, 'refugees': 82.38231658935547, 'refugee': 79.89944458007812, 'nationality': 75.85978698730469, 'russia': 67.6956558227539, 'departure': 67.4822006225586, 'persecution': 62.33326721191406, 'deportation': 60.52138137817383, 'population': 60.16860580444336, 'refuge': 54.626190185546875, 'settlement': 48.42446517944336, 'australia': 40.83114242553711, 'result': 32.41591262817383, 'country': 31.46607208251953, 'hawkins': 25.87531852722168, 'survey': 25.827333450317383, 'gypsy': 25.2220516204834, 'prison': 25.190549850463867, 'ireland': 24.453407287597656, 'ellis': 23.284273147583008, 'germany': 21.9423885345459, 'policy': 19.256053924560547, 'france': 17.680339813232422, '19': 17.575281143188477, 'canada': 17.56451988220215, 'wave': 17.401296615600586, 'exiled': 16.625564575195312, 'case': 15.457919120788574, 'noah': 15.125825881958008, 'farewell': 14.890707969665527, 'marty': 14.082439422607422, 'slavery': 13.999947547912598, 'results': 11.501599311828613, 'escape': 11.17159366607666, 'israel': 10.294816970825195, 'view': 7.689342021942139, 'retirement': 7.003781795501709, '%': 6.803530693054199, 'passport': 6.340615272521973, 'argentina': 5.7837018966674805, 'extinction': 5.387546539306641, 'scotland': 4.230378150939941, 'immigrants': 1.7760058641433716, 'crash': 1.4698081016540527, 'gabriel': 1.1952801942825317, 'death': 0.9109129309654236, 'tourism': 0.7775397896766663, 'alex': 0.6417499780654907, 'statistics': 0.3415348529815674, 'visa': 0.22913172841072083}","The applicant claimed that after he sought to end a relationship with a woman in Albania in 2012, he was confronted by the woman's brothers who threatened, beat and tortured him, and murdered his father. He moved to Ireland in July 2013 and applied for asylum in April 2014, the application was rejected. An appeal to the tribunal was also rejected in May 2016."
1,52,4184_chunk000,90,476.0768692569659,Emigration  Asylum  And 2019 Report,"{'emigration': 214.53294372558594, 'asylum': 213.81268310546875, '2019': 203.77456665039062, 'report': 184.51950073242188, 'migration': 150.71681213378906, 'immigration': 133.0200958251953, 'emi': 124.34751892089844, 'exit': 114.1431655883789, 'exile': 98.28520202636719, 'alien': 88.2066421508789, 'reports': 87.43453979492188, 'refugees': 82.38231658935547, 'refugee': 79.89944458007812, 'nationality': 75.85978698730469, 'russia': 67.6956558227539, 'departure': 67.4822006225586, 'persecution': 62.33326721191406, 'deportation': 60.52138137817383, 'population': 60.16860580444336, 'refuge': 54.626190185546875, 'settlement': 48.42446517944336, 'australia': 40.83114242553711, 'result': 32.41591262817383, 'country': 31.46607208251953, 'hawkins': 25.87531852722168, 'survey': 25.827333450317383, 'gypsy': 25.2220516204834, 'prison': 25.190549850463867, 'ireland': 24.453407287597656, 'ellis': 23.284273147583008, 'germany': 21.9423885345459, 'policy': 19.256053924560547, 'france': 17.680339813232422, '19': 17.575281143188477, 'canada': 17.56451988220215, 'wave': 17.401296615600586, 'exiled': 16.625564575195312, 'case': 15.457919120788574, 'noah': 15.125825881958008, 'farewell': 14.890707969665527, 'marty': 14.082439422607422, 'slavery': 13.999947547912598, 'results': 11.501599311828613, 'escape': 11.17159366607666, 'israel': 10.294816970825195, 'view': 7.689342021942139, 'retirement': 7.003781795501709, '%': 6.803530693054199, 'passport': 6.340615272521973, 'argentina': 5.7837018966674805, 'extinction': 5.387546539306641, 'scotland': 4.230378150939941, 'immigrants': 1.7760058641433716, 'crash': 1.4698081016540527, 'gabriel': 1.1952801942825317, 'death': 0.9109129309654236, 'tourism': 0.7775397896766663, 'alex': 0.6417499780654907, 'statistics': 0.3415348529815674, 'visa': 0.22913172841072083}",A third country national arrived at Schiphol Airport on 28 March 2023 and she submitted an asylum application the next day.
1,357,633_chunk000,91,475.6393462348608,Emigration  Asylum  And 2019 Report,"{'emigration': 214.53294372558594, 'asylum': 213.81268310546875, '2019': 203.77456665039062, 'report': 184.51950073242188, 'migration': 150.71681213378906, 'immigration': 133.0200958251953, 'emi': 124.34751892089844, 'exit': 114.1431655883789, 'exile': 98.28520202636719, 'alien': 88.2066421508789, 'reports': 87.43453979492188, 'refugees': 82.38231658935547, 'refugee': 79.89944458007812, 'nationality': 75.85978698730469, 'russia': 67.6956558227539, 'departure': 67.4822006225586, 'persecution': 62.33326721191406, 'deportation': 60.52138137817383, 'population': 60.16860580444336, 'refuge': 54.626190185546875, 'settlement': 48.42446517944336, 'australia': 40.83114242553711, 'result': 32.41591262817383, 'country': 31.46607208251953, 'hawkins': 25.87531852722168, 'survey': 25.827333450317383, 'gypsy': 25.2220516204834, 'prison': 25.190549850463867, 'ireland': 24.453407287597656, 'ellis': 23.284273147583008, 'germany': 21.9423885345459, 'policy': 19.256053924560547, 'france': 17.680339813232422, '19': 17.575281143188477, 'canada': 17.56451988220215, 'wave': 17.401296615600586, 'exiled': 16.625564575195312, 'case': 15.457919120788574, 'noah': 15.125825881958008, 'farewell': 14.890707969665527, 'marty': 14.082439422607422, 'slavery': 13.999947547912598, 'results': 11.501599311828613, 'escape': 11.17159366607666, 'israel': 10.294816970825195, 'view': 7.689342021942139, 'retirement': 7.003781795501709, '%': 6.803530693054199, 'passport': 6.340615272521973, 'argentina': 5.7837018966674805, 'extinction': 5.387546539306641, 'scotland': 4.230378150939941, 'immigrants': 1.7760058641433716, 'crash': 1.4698081016540527, 'gabriel': 1.1952801942825317, 'death': 0.9109129309654236, 'tourism': 0.7775397896766663, 'alex': 0.6417499780654907, 'statistics': 0.3415348529815674, 'visa': 0.22913172841072083}","The legal question concerned a situation in which the applicant (a third country national) claimed asylum based on events that had happened in another EU MS in which the applicant had lived and towards which the Dublin Regulation was applicable. In the current case, a Nigerian national claimed she was in danger of persecution and serious harm in Spain due to her ex-husband."
1,61,3924_chunk001,92,474.9126459384251,Emigration  Asylum  And 2019 Report,"{'emigration': 214.53294372558594, 'asylum': 213.81268310546875, '2019': 203.77456665039062, 'report': 184.51950073242188, 'migration': 150.71681213378906, 'immigration': 133.0200958251953, 'emi': 124.34751892089844, 'exit': 114.1431655883789, 'exile': 98.28520202636719, 'alien': 88.2066421508789, 'reports': 87.43453979492188, 'refugees': 82.38231658935547, 'refugee': 79.89944458007812, 'nationality': 75.85978698730469, 'russia': 67.6956558227539, 'departure': 67.4822006225586, 'persecution': 62.33326721191406, 'deportation': 60.52138137817383, 'population': 60.16860580444336, 'refuge': 54.626190185546875, 'settlement': 48.42446517944336, 'australia': 40.83114242553711, 'result': 32.41591262817383, 'country': 31.46607208251953, 'hawkins': 25.87531852722168, 'survey': 25.827333450317383, 'gypsy': 25.2220516204834, 'prison': 25.190549850463867, 'ireland': 24.453407287597656, 'ellis': 23.284273147583008, 'germany': 21.9423885345459, 'policy': 19.256053924560547, 'france': 17.680339813232422, '19': 17.575281143188477, 'canada': 17.56451988220215, 'wave': 17.401296615600586, 'exiled': 16.625564575195312, 'case': 15.457919120788574, 'noah': 15.125825881958008, 'farewell': 14.890707969665527, 'marty': 14.082439422607422, 'slavery': 13.999947547912598, 'results': 11.501599311828613, 'escape': 11.17159366607666, 'israel': 10.294816970825195, 'view': 7.689342021942139, 'retirement': 7.003781795501709, '%': 6.803530693054199, 'passport': 6.340615272521973, 'argentina': 5.7837018966674805, 'extinction': 5.387546539306641, 'scotland': 4.230378150939941, 'immigrants': 1.7760058641433716, 'crash': 1.4698081016540527, 'gabriel': 1.1952801942825317, 'death': 0.9109129309654236, 'tourism': 0.7775397896766663, 'alex': 0.6417499780654907, 'statistics': 0.3415348529815674, 'visa': 0.22913172841072083}","The applicant, a Palestinian national arrived in Cyprus via the occupied territories and was detained pursuant to the Aliens and Immigration Law and a deportation order was issued. He applied for asylum but was granted a supplementary protection status..."
1,359,573_chunk000,93,473.0243348173136,Emigration  Asylum  And 2019 Report,"{'emigration': 214.53294372558594, 'asylum': 213.81268310546875, '2019': 203.77456665039062, 'report': 184.51950073242188, 'migration': 150.71681213378906, 'immigration': 133.0200958251953, 'emi': 124.34751892089844, 'exit': 114.1431655883789, 'exile': 98.28520202636719, 'alien': 88.2066421508789, 'reports': 87.43453979492188, 'refugees': 82.38231658935547, 'refugee': 79.89944458007812, 'nationality': 75.85978698730469, 'russia': 67.6956558227539, 'departure': 67.4822006225586, 'persecution': 62.33326721191406, 'deportation': 60.52138137817383, 'population': 60.16860580444336, 'refuge': 54.626190185546875, 'settlement': 48.42446517944336, 'australia': 40.83114242553711, 'result': 32.41591262817383, 'country': 31.46607208251953, 'hawkins': 25.87531852722168, 'survey': 25.827333450317383, 'gypsy': 25.2220516204834, 'prison': 25.190549850463867, 'ireland': 24.453407287597656, 'ellis': 23.284273147583008, 'germany': 21.9423885345459, 'policy': 19.256053924560547, 'france': 17.680339813232422, '19': 17.575281143188477, 'canada': 17.56451988220215, 'wave': 17.401296615600586, 'exiled': 16.625564575195312, 'case': 15.457919120788574, 'noah': 15.125825881958008, 'farewell': 14.890707969665527, 'marty': 14.082439422607422, 'slavery': 13.999947547912598, 'results': 11.501599311828613, 'escape': 11.17159366607666, 'israel': 10.294816970825195, 'view': 7.689342021942139, 'retirement': 7.003781795501709, '%': 6.803530693054199, 'passport': 6.340615272521973, 'argentina': 5.7837018966674805, 'extinction': 5.387546539306641, 'scotland': 4.230378150939941, 'immigrants': 1.7760058641433716, 'crash': 1.4698081016540527, 'gabriel': 1.1952801942825317, 'death': 0.9109129309654236, 'tourism': 0.7775397896766663, 'alex': 0.6417499780654907, 'statistics': 0.3415348529815674, 'visa': 0.22913172841072083}","Appeal against the decision of the court of The Hague, Haarlem seat, of August 7, 2017 in case no. 17/2027. By decision of 19 January 2017, the State Secretary rejected an application from the foreign national to grant him a temporary asylum residence permit, and issued an entry ban against him."
1,480,97_chunk000,94,471.2322624724713,Emigration  Asylum  And 2019 Report,"{'emigration': 214.53294372558594, 'asylum': 213.81268310546875, '2019': 203.77456665039062, 'report': 184.51950073242188, 'migration': 150.71681213378906, 'immigration': 133.0200958251953, 'emi': 124.34751892089844, 'exit': 114.1431655883789, 'exile': 98.28520202636719, 'alien': 88.2066421508789, 'reports': 87.43453979492188, 'refugees': 82.38231658935547, 'refugee': 79.89944458007812, 'nationality': 75.85978698730469, 'russia': 67.6956558227539, 'departure': 67.4822006225586, 'persecution': 62.33326721191406, 'deportation': 60.52138137817383, 'population': 60.16860580444336, 'refuge': 54.626190185546875, 'settlement': 48.42446517944336, 'australia': 40.83114242553711, 'result': 32.41591262817383, 'country': 31.46607208251953, 'hawkins': 25.87531852722168, 'survey': 25.827333450317383, 'gypsy': 25.2220516204834, 'prison': 25.190549850463867, 'ireland': 24.453407287597656, 'ellis': 23.284273147583008, 'germany': 21.9423885345459, 'policy': 19.256053924560547, 'france': 17.680339813232422, '19': 17.575281143188477, 'canada': 17.56451988220215, 'wave': 17.401296615600586, 'exiled': 16.625564575195312, 'case': 15.457919120788574, 'noah': 15.125825881958008, 'farewell': 14.890707969665527, 'marty': 14.082439422607422, 'slavery': 13.999947547912598, 'results': 11.501599311828613, 'escape': 11.17159366607666, 'israel': 10.294816970825195, 'view': 7.689342021942139, 'retirement': 7.003781795501709, '%': 6.803530693054199, 'passport': 6.340615272521973, 'argentina': 5.7837018966674805, 'extinction': 5.387546539306641, 'scotland': 4.230378150939941, 'immigrants': 1.7760058641433716, 'crash': 1.4698081016540527, 'gabriel': 1.1952801942825317, 'death': 0.9109129309654236, 'tourism': 0.7775397896766663, 'alex': 0.6417499780654907, 'statistics': 0.3415348529815674, 'visa': 0.22913172841072083}","As of 2016, beneficiaries of subsidiary protection in Lower Austria differ from persons granted asylum in that they are entitled only to benefits under basic welfare support. The Constitutional Court ruled in June 2017 that this rule is constitutional, since sufficient factual and legal differences exist to justify differing treatment with respect to social benefits."
1,226,925_chunk000,95,470.5035274815414,Emigration  Asylum  And 2019 Report,"{'emigration': 214.53294372558594, 'asylum': 213.81268310546875, '2019': 203.77456665039062, 'report': 184.51950073242188, 'migration': 150.71681213378906, 'immigration': 133.0200958251953, 'emi': 124.34751892089844, 'exit': 114.1431655883789, 'exile': 98.28520202636719, 'alien': 88.2066421508789, 'reports': 87.43453979492188, 'refugees': 82.38231658935547, 'refugee': 79.89944458007812, 'nationality': 75.85978698730469, 'russia': 67.6956558227539, 'departure': 67.4822006225586, 'persecution': 62.33326721191406, 'deportation': 60.52138137817383, 'population': 60.16860580444336, 'refuge': 54.626190185546875, 'settlement': 48.42446517944336, 'australia': 40.83114242553711, 'result': 32.41591262817383, 'country': 31.46607208251953, 'hawkins': 25.87531852722168, 'survey': 25.827333450317383, 'gypsy': 25.2220516204834, 'prison': 25.190549850463867, 'ireland': 24.453407287597656, 'ellis': 23.284273147583008, 'germany': 21.9423885345459, 'policy': 19.256053924560547, 'france': 17.680339813232422, '19': 17.575281143188477, 'canada': 17.56451988220215, 'wave': 17.401296615600586, 'exiled': 16.625564575195312, 'case': 15.457919120788574, 'noah': 15.125825881958008, 'farewell': 14.890707969665527, 'marty': 14.082439422607422, 'slavery': 13.999947547912598, 'results': 11.501599311828613, 'escape': 11.17159366607666, 'israel': 10.294816970825195, 'view': 7.689342021942139, 'retirement': 7.003781795501709, '%': 6.803530693054199, 'passport': 6.340615272521973, 'argentina': 5.7837018966674805, 'extinction': 5.387546539306641, 'scotland': 4.230378150939941, 'immigrants': 1.7760058641433716, 'crash': 1.4698081016540527, 'gabriel': 1.1952801942825317, 'death': 0.9109129309654236, 'tourism': 0.7775397896766663, 'alex': 0.6417499780654907, 'statistics': 0.3415348529815674, 'visa': 0.22913172841072083}","Healthy refugees who are fit for work are not currently exposed to a ""real risk"" of inhuman or degrading treatment in Bulgaria within the meaning of Article 4 of the Charter of Fundamental Rights of the European Union, either at the time of their return, during the asylum procedure, or indeed after the presumed granting of international protection, irrespective of their wishes and personal choices"
1,203,1564_chunk000,96,469.8573376124462,Emigration  Asylum  And 2019 Report,"{'emigration': 214.53294372558594, 'asylum': 213.81268310546875, '2019': 203.77456665039062, 'report': 184.51950073242188, 'migration': 150.71681213378906, 'immigration': 133.0200958251953, 'emi': 124.34751892089844, 'exit': 114.1431655883789, 'exile': 98.28520202636719, 'alien': 88.2066421508789, 'reports': 87.43453979492188, 'refugees': 82.38231658935547, 'refugee': 79.89944458007812, 'nationality': 75.85978698730469, 'russia': 67.6956558227539, 'departure': 67.4822006225586, 'persecution': 62.33326721191406, 'deportation': 60.52138137817383, 'population': 60.16860580444336, 'refuge': 54.626190185546875, 'settlement': 48.42446517944336, 'australia': 40.83114242553711, 'result': 32.41591262817383, 'country': 31.46607208251953, 'hawkins': 25.87531852722168, 'survey': 25.827333450317383, 'gypsy': 25.2220516204834, 'prison': 25.190549850463867, 'ireland': 24.453407287597656, 'ellis': 23.284273147583008, 'germany': 21.9423885345459, 'policy': 19.256053924560547, 'france': 17.680339813232422, '19': 17.575281143188477, 'canada': 17.56451988220215, 'wave': 17.401296615600586, 'exiled': 16.625564575195312, 'case': 15.457919120788574, 'noah': 15.125825881958008, 'farewell': 14.890707969665527, 'marty': 14.082439422607422, 'slavery': 13.999947547912598, 'results': 11.501599311828613, 'escape': 11.17159366607666, 'israel': 10.294816970825195, 'view': 7.689342021942139, 'retirement': 7.003781795501709, '%': 6.803530693054199, 'passport': 6.340615272521973, 'argentina': 5.7837018966674805, 'extinction': 5.387546539306641, 'scotland': 4.230378150939941, 'immigrants': 1.7760058641433716, 'crash': 1.4698081016540527, 'gabriel': 1.1952801942825317, 'death': 0.9109129309654236, 'tourism': 0.7775397896766663, 'alex': 0.6417499780654907, 'statistics': 0.3415348529815674, 'visa': 0.22913172841072083}",HA applied for asylum in May 2015 alleging that he is registered with UNRWA and that upon return to Gaza he is at risk of being killed or subjected to inhuman or degrading treatment.
1,340,583_chunk000,97,469.6294090804068,Emigration  Asylum  And 2019 Report,"{'emigration': 214.53294372558594, 'asylum': 213.81268310546875, '2019': 203.77456665039062, 'report': 184.51950073242188, 'migration': 150.71681213378906, 'immigration': 133.0200958251953, 'emi': 124.34751892089844, 'exit': 114.1431655883789, 'exile': 98.28520202636719, 'alien': 88.2066421508789, 'reports': 87.43453979492188, 'refugees': 82.38231658935547, 'refugee': 79.89944458007812, 'nationality': 75.85978698730469, 'russia': 67.6956558227539, 'departure': 67.4822006225586, 'persecution': 62.33326721191406, 'deportation': 60.52138137817383, 'population': 60.16860580444336, 'refuge': 54.626190185546875, 'settlement': 48.42446517944336, 'australia': 40.83114242553711, 'result': 32.41591262817383, 'country': 31.46607208251953, 'hawkins': 25.87531852722168, 'survey': 25.827333450317383, 'gypsy': 25.2220516204834, 'prison': 25.190549850463867, 'ireland': 24.453407287597656, 'ellis': 23.284273147583008, 'germany': 21.9423885345459, 'policy': 19.256053924560547, 'france': 17.680339813232422, '19': 17.575281143188477, 'canada': 17.56451988220215, 'wave': 17.401296615600586, 'exiled': 16.625564575195312, 'case': 15.457919120788574, 'noah': 15.125825881958008, 'farewell': 14.890707969665527, 'marty': 14.082439422607422, 'slavery': 13.999947547912598, 'results': 11.501599311828613, 'escape': 11.17159366607666, 'israel': 10.294816970825195, 'view': 7.689342021942139, 'retirement': 7.003781795501709, '%': 6.803530693054199, 'passport': 6.340615272521973, 'argentina': 5.7837018966674805, 'extinction': 5.387546539306641, 'scotland': 4.230378150939941, 'immigrants': 1.7760058641433716, 'crash': 1.4698081016540527, 'gabriel': 1.1952801942825317, 'death': 0.9109129309654236, 'tourism': 0.7775397896766663, 'alex': 0.6417499780654907, 'statistics': 0.3415348529815674, 'visa': 0.22913172841072083}",Two related cases involved applicants applying for asylum on the basis of claiming persecution because of their sexual orientation. The applicants submited that the correct standard of proof required should be a reasonable degree of likelihood.
1,430,69_chunk000,98,467.5107149837088,Emigration  Asylum  And 2019 Report,"{'emigration': 214.53294372558594, 'asylum': 213.81268310546875, '2019': 203.77456665039062, 'report': 184.51950073242188, 'migration': 150.71681213378906, 'immigration': 133.0200958251953, 'emi': 124.34751892089844, 'exit': 114.1431655883789, 'exile': 98.28520202636719, 'alien': 88.2066421508789, 'reports': 87.43453979492188, 'refugees': 82.38231658935547, 'refugee': 79.89944458007812, 'nationality': 75.85978698730469, 'russia': 67.6956558227539, 'departure': 67.4822006225586, 'persecution': 62.33326721191406, 'deportation': 60.52138137817383, 'population': 60.16860580444336, 'refuge': 54.626190185546875, 'settlement': 48.42446517944336, 'australia': 40.83114242553711, 'result': 32.41591262817383, 'country': 31.46607208251953, 'hawkins': 25.87531852722168, 'survey': 25.827333450317383, 'gypsy': 25.2220516204834, 'prison': 25.190549850463867, 'ireland': 24.453407287597656, 'ellis': 23.284273147583008, 'germany': 21.9423885345459, 'policy': 19.256053924560547, 'france': 17.680339813232422, '19': 17.575281143188477, 'canada': 17.56451988220215, 'wave': 17.401296615600586, 'exiled': 16.625564575195312, 'case': 15.457919120788574, 'noah': 15.125825881958008, 'farewell': 14.890707969665527, 'marty': 14.082439422607422, 'slavery': 13.999947547912598, 'results': 11.501599311828613, 'escape': 11.17159366607666, 'israel': 10.294816970825195, 'view': 7.689342021942139, 'retirement': 7.003781795501709, '%': 6.803530693054199, 'passport': 6.340615272521973, 'argentina': 5.7837018966674805, 'extinction': 5.387546539306641, 'scotland': 4.230378150939941, 'immigrants': 1.7760058641433716, 'crash': 1.4698081016540527, 'gabriel': 1.1952801942825317, 'death': 0.9109129309654236, 'tourism': 0.7775397896766663, 'alex': 0.6417499780654907, 'statistics': 0.3415348529815674, 'visa': 0.22913172841072083}","If it is not clear whether an asylum applicant has already been granted international protection in another European Union member state (here: Italy), the administrative courts must find out whether this is the case if the admissibility of a new application for protection depends on it."
1,33,4960_chunk001,99,466.0978328950726,Emigration  Asylum  And 2019 Report,"{'emigration': 214.53294372558594, 'asylum': 213.81268310546875, '2019': 203.77456665039062, 'report': 184.51950073242188, 'migration': 150.71681213378906, 'immigration': 133.0200958251953, 'emi': 124.34751892089844, 'exit': 114.1431655883789, 'exile': 98.28520202636719, 'alien': 88.2066421508789, 'reports': 87.43453979492188, 'refugees': 82.38231658935547, 'refugee': 79.89944458007812, 'nationality': 75.85978698730469, 'russia': 67.6956558227539, 'departure': 67.4822006225586, 'persecution': 62.33326721191406, 'deportation': 60.52138137817383, 'population': 60.16860580444336, 'refuge': 54.626190185546875, 'settlement': 48.42446517944336, 'australia': 40.83114242553711, 'result': 32.41591262817383, 'country': 31.46607208251953, 'hawkins': 25.87531852722168, 'survey': 25.827333450317383, 'gypsy': 25.2220516204834, 'prison': 25.190549850463867, 'ireland': 24.453407287597656, 'ellis': 23.284273147583008, 'germany': 21.9423885345459, 'policy': 19.256053924560547, 'france': 17.680339813232422, '19': 17.575281143188477, 'canada': 17.56451988220215, 'wave': 17.401296615600586, 'exiled': 16.625564575195312, 'case': 15.457919120788574, 'noah': 15.125825881958008, 'farewell': 14.890707969665527, 'marty': 14.082439422607422, 'slavery': 13.999947547912598, 'results': 11.501599311828613, 'escape': 11.17159366607666, 'israel': 10.294816970825195, 'view': 7.689342021942139, 'retirement': 7.003781795501709, '%': 6.803530693054199, 'passport': 6.340615272521973, 'argentina': 5.7837018966674805, 'extinction': 5.387546539306641, 'scotland': 4.230378150939941, 'immigrants': 1.7760058641433716, 'crash': 1.4698081016540527, 'gabriel': 1.1952801942825317, 'death': 0.9109129309654236, 'tourism': 0.7775397896766663, 'alex': 0.6417499780654907, 'statistics': 0.3415348529815674, 'visa': 0.22913172841072083}","In a letter provided to the Migration Department of the Ministry of the Interior on 30 October 2023, the State Security Department of Lithuania established that the applicant was a member of a radical Islamist organisation whose ideology was contrary to the country's democratic principles and..."
2,190,996_chunk000,0,806.3883606219373,Emigration And Asylum Reporting 2019,"{'2019': 236.21148681640625, 'asylum': 217.61915588378906, 'emigration': 200.79653930664062, 'report': 181.41819763183594, 'reporting': 146.18228149414062, 'migration': 138.39036560058594, 'immigration': 136.71214294433594, 'emi': 109.94137573242188, 'exit': 101.1815185546875, 'refugee': 100.36161804199219, 'alien': 91.55460357666016, 'refugees': 89.50374603271484, '2020': 74.68132781982422, 'departure': 68.1322021484375, 'exile': 65.0140380859375, '19': 64.40552520751953, 'nationality': 63.84168243408203, 'russia': 61.62674331665039, 'reports': 60.34440994262695, 'deportation': 51.17997360229492, 'persecution': 49.67681121826172, 'population': 43.85198211669922, '2018': 43.36122131347656, 'settlement': 40.62385559082031, 'reported': 40.346805572509766, 'refuge': 38.6169548034668, 'statistics': 38.16427993774414, 'australia': 35.43043899536133, 'canada': 31.48084831237793, 'registration': 30.459243774414062, 'survey': 24.09679412841797, 'tax': 22.461036682128906, 'insurance': 19.24179458618164, 'international': 17.874279022216797, 'passport': 17.780790328979492, 'noah': 15.516620635986328, '%': 14.19682788848877, 'ireland': 12.986454010009766, 'retirement': 12.639766693115234, 'country': 12.316136360168457, 'hawkins': 11.003907203674316, 'and': 10.905592918395996, 'rate': 10.301054954528809, 'germany': 9.585527420043945, 'wave': 9.268274307250977, 'uk': 7.789853096008301, 'ellis': 7.582275390625, 'return': 6.2554121017456055, 'visa': 5.110622406005859, 'marty': 4.2823357582092285, 'bureau': 3.8812761306762695, 'gabriel': 3.0100045204162598, 'france': 1.318862795829773, 'argentina': 0.9593102335929871, 'scotland': 0.7524245381355286}","According to the national contribution to the EMN Annual Report on Migration and Asylum 2019:

For the Council of State, the civil registry records reconstituted by the French Office for the Protection of Refugees and Stateless Persons (OFPRA) have identical value to the official originals, which precludes consular authorities contesting the particulars contained therein, except in cases of fraud."
2,252,993_chunk000,1,784.5398008607426,Emigration And Asylum Reporting 2019,"{'2019': 236.21148681640625, 'asylum': 217.61915588378906, 'emigration': 200.79653930664062, 'report': 181.41819763183594, 'reporting': 146.18228149414062, 'migration': 138.39036560058594, 'immigration': 136.71214294433594, 'emi': 109.94137573242188, 'exit': 101.1815185546875, 'refugee': 100.36161804199219, 'alien': 91.55460357666016, 'refugees': 89.50374603271484, '2020': 74.68132781982422, 'departure': 68.1322021484375, 'exile': 65.0140380859375, '19': 64.40552520751953, 'nationality': 63.84168243408203, 'russia': 61.62674331665039, 'reports': 60.34440994262695, 'deportation': 51.17997360229492, 'persecution': 49.67681121826172, 'population': 43.85198211669922, '2018': 43.36122131347656, 'settlement': 40.62385559082031, 'reported': 40.346805572509766, 'refuge': 38.6169548034668, 'statistics': 38.16427993774414, 'australia': 35.43043899536133, 'canada': 31.48084831237793, 'registration': 30.459243774414062, 'survey': 24.09679412841797, 'tax': 22.461036682128906, 'insurance': 19.24179458618164, 'international': 17.874279022216797, 'passport': 17.780790328979492, 'noah': 15.516620635986328, '%': 14.19682788848877, 'ireland': 12.986454010009766, 'retirement': 12.639766693115234, 'country': 12.316136360168457, 'hawkins': 11.003907203674316, 'and': 10.905592918395996, 'rate': 10.301054954528809, 'germany': 9.585527420043945, 'wave': 9.268274307250977, 'uk': 7.789853096008301, 'ellis': 7.582275390625, 'return': 6.2554121017456055, 'visa': 5.110622406005859, 'marty': 4.2823357582092285, 'bureau': 3.8812761306762695, 'gabriel': 3.0100045204162598, 'france': 1.318862795829773, 'argentina': 0.9593102335929871, 'scotland': 0.7524245381355286}",According to the national contribution to the EMN Report on Migration and Asylum 2019:
2,258,992_chunk000,2,784.5398008607426,Emigration And Asylum Reporting 2019,"{'2019': 236.21148681640625, 'asylum': 217.61915588378906, 'emigration': 200.79653930664062, 'report': 181.41819763183594, 'reporting': 146.18228149414062, 'migration': 138.39036560058594, 'immigration': 136.71214294433594, 'emi': 109.94137573242188, 'exit': 101.1815185546875, 'refugee': 100.36161804199219, 'alien': 91.55460357666016, 'refugees': 89.50374603271484, '2020': 74.68132781982422, 'departure': 68.1322021484375, 'exile': 65.0140380859375, '19': 64.40552520751953, 'nationality': 63.84168243408203, 'russia': 61.62674331665039, 'reports': 60.34440994262695, 'deportation': 51.17997360229492, 'persecution': 49.67681121826172, 'population': 43.85198211669922, '2018': 43.36122131347656, 'settlement': 40.62385559082031, 'reported': 40.346805572509766, 'refuge': 38.6169548034668, 'statistics': 38.16427993774414, 'australia': 35.43043899536133, 'canada': 31.48084831237793, 'registration': 30.459243774414062, 'survey': 24.09679412841797, 'tax': 22.461036682128906, 'insurance': 19.24179458618164, 'international': 17.874279022216797, 'passport': 17.780790328979492, 'noah': 15.516620635986328, '%': 14.19682788848877, 'ireland': 12.986454010009766, 'retirement': 12.639766693115234, 'country': 12.316136360168457, 'hawkins': 11.003907203674316, 'and': 10.905592918395996, 'rate': 10.301054954528809, 'germany': 9.585527420043945, 'wave': 9.268274307250977, 'uk': 7.789853096008301, 'ellis': 7.582275390625, 'return': 6.2554121017456055, 'visa': 5.110622406005859, 'marty': 4.2823357582092285, 'bureau': 3.8812761306762695, 'gabriel': 3.0100045204162598, 'france': 1.318862795829773, 'argentina': 0.9593102335929871, 'scotland': 0.7524245381355286}",According to the national contribution to the EMN Report on Migration and Asylum 2019:
2,262,991_chunk000,3,784.5398008607426,Emigration And Asylum Reporting 2019,"{'2019': 236.21148681640625, 'asylum': 217.61915588378906, 'emigration': 200.79653930664062, 'report': 181.41819763183594, 'reporting': 146.18228149414062, 'migration': 138.39036560058594, 'immigration': 136.71214294433594, 'emi': 109.94137573242188, 'exit': 101.1815185546875, 'refugee': 100.36161804199219, 'alien': 91.55460357666016, 'refugees': 89.50374603271484, '2020': 74.68132781982422, 'departure': 68.1322021484375, 'exile': 65.0140380859375, '19': 64.40552520751953, 'nationality': 63.84168243408203, 'russia': 61.62674331665039, 'reports': 60.34440994262695, 'deportation': 51.17997360229492, 'persecution': 49.67681121826172, 'population': 43.85198211669922, '2018': 43.36122131347656, 'settlement': 40.62385559082031, 'reported': 40.346805572509766, 'refuge': 38.6169548034668, 'statistics': 38.16427993774414, 'australia': 35.43043899536133, 'canada': 31.48084831237793, 'registration': 30.459243774414062, 'survey': 24.09679412841797, 'tax': 22.461036682128906, 'insurance': 19.24179458618164, 'international': 17.874279022216797, 'passport': 17.780790328979492, 'noah': 15.516620635986328, '%': 14.19682788848877, 'ireland': 12.986454010009766, 'retirement': 12.639766693115234, 'country': 12.316136360168457, 'hawkins': 11.003907203674316, 'and': 10.905592918395996, 'rate': 10.301054954528809, 'germany': 9.585527420043945, 'wave': 9.268274307250977, 'uk': 7.789853096008301, 'ellis': 7.582275390625, 'return': 6.2554121017456055, 'visa': 5.110622406005859, 'marty': 4.2823357582092285, 'bureau': 3.8812761306762695, 'gabriel': 3.0100045204162598, 'france': 1.318862795829773, 'argentina': 0.9593102335929871, 'scotland': 0.7524245381355286}",According to the national contribution to the EMN Report on Migration and Asylum 2019:
2,184,979_chunk000,4,783.86103871824,Emigration And Asylum Reporting 2019,"{'2019': 236.21148681640625, 'asylum': 217.61915588378906, 'emigration': 200.79653930664062, 'report': 181.41819763183594, 'reporting': 146.18228149414062, 'migration': 138.39036560058594, 'immigration': 136.71214294433594, 'emi': 109.94137573242188, 'exit': 101.1815185546875, 'refugee': 100.36161804199219, 'alien': 91.55460357666016, 'refugees': 89.50374603271484, '2020': 74.68132781982422, 'departure': 68.1322021484375, 'exile': 65.0140380859375, '19': 64.40552520751953, 'nationality': 63.84168243408203, 'russia': 61.62674331665039, 'reports': 60.34440994262695, 'deportation': 51.17997360229492, 'persecution': 49.67681121826172, 'population': 43.85198211669922, '2018': 43.36122131347656, 'settlement': 40.62385559082031, 'reported': 40.346805572509766, 'refuge': 38.6169548034668, 'statistics': 38.16427993774414, 'australia': 35.43043899536133, 'canada': 31.48084831237793, 'registration': 30.459243774414062, 'survey': 24.09679412841797, 'tax': 22.461036682128906, 'insurance': 19.24179458618164, 'international': 17.874279022216797, 'passport': 17.780790328979492, 'noah': 15.516620635986328, '%': 14.19682788848877, 'ireland': 12.986454010009766, 'retirement': 12.639766693115234, 'country': 12.316136360168457, 'hawkins': 11.003907203674316, 'and': 10.905592918395996, 'rate': 10.301054954528809, 'germany': 9.585527420043945, 'wave': 9.268274307250977, 'uk': 7.789853096008301, 'ellis': 7.582275390625, 'return': 6.2554121017456055, 'visa': 5.110622406005859, 'marty': 4.2823357582092285, 'bureau': 3.8812761306762695, 'gabriel': 3.0100045204162598, 'france': 1.318862795829773, 'argentina': 0.9593102335929871, 'scotland': 0.7524245381355286}",According to the national contribution to the EMN Annual Report on Migration and Asylum 2019:
2,186,997_chunk000,5,783.86103871824,Emigration And Asylum Reporting 2019,"{'2019': 236.21148681640625, 'asylum': 217.61915588378906, 'emigration': 200.79653930664062, 'report': 181.41819763183594, 'reporting': 146.18228149414062, 'migration': 138.39036560058594, 'immigration': 136.71214294433594, 'emi': 109.94137573242188, 'exit': 101.1815185546875, 'refugee': 100.36161804199219, 'alien': 91.55460357666016, 'refugees': 89.50374603271484, '2020': 74.68132781982422, 'departure': 68.1322021484375, 'exile': 65.0140380859375, '19': 64.40552520751953, 'nationality': 63.84168243408203, 'russia': 61.62674331665039, 'reports': 60.34440994262695, 'deportation': 51.17997360229492, 'persecution': 49.67681121826172, 'population': 43.85198211669922, '2018': 43.36122131347656, 'settlement': 40.62385559082031, 'reported': 40.346805572509766, 'refuge': 38.6169548034668, 'statistics': 38.16427993774414, 'australia': 35.43043899536133, 'canada': 31.48084831237793, 'registration': 30.459243774414062, 'survey': 24.09679412841797, 'tax': 22.461036682128906, 'insurance': 19.24179458618164, 'international': 17.874279022216797, 'passport': 17.780790328979492, 'noah': 15.516620635986328, '%': 14.19682788848877, 'ireland': 12.986454010009766, 'retirement': 12.639766693115234, 'country': 12.316136360168457, 'hawkins': 11.003907203674316, 'and': 10.905592918395996, 'rate': 10.301054954528809, 'germany': 9.585527420043945, 'wave': 9.268274307250977, 'uk': 7.789853096008301, 'ellis': 7.582275390625, 'return': 6.2554121017456055, 'visa': 5.110622406005859, 'marty': 4.2823357582092285, 'bureau': 3.8812761306762695, 'gabriel': 3.0100045204162598, 'france': 1.318862795829773, 'argentina': 0.9593102335929871, 'scotland': 0.7524245381355286}",According to the national contribution to the EMN Annual Report on Migration and Asylum 2019:
2,192,972_chunk000,6,783.86103871824,Emigration And Asylum Reporting 2019,"{'2019': 236.21148681640625, 'asylum': 217.61915588378906, 'emigration': 200.79653930664062, 'report': 181.41819763183594, 'reporting': 146.18228149414062, 'migration': 138.39036560058594, 'immigration': 136.71214294433594, 'emi': 109.94137573242188, 'exit': 101.1815185546875, 'refugee': 100.36161804199219, 'alien': 91.55460357666016, 'refugees': 89.50374603271484, '2020': 74.68132781982422, 'departure': 68.1322021484375, 'exile': 65.0140380859375, '19': 64.40552520751953, 'nationality': 63.84168243408203, 'russia': 61.62674331665039, 'reports': 60.34440994262695, 'deportation': 51.17997360229492, 'persecution': 49.67681121826172, 'population': 43.85198211669922, '2018': 43.36122131347656, 'settlement': 40.62385559082031, 'reported': 40.346805572509766, 'refuge': 38.6169548034668, 'statistics': 38.16427993774414, 'australia': 35.43043899536133, 'canada': 31.48084831237793, 'registration': 30.459243774414062, 'survey': 24.09679412841797, 'tax': 22.461036682128906, 'insurance': 19.24179458618164, 'international': 17.874279022216797, 'passport': 17.780790328979492, 'noah': 15.516620635986328, '%': 14.19682788848877, 'ireland': 12.986454010009766, 'retirement': 12.639766693115234, 'country': 12.316136360168457, 'hawkins': 11.003907203674316, 'and': 10.905592918395996, 'rate': 10.301054954528809, 'germany': 9.585527420043945, 'wave': 9.268274307250977, 'uk': 7.789853096008301, 'ellis': 7.582275390625, 'return': 6.2554121017456055, 'visa': 5.110622406005859, 'marty': 4.2823357582092285, 'bureau': 3.8812761306762695, 'gabriel': 3.0100045204162598, 'france': 1.318862795829773, 'argentina': 0.9593102335929871, 'scotland': 0.7524245381355286}",According to the national contribution to the EMN Annual Report on Migration and Asylum 2019:
2,216,983_chunk000,7,783.86103871824,Emigration And Asylum Reporting 2019,"{'2019': 236.21148681640625, 'asylum': 217.61915588378906, 'emigration': 200.79653930664062, 'report': 181.41819763183594, 'reporting': 146.18228149414062, 'migration': 138.39036560058594, 'immigration': 136.71214294433594, 'emi': 109.94137573242188, 'exit': 101.1815185546875, 'refugee': 100.36161804199219, 'alien': 91.55460357666016, 'refugees': 89.50374603271484, '2020': 74.68132781982422, 'departure': 68.1322021484375, 'exile': 65.0140380859375, '19': 64.40552520751953, 'nationality': 63.84168243408203, 'russia': 61.62674331665039, 'reports': 60.34440994262695, 'deportation': 51.17997360229492, 'persecution': 49.67681121826172, 'population': 43.85198211669922, '2018': 43.36122131347656, 'settlement': 40.62385559082031, 'reported': 40.346805572509766, 'refuge': 38.6169548034668, 'statistics': 38.16427993774414, 'australia': 35.43043899536133, 'canada': 31.48084831237793, 'registration': 30.459243774414062, 'survey': 24.09679412841797, 'tax': 22.461036682128906, 'insurance': 19.24179458618164, 'international': 17.874279022216797, 'passport': 17.780790328979492, 'noah': 15.516620635986328, '%': 14.19682788848877, 'ireland': 12.986454010009766, 'retirement': 12.639766693115234, 'country': 12.316136360168457, 'hawkins': 11.003907203674316, 'and': 10.905592918395996, 'rate': 10.301054954528809, 'germany': 9.585527420043945, 'wave': 9.268274307250977, 'uk': 7.789853096008301, 'ellis': 7.582275390625, 'return': 6.2554121017456055, 'visa': 5.110622406005859, 'marty': 4.2823357582092285, 'bureau': 3.8812761306762695, 'gabriel': 3.0100045204162598, 'france': 1.318862795829773, 'argentina': 0.9593102335929871, 'scotland': 0.7524245381355286}",According to the national contribution to the EMN Annual Report on Migration and Asylum 2019:
2,218,998_chunk000,8,783.86103871824,Emigration And Asylum Reporting 2019,"{'2019': 236.21148681640625, 'asylum': 217.61915588378906, 'emigration': 200.79653930664062, 'report': 181.41819763183594, 'reporting': 146.18228149414062, 'migration': 138.39036560058594, 'immigration': 136.71214294433594, 'emi': 109.94137573242188, 'exit': 101.1815185546875, 'refugee': 100.36161804199219, 'alien': 91.55460357666016, 'refugees': 89.50374603271484, '2020': 74.68132781982422, 'departure': 68.1322021484375, 'exile': 65.0140380859375, '19': 64.40552520751953, 'nationality': 63.84168243408203, 'russia': 61.62674331665039, 'reports': 60.34440994262695, 'deportation': 51.17997360229492, 'persecution': 49.67681121826172, 'population': 43.85198211669922, '2018': 43.36122131347656, 'settlement': 40.62385559082031, 'reported': 40.346805572509766, 'refuge': 38.6169548034668, 'statistics': 38.16427993774414, 'australia': 35.43043899536133, 'canada': 31.48084831237793, 'registration': 30.459243774414062, 'survey': 24.09679412841797, 'tax': 22.461036682128906, 'insurance': 19.24179458618164, 'international': 17.874279022216797, 'passport': 17.780790328979492, 'noah': 15.516620635986328, '%': 14.19682788848877, 'ireland': 12.986454010009766, 'retirement': 12.639766693115234, 'country': 12.316136360168457, 'hawkins': 11.003907203674316, 'and': 10.905592918395996, 'rate': 10.301054954528809, 'germany': 9.585527420043945, 'wave': 9.268274307250977, 'uk': 7.789853096008301, 'ellis': 7.582275390625, 'return': 6.2554121017456055, 'visa': 5.110622406005859, 'marty': 4.2823357582092285, 'bureau': 3.8812761306762695, 'gabriel': 3.0100045204162598, 'france': 1.318862795829773, 'argentina': 0.9593102335929871, 'scotland': 0.7524245381355286}",According to the national contribution to the EMN Annual Report on Migration and Asylum 2019:
2,238,995_chunk000,9,783.86103871824,Emigration And Asylum Reporting 2019,"{'2019': 236.21148681640625, 'asylum': 217.61915588378906, 'emigration': 200.79653930664062, 'report': 181.41819763183594, 'reporting': 146.18228149414062, 'migration': 138.39036560058594, 'immigration': 136.71214294433594, 'emi': 109.94137573242188, 'exit': 101.1815185546875, 'refugee': 100.36161804199219, 'alien': 91.55460357666016, 'refugees': 89.50374603271484, '2020': 74.68132781982422, 'departure': 68.1322021484375, 'exile': 65.0140380859375, '19': 64.40552520751953, 'nationality': 63.84168243408203, 'russia': 61.62674331665039, 'reports': 60.34440994262695, 'deportation': 51.17997360229492, 'persecution': 49.67681121826172, 'population': 43.85198211669922, '2018': 43.36122131347656, 'settlement': 40.62385559082031, 'reported': 40.346805572509766, 'refuge': 38.6169548034668, 'statistics': 38.16427993774414, 'australia': 35.43043899536133, 'canada': 31.48084831237793, 'registration': 30.459243774414062, 'survey': 24.09679412841797, 'tax': 22.461036682128906, 'insurance': 19.24179458618164, 'international': 17.874279022216797, 'passport': 17.780790328979492, 'noah': 15.516620635986328, '%': 14.19682788848877, 'ireland': 12.986454010009766, 'retirement': 12.639766693115234, 'country': 12.316136360168457, 'hawkins': 11.003907203674316, 'and': 10.905592918395996, 'rate': 10.301054954528809, 'germany': 9.585527420043945, 'wave': 9.268274307250977, 'uk': 7.789853096008301, 'ellis': 7.582275390625, 'return': 6.2554121017456055, 'visa': 5.110622406005859, 'marty': 4.2823357582092285, 'bureau': 3.8812761306762695, 'gabriel': 3.0100045204162598, 'france': 1.318862795829773, 'argentina': 0.9593102335929871, 'scotland': 0.7524245381355286}",According to the national contribution to the EMN Annual Report on Migration and Asylum 2019:
2,242,994_chunk000,10,783.86103871824,Emigration And Asylum Reporting 2019,"{'2019': 236.21148681640625, 'asylum': 217.61915588378906, 'emigration': 200.79653930664062, 'report': 181.41819763183594, 'reporting': 146.18228149414062, 'migration': 138.39036560058594, 'immigration': 136.71214294433594, 'emi': 109.94137573242188, 'exit': 101.1815185546875, 'refugee': 100.36161804199219, 'alien': 91.55460357666016, 'refugees': 89.50374603271484, '2020': 74.68132781982422, 'departure': 68.1322021484375, 'exile': 65.0140380859375, '19': 64.40552520751953, 'nationality': 63.84168243408203, 'russia': 61.62674331665039, 'reports': 60.34440994262695, 'deportation': 51.17997360229492, 'persecution': 49.67681121826172, 'population': 43.85198211669922, '2018': 43.36122131347656, 'settlement': 40.62385559082031, 'reported': 40.346805572509766, 'refuge': 38.6169548034668, 'statistics': 38.16427993774414, 'australia': 35.43043899536133, 'canada': 31.48084831237793, 'registration': 30.459243774414062, 'survey': 24.09679412841797, 'tax': 22.461036682128906, 'insurance': 19.24179458618164, 'international': 17.874279022216797, 'passport': 17.780790328979492, 'noah': 15.516620635986328, '%': 14.19682788848877, 'ireland': 12.986454010009766, 'retirement': 12.639766693115234, 'country': 12.316136360168457, 'hawkins': 11.003907203674316, 'and': 10.905592918395996, 'rate': 10.301054954528809, 'germany': 9.585527420043945, 'wave': 9.268274307250977, 'uk': 7.789853096008301, 'ellis': 7.582275390625, 'return': 6.2554121017456055, 'visa': 5.110622406005859, 'marty': 4.2823357582092285, 'bureau': 3.8812761306762695, 'gabriel': 3.0100045204162598, 'france': 1.318862795829773, 'argentina': 0.9593102335929871, 'scotland': 0.7524245381355286}",According to the national contribution to the EMN Annual Report on Migration and Asylum 2019:
2,268,988_chunk000,11,783.86103871824,Emigration And Asylum Reporting 2019,"{'2019': 236.21148681640625, 'asylum': 217.61915588378906, 'emigration': 200.79653930664062, 'report': 181.41819763183594, 'reporting': 146.18228149414062, 'migration': 138.39036560058594, 'immigration': 136.71214294433594, 'emi': 109.94137573242188, 'exit': 101.1815185546875, 'refugee': 100.36161804199219, 'alien': 91.55460357666016, 'refugees': 89.50374603271484, '2020': 74.68132781982422, 'departure': 68.1322021484375, 'exile': 65.0140380859375, '19': 64.40552520751953, 'nationality': 63.84168243408203, 'russia': 61.62674331665039, 'reports': 60.34440994262695, 'deportation': 51.17997360229492, 'persecution': 49.67681121826172, 'population': 43.85198211669922, '2018': 43.36122131347656, 'settlement': 40.62385559082031, 'reported': 40.346805572509766, 'refuge': 38.6169548034668, 'statistics': 38.16427993774414, 'australia': 35.43043899536133, 'canada': 31.48084831237793, 'registration': 30.459243774414062, 'survey': 24.09679412841797, 'tax': 22.461036682128906, 'insurance': 19.24179458618164, 'international': 17.874279022216797, 'passport': 17.780790328979492, 'noah': 15.516620635986328, '%': 14.19682788848877, 'ireland': 12.986454010009766, 'retirement': 12.639766693115234, 'country': 12.316136360168457, 'hawkins': 11.003907203674316, 'and': 10.905592918395996, 'rate': 10.301054954528809, 'germany': 9.585527420043945, 'wave': 9.268274307250977, 'uk': 7.789853096008301, 'ellis': 7.582275390625, 'return': 6.2554121017456055, 'visa': 5.110622406005859, 'marty': 4.2823357582092285, 'bureau': 3.8812761306762695, 'gabriel': 3.0100045204162598, 'france': 1.318862795829773, 'argentina': 0.9593102335929871, 'scotland': 0.7524245381355286}",According to the national contribution to the EMN Annual Report on Migration and Asylum 2019:
2,270,989_chunk000,12,783.86103871824,Emigration And Asylum Reporting 2019,"{'2019': 236.21148681640625, 'asylum': 217.61915588378906, 'emigration': 200.79653930664062, 'report': 181.41819763183594, 'reporting': 146.18228149414062, 'migration': 138.39036560058594, 'immigration': 136.71214294433594, 'emi': 109.94137573242188, 'exit': 101.1815185546875, 'refugee': 100.36161804199219, 'alien': 91.55460357666016, 'refugees': 89.50374603271484, '2020': 74.68132781982422, 'departure': 68.1322021484375, 'exile': 65.0140380859375, '19': 64.40552520751953, 'nationality': 63.84168243408203, 'russia': 61.62674331665039, 'reports': 60.34440994262695, 'deportation': 51.17997360229492, 'persecution': 49.67681121826172, 'population': 43.85198211669922, '2018': 43.36122131347656, 'settlement': 40.62385559082031, 'reported': 40.346805572509766, 'refuge': 38.6169548034668, 'statistics': 38.16427993774414, 'australia': 35.43043899536133, 'canada': 31.48084831237793, 'registration': 30.459243774414062, 'survey': 24.09679412841797, 'tax': 22.461036682128906, 'insurance': 19.24179458618164, 'international': 17.874279022216797, 'passport': 17.780790328979492, 'noah': 15.516620635986328, '%': 14.19682788848877, 'ireland': 12.986454010009766, 'retirement': 12.639766693115234, 'country': 12.316136360168457, 'hawkins': 11.003907203674316, 'and': 10.905592918395996, 'rate': 10.301054954528809, 'germany': 9.585527420043945, 'wave': 9.268274307250977, 'uk': 7.789853096008301, 'ellis': 7.582275390625, 'return': 6.2554121017456055, 'visa': 5.110622406005859, 'marty': 4.2823357582092285, 'bureau': 3.8812761306762695, 'gabriel': 3.0100045204162598, 'france': 1.318862795829773, 'argentina': 0.9593102335929871, 'scotland': 0.7524245381355286}",According to the national contribution to the EMN Annual Report on Migration and Asylum 2019:
2,272,990_chunk000,13,783.86103871824,Emigration And Asylum Reporting 2019,"{'2019': 236.21148681640625, 'asylum': 217.61915588378906, 'emigration': 200.79653930664062, 'report': 181.41819763183594, 'reporting': 146.18228149414062, 'migration': 138.39036560058594, 'immigration': 136.71214294433594, 'emi': 109.94137573242188, 'exit': 101.1815185546875, 'refugee': 100.36161804199219, 'alien': 91.55460357666016, 'refugees': 89.50374603271484, '2020': 74.68132781982422, 'departure': 68.1322021484375, 'exile': 65.0140380859375, '19': 64.40552520751953, 'nationality': 63.84168243408203, 'russia': 61.62674331665039, 'reports': 60.34440994262695, 'deportation': 51.17997360229492, 'persecution': 49.67681121826172, 'population': 43.85198211669922, '2018': 43.36122131347656, 'settlement': 40.62385559082031, 'reported': 40.346805572509766, 'refuge': 38.6169548034668, 'statistics': 38.16427993774414, 'australia': 35.43043899536133, 'canada': 31.48084831237793, 'registration': 30.459243774414062, 'survey': 24.09679412841797, 'tax': 22.461036682128906, 'insurance': 19.24179458618164, 'international': 17.874279022216797, 'passport': 17.780790328979492, 'noah': 15.516620635986328, '%': 14.19682788848877, 'ireland': 12.986454010009766, 'retirement': 12.639766693115234, 'country': 12.316136360168457, 'hawkins': 11.003907203674316, 'and': 10.905592918395996, 'rate': 10.301054954528809, 'germany': 9.585527420043945, 'wave': 9.268274307250977, 'uk': 7.789853096008301, 'ellis': 7.582275390625, 'return': 6.2554121017456055, 'visa': 5.110622406005859, 'marty': 4.2823357582092285, 'bureau': 3.8812761306762695, 'gabriel': 3.0100045204162598, 'france': 1.318862795829773, 'argentina': 0.9593102335929871, 'scotland': 0.7524245381355286}",According to the national contribution to the EMN Annual Report on Migration and Asylum 2019:
2,280,986_chunk000,14,783.86103871824,Emigration And Asylum Reporting 2019,"{'2019': 236.21148681640625, 'asylum': 217.61915588378906, 'emigration': 200.79653930664062, 'report': 181.41819763183594, 'reporting': 146.18228149414062, 'migration': 138.39036560058594, 'immigration': 136.71214294433594, 'emi': 109.94137573242188, 'exit': 101.1815185546875, 'refugee': 100.36161804199219, 'alien': 91.55460357666016, 'refugees': 89.50374603271484, '2020': 74.68132781982422, 'departure': 68.1322021484375, 'exile': 65.0140380859375, '19': 64.40552520751953, 'nationality': 63.84168243408203, 'russia': 61.62674331665039, 'reports': 60.34440994262695, 'deportation': 51.17997360229492, 'persecution': 49.67681121826172, 'population': 43.85198211669922, '2018': 43.36122131347656, 'settlement': 40.62385559082031, 'reported': 40.346805572509766, 'refuge': 38.6169548034668, 'statistics': 38.16427993774414, 'australia': 35.43043899536133, 'canada': 31.48084831237793, 'registration': 30.459243774414062, 'survey': 24.09679412841797, 'tax': 22.461036682128906, 'insurance': 19.24179458618164, 'international': 17.874279022216797, 'passport': 17.780790328979492, 'noah': 15.516620635986328, '%': 14.19682788848877, 'ireland': 12.986454010009766, 'retirement': 12.639766693115234, 'country': 12.316136360168457, 'hawkins': 11.003907203674316, 'and': 10.905592918395996, 'rate': 10.301054954528809, 'germany': 9.585527420043945, 'wave': 9.268274307250977, 'uk': 7.789853096008301, 'ellis': 7.582275390625, 'return': 6.2554121017456055, 'visa': 5.110622406005859, 'marty': 4.2823357582092285, 'bureau': 3.8812761306762695, 'gabriel': 3.0100045204162598, 'france': 1.318862795829773, 'argentina': 0.9593102335929871, 'scotland': 0.7524245381355286}",According to the national contribution to the EMN Annual Report on Migration and Asylum 2019:
2,282,987_chunk000,15,783.86103871824,Emigration And Asylum Reporting 2019,"{'2019': 236.21148681640625, 'asylum': 217.61915588378906, 'emigration': 200.79653930664062, 'report': 181.41819763183594, 'reporting': 146.18228149414062, 'migration': 138.39036560058594, 'immigration': 136.71214294433594, 'emi': 109.94137573242188, 'exit': 101.1815185546875, 'refugee': 100.36161804199219, 'alien': 91.55460357666016, 'refugees': 89.50374603271484, '2020': 74.68132781982422, 'departure': 68.1322021484375, 'exile': 65.0140380859375, '19': 64.40552520751953, 'nationality': 63.84168243408203, 'russia': 61.62674331665039, 'reports': 60.34440994262695, 'deportation': 51.17997360229492, 'persecution': 49.67681121826172, 'population': 43.85198211669922, '2018': 43.36122131347656, 'settlement': 40.62385559082031, 'reported': 40.346805572509766, 'refuge': 38.6169548034668, 'statistics': 38.16427993774414, 'australia': 35.43043899536133, 'canada': 31.48084831237793, 'registration': 30.459243774414062, 'survey': 24.09679412841797, 'tax': 22.461036682128906, 'insurance': 19.24179458618164, 'international': 17.874279022216797, 'passport': 17.780790328979492, 'noah': 15.516620635986328, '%': 14.19682788848877, 'ireland': 12.986454010009766, 'retirement': 12.639766693115234, 'country': 12.316136360168457, 'hawkins': 11.003907203674316, 'and': 10.905592918395996, 'rate': 10.301054954528809, 'germany': 9.585527420043945, 'wave': 9.268274307250977, 'uk': 7.789853096008301, 'ellis': 7.582275390625, 'return': 6.2554121017456055, 'visa': 5.110622406005859, 'marty': 4.2823357582092285, 'bureau': 3.8812761306762695, 'gabriel': 3.0100045204162598, 'france': 1.318862795829773, 'argentina': 0.9593102335929871, 'scotland': 0.7524245381355286}",According to the national contribution to the EMN Annual Report on Migration and Asylum 2019:
2,284,985_chunk000,16,783.86103871824,Emigration And Asylum Reporting 2019,"{'2019': 236.21148681640625, 'asylum': 217.61915588378906, 'emigration': 200.79653930664062, 'report': 181.41819763183594, 'reporting': 146.18228149414062, 'migration': 138.39036560058594, 'immigration': 136.71214294433594, 'emi': 109.94137573242188, 'exit': 101.1815185546875, 'refugee': 100.36161804199219, 'alien': 91.55460357666016, 'refugees': 89.50374603271484, '2020': 74.68132781982422, 'departure': 68.1322021484375, 'exile': 65.0140380859375, '19': 64.40552520751953, 'nationality': 63.84168243408203, 'russia': 61.62674331665039, 'reports': 60.34440994262695, 'deportation': 51.17997360229492, 'persecution': 49.67681121826172, 'population': 43.85198211669922, '2018': 43.36122131347656, 'settlement': 40.62385559082031, 'reported': 40.346805572509766, 'refuge': 38.6169548034668, 'statistics': 38.16427993774414, 'australia': 35.43043899536133, 'canada': 31.48084831237793, 'registration': 30.459243774414062, 'survey': 24.09679412841797, 'tax': 22.461036682128906, 'insurance': 19.24179458618164, 'international': 17.874279022216797, 'passport': 17.780790328979492, 'noah': 15.516620635986328, '%': 14.19682788848877, 'ireland': 12.986454010009766, 'retirement': 12.639766693115234, 'country': 12.316136360168457, 'hawkins': 11.003907203674316, 'and': 10.905592918395996, 'rate': 10.301054954528809, 'germany': 9.585527420043945, 'wave': 9.268274307250977, 'uk': 7.789853096008301, 'ellis': 7.582275390625, 'return': 6.2554121017456055, 'visa': 5.110622406005859, 'marty': 4.2823357582092285, 'bureau': 3.8812761306762695, 'gabriel': 3.0100045204162598, 'france': 1.318862795829773, 'argentina': 0.9593102335929871, 'scotland': 0.7524245381355286}",According to the national contribution to the EMN Annual Report on Migration and Asylum 2019:
2,289,984_chunk000,17,783.86103871824,Emigration And Asylum Reporting 2019,"{'2019': 236.21148681640625, 'asylum': 217.61915588378906, 'emigration': 200.79653930664062, 'report': 181.41819763183594, 'reporting': 146.18228149414062, 'migration': 138.39036560058594, 'immigration': 136.71214294433594, 'emi': 109.94137573242188, 'exit': 101.1815185546875, 'refugee': 100.36161804199219, 'alien': 91.55460357666016, 'refugees': 89.50374603271484, '2020': 74.68132781982422, 'departure': 68.1322021484375, 'exile': 65.0140380859375, '19': 64.40552520751953, 'nationality': 63.84168243408203, 'russia': 61.62674331665039, 'reports': 60.34440994262695, 'deportation': 51.17997360229492, 'persecution': 49.67681121826172, 'population': 43.85198211669922, '2018': 43.36122131347656, 'settlement': 40.62385559082031, 'reported': 40.346805572509766, 'refuge': 38.6169548034668, 'statistics': 38.16427993774414, 'australia': 35.43043899536133, 'canada': 31.48084831237793, 'registration': 30.459243774414062, 'survey': 24.09679412841797, 'tax': 22.461036682128906, 'insurance': 19.24179458618164, 'international': 17.874279022216797, 'passport': 17.780790328979492, 'noah': 15.516620635986328, '%': 14.19682788848877, 'ireland': 12.986454010009766, 'retirement': 12.639766693115234, 'country': 12.316136360168457, 'hawkins': 11.003907203674316, 'and': 10.905592918395996, 'rate': 10.301054954528809, 'germany': 9.585527420043945, 'wave': 9.268274307250977, 'uk': 7.789853096008301, 'ellis': 7.582275390625, 'return': 6.2554121017456055, 'visa': 5.110622406005859, 'marty': 4.2823357582092285, 'bureau': 3.8812761306762695, 'gabriel': 3.0100045204162598, 'france': 1.318862795829773, 'argentina': 0.9593102335929871, 'scotland': 0.7524245381355286}",According to the national contribution to the EMN Annual Report on Migration and Asylum 2019:
2,160,980_chunk000,18,782.1148072743812,Emigration And Asylum Reporting 2019,"{'2019': 236.21148681640625, 'asylum': 217.61915588378906, 'emigration': 200.79653930664062, 'report': 181.41819763183594, 'reporting': 146.18228149414062, 'migration': 138.39036560058594, 'immigration': 136.71214294433594, 'emi': 109.94137573242188, 'exit': 101.1815185546875, 'refugee': 100.36161804199219, 'alien': 91.55460357666016, 'refugees': 89.50374603271484, '2020': 74.68132781982422, 'departure': 68.1322021484375, 'exile': 65.0140380859375, '19': 64.40552520751953, 'nationality': 63.84168243408203, 'russia': 61.62674331665039, 'reports': 60.34440994262695, 'deportation': 51.17997360229492, 'persecution': 49.67681121826172, 'population': 43.85198211669922, '2018': 43.36122131347656, 'settlement': 40.62385559082031, 'reported': 40.346805572509766, 'refuge': 38.6169548034668, 'statistics': 38.16427993774414, 'australia': 35.43043899536133, 'canada': 31.48084831237793, 'registration': 30.459243774414062, 'survey': 24.09679412841797, 'tax': 22.461036682128906, 'insurance': 19.24179458618164, 'international': 17.874279022216797, 'passport': 17.780790328979492, 'noah': 15.516620635986328, '%': 14.19682788848877, 'ireland': 12.986454010009766, 'retirement': 12.639766693115234, 'country': 12.316136360168457, 'hawkins': 11.003907203674316, 'and': 10.905592918395996, 'rate': 10.301054954528809, 'germany': 9.585527420043945, 'wave': 9.268274307250977, 'uk': 7.789853096008301, 'ellis': 7.582275390625, 'return': 6.2554121017456055, 'visa': 5.110622406005859, 'marty': 4.2823357582092285, 'bureau': 3.8812761306762695, 'gabriel': 3.0100045204162598, 'france': 1.318862795829773, 'argentina': 0.9593102335929871, 'scotland': 0.7524245381355286}","According to the national contribution to the EMN Annual Report on Migration and Asylum 2019:

In these judgments (no. 230.067 and no. 230.068) the Council states that the principle of ""family unity"" does not give rise to a right to..."
2,182,976_chunk000,19,763.3434340007348,Emigration And Asylum Reporting 2019,"{'2019': 236.21148681640625, 'asylum': 217.61915588378906, 'emigration': 200.79653930664062, 'report': 181.41819763183594, 'reporting': 146.18228149414062, 'migration': 138.39036560058594, 'immigration': 136.71214294433594, 'emi': 109.94137573242188, 'exit': 101.1815185546875, 'refugee': 100.36161804199219, 'alien': 91.55460357666016, 'refugees': 89.50374603271484, '2020': 74.68132781982422, 'departure': 68.1322021484375, 'exile': 65.0140380859375, '19': 64.40552520751953, 'nationality': 63.84168243408203, 'russia': 61.62674331665039, 'reports': 60.34440994262695, 'deportation': 51.17997360229492, 'persecution': 49.67681121826172, 'population': 43.85198211669922, '2018': 43.36122131347656, 'settlement': 40.62385559082031, 'reported': 40.346805572509766, 'refuge': 38.6169548034668, 'statistics': 38.16427993774414, 'australia': 35.43043899536133, 'canada': 31.48084831237793, 'registration': 30.459243774414062, 'survey': 24.09679412841797, 'tax': 22.461036682128906, 'insurance': 19.24179458618164, 'international': 17.874279022216797, 'passport': 17.780790328979492, 'noah': 15.516620635986328, '%': 14.19682788848877, 'ireland': 12.986454010009766, 'retirement': 12.639766693115234, 'country': 12.316136360168457, 'hawkins': 11.003907203674316, 'and': 10.905592918395996, 'rate': 10.301054954528809, 'germany': 9.585527420043945, 'wave': 9.268274307250977, 'uk': 7.789853096008301, 'ellis': 7.582275390625, 'return': 6.2554121017456055, 'visa': 5.110622406005859, 'marty': 4.2823357582092285, 'bureau': 3.8812761306762695, 'gabriel': 3.0100045204162598, 'france': 1.318862795829773, 'argentina': 0.9593102335929871, 'scotland': 0.7524245381355286}",According to the national contribution to the EMN Annual Report on Migration and Asylum 2019 (information provided by the MO MoI of SR):
2,207,978_chunk000,20,763.3434340007348,Emigration And Asylum Reporting 2019,"{'2019': 236.21148681640625, 'asylum': 217.61915588378906, 'emigration': 200.79653930664062, 'report': 181.41819763183594, 'reporting': 146.18228149414062, 'migration': 138.39036560058594, 'immigration': 136.71214294433594, 'emi': 109.94137573242188, 'exit': 101.1815185546875, 'refugee': 100.36161804199219, 'alien': 91.55460357666016, 'refugees': 89.50374603271484, '2020': 74.68132781982422, 'departure': 68.1322021484375, 'exile': 65.0140380859375, '19': 64.40552520751953, 'nationality': 63.84168243408203, 'russia': 61.62674331665039, 'reports': 60.34440994262695, 'deportation': 51.17997360229492, 'persecution': 49.67681121826172, 'population': 43.85198211669922, '2018': 43.36122131347656, 'settlement': 40.62385559082031, 'reported': 40.346805572509766, 'refuge': 38.6169548034668, 'statistics': 38.16427993774414, 'australia': 35.43043899536133, 'canada': 31.48084831237793, 'registration': 30.459243774414062, 'survey': 24.09679412841797, 'tax': 22.461036682128906, 'insurance': 19.24179458618164, 'international': 17.874279022216797, 'passport': 17.780790328979492, 'noah': 15.516620635986328, '%': 14.19682788848877, 'ireland': 12.986454010009766, 'retirement': 12.639766693115234, 'country': 12.316136360168457, 'hawkins': 11.003907203674316, 'and': 10.905592918395996, 'rate': 10.301054954528809, 'germany': 9.585527420043945, 'wave': 9.268274307250977, 'uk': 7.789853096008301, 'ellis': 7.582275390625, 'return': 6.2554121017456055, 'visa': 5.110622406005859, 'marty': 4.2823357582092285, 'bureau': 3.8812761306762695, 'gabriel': 3.0100045204162598, 'france': 1.318862795829773, 'argentina': 0.9593102335929871, 'scotland': 0.7524245381355286}",According to the national contribution to the EMN Annual Report on Migration and Asylum 2019 (information provided by the MO MoI of SR):
2,169,970_chunk000,21,761.6305739187018,Emigration And Asylum Reporting 2019,"{'2019': 236.21148681640625, 'asylum': 217.61915588378906, 'emigration': 200.79653930664062, 'report': 181.41819763183594, 'reporting': 146.18228149414062, 'migration': 138.39036560058594, 'immigration': 136.71214294433594, 'emi': 109.94137573242188, 'exit': 101.1815185546875, 'refugee': 100.36161804199219, 'alien': 91.55460357666016, 'refugees': 89.50374603271484, '2020': 74.68132781982422, 'departure': 68.1322021484375, 'exile': 65.0140380859375, '19': 64.40552520751953, 'nationality': 63.84168243408203, 'russia': 61.62674331665039, 'reports': 60.34440994262695, 'deportation': 51.17997360229492, 'persecution': 49.67681121826172, 'population': 43.85198211669922, '2018': 43.36122131347656, 'settlement': 40.62385559082031, 'reported': 40.346805572509766, 'refuge': 38.6169548034668, 'statistics': 38.16427993774414, 'australia': 35.43043899536133, 'canada': 31.48084831237793, 'registration': 30.459243774414062, 'survey': 24.09679412841797, 'tax': 22.461036682128906, 'insurance': 19.24179458618164, 'international': 17.874279022216797, 'passport': 17.780790328979492, 'noah': 15.516620635986328, '%': 14.19682788848877, 'ireland': 12.986454010009766, 'retirement': 12.639766693115234, 'country': 12.316136360168457, 'hawkins': 11.003907203674316, 'and': 10.905592918395996, 'rate': 10.301054954528809, 'germany': 9.585527420043945, 'wave': 9.268274307250977, 'uk': 7.789853096008301, 'ellis': 7.582275390625, 'return': 6.2554121017456055, 'visa': 5.110622406005859, 'marty': 4.2823357582092285, 'bureau': 3.8812761306762695, 'gabriel': 3.0100045204162598, 'france': 1.318862795829773, 'argentina': 0.9593102335929871, 'scotland': 0.7524245381355286}",According to the national contribution to the EMN Annual Report on Migration and Asylum 2019 (information provided by the MO MoI SR):
2,180,974_chunk000,22,761.6305739187018,Emigration And Asylum Reporting 2019,"{'2019': 236.21148681640625, 'asylum': 217.61915588378906, 'emigration': 200.79653930664062, 'report': 181.41819763183594, 'reporting': 146.18228149414062, 'migration': 138.39036560058594, 'immigration': 136.71214294433594, 'emi': 109.94137573242188, 'exit': 101.1815185546875, 'refugee': 100.36161804199219, 'alien': 91.55460357666016, 'refugees': 89.50374603271484, '2020': 74.68132781982422, 'departure': 68.1322021484375, 'exile': 65.0140380859375, '19': 64.40552520751953, 'nationality': 63.84168243408203, 'russia': 61.62674331665039, 'reports': 60.34440994262695, 'deportation': 51.17997360229492, 'persecution': 49.67681121826172, 'population': 43.85198211669922, '2018': 43.36122131347656, 'settlement': 40.62385559082031, 'reported': 40.346805572509766, 'refuge': 38.6169548034668, 'statistics': 38.16427993774414, 'australia': 35.43043899536133, 'canada': 31.48084831237793, 'registration': 30.459243774414062, 'survey': 24.09679412841797, 'tax': 22.461036682128906, 'insurance': 19.24179458618164, 'international': 17.874279022216797, 'passport': 17.780790328979492, 'noah': 15.516620635986328, '%': 14.19682788848877, 'ireland': 12.986454010009766, 'retirement': 12.639766693115234, 'country': 12.316136360168457, 'hawkins': 11.003907203674316, 'and': 10.905592918395996, 'rate': 10.301054954528809, 'germany': 9.585527420043945, 'wave': 9.268274307250977, 'uk': 7.789853096008301, 'ellis': 7.582275390625, 'return': 6.2554121017456055, 'visa': 5.110622406005859, 'marty': 4.2823357582092285, 'bureau': 3.8812761306762695, 'gabriel': 3.0100045204162598, 'france': 1.318862795829773, 'argentina': 0.9593102335929871, 'scotland': 0.7524245381355286}",According to the national contribution to the EMN Annual Report on Migration and Asylum 2019 (information provided by the MO MoI SR):
2,197,961_chunk000,23,757.1907325997232,Emigration And Asylum Reporting 2019,"{'2019': 236.21148681640625, 'asylum': 217.61915588378906, 'emigration': 200.79653930664062, 'report': 181.41819763183594, 'reporting': 146.18228149414062, 'migration': 138.39036560058594, 'immigration': 136.71214294433594, 'emi': 109.94137573242188, 'exit': 101.1815185546875, 'refugee': 100.36161804199219, 'alien': 91.55460357666016, 'refugees': 89.50374603271484, '2020': 74.68132781982422, 'departure': 68.1322021484375, 'exile': 65.0140380859375, '19': 64.40552520751953, 'nationality': 63.84168243408203, 'russia': 61.62674331665039, 'reports': 60.34440994262695, 'deportation': 51.17997360229492, 'persecution': 49.67681121826172, 'population': 43.85198211669922, '2018': 43.36122131347656, 'settlement': 40.62385559082031, 'reported': 40.346805572509766, 'refuge': 38.6169548034668, 'statistics': 38.16427993774414, 'australia': 35.43043899536133, 'canada': 31.48084831237793, 'registration': 30.459243774414062, 'survey': 24.09679412841797, 'tax': 22.461036682128906, 'insurance': 19.24179458618164, 'international': 17.874279022216797, 'passport': 17.780790328979492, 'noah': 15.516620635986328, '%': 14.19682788848877, 'ireland': 12.986454010009766, 'retirement': 12.639766693115234, 'country': 12.316136360168457, 'hawkins': 11.003907203674316, 'and': 10.905592918395996, 'rate': 10.301054954528809, 'germany': 9.585527420043945, 'wave': 9.268274307250977, 'uk': 7.789853096008301, 'ellis': 7.582275390625, 'return': 6.2554121017456055, 'visa': 5.110622406005859, 'marty': 4.2823357582092285, 'bureau': 3.8812761306762695, 'gabriel': 3.0100045204162598, 'france': 1.318862795829773, 'argentina': 0.9593102335929871, 'scotland': 0.7524245381355286}",According to the national contribution to the EMN Annual Report on Migration and Asylum 2019 (information provided by MO MoI SR):
2,211,967_chunk000,24,757.1907325997232,Emigration And Asylum Reporting 2019,"{'2019': 236.21148681640625, 'asylum': 217.61915588378906, 'emigration': 200.79653930664062, 'report': 181.41819763183594, 'reporting': 146.18228149414062, 'migration': 138.39036560058594, 'immigration': 136.71214294433594, 'emi': 109.94137573242188, 'exit': 101.1815185546875, 'refugee': 100.36161804199219, 'alien': 91.55460357666016, 'refugees': 89.50374603271484, '2020': 74.68132781982422, 'departure': 68.1322021484375, 'exile': 65.0140380859375, '19': 64.40552520751953, 'nationality': 63.84168243408203, 'russia': 61.62674331665039, 'reports': 60.34440994262695, 'deportation': 51.17997360229492, 'persecution': 49.67681121826172, 'population': 43.85198211669922, '2018': 43.36122131347656, 'settlement': 40.62385559082031, 'reported': 40.346805572509766, 'refuge': 38.6169548034668, 'statistics': 38.16427993774414, 'australia': 35.43043899536133, 'canada': 31.48084831237793, 'registration': 30.459243774414062, 'survey': 24.09679412841797, 'tax': 22.461036682128906, 'insurance': 19.24179458618164, 'international': 17.874279022216797, 'passport': 17.780790328979492, 'noah': 15.516620635986328, '%': 14.19682788848877, 'ireland': 12.986454010009766, 'retirement': 12.639766693115234, 'country': 12.316136360168457, 'hawkins': 11.003907203674316, 'and': 10.905592918395996, 'rate': 10.301054954528809, 'germany': 9.585527420043945, 'wave': 9.268274307250977, 'uk': 7.789853096008301, 'ellis': 7.582275390625, 'return': 6.2554121017456055, 'visa': 5.110622406005859, 'marty': 4.2823357582092285, 'bureau': 3.8812761306762695, 'gabriel': 3.0100045204162598, 'france': 1.318862795829773, 'argentina': 0.9593102335929871, 'scotland': 0.7524245381355286}",According to the national contribution to the EMN Annual Report on Migration and Asylum 2019 (information provided by MO MoI SR):
2,220,964_chunk000,25,757.1907325997232,Emigration And Asylum Reporting 2019,"{'2019': 236.21148681640625, 'asylum': 217.61915588378906, 'emigration': 200.79653930664062, 'report': 181.41819763183594, 'reporting': 146.18228149414062, 'migration': 138.39036560058594, 'immigration': 136.71214294433594, 'emi': 109.94137573242188, 'exit': 101.1815185546875, 'refugee': 100.36161804199219, 'alien': 91.55460357666016, 'refugees': 89.50374603271484, '2020': 74.68132781982422, 'departure': 68.1322021484375, 'exile': 65.0140380859375, '19': 64.40552520751953, 'nationality': 63.84168243408203, 'russia': 61.62674331665039, 'reports': 60.34440994262695, 'deportation': 51.17997360229492, 'persecution': 49.67681121826172, 'population': 43.85198211669922, '2018': 43.36122131347656, 'settlement': 40.62385559082031, 'reported': 40.346805572509766, 'refuge': 38.6169548034668, 'statistics': 38.16427993774414, 'australia': 35.43043899536133, 'canada': 31.48084831237793, 'registration': 30.459243774414062, 'survey': 24.09679412841797, 'tax': 22.461036682128906, 'insurance': 19.24179458618164, 'international': 17.874279022216797, 'passport': 17.780790328979492, 'noah': 15.516620635986328, '%': 14.19682788848877, 'ireland': 12.986454010009766, 'retirement': 12.639766693115234, 'country': 12.316136360168457, 'hawkins': 11.003907203674316, 'and': 10.905592918395996, 'rate': 10.301054954528809, 'germany': 9.585527420043945, 'wave': 9.268274307250977, 'uk': 7.789853096008301, 'ellis': 7.582275390625, 'return': 6.2554121017456055, 'visa': 5.110622406005859, 'marty': 4.2823357582092285, 'bureau': 3.8812761306762695, 'gabriel': 3.0100045204162598, 'france': 1.318862795829773, 'argentina': 0.9593102335929871, 'scotland': 0.7524245381355286}",According to the national contribution to the EMN Annual Report on Migration and Asylum 2019 (information provided by MO MoI SR):
2,23,4828_chunk001,26,704.6993488762889,Emigration And Asylum Reporting 2019,"{'2019': 236.21148681640625, 'asylum': 217.61915588378906, 'emigration': 200.79653930664062, 'report': 181.41819763183594, 'reporting': 146.18228149414062, 'migration': 138.39036560058594, 'immigration': 136.71214294433594, 'emi': 109.94137573242188, 'exit': 101.1815185546875, 'refugee': 100.36161804199219, 'alien': 91.55460357666016, 'refugees': 89.50374603271484, '2020': 74.68132781982422, 'departure': 68.1322021484375, 'exile': 65.0140380859375, '19': 64.40552520751953, 'nationality': 63.84168243408203, 'russia': 61.62674331665039, 'reports': 60.34440994262695, 'deportation': 51.17997360229492, 'persecution': 49.67681121826172, 'population': 43.85198211669922, '2018': 43.36122131347656, 'settlement': 40.62385559082031, 'reported': 40.346805572509766, 'refuge': 38.6169548034668, 'statistics': 38.16427993774414, 'australia': 35.43043899536133, 'canada': 31.48084831237793, 'registration': 30.459243774414062, 'survey': 24.09679412841797, 'tax': 22.461036682128906, 'insurance': 19.24179458618164, 'international': 17.874279022216797, 'passport': 17.780790328979492, 'noah': 15.516620635986328, '%': 14.19682788848877, 'ireland': 12.986454010009766, 'retirement': 12.639766693115234, 'country': 12.316136360168457, 'hawkins': 11.003907203674316, 'and': 10.905592918395996, 'rate': 10.301054954528809, 'germany': 9.585527420043945, 'wave': 9.268274307250977, 'uk': 7.789853096008301, 'ellis': 7.582275390625, 'return': 6.2554121017456055, 'visa': 5.110622406005859, 'marty': 4.2823357582092285, 'bureau': 3.8812761306762695, 'gabriel': 3.0100045204162598, 'france': 1.318862795829773, 'argentina': 0.9593102335929871, 'scotland': 0.7524245381355286}","On 1 August 2023, the Minister for Asylum and Migration declared..."
2,11,5761_chunk001,27,648.0003411984784,Emigration And Asylum Reporting 2019,"{'2019': 236.21148681640625, 'asylum': 217.61915588378906, 'emigration': 200.79653930664062, 'report': 181.41819763183594, 'reporting': 146.18228149414062, 'migration': 138.39036560058594, 'immigration': 136.71214294433594, 'emi': 109.94137573242188, 'exit': 101.1815185546875, 'refugee': 100.36161804199219, 'alien': 91.55460357666016, 'refugees': 89.50374603271484, '2020': 74.68132781982422, 'departure': 68.1322021484375, 'exile': 65.0140380859375, '19': 64.40552520751953, 'nationality': 63.84168243408203, 'russia': 61.62674331665039, 'reports': 60.34440994262695, 'deportation': 51.17997360229492, 'persecution': 49.67681121826172, 'population': 43.85198211669922, '2018': 43.36122131347656, 'settlement': 40.62385559082031, 'reported': 40.346805572509766, 'refuge': 38.6169548034668, 'statistics': 38.16427993774414, 'australia': 35.43043899536133, 'canada': 31.48084831237793, 'registration': 30.459243774414062, 'survey': 24.09679412841797, 'tax': 22.461036682128906, 'insurance': 19.24179458618164, 'international': 17.874279022216797, 'passport': 17.780790328979492, 'noah': 15.516620635986328, '%': 14.19682788848877, 'ireland': 12.986454010009766, 'retirement': 12.639766693115234, 'country': 12.316136360168457, 'hawkins': 11.003907203674316, 'and': 10.905592918395996, 'rate': 10.301054954528809, 'germany': 9.585527420043945, 'wave': 9.268274307250977, 'uk': 7.789853096008301, 'ellis': 7.582275390625, 'return': 6.2554121017456055, 'visa': 5.110622406005859, 'marty': 4.2823357582092285, 'bureau': 3.8812761306762695, 'gabriel': 3.0100045204162598, 'france': 1.318862795829773, 'argentina': 0.9593102335929871, 'scotland': 0.7524245381355286}","On 7 November 2023, the State Secretariat for Migration (SEM) rejected their asylum application and ordered their transfer to Romania. By separate decision, also dated 7 November 2023, the SEM rejected the..."
2,57,4164_chunk001,28,628.2008224096231,Emigration And Asylum Reporting 2019,"{'2019': 236.21148681640625, 'asylum': 217.61915588378906, 'emigration': 200.79653930664062, 'report': 181.41819763183594, 'reporting': 146.18228149414062, 'migration': 138.39036560058594, 'immigration': 136.71214294433594, 'emi': 109.94137573242188, 'exit': 101.1815185546875, 'refugee': 100.36161804199219, 'alien': 91.55460357666016, 'refugees': 89.50374603271484, '2020': 74.68132781982422, 'departure': 68.1322021484375, 'exile': 65.0140380859375, '19': 64.40552520751953, 'nationality': 63.84168243408203, 'russia': 61.62674331665039, 'reports': 60.34440994262695, 'deportation': 51.17997360229492, 'persecution': 49.67681121826172, 'population': 43.85198211669922, '2018': 43.36122131347656, 'settlement': 40.62385559082031, 'reported': 40.346805572509766, 'refuge': 38.6169548034668, 'statistics': 38.16427993774414, 'australia': 35.43043899536133, 'canada': 31.48084831237793, 'registration': 30.459243774414062, 'survey': 24.09679412841797, 'tax': 22.461036682128906, 'insurance': 19.24179458618164, 'international': 17.874279022216797, 'passport': 17.780790328979492, 'noah': 15.516620635986328, '%': 14.19682788848877, 'ireland': 12.986454010009766, 'retirement': 12.639766693115234, 'country': 12.316136360168457, 'hawkins': 11.003907203674316, 'and': 10.905592918395996, 'rate': 10.301054954528809, 'germany': 9.585527420043945, 'wave': 9.268274307250977, 'uk': 7.789853096008301, 'ellis': 7.582275390625, 'return': 6.2554121017456055, 'visa': 5.110622406005859, 'marty': 4.2823357582092285, 'bureau': 3.8812761306762695, 'gabriel': 3.0100045204162598, 'france': 1.318862795829773, 'argentina': 0.9593102335929871, 'scotland': 0.7524245381355286}",The decision on his request for asylum was postponed by the Migration Department under the Ministry of the Interior until the third quarter of 2023. VR appealed against this written...
2,22,4828_chunk000,29,627.4479449426605,Emigration And Asylum Reporting 2019,"{'2019': 236.21148681640625, 'asylum': 217.61915588378906, 'emigration': 200.79653930664062, 'report': 181.41819763183594, 'reporting': 146.18228149414062, 'migration': 138.39036560058594, 'immigration': 136.71214294433594, 'emi': 109.94137573242188, 'exit': 101.1815185546875, 'refugee': 100.36161804199219, 'alien': 91.55460357666016, 'refugees': 89.50374603271484, '2020': 74.68132781982422, 'departure': 68.1322021484375, 'exile': 65.0140380859375, '19': 64.40552520751953, 'nationality': 63.84168243408203, 'russia': 61.62674331665039, 'reports': 60.34440994262695, 'deportation': 51.17997360229492, 'persecution': 49.67681121826172, 'population': 43.85198211669922, '2018': 43.36122131347656, 'settlement': 40.62385559082031, 'reported': 40.346805572509766, 'refuge': 38.6169548034668, 'statistics': 38.16427993774414, 'australia': 35.43043899536133, 'canada': 31.48084831237793, 'registration': 30.459243774414062, 'survey': 24.09679412841797, 'tax': 22.461036682128906, 'insurance': 19.24179458618164, 'international': 17.874279022216797, 'passport': 17.780790328979492, 'noah': 15.516620635986328, '%': 14.19682788848877, 'ireland': 12.986454010009766, 'retirement': 12.639766693115234, 'country': 12.316136360168457, 'hawkins': 11.003907203674316, 'and': 10.905592918395996, 'rate': 10.301054954528809, 'germany': 9.585527420043945, 'wave': 9.268274307250977, 'uk': 7.789853096008301, 'ellis': 7.582275390625, 'return': 6.2554121017456055, 'visa': 5.110622406005859, 'marty': 4.2823357582092285, 'bureau': 3.8812761306762695, 'gabriel': 3.0100045204162598, 'france': 1.318862795829773, 'argentina': 0.9593102335929871, 'scotland': 0.7524245381355286}","A Burundian national belonging to the Tutsi community applied for asylum on 18 March 2022. He fled Burundi in 2015 because he feared persecution based on his work as an independent consultant and supporter/translator for journalists. Before arriving in the Netherlands, the applicant resided in Rwanda and Kenya. However, he did not feel safe in either country and feared refoulement to Burundi."
2,163,937_chunk000,30,591.6207188941663,Emigration And Asylum Reporting 2019,"{'2019': 236.21148681640625, 'asylum': 217.61915588378906, 'emigration': 200.79653930664062, 'report': 181.41819763183594, 'reporting': 146.18228149414062, 'migration': 138.39036560058594, 'immigration': 136.71214294433594, 'emi': 109.94137573242188, 'exit': 101.1815185546875, 'refugee': 100.36161804199219, 'alien': 91.55460357666016, 'refugees': 89.50374603271484, '2020': 74.68132781982422, 'departure': 68.1322021484375, 'exile': 65.0140380859375, '19': 64.40552520751953, 'nationality': 63.84168243408203, 'russia': 61.62674331665039, 'reports': 60.34440994262695, 'deportation': 51.17997360229492, 'persecution': 49.67681121826172, 'population': 43.85198211669922, '2018': 43.36122131347656, 'settlement': 40.62385559082031, 'reported': 40.346805572509766, 'refuge': 38.6169548034668, 'statistics': 38.16427993774414, 'australia': 35.43043899536133, 'canada': 31.48084831237793, 'registration': 30.459243774414062, 'survey': 24.09679412841797, 'tax': 22.461036682128906, 'insurance': 19.24179458618164, 'international': 17.874279022216797, 'passport': 17.780790328979492, 'noah': 15.516620635986328, '%': 14.19682788848877, 'ireland': 12.986454010009766, 'retirement': 12.639766693115234, 'country': 12.316136360168457, 'hawkins': 11.003907203674316, 'and': 10.905592918395996, 'rate': 10.301054954528809, 'germany': 9.585527420043945, 'wave': 9.268274307250977, 'uk': 7.789853096008301, 'ellis': 7.582275390625, 'return': 6.2554121017456055, 'visa': 5.110622406005859, 'marty': 4.2823357582092285, 'bureau': 3.8812761306762695, 'gabriel': 3.0100045204162598, 'france': 1.318862795829773, 'argentina': 0.9593102335929871, 'scotland': 0.7524245381355286}","By decision of 26 July 2019, the State Secretary for Justice and Security established a so-called decision and departure moratorium for asylum seekers from Libya (Government Gazette 26 July 2019, no. 40679). This ruling is about a decision to establish a decision moratorium for Libya."
2,62,3981_chunk000,31,582.0117580225893,Emigration And Asylum Reporting 2019,"{'2019': 236.21148681640625, 'asylum': 217.61915588378906, 'emigration': 200.79653930664062, 'report': 181.41819763183594, 'reporting': 146.18228149414062, 'migration': 138.39036560058594, 'immigration': 136.71214294433594, 'emi': 109.94137573242188, 'exit': 101.1815185546875, 'refugee': 100.36161804199219, 'alien': 91.55460357666016, 'refugees': 89.50374603271484, '2020': 74.68132781982422, 'departure': 68.1322021484375, 'exile': 65.0140380859375, '19': 64.40552520751953, 'nationality': 63.84168243408203, 'russia': 61.62674331665039, 'reports': 60.34440994262695, 'deportation': 51.17997360229492, 'persecution': 49.67681121826172, 'population': 43.85198211669922, '2018': 43.36122131347656, 'settlement': 40.62385559082031, 'reported': 40.346805572509766, 'refuge': 38.6169548034668, 'statistics': 38.16427993774414, 'australia': 35.43043899536133, 'canada': 31.48084831237793, 'registration': 30.459243774414062, 'survey': 24.09679412841797, 'tax': 22.461036682128906, 'insurance': 19.24179458618164, 'international': 17.874279022216797, 'passport': 17.780790328979492, 'noah': 15.516620635986328, '%': 14.19682788848877, 'ireland': 12.986454010009766, 'retirement': 12.639766693115234, 'country': 12.316136360168457, 'hawkins': 11.003907203674316, 'and': 10.905592918395996, 'rate': 10.301054954528809, 'germany': 9.585527420043945, 'wave': 9.268274307250977, 'uk': 7.789853096008301, 'ellis': 7.582275390625, 'return': 6.2554121017456055, 'visa': 5.110622406005859, 'marty': 4.2823357582092285, 'bureau': 3.8812761306762695, 'gabriel': 3.0100045204162598, 'france': 1.318862795829773, 'argentina': 0.9593102335929871, 'scotland': 0.7524245381355286}","The case concerned an applicant from Belarus, a mother with her minor son who applied for asylum in Slovakia claiming a fear of persecution upon return to her home country due to opposition to the current regime. She claimed to have publicly and actively participated in anti-government protests following the 2020 presidential elections, within the territory of Slovakia."
2,100,3137_chunk000,32,557.22386914655,Emigration And Asylum Reporting 2019,"{'2019': 236.21148681640625, 'asylum': 217.61915588378906, 'emigration': 200.79653930664062, 'report': 181.41819763183594, 'reporting': 146.18228149414062, 'migration': 138.39036560058594, 'immigration': 136.71214294433594, 'emi': 109.94137573242188, 'exit': 101.1815185546875, 'refugee': 100.36161804199219, 'alien': 91.55460357666016, 'refugees': 89.50374603271484, '2020': 74.68132781982422, 'departure': 68.1322021484375, 'exile': 65.0140380859375, '19': 64.40552520751953, 'nationality': 63.84168243408203, 'russia': 61.62674331665039, 'reports': 60.34440994262695, 'deportation': 51.17997360229492, 'persecution': 49.67681121826172, 'population': 43.85198211669922, '2018': 43.36122131347656, 'settlement': 40.62385559082031, 'reported': 40.346805572509766, 'refuge': 38.6169548034668, 'statistics': 38.16427993774414, 'australia': 35.43043899536133, 'canada': 31.48084831237793, 'registration': 30.459243774414062, 'survey': 24.09679412841797, 'tax': 22.461036682128906, 'insurance': 19.24179458618164, 'international': 17.874279022216797, 'passport': 17.780790328979492, 'noah': 15.516620635986328, '%': 14.19682788848877, 'ireland': 12.986454010009766, 'retirement': 12.639766693115234, 'country': 12.316136360168457, 'hawkins': 11.003907203674316, 'and': 10.905592918395996, 'rate': 10.301054954528809, 'germany': 9.585527420043945, 'wave': 9.268274307250977, 'uk': 7.789853096008301, 'ellis': 7.582275390625, 'return': 6.2554121017456055, 'visa': 5.110622406005859, 'marty': 4.2823357582092285, 'bureau': 3.8812761306762695, 'gabriel': 3.0100045204162598, 'france': 1.318862795829773, 'argentina': 0.9593102335929871, 'scotland': 0.7524245381355286}","The applicant, Colombian national, applied for international protection on 4 September 2019 and he was informed on the same day of his rights in the asylum procedure, including the right to free legal aid from the state in case he lacked sufficient financial resources. The applicant was handed over a form where he could tick the services he requires."
2,64,4167_chunk000,33,555.6757941073373,Emigration And Asylum Reporting 2019,"{'2019': 236.21148681640625, 'asylum': 217.61915588378906, 'emigration': 200.79653930664062, 'report': 181.41819763183594, 'reporting': 146.18228149414062, 'migration': 138.39036560058594, 'immigration': 136.71214294433594, 'emi': 109.94137573242188, 'exit': 101.1815185546875, 'refugee': 100.36161804199219, 'alien': 91.55460357666016, 'refugees': 89.50374603271484, '2020': 74.68132781982422, 'departure': 68.1322021484375, 'exile': 65.0140380859375, '19': 64.40552520751953, 'nationality': 63.84168243408203, 'russia': 61.62674331665039, 'reports': 60.34440994262695, 'deportation': 51.17997360229492, 'persecution': 49.67681121826172, 'population': 43.85198211669922, '2018': 43.36122131347656, 'settlement': 40.62385559082031, 'reported': 40.346805572509766, 'refuge': 38.6169548034668, 'statistics': 38.16427993774414, 'australia': 35.43043899536133, 'canada': 31.48084831237793, 'registration': 30.459243774414062, 'survey': 24.09679412841797, 'tax': 22.461036682128906, 'insurance': 19.24179458618164, 'international': 17.874279022216797, 'passport': 17.780790328979492, 'noah': 15.516620635986328, '%': 14.19682788848877, 'ireland': 12.986454010009766, 'retirement': 12.639766693115234, 'country': 12.316136360168457, 'hawkins': 11.003907203674316, 'and': 10.905592918395996, 'rate': 10.301054954528809, 'germany': 9.585527420043945, 'wave': 9.268274307250977, 'uk': 7.789853096008301, 'ellis': 7.582275390625, 'return': 6.2554121017456055, 'visa': 5.110622406005859, 'marty': 4.2823357582092285, 'bureau': 3.8812761306762695, 'gabriel': 3.0100045204162598, 'france': 1.318862795829773, 'argentina': 0.9593102335929871, 'scotland': 0.7524245381355286}","An applicant of Syrian nationality and Sunni Islamic religion requested international protection on 24 November 2021 in Austria. The Federal Office for Immigration and Asylum (BFA) did not grant him refugee status but subsidiary protection, a decision which he appealed to the Federal Administrative Court."
2,150,1647_chunk001,34,554.5614525173369,Emigration And Asylum Reporting 2019,"{'2019': 236.21148681640625, 'asylum': 217.61915588378906, 'emigration': 200.79653930664062, 'report': 181.41819763183594, 'reporting': 146.18228149414062, 'migration': 138.39036560058594, 'immigration': 136.71214294433594, 'emi': 109.94137573242188, 'exit': 101.1815185546875, 'refugee': 100.36161804199219, 'alien': 91.55460357666016, 'refugees': 89.50374603271484, '2020': 74.68132781982422, 'departure': 68.1322021484375, 'exile': 65.0140380859375, '19': 64.40552520751953, 'nationality': 63.84168243408203, 'russia': 61.62674331665039, 'reports': 60.34440994262695, 'deportation': 51.17997360229492, 'persecution': 49.67681121826172, 'population': 43.85198211669922, '2018': 43.36122131347656, 'settlement': 40.62385559082031, 'reported': 40.346805572509766, 'refuge': 38.6169548034668, 'statistics': 38.16427993774414, 'australia': 35.43043899536133, 'canada': 31.48084831237793, 'registration': 30.459243774414062, 'survey': 24.09679412841797, 'tax': 22.461036682128906, 'insurance': 19.24179458618164, 'international': 17.874279022216797, 'passport': 17.780790328979492, 'noah': 15.516620635986328, '%': 14.19682788848877, 'ireland': 12.986454010009766, 'retirement': 12.639766693115234, 'country': 12.316136360168457, 'hawkins': 11.003907203674316, 'and': 10.905592918395996, 'rate': 10.301054954528809, 'germany': 9.585527420043945, 'wave': 9.268274307250977, 'uk': 7.789853096008301, 'ellis': 7.582275390625, 'return': 6.2554121017456055, 'visa': 5.110622406005859, 'marty': 4.2823357582092285, 'bureau': 3.8812761306762695, 'gabriel': 3.0100045204162598, 'france': 1.318862795829773, 'argentina': 0.9593102335929871, 'scotland': 0.7524245381355286}","On 18 March 2020, the Federal Office for Foreign Affairs and Asylum conducted the interview remotely, by video-conference..."
2,491,56_chunk001,35,554.5041885621763,Emigration And Asylum Reporting 2019,"{'2019': 236.21148681640625, 'asylum': 217.61915588378906, 'emigration': 200.79653930664062, 'report': 181.41819763183594, 'reporting': 146.18228149414062, 'migration': 138.39036560058594, 'immigration': 136.71214294433594, 'emi': 109.94137573242188, 'exit': 101.1815185546875, 'refugee': 100.36161804199219, 'alien': 91.55460357666016, 'refugees': 89.50374603271484, '2020': 74.68132781982422, 'departure': 68.1322021484375, 'exile': 65.0140380859375, '19': 64.40552520751953, 'nationality': 63.84168243408203, 'russia': 61.62674331665039, 'reports': 60.34440994262695, 'deportation': 51.17997360229492, 'persecution': 49.67681121826172, 'population': 43.85198211669922, '2018': 43.36122131347656, 'settlement': 40.62385559082031, 'reported': 40.346805572509766, 'refuge': 38.6169548034668, 'statistics': 38.16427993774414, 'australia': 35.43043899536133, 'canada': 31.48084831237793, 'registration': 30.459243774414062, 'survey': 24.09679412841797, 'tax': 22.461036682128906, 'insurance': 19.24179458618164, 'international': 17.874279022216797, 'passport': 17.780790328979492, 'noah': 15.516620635986328, '%': 14.19682788848877, 'ireland': 12.986454010009766, 'retirement': 12.639766693115234, 'country': 12.316136360168457, 'hawkins': 11.003907203674316, 'and': 10.905592918395996, 'rate': 10.301054954528809, 'germany': 9.585527420043945, 'wave': 9.268274307250977, 'uk': 7.789853096008301, 'ellis': 7.582275390625, 'return': 6.2554121017456055, 'visa': 5.110622406005859, 'marty': 4.2823357582092285, 'bureau': 3.8812761306762695, 'gabriel': 3.0100045204162598, 'france': 1.318862795829773, 'argentina': 0.9593102335929871, 'scotland': 0.7524245381355286}","The applicants claimed asylum in Ireland on 16 December 2014, and completed their asylum application questionnaires on 26 December 2014. An information request by the Office of the Refugee Applications..."
2,80,3268_chunk000,36,550.031715299265,Emigration And Asylum Reporting 2019,"{'2019': 236.21148681640625, 'asylum': 217.61915588378906, 'emigration': 200.79653930664062, 'report': 181.41819763183594, 'reporting': 146.18228149414062, 'migration': 138.39036560058594, 'immigration': 136.71214294433594, 'emi': 109.94137573242188, 'exit': 101.1815185546875, 'refugee': 100.36161804199219, 'alien': 91.55460357666016, 'refugees': 89.50374603271484, '2020': 74.68132781982422, 'departure': 68.1322021484375, 'exile': 65.0140380859375, '19': 64.40552520751953, 'nationality': 63.84168243408203, 'russia': 61.62674331665039, 'reports': 60.34440994262695, 'deportation': 51.17997360229492, 'persecution': 49.67681121826172, 'population': 43.85198211669922, '2018': 43.36122131347656, 'settlement': 40.62385559082031, 'reported': 40.346805572509766, 'refuge': 38.6169548034668, 'statistics': 38.16427993774414, 'australia': 35.43043899536133, 'canada': 31.48084831237793, 'registration': 30.459243774414062, 'survey': 24.09679412841797, 'tax': 22.461036682128906, 'insurance': 19.24179458618164, 'international': 17.874279022216797, 'passport': 17.780790328979492, 'noah': 15.516620635986328, '%': 14.19682788848877, 'ireland': 12.986454010009766, 'retirement': 12.639766693115234, 'country': 12.316136360168457, 'hawkins': 11.003907203674316, 'and': 10.905592918395996, 'rate': 10.301054954528809, 'germany': 9.585527420043945, 'wave': 9.268274307250977, 'uk': 7.789853096008301, 'ellis': 7.582275390625, 'return': 6.2554121017456055, 'visa': 5.110622406005859, 'marty': 4.2823357582092285, 'bureau': 3.8812761306762695, 'gabriel': 3.0100045204162598, 'france': 1.318862795829773, 'argentina': 0.9593102335929871, 'scotland': 0.7524245381355286}","The applicant, an Iraqi national, requested international protection in Austria. On 14 May 2022, the Federal Office for Immigration and Asylum (Bundesamt für Fremdenwesen und Asyl‚ BFA) dismissed the request as inadmissible, considering that Lithuania was the responsible Member State to examine the application in accordance with Article 18(1)(b) of the Dublin III Regulation."
2,499,54_chunk000,37,539.0139005517544,Emigration And Asylum Reporting 2019,"{'2019': 236.21148681640625, 'asylum': 217.61915588378906, 'emigration': 200.79653930664062, 'report': 181.41819763183594, 'reporting': 146.18228149414062, 'migration': 138.39036560058594, 'immigration': 136.71214294433594, 'emi': 109.94137573242188, 'exit': 101.1815185546875, 'refugee': 100.36161804199219, 'alien': 91.55460357666016, 'refugees': 89.50374603271484, '2020': 74.68132781982422, 'departure': 68.1322021484375, 'exile': 65.0140380859375, '19': 64.40552520751953, 'nationality': 63.84168243408203, 'russia': 61.62674331665039, 'reports': 60.34440994262695, 'deportation': 51.17997360229492, 'persecution': 49.67681121826172, 'population': 43.85198211669922, '2018': 43.36122131347656, 'settlement': 40.62385559082031, 'reported': 40.346805572509766, 'refuge': 38.6169548034668, 'statistics': 38.16427993774414, 'australia': 35.43043899536133, 'canada': 31.48084831237793, 'registration': 30.459243774414062, 'survey': 24.09679412841797, 'tax': 22.461036682128906, 'insurance': 19.24179458618164, 'international': 17.874279022216797, 'passport': 17.780790328979492, 'noah': 15.516620635986328, '%': 14.19682788848877, 'ireland': 12.986454010009766, 'retirement': 12.639766693115234, 'country': 12.316136360168457, 'hawkins': 11.003907203674316, 'and': 10.905592918395996, 'rate': 10.301054954528809, 'germany': 9.585527420043945, 'wave': 9.268274307250977, 'uk': 7.789853096008301, 'ellis': 7.582275390625, 'return': 6.2554121017456055, 'visa': 5.110622406005859, 'marty': 4.2823357582092285, 'bureau': 3.8812761306762695, 'gabriel': 3.0100045204162598, 'france': 1.318862795829773, 'argentina': 0.9593102335929871, 'scotland': 0.7524245381355286}","Section 9 of the Refugee Act 1996 provided that a person seeking asylum is entitled to enter the State and remain while the application for refugee status is processed. Section 9(4) also provided however, that an applicant shall not seek or enter employment before final determination of his or her application for a declaration."
2,195,1091_chunk001,38,536.1668997706281,Emigration And Asylum Reporting 2019,"{'2019': 236.21148681640625, 'asylum': 217.61915588378906, 'emigration': 200.79653930664062, 'report': 181.41819763183594, 'reporting': 146.18228149414062, 'migration': 138.39036560058594, 'immigration': 136.71214294433594, 'emi': 109.94137573242188, 'exit': 101.1815185546875, 'refugee': 100.36161804199219, 'alien': 91.55460357666016, 'refugees': 89.50374603271484, '2020': 74.68132781982422, 'departure': 68.1322021484375, 'exile': 65.0140380859375, '19': 64.40552520751953, 'nationality': 63.84168243408203, 'russia': 61.62674331665039, 'reports': 60.34440994262695, 'deportation': 51.17997360229492, 'persecution': 49.67681121826172, 'population': 43.85198211669922, '2018': 43.36122131347656, 'settlement': 40.62385559082031, 'reported': 40.346805572509766, 'refuge': 38.6169548034668, 'statistics': 38.16427993774414, 'australia': 35.43043899536133, 'canada': 31.48084831237793, 'registration': 30.459243774414062, 'survey': 24.09679412841797, 'tax': 22.461036682128906, 'insurance': 19.24179458618164, 'international': 17.874279022216797, 'passport': 17.780790328979492, 'noah': 15.516620635986328, '%': 14.19682788848877, 'ireland': 12.986454010009766, 'retirement': 12.639766693115234, 'country': 12.316136360168457, 'hawkins': 11.003907203674316, 'and': 10.905592918395996, 'rate': 10.301054954528809, 'germany': 9.585527420043945, 'wave': 9.268274307250977, 'uk': 7.789853096008301, 'ellis': 7.582275390625, 'return': 6.2554121017456055, 'visa': 5.110622406005859, 'marty': 4.2823357582092285, 'bureau': 3.8812761306762695, 'gabriel': 3.0100045204162598, 'france': 1.318862795829773, 'argentina': 0.9593102335929871, 'scotland': 0.7524245381355286}","The applicant was arrested on 6 June 2019 in execution of a detention order that had since been issued and, after being questioned, received a notification from the Federal Office for Foreign Affairs and Asylum (BFA) on the same day on detention pending deportation. During detention pending..."
2,6,5890_chunk000,39,535.5496034407505,Emigration And Asylum Reporting 2019,"{'2019': 236.21148681640625, 'asylum': 217.61915588378906, 'emigration': 200.79653930664062, 'report': 181.41819763183594, 'reporting': 146.18228149414062, 'migration': 138.39036560058594, 'immigration': 136.71214294433594, 'emi': 109.94137573242188, 'exit': 101.1815185546875, 'refugee': 100.36161804199219, 'alien': 91.55460357666016, 'refugees': 89.50374603271484, '2020': 74.68132781982422, 'departure': 68.1322021484375, 'exile': 65.0140380859375, '19': 64.40552520751953, 'nationality': 63.84168243408203, 'russia': 61.62674331665039, 'reports': 60.34440994262695, 'deportation': 51.17997360229492, 'persecution': 49.67681121826172, 'population': 43.85198211669922, '2018': 43.36122131347656, 'settlement': 40.62385559082031, 'reported': 40.346805572509766, 'refuge': 38.6169548034668, 'statistics': 38.16427993774414, 'australia': 35.43043899536133, 'canada': 31.48084831237793, 'registration': 30.459243774414062, 'survey': 24.09679412841797, 'tax': 22.461036682128906, 'insurance': 19.24179458618164, 'international': 17.874279022216797, 'passport': 17.780790328979492, 'noah': 15.516620635986328, '%': 14.19682788848877, 'ireland': 12.986454010009766, 'retirement': 12.639766693115234, 'country': 12.316136360168457, 'hawkins': 11.003907203674316, 'and': 10.905592918395996, 'rate': 10.301054954528809, 'germany': 9.585527420043945, 'wave': 9.268274307250977, 'uk': 7.789853096008301, 'ellis': 7.582275390625, 'return': 6.2554121017456055, 'visa': 5.110622406005859, 'marty': 4.2823357582092285, 'bureau': 3.8812761306762695, 'gabriel': 3.0100045204162598, 'france': 1.318862795829773, 'argentina': 0.9593102335929871, 'scotland': 0.7524245381355286}","Six Iraqi nationals, a family of two parents and their four minor children, entered the Hungarian transit zone bordering Serbia on 10 July 2018 and submitted an asylum application. On the same day, the asylum authority designated the transit zone in Tompa as the applicants' place of stay."
2,138,2510_chunk000,40,535.3533585646494,Emigration And Asylum Reporting 2019,"{'2019': 236.21148681640625, 'asylum': 217.61915588378906, 'emigration': 200.79653930664062, 'report': 181.41819763183594, 'reporting': 146.18228149414062, 'migration': 138.39036560058594, 'immigration': 136.71214294433594, 'emi': 109.94137573242188, 'exit': 101.1815185546875, 'refugee': 100.36161804199219, 'alien': 91.55460357666016, 'refugees': 89.50374603271484, '2020': 74.68132781982422, 'departure': 68.1322021484375, 'exile': 65.0140380859375, '19': 64.40552520751953, 'nationality': 63.84168243408203, 'russia': 61.62674331665039, 'reports': 60.34440994262695, 'deportation': 51.17997360229492, 'persecution': 49.67681121826172, 'population': 43.85198211669922, '2018': 43.36122131347656, 'settlement': 40.62385559082031, 'reported': 40.346805572509766, 'refuge': 38.6169548034668, 'statistics': 38.16427993774414, 'australia': 35.43043899536133, 'canada': 31.48084831237793, 'registration': 30.459243774414062, 'survey': 24.09679412841797, 'tax': 22.461036682128906, 'insurance': 19.24179458618164, 'international': 17.874279022216797, 'passport': 17.780790328979492, 'noah': 15.516620635986328, '%': 14.19682788848877, 'ireland': 12.986454010009766, 'retirement': 12.639766693115234, 'country': 12.316136360168457, 'hawkins': 11.003907203674316, 'and': 10.905592918395996, 'rate': 10.301054954528809, 'germany': 9.585527420043945, 'wave': 9.268274307250977, 'uk': 7.789853096008301, 'ellis': 7.582275390625, 'return': 6.2554121017456055, 'visa': 5.110622406005859, 'marty': 4.2823357582092285, 'bureau': 3.8812761306762695, 'gabriel': 3.0100045204162598, 'france': 1.318862795829773, 'argentina': 0.9593102335929871, 'scotland': 0.7524245381355286}","The applicant, Guinea national, was rejected the application of asylum as inadmissible by decision of 7 March 2018 because he has already applied in Spain, according to a Eurodac hit report. The Spanish authorities agreed to the transfer on 6 March 2018 and the BAMF decision was adopted on 7 March 2018."
2,128,3269_chunk000,41,531.697699337543,Emigration And Asylum Reporting 2019,"{'2019': 236.21148681640625, 'asylum': 217.61915588378906, 'emigration': 200.79653930664062, 'report': 181.41819763183594, 'reporting': 146.18228149414062, 'migration': 138.39036560058594, 'immigration': 136.71214294433594, 'emi': 109.94137573242188, 'exit': 101.1815185546875, 'refugee': 100.36161804199219, 'alien': 91.55460357666016, 'refugees': 89.50374603271484, '2020': 74.68132781982422, 'departure': 68.1322021484375, 'exile': 65.0140380859375, '19': 64.40552520751953, 'nationality': 63.84168243408203, 'russia': 61.62674331665039, 'reports': 60.34440994262695, 'deportation': 51.17997360229492, 'persecution': 49.67681121826172, 'population': 43.85198211669922, '2018': 43.36122131347656, 'settlement': 40.62385559082031, 'reported': 40.346805572509766, 'refuge': 38.6169548034668, 'statistics': 38.16427993774414, 'australia': 35.43043899536133, 'canada': 31.48084831237793, 'registration': 30.459243774414062, 'survey': 24.09679412841797, 'tax': 22.461036682128906, 'insurance': 19.24179458618164, 'international': 17.874279022216797, 'passport': 17.780790328979492, 'noah': 15.516620635986328, '%': 14.19682788848877, 'ireland': 12.986454010009766, 'retirement': 12.639766693115234, 'country': 12.316136360168457, 'hawkins': 11.003907203674316, 'and': 10.905592918395996, 'rate': 10.301054954528809, 'germany': 9.585527420043945, 'wave': 9.268274307250977, 'uk': 7.789853096008301, 'ellis': 7.582275390625, 'return': 6.2554121017456055, 'visa': 5.110622406005859, 'marty': 4.2823357582092285, 'bureau': 3.8812761306762695, 'gabriel': 3.0100045204162598, 'france': 1.318862795829773, 'argentina': 0.9593102335929871, 'scotland': 0.7524245381355286}","The applicant, a national of Somalia, applied for international protection in France on 18 December 2020 and he was placed under the Dublin procedure while a request was sent to Germany, considered the Member State responsible to examine the request for international protection. The applicant returned to Germany, and thereafter returned to France and asked for asylum a second time on 26 May 2021."
2,158,935_chunk000,42,531.2814296833922,Emigration And Asylum Reporting 2019,"{'2019': 236.21148681640625, 'asylum': 217.61915588378906, 'emigration': 200.79653930664062, 'report': 181.41819763183594, 'reporting': 146.18228149414062, 'migration': 138.39036560058594, 'immigration': 136.71214294433594, 'emi': 109.94137573242188, 'exit': 101.1815185546875, 'refugee': 100.36161804199219, 'alien': 91.55460357666016, 'refugees': 89.50374603271484, '2020': 74.68132781982422, 'departure': 68.1322021484375, 'exile': 65.0140380859375, '19': 64.40552520751953, 'nationality': 63.84168243408203, 'russia': 61.62674331665039, 'reports': 60.34440994262695, 'deportation': 51.17997360229492, 'persecution': 49.67681121826172, 'population': 43.85198211669922, '2018': 43.36122131347656, 'settlement': 40.62385559082031, 'reported': 40.346805572509766, 'refuge': 38.6169548034668, 'statistics': 38.16427993774414, 'australia': 35.43043899536133, 'canada': 31.48084831237793, 'registration': 30.459243774414062, 'survey': 24.09679412841797, 'tax': 22.461036682128906, 'insurance': 19.24179458618164, 'international': 17.874279022216797, 'passport': 17.780790328979492, 'noah': 15.516620635986328, '%': 14.19682788848877, 'ireland': 12.986454010009766, 'retirement': 12.639766693115234, 'country': 12.316136360168457, 'hawkins': 11.003907203674316, 'and': 10.905592918395996, 'rate': 10.301054954528809, 'germany': 9.585527420043945, 'wave': 9.268274307250977, 'uk': 7.789853096008301, 'ellis': 7.582275390625, 'return': 6.2554121017456055, 'visa': 5.110622406005859, 'marty': 4.2823357582092285, 'bureau': 3.8812761306762695, 'gabriel': 3.0100045204162598, 'france': 1.318862795829773, 'argentina': 0.9593102335929871, 'scotland': 0.7524245381355286}","The woman, known as an LGBTI activist in Surinam, did not obtain an asylum residence permit from the Minister for Migration in March 2018. She had asked for the residence permit in the Netherlands because, in her own words, she runs a risk in Surinam because of her transsexuality. A previous appeal to the court against rejection of the permit failed, after which the woman appealed to the ABRvS."
2,472,196_chunk000,43,524.2425977615559,Emigration And Asylum Reporting 2019,"{'2019': 236.21148681640625, 'asylum': 217.61915588378906, 'emigration': 200.79653930664062, 'report': 181.41819763183594, 'reporting': 146.18228149414062, 'migration': 138.39036560058594, 'immigration': 136.71214294433594, 'emi': 109.94137573242188, 'exit': 101.1815185546875, 'refugee': 100.36161804199219, 'alien': 91.55460357666016, 'refugees': 89.50374603271484, '2020': 74.68132781982422, 'departure': 68.1322021484375, 'exile': 65.0140380859375, '19': 64.40552520751953, 'nationality': 63.84168243408203, 'russia': 61.62674331665039, 'reports': 60.34440994262695, 'deportation': 51.17997360229492, 'persecution': 49.67681121826172, 'population': 43.85198211669922, '2018': 43.36122131347656, 'settlement': 40.62385559082031, 'reported': 40.346805572509766, 'refuge': 38.6169548034668, 'statistics': 38.16427993774414, 'australia': 35.43043899536133, 'canada': 31.48084831237793, 'registration': 30.459243774414062, 'survey': 24.09679412841797, 'tax': 22.461036682128906, 'insurance': 19.24179458618164, 'international': 17.874279022216797, 'passport': 17.780790328979492, 'noah': 15.516620635986328, '%': 14.19682788848877, 'ireland': 12.986454010009766, 'retirement': 12.639766693115234, 'country': 12.316136360168457, 'hawkins': 11.003907203674316, 'and': 10.905592918395996, 'rate': 10.301054954528809, 'germany': 9.585527420043945, 'wave': 9.268274307250977, 'uk': 7.789853096008301, 'ellis': 7.582275390625, 'return': 6.2554121017456055, 'visa': 5.110622406005859, 'marty': 4.2823357582092285, 'bureau': 3.8812761306762695, 'gabriel': 3.0100045204162598, 'france': 1.318862795829773, 'argentina': 0.9593102335929871, 'scotland': 0.7524245381355286}",The applicant applied for asylum in two occasions: in the United Kingdom in 2009 and in Northern Ireland in 2014 and both applications were refused by the corresponding British Authorities. The applicant moved to Ireland in August 2016 where he submitted a new asylum application.
2,350,590_chunk000,44,520.2590486507543,Emigration And Asylum Reporting 2019,"{'2019': 236.21148681640625, 'asylum': 217.61915588378906, 'emigration': 200.79653930664062, 'report': 181.41819763183594, 'reporting': 146.18228149414062, 'migration': 138.39036560058594, 'immigration': 136.71214294433594, 'emi': 109.94137573242188, 'exit': 101.1815185546875, 'refugee': 100.36161804199219, 'alien': 91.55460357666016, 'refugees': 89.50374603271484, '2020': 74.68132781982422, 'departure': 68.1322021484375, 'exile': 65.0140380859375, '19': 64.40552520751953, 'nationality': 63.84168243408203, 'russia': 61.62674331665039, 'reports': 60.34440994262695, 'deportation': 51.17997360229492, 'persecution': 49.67681121826172, 'population': 43.85198211669922, '2018': 43.36122131347656, 'settlement': 40.62385559082031, 'reported': 40.346805572509766, 'refuge': 38.6169548034668, 'statistics': 38.16427993774414, 'australia': 35.43043899536133, 'canada': 31.48084831237793, 'registration': 30.459243774414062, 'survey': 24.09679412841797, 'tax': 22.461036682128906, 'insurance': 19.24179458618164, 'international': 17.874279022216797, 'passport': 17.780790328979492, 'noah': 15.516620635986328, '%': 14.19682788848877, 'ireland': 12.986454010009766, 'retirement': 12.639766693115234, 'country': 12.316136360168457, 'hawkins': 11.003907203674316, 'and': 10.905592918395996, 'rate': 10.301054954528809, 'germany': 9.585527420043945, 'wave': 9.268274307250977, 'uk': 7.789853096008301, 'ellis': 7.582275390625, 'return': 6.2554121017456055, 'visa': 5.110622406005859, 'marty': 4.2823357582092285, 'bureau': 3.8812761306762695, 'gabriel': 3.0100045204162598, 'france': 1.318862795829773, 'argentina': 0.9593102335929871, 'scotland': 0.7524245381355286}","In an urgent action for the «granting of asylum or of a residence permit for subsidiary protection» the use of «official international reports on the political and social situation of the applicant's country of origin», by the court of appeal is not in breach of Articles 412 and 662 of the Civil Procedure Code.

..."
2,79,3406_chunk001,45,516.4428873943798,Emigration And Asylum Reporting 2019,"{'2019': 236.21148681640625, 'asylum': 217.61915588378906, 'emigration': 200.79653930664062, 'report': 181.41819763183594, 'reporting': 146.18228149414062, 'migration': 138.39036560058594, 'immigration': 136.71214294433594, 'emi': 109.94137573242188, 'exit': 101.1815185546875, 'refugee': 100.36161804199219, 'alien': 91.55460357666016, 'refugees': 89.50374603271484, '2020': 74.68132781982422, 'departure': 68.1322021484375, 'exile': 65.0140380859375, '19': 64.40552520751953, 'nationality': 63.84168243408203, 'russia': 61.62674331665039, 'reports': 60.34440994262695, 'deportation': 51.17997360229492, 'persecution': 49.67681121826172, 'population': 43.85198211669922, '2018': 43.36122131347656, 'settlement': 40.62385559082031, 'reported': 40.346805572509766, 'refuge': 38.6169548034668, 'statistics': 38.16427993774414, 'australia': 35.43043899536133, 'canada': 31.48084831237793, 'registration': 30.459243774414062, 'survey': 24.09679412841797, 'tax': 22.461036682128906, 'insurance': 19.24179458618164, 'international': 17.874279022216797, 'passport': 17.780790328979492, 'noah': 15.516620635986328, '%': 14.19682788848877, 'ireland': 12.986454010009766, 'retirement': 12.639766693115234, 'country': 12.316136360168457, 'hawkins': 11.003907203674316, 'and': 10.905592918395996, 'rate': 10.301054954528809, 'germany': 9.585527420043945, 'wave': 9.268274307250977, 'uk': 7.789853096008301, 'ellis': 7.582275390625, 'return': 6.2554121017456055, 'visa': 5.110622406005859, 'marty': 4.2823357582092285, 'bureau': 3.8812761306762695, 'gabriel': 3.0100045204162598, 'france': 1.318862795829773, 'argentina': 0.9593102335929871, 'scotland': 0.7524245381355286}","The Federal Office for Migration and Refugees (BAMF) confirmed a Eurodac hit with regard to Croatia, where the applicants also applied for asylum.

The applicants argued that in Croatia they were receiving..."
2,349,563_chunk001,46,514.9634909372548,Emigration And Asylum Reporting 2019,"{'2019': 236.21148681640625, 'asylum': 217.61915588378906, 'emigration': 200.79653930664062, 'report': 181.41819763183594, 'reporting': 146.18228149414062, 'migration': 138.39036560058594, 'immigration': 136.71214294433594, 'emi': 109.94137573242188, 'exit': 101.1815185546875, 'refugee': 100.36161804199219, 'alien': 91.55460357666016, 'refugees': 89.50374603271484, '2020': 74.68132781982422, 'departure': 68.1322021484375, 'exile': 65.0140380859375, '19': 64.40552520751953, 'nationality': 63.84168243408203, 'russia': 61.62674331665039, 'reports': 60.34440994262695, 'deportation': 51.17997360229492, 'persecution': 49.67681121826172, 'population': 43.85198211669922, '2018': 43.36122131347656, 'settlement': 40.62385559082031, 'reported': 40.346805572509766, 'refuge': 38.6169548034668, 'statistics': 38.16427993774414, 'australia': 35.43043899536133, 'canada': 31.48084831237793, 'registration': 30.459243774414062, 'survey': 24.09679412841797, 'tax': 22.461036682128906, 'insurance': 19.24179458618164, 'international': 17.874279022216797, 'passport': 17.780790328979492, 'noah': 15.516620635986328, '%': 14.19682788848877, 'ireland': 12.986454010009766, 'retirement': 12.639766693115234, 'country': 12.316136360168457, 'hawkins': 11.003907203674316, 'and': 10.905592918395996, 'rate': 10.301054954528809, 'germany': 9.585527420043945, 'wave': 9.268274307250977, 'uk': 7.789853096008301, 'ellis': 7.582275390625, 'return': 6.2554121017456055, 'visa': 5.110622406005859, 'marty': 4.2823357582092285, 'bureau': 3.8812761306762695, 'gabriel': 3.0100045204162598, 'france': 1.318862795829773, 'argentina': 0.9593102335929871, 'scotland': 0.7524245381355286}","On 6 June 2017, the Central Agency for the Reception of Asylum Seekers (COA) rejected an application from a foreign national to allow the benefit of reception conditions. By decision of 5 July 2017, the Court of the Hague upheld the appeal lodged by the foreign..."
2,454,23_chunk000,47,505.83946667674115,Emigration And Asylum Reporting 2019,"{'2019': 236.21148681640625, 'asylum': 217.61915588378906, 'emigration': 200.79653930664062, 'report': 181.41819763183594, 'reporting': 146.18228149414062, 'migration': 138.39036560058594, 'immigration': 136.71214294433594, 'emi': 109.94137573242188, 'exit': 101.1815185546875, 'refugee': 100.36161804199219, 'alien': 91.55460357666016, 'refugees': 89.50374603271484, '2020': 74.68132781982422, 'departure': 68.1322021484375, 'exile': 65.0140380859375, '19': 64.40552520751953, 'nationality': 63.84168243408203, 'russia': 61.62674331665039, 'reports': 60.34440994262695, 'deportation': 51.17997360229492, 'persecution': 49.67681121826172, 'population': 43.85198211669922, '2018': 43.36122131347656, 'settlement': 40.62385559082031, 'reported': 40.346805572509766, 'refuge': 38.6169548034668, 'statistics': 38.16427993774414, 'australia': 35.43043899536133, 'canada': 31.48084831237793, 'registration': 30.459243774414062, 'survey': 24.09679412841797, 'tax': 22.461036682128906, 'insurance': 19.24179458618164, 'international': 17.874279022216797, 'passport': 17.780790328979492, 'noah': 15.516620635986328, '%': 14.19682788848877, 'ireland': 12.986454010009766, 'retirement': 12.639766693115234, 'country': 12.316136360168457, 'hawkins': 11.003907203674316, 'and': 10.905592918395996, 'rate': 10.301054954528809, 'germany': 9.585527420043945, 'wave': 9.268274307250977, 'uk': 7.789853096008301, 'ellis': 7.582275390625, 'return': 6.2554121017456055, 'visa': 5.110622406005859, 'marty': 4.2823357582092285, 'bureau': 3.8812761306762695, 'gabriel': 3.0100045204162598, 'france': 1.318862795829773, 'argentina': 0.9593102335929871, 'scotland': 0.7524245381355286}","The Finnish Immigration Service had rejected A 's application for asylum and residence permit on the basis of the conflict between A and his father' s claims for asylum. Although the father's report has thus affected A's case, he or she has not been given the opportunity to give an explanation of the report and contradictions that it has in relation to his or her report."
2,240,931_chunk000,48,505.44506443499085,Emigration And Asylum Reporting 2019,"{'2019': 236.21148681640625, 'asylum': 217.61915588378906, 'emigration': 200.79653930664062, 'report': 181.41819763183594, 'reporting': 146.18228149414062, 'migration': 138.39036560058594, 'immigration': 136.71214294433594, 'emi': 109.94137573242188, 'exit': 101.1815185546875, 'refugee': 100.36161804199219, 'alien': 91.55460357666016, 'refugees': 89.50374603271484, '2020': 74.68132781982422, 'departure': 68.1322021484375, 'exile': 65.0140380859375, '19': 64.40552520751953, 'nationality': 63.84168243408203, 'russia': 61.62674331665039, 'reports': 60.34440994262695, 'deportation': 51.17997360229492, 'persecution': 49.67681121826172, 'population': 43.85198211669922, '2018': 43.36122131347656, 'settlement': 40.62385559082031, 'reported': 40.346805572509766, 'refuge': 38.6169548034668, 'statistics': 38.16427993774414, 'australia': 35.43043899536133, 'canada': 31.48084831237793, 'registration': 30.459243774414062, 'survey': 24.09679412841797, 'tax': 22.461036682128906, 'insurance': 19.24179458618164, 'international': 17.874279022216797, 'passport': 17.780790328979492, 'noah': 15.516620635986328, '%': 14.19682788848877, 'ireland': 12.986454010009766, 'retirement': 12.639766693115234, 'country': 12.316136360168457, 'hawkins': 11.003907203674316, 'and': 10.905592918395996, 'rate': 10.301054954528809, 'germany': 9.585527420043945, 'wave': 9.268274307250977, 'uk': 7.789853096008301, 'ellis': 7.582275390625, 'return': 6.2554121017456055, 'visa': 5.110622406005859, 'marty': 4.2823357582092285, 'bureau': 3.8812761306762695, 'gabriel': 3.0100045204162598, 'france': 1.318862795829773, 'argentina': 0.9593102335929871, 'scotland': 0.7524245381355286}","Pursuant to Art. 4a of the Asylum Act 2005, an application for international protection is to be rejected as inadmissible where the foreign person has been granted asylum or subsidiary protection status in another EEA Member State or Switzerland. In the specific case, the appellant, a Syrian citizen, filed an application for international protection in April 2018."
2,44,4235_chunk000,49,505.3295068838037,Emigration And Asylum Reporting 2019,"{'2019': 236.21148681640625, 'asylum': 217.61915588378906, 'emigration': 200.79653930664062, 'report': 181.41819763183594, 'reporting': 146.18228149414062, 'migration': 138.39036560058594, 'immigration': 136.71214294433594, 'emi': 109.94137573242188, 'exit': 101.1815185546875, 'refugee': 100.36161804199219, 'alien': 91.55460357666016, 'refugees': 89.50374603271484, '2020': 74.68132781982422, 'departure': 68.1322021484375, 'exile': 65.0140380859375, '19': 64.40552520751953, 'nationality': 63.84168243408203, 'russia': 61.62674331665039, 'reports': 60.34440994262695, 'deportation': 51.17997360229492, 'persecution': 49.67681121826172, 'population': 43.85198211669922, '2018': 43.36122131347656, 'settlement': 40.62385559082031, 'reported': 40.346805572509766, 'refuge': 38.6169548034668, 'statistics': 38.16427993774414, 'australia': 35.43043899536133, 'canada': 31.48084831237793, 'registration': 30.459243774414062, 'survey': 24.09679412841797, 'tax': 22.461036682128906, 'insurance': 19.24179458618164, 'international': 17.874279022216797, 'passport': 17.780790328979492, 'noah': 15.516620635986328, '%': 14.19682788848877, 'ireland': 12.986454010009766, 'retirement': 12.639766693115234, 'country': 12.316136360168457, 'hawkins': 11.003907203674316, 'and': 10.905592918395996, 'rate': 10.301054954528809, 'germany': 9.585527420043945, 'wave': 9.268274307250977, 'uk': 7.789853096008301, 'ellis': 7.582275390625, 'return': 6.2554121017456055, 'visa': 5.110622406005859, 'marty': 4.2823357582092285, 'bureau': 3.8812761306762695, 'gabriel': 3.0100045204162598, 'france': 1.318862795829773, 'argentina': 0.9593102335929871, 'scotland': 0.7524245381355286}","The case concerned two Iranian applicant, a father and his minor child, who entered the Röszke transit zone and applied for asylum on 5 December 2018. The asylum authority rejected the application as inadmissible and considered that Serbia was a safe third country where the applicants should have requested asylum. The decision was confirmed in court."
2,524,148_chunk001,50,504.20932888839576,Emigration And Asylum Reporting 2019,"{'2019': 236.21148681640625, 'asylum': 217.61915588378906, 'emigration': 200.79653930664062, 'report': 181.41819763183594, 'reporting': 146.18228149414062, 'migration': 138.39036560058594, 'immigration': 136.71214294433594, 'emi': 109.94137573242188, 'exit': 101.1815185546875, 'refugee': 100.36161804199219, 'alien': 91.55460357666016, 'refugees': 89.50374603271484, '2020': 74.68132781982422, 'departure': 68.1322021484375, 'exile': 65.0140380859375, '19': 64.40552520751953, 'nationality': 63.84168243408203, 'russia': 61.62674331665039, 'reports': 60.34440994262695, 'deportation': 51.17997360229492, 'persecution': 49.67681121826172, 'population': 43.85198211669922, '2018': 43.36122131347656, 'settlement': 40.62385559082031, 'reported': 40.346805572509766, 'refuge': 38.6169548034668, 'statistics': 38.16427993774414, 'australia': 35.43043899536133, 'canada': 31.48084831237793, 'registration': 30.459243774414062, 'survey': 24.09679412841797, 'tax': 22.461036682128906, 'insurance': 19.24179458618164, 'international': 17.874279022216797, 'passport': 17.780790328979492, 'noah': 15.516620635986328, '%': 14.19682788848877, 'ireland': 12.986454010009766, 'retirement': 12.639766693115234, 'country': 12.316136360168457, 'hawkins': 11.003907203674316, 'and': 10.905592918395996, 'rate': 10.301054954528809, 'germany': 9.585527420043945, 'wave': 9.268274307250977, 'uk': 7.789853096008301, 'ellis': 7.582275390625, 'return': 6.2554121017456055, 'visa': 5.110622406005859, 'marty': 4.2823357582092285, 'bureau': 3.8812761306762695, 'gabriel': 3.0100045204162598, 'france': 1.318862795829773, 'argentina': 0.9593102335929871, 'scotland': 0.7524245381355286}",The Court had to answer whether Contracting States have an obligation to grant refugee status to an asylum-seeker who can establish that he/she has a well-founded fear of persecution for reasons of one or more of the Convention grounds of the 1951 Convention [thus falling under the scope of the inclusion clauses] where the risk of persecution is based on circumstances created by the applicant's ‘o
2,73,3963_chunk001,51,502.9755373878157,Emigration And Asylum Reporting 2019,"{'2019': 236.21148681640625, 'asylum': 217.61915588378906, 'emigration': 200.79653930664062, 'report': 181.41819763183594, 'reporting': 146.18228149414062, 'migration': 138.39036560058594, 'immigration': 136.71214294433594, 'emi': 109.94137573242188, 'exit': 101.1815185546875, 'refugee': 100.36161804199219, 'alien': 91.55460357666016, 'refugees': 89.50374603271484, '2020': 74.68132781982422, 'departure': 68.1322021484375, 'exile': 65.0140380859375, '19': 64.40552520751953, 'nationality': 63.84168243408203, 'russia': 61.62674331665039, 'reports': 60.34440994262695, 'deportation': 51.17997360229492, 'persecution': 49.67681121826172, 'population': 43.85198211669922, '2018': 43.36122131347656, 'settlement': 40.62385559082031, 'reported': 40.346805572509766, 'refuge': 38.6169548034668, 'statistics': 38.16427993774414, 'australia': 35.43043899536133, 'canada': 31.48084831237793, 'registration': 30.459243774414062, 'survey': 24.09679412841797, 'tax': 22.461036682128906, 'insurance': 19.24179458618164, 'international': 17.874279022216797, 'passport': 17.780790328979492, 'noah': 15.516620635986328, '%': 14.19682788848877, 'ireland': 12.986454010009766, 'retirement': 12.639766693115234, 'country': 12.316136360168457, 'hawkins': 11.003907203674316, 'and': 10.905592918395996, 'rate': 10.301054954528809, 'germany': 9.585527420043945, 'wave': 9.268274307250977, 'uk': 7.789853096008301, 'ellis': 7.582275390625, 'return': 6.2554121017456055, 'visa': 5.110622406005859, 'marty': 4.2823357582092285, 'bureau': 3.8812761306762695, 'gabriel': 3.0100045204162598, 'france': 1.318862795829773, 'argentina': 0.9593102335929871, 'scotland': 0.7524245381355286}","He left Iran for Turkey in 2015 (where he applied for asylum) and from there he travelled to Czechia in 2019. In support of his request, the..."
2,432,22_chunk000,52,498.22195490856893,Emigration And Asylum Reporting 2019,"{'2019': 236.21148681640625, 'asylum': 217.61915588378906, 'emigration': 200.79653930664062, 'report': 181.41819763183594, 'reporting': 146.18228149414062, 'migration': 138.39036560058594, 'immigration': 136.71214294433594, 'emi': 109.94137573242188, 'exit': 101.1815185546875, 'refugee': 100.36161804199219, 'alien': 91.55460357666016, 'refugees': 89.50374603271484, '2020': 74.68132781982422, 'departure': 68.1322021484375, 'exile': 65.0140380859375, '19': 64.40552520751953, 'nationality': 63.84168243408203, 'russia': 61.62674331665039, 'reports': 60.34440994262695, 'deportation': 51.17997360229492, 'persecution': 49.67681121826172, 'population': 43.85198211669922, '2018': 43.36122131347656, 'settlement': 40.62385559082031, 'reported': 40.346805572509766, 'refuge': 38.6169548034668, 'statistics': 38.16427993774414, 'australia': 35.43043899536133, 'canada': 31.48084831237793, 'registration': 30.459243774414062, 'survey': 24.09679412841797, 'tax': 22.461036682128906, 'insurance': 19.24179458618164, 'international': 17.874279022216797, 'passport': 17.780790328979492, 'noah': 15.516620635986328, '%': 14.19682788848877, 'ireland': 12.986454010009766, 'retirement': 12.639766693115234, 'country': 12.316136360168457, 'hawkins': 11.003907203674316, 'and': 10.905592918395996, 'rate': 10.301054954528809, 'germany': 9.585527420043945, 'wave': 9.268274307250977, 'uk': 7.789853096008301, 'ellis': 7.582275390625, 'return': 6.2554121017456055, 'visa': 5.110622406005859, 'marty': 4.2823357582092285, 'bureau': 3.8812761306762695, 'gabriel': 3.0100045204162598, 'france': 1.318862795829773, 'argentina': 0.9593102335929871, 'scotland': 0.7524245381355286}","The Finnish Immigration Service had rejected asylum seeker A's application for asylum and residence permit and decided to return him to his country of origin, Iraq. On 29 June 2017 A. requested permission to appeal the decision of the Administrative Court and to be granted international protection."
2,222,914_chunk000,53,497.838448601782,Emigration And Asylum Reporting 2019,"{'2019': 236.21148681640625, 'asylum': 217.61915588378906, 'emigration': 200.79653930664062, 'report': 181.41819763183594, 'reporting': 146.18228149414062, 'migration': 138.39036560058594, 'immigration': 136.71214294433594, 'emi': 109.94137573242188, 'exit': 101.1815185546875, 'refugee': 100.36161804199219, 'alien': 91.55460357666016, 'refugees': 89.50374603271484, '2020': 74.68132781982422, 'departure': 68.1322021484375, 'exile': 65.0140380859375, '19': 64.40552520751953, 'nationality': 63.84168243408203, 'russia': 61.62674331665039, 'reports': 60.34440994262695, 'deportation': 51.17997360229492, 'persecution': 49.67681121826172, 'population': 43.85198211669922, '2018': 43.36122131347656, 'settlement': 40.62385559082031, 'reported': 40.346805572509766, 'refuge': 38.6169548034668, 'statistics': 38.16427993774414, 'australia': 35.43043899536133, 'canada': 31.48084831237793, 'registration': 30.459243774414062, 'survey': 24.09679412841797, 'tax': 22.461036682128906, 'insurance': 19.24179458618164, 'international': 17.874279022216797, 'passport': 17.780790328979492, 'noah': 15.516620635986328, '%': 14.19682788848877, 'ireland': 12.986454010009766, 'retirement': 12.639766693115234, 'country': 12.316136360168457, 'hawkins': 11.003907203674316, 'and': 10.905592918395996, 'rate': 10.301054954528809, 'germany': 9.585527420043945, 'wave': 9.268274307250977, 'uk': 7.789853096008301, 'ellis': 7.582275390625, 'return': 6.2554121017456055, 'visa': 5.110622406005859, 'marty': 4.2823357582092285, 'bureau': 3.8812761306762695, 'gabriel': 3.0100045204162598, 'france': 1.318862795829773, 'argentina': 0.9593102335929871, 'scotland': 0.7524245381355286}",A. applied for asylum in Sweden in April 2015. The application was rejected and the applicant excluded from asylum for having committed crimes against humanity while working as a guard in Eritrea. An expulsion order had also been issued.
2,353,564_chunk000,54,492.7949869178039,Emigration And Asylum Reporting 2019,"{'2019': 236.21148681640625, 'asylum': 217.61915588378906, 'emigration': 200.79653930664062, 'report': 181.41819763183594, 'reporting': 146.18228149414062, 'migration': 138.39036560058594, 'immigration': 136.71214294433594, 'emi': 109.94137573242188, 'exit': 101.1815185546875, 'refugee': 100.36161804199219, 'alien': 91.55460357666016, 'refugees': 89.50374603271484, '2020': 74.68132781982422, 'departure': 68.1322021484375, 'exile': 65.0140380859375, '19': 64.40552520751953, 'nationality': 63.84168243408203, 'russia': 61.62674331665039, 'reports': 60.34440994262695, 'deportation': 51.17997360229492, 'persecution': 49.67681121826172, 'population': 43.85198211669922, '2018': 43.36122131347656, 'settlement': 40.62385559082031, 'reported': 40.346805572509766, 'refuge': 38.6169548034668, 'statistics': 38.16427993774414, 'australia': 35.43043899536133, 'canada': 31.48084831237793, 'registration': 30.459243774414062, 'survey': 24.09679412841797, 'tax': 22.461036682128906, 'insurance': 19.24179458618164, 'international': 17.874279022216797, 'passport': 17.780790328979492, 'noah': 15.516620635986328, '%': 14.19682788848877, 'ireland': 12.986454010009766, 'retirement': 12.639766693115234, 'country': 12.316136360168457, 'hawkins': 11.003907203674316, 'and': 10.905592918395996, 'rate': 10.301054954528809, 'germany': 9.585527420043945, 'wave': 9.268274307250977, 'uk': 7.789853096008301, 'ellis': 7.582275390625, 'return': 6.2554121017456055, 'visa': 5.110622406005859, 'marty': 4.2823357582092285, 'bureau': 3.8812761306762695, 'gabriel': 3.0100045204162598, 'france': 1.318862795829773, 'argentina': 0.9593102335929871, 'scotland': 0.7524245381355286}","By decision of 13 July 2016, the State Secretary declared an application from the foreign national to grant him a temporary asylum residence permit inadmissible."
2,372,547_chunk000,55,488.9427515563627,Emigration And Asylum Reporting 2019,"{'2019': 236.21148681640625, 'asylum': 217.61915588378906, 'emigration': 200.79653930664062, 'report': 181.41819763183594, 'reporting': 146.18228149414062, 'migration': 138.39036560058594, 'immigration': 136.71214294433594, 'emi': 109.94137573242188, 'exit': 101.1815185546875, 'refugee': 100.36161804199219, 'alien': 91.55460357666016, 'refugees': 89.50374603271484, '2020': 74.68132781982422, 'departure': 68.1322021484375, 'exile': 65.0140380859375, '19': 64.40552520751953, 'nationality': 63.84168243408203, 'russia': 61.62674331665039, 'reports': 60.34440994262695, 'deportation': 51.17997360229492, 'persecution': 49.67681121826172, 'population': 43.85198211669922, '2018': 43.36122131347656, 'settlement': 40.62385559082031, 'reported': 40.346805572509766, 'refuge': 38.6169548034668, 'statistics': 38.16427993774414, 'australia': 35.43043899536133, 'canada': 31.48084831237793, 'registration': 30.459243774414062, 'survey': 24.09679412841797, 'tax': 22.461036682128906, 'insurance': 19.24179458618164, 'international': 17.874279022216797, 'passport': 17.780790328979492, 'noah': 15.516620635986328, '%': 14.19682788848877, 'ireland': 12.986454010009766, 'retirement': 12.639766693115234, 'country': 12.316136360168457, 'hawkins': 11.003907203674316, 'and': 10.905592918395996, 'rate': 10.301054954528809, 'germany': 9.585527420043945, 'wave': 9.268274307250977, 'uk': 7.789853096008301, 'ellis': 7.582275390625, 'return': 6.2554121017456055, 'visa': 5.110622406005859, 'marty': 4.2823357582092285, 'bureau': 3.8812761306762695, 'gabriel': 3.0100045204162598, 'france': 1.318862795829773, 'argentina': 0.9593102335929871, 'scotland': 0.7524245381355286}","In response to a legal remedy filed against the Federal Office for Immigration and Asylum, the Supreme Administrative Court ruled that, in accordance with Art 13 para 1 of the Dublin III Regulation (604/2013), the Member State whose border an individual applying for international protection had crossed irregularly is responsible for examining that application (ruling in case Ra 2017/19/0169-9 of 5"
2,462,34_chunk000,56,486.7987577039384,Emigration And Asylum Reporting 2019,"{'2019': 236.21148681640625, 'asylum': 217.61915588378906, 'emigration': 200.79653930664062, 'report': 181.41819763183594, 'reporting': 146.18228149414062, 'migration': 138.39036560058594, 'immigration': 136.71214294433594, 'emi': 109.94137573242188, 'exit': 101.1815185546875, 'refugee': 100.36161804199219, 'alien': 91.55460357666016, 'refugees': 89.50374603271484, '2020': 74.68132781982422, 'departure': 68.1322021484375, 'exile': 65.0140380859375, '19': 64.40552520751953, 'nationality': 63.84168243408203, 'russia': 61.62674331665039, 'reports': 60.34440994262695, 'deportation': 51.17997360229492, 'persecution': 49.67681121826172, 'population': 43.85198211669922, '2018': 43.36122131347656, 'settlement': 40.62385559082031, 'reported': 40.346805572509766, 'refuge': 38.6169548034668, 'statistics': 38.16427993774414, 'australia': 35.43043899536133, 'canada': 31.48084831237793, 'registration': 30.459243774414062, 'survey': 24.09679412841797, 'tax': 22.461036682128906, 'insurance': 19.24179458618164, 'international': 17.874279022216797, 'passport': 17.780790328979492, 'noah': 15.516620635986328, '%': 14.19682788848877, 'ireland': 12.986454010009766, 'retirement': 12.639766693115234, 'country': 12.316136360168457, 'hawkins': 11.003907203674316, 'and': 10.905592918395996, 'rate': 10.301054954528809, 'germany': 9.585527420043945, 'wave': 9.268274307250977, 'uk': 7.789853096008301, 'ellis': 7.582275390625, 'return': 6.2554121017456055, 'visa': 5.110622406005859, 'marty': 4.2823357582092285, 'bureau': 3.8812761306762695, 'gabriel': 3.0100045204162598, 'france': 1.318862795829773, 'argentina': 0.9593102335929871, 'scotland': 0.7524245381355286}","On 14 September 2015, Mr Tsegezab Mengesteab, an Eritrean national, requested asylum in Munich (Germany) with the Government of Upper Bavaria, which issued to him, on the same day, a certificate of registration as an asylum seeker. On 22 July 2016, Mr Mengesteab was heard by the Bundesamt and was able to lodge an official application for asylum."
2,299,634_chunk000,57,486.5505273712619,Emigration And Asylum Reporting 2019,"{'2019': 236.21148681640625, 'asylum': 217.61915588378906, 'emigration': 200.79653930664062, 'report': 181.41819763183594, 'reporting': 146.18228149414062, 'migration': 138.39036560058594, 'immigration': 136.71214294433594, 'emi': 109.94137573242188, 'exit': 101.1815185546875, 'refugee': 100.36161804199219, 'alien': 91.55460357666016, 'refugees': 89.50374603271484, '2020': 74.68132781982422, 'departure': 68.1322021484375, 'exile': 65.0140380859375, '19': 64.40552520751953, 'nationality': 63.84168243408203, 'russia': 61.62674331665039, 'reports': 60.34440994262695, 'deportation': 51.17997360229492, 'persecution': 49.67681121826172, 'population': 43.85198211669922, '2018': 43.36122131347656, 'settlement': 40.62385559082031, 'reported': 40.346805572509766, 'refuge': 38.6169548034668, 'statistics': 38.16427993774414, 'australia': 35.43043899536133, 'canada': 31.48084831237793, 'registration': 30.459243774414062, 'survey': 24.09679412841797, 'tax': 22.461036682128906, 'insurance': 19.24179458618164, 'international': 17.874279022216797, 'passport': 17.780790328979492, 'noah': 15.516620635986328, '%': 14.19682788848877, 'ireland': 12.986454010009766, 'retirement': 12.639766693115234, 'country': 12.316136360168457, 'hawkins': 11.003907203674316, 'and': 10.905592918395996, 'rate': 10.301054954528809, 'germany': 9.585527420043945, 'wave': 9.268274307250977, 'uk': 7.789853096008301, 'ellis': 7.582275390625, 'return': 6.2554121017456055, 'visa': 5.110622406005859, 'marty': 4.2823357582092285, 'bureau': 3.8812761306762695, 'gabriel': 3.0100045204162598, 'france': 1.318862795829773, 'argentina': 0.9593102335929871, 'scotland': 0.7524245381355286}","As per EDAL, On 7 December 2018, the Superior Court of Madrid ruled that the Spanish authorities had to ensure that an asylum seeker transferred to Spain from Germany under the Dublin Regulation would have access to the reception system."
2,365,512_chunk000,58,483.94537980280364,Emigration And Asylum Reporting 2019,"{'2019': 236.21148681640625, 'asylum': 217.61915588378906, 'emigration': 200.79653930664062, 'report': 181.41819763183594, 'reporting': 146.18228149414062, 'migration': 138.39036560058594, 'immigration': 136.71214294433594, 'emi': 109.94137573242188, 'exit': 101.1815185546875, 'refugee': 100.36161804199219, 'alien': 91.55460357666016, 'refugees': 89.50374603271484, '2020': 74.68132781982422, 'departure': 68.1322021484375, 'exile': 65.0140380859375, '19': 64.40552520751953, 'nationality': 63.84168243408203, 'russia': 61.62674331665039, 'reports': 60.34440994262695, 'deportation': 51.17997360229492, 'persecution': 49.67681121826172, 'population': 43.85198211669922, '2018': 43.36122131347656, 'settlement': 40.62385559082031, 'reported': 40.346805572509766, 'refuge': 38.6169548034668, 'statistics': 38.16427993774414, 'australia': 35.43043899536133, 'canada': 31.48084831237793, 'registration': 30.459243774414062, 'survey': 24.09679412841797, 'tax': 22.461036682128906, 'insurance': 19.24179458618164, 'international': 17.874279022216797, 'passport': 17.780790328979492, 'noah': 15.516620635986328, '%': 14.19682788848877, 'ireland': 12.986454010009766, 'retirement': 12.639766693115234, 'country': 12.316136360168457, 'hawkins': 11.003907203674316, 'and': 10.905592918395996, 'rate': 10.301054954528809, 'germany': 9.585527420043945, 'wave': 9.268274307250977, 'uk': 7.789853096008301, 'ellis': 7.582275390625, 'return': 6.2554121017456055, 'visa': 5.110622406005859, 'marty': 4.2823357582092285, 'bureau': 3.8812761306762695, 'gabriel': 3.0100045204162598, 'france': 1.318862795829773, 'argentina': 0.9593102335929871, 'scotland': 0.7524245381355286}","The Supreme Court ruled that Article 31 of the 1951 Geneva Convention (stating no penalties for illegal entry if refugees arrive directly from a country where there are threats to their life or freedom, and they present themselves for the authorities without delay) did not preclude that an asylum seeker could be convicted for violation of an entry ban."
2,135,2508_chunk001,59,483.00993753534107,Emigration And Asylum Reporting 2019,"{'2019': 236.21148681640625, 'asylum': 217.61915588378906, 'emigration': 200.79653930664062, 'report': 181.41819763183594, 'reporting': 146.18228149414062, 'migration': 138.39036560058594, 'immigration': 136.71214294433594, 'emi': 109.94137573242188, 'exit': 101.1815185546875, 'refugee': 100.36161804199219, 'alien': 91.55460357666016, 'refugees': 89.50374603271484, '2020': 74.68132781982422, 'departure': 68.1322021484375, 'exile': 65.0140380859375, '19': 64.40552520751953, 'nationality': 63.84168243408203, 'russia': 61.62674331665039, 'reports': 60.34440994262695, 'deportation': 51.17997360229492, 'persecution': 49.67681121826172, 'population': 43.85198211669922, '2018': 43.36122131347656, 'settlement': 40.62385559082031, 'reported': 40.346805572509766, 'refuge': 38.6169548034668, 'statistics': 38.16427993774414, 'australia': 35.43043899536133, 'canada': 31.48084831237793, 'registration': 30.459243774414062, 'survey': 24.09679412841797, 'tax': 22.461036682128906, 'insurance': 19.24179458618164, 'international': 17.874279022216797, 'passport': 17.780790328979492, 'noah': 15.516620635986328, '%': 14.19682788848877, 'ireland': 12.986454010009766, 'retirement': 12.639766693115234, 'country': 12.316136360168457, 'hawkins': 11.003907203674316, 'and': 10.905592918395996, 'rate': 10.301054954528809, 'germany': 9.585527420043945, 'wave': 9.268274307250977, 'uk': 7.789853096008301, 'ellis': 7.582275390625, 'return': 6.2554121017456055, 'visa': 5.110622406005859, 'marty': 4.2823357582092285, 'bureau': 3.8812761306762695, 'gabriel': 3.0100045204162598, 'france': 1.318862795829773, 'argentina': 0.9593102335929871, 'scotland': 0.7524245381355286}",On 13 July 2018 the Federal Office and Foreigners Registration Office was informed that the applicant resided in a church asylum since 12 July 2018. By letter of...
2,56,4164_chunk000,60,480.7913274768048,Emigration And Asylum Reporting 2019,"{'2019': 236.21148681640625, 'asylum': 217.61915588378906, 'emigration': 200.79653930664062, 'report': 181.41819763183594, 'reporting': 146.18228149414062, 'migration': 138.39036560058594, 'immigration': 136.71214294433594, 'emi': 109.94137573242188, 'exit': 101.1815185546875, 'refugee': 100.36161804199219, 'alien': 91.55460357666016, 'refugees': 89.50374603271484, '2020': 74.68132781982422, 'departure': 68.1322021484375, 'exile': 65.0140380859375, '19': 64.40552520751953, 'nationality': 63.84168243408203, 'russia': 61.62674331665039, 'reports': 60.34440994262695, 'deportation': 51.17997360229492, 'persecution': 49.67681121826172, 'population': 43.85198211669922, '2018': 43.36122131347656, 'settlement': 40.62385559082031, 'reported': 40.346805572509766, 'refuge': 38.6169548034668, 'statistics': 38.16427993774414, 'australia': 35.43043899536133, 'canada': 31.48084831237793, 'registration': 30.459243774414062, 'survey': 24.09679412841797, 'tax': 22.461036682128906, 'insurance': 19.24179458618164, 'international': 17.874279022216797, 'passport': 17.780790328979492, 'noah': 15.516620635986328, '%': 14.19682788848877, 'ireland': 12.986454010009766, 'retirement': 12.639766693115234, 'country': 12.316136360168457, 'hawkins': 11.003907203674316, 'and': 10.905592918395996, 'rate': 10.301054954528809, 'germany': 9.585527420043945, 'wave': 9.268274307250977, 'uk': 7.789853096008301, 'ellis': 7.582275390625, 'return': 6.2554121017456055, 'visa': 5.110622406005859, 'marty': 4.2823357582092285, 'bureau': 3.8812761306762695, 'gabriel': 3.0100045204162598, 'france': 1.318862795829773, 'argentina': 0.9593102335929871, 'scotland': 0.7524245381355286}","VR arrived in Lithuania on 25 April 2022, with the assistance of Freedom House Foundation. He requested asylum in Lithuania after his visa for special humanitarian reasons had expired. In his asylum request, the applicant argued that he had a well-founded fear of being persecuted for his political beliefs."
2,108,3409_chunk000,61,480.56778288263365,Emigration And Asylum Reporting 2019,"{'2019': 236.21148681640625, 'asylum': 217.61915588378906, 'emigration': 200.79653930664062, 'report': 181.41819763183594, 'reporting': 146.18228149414062, 'migration': 138.39036560058594, 'immigration': 136.71214294433594, 'emi': 109.94137573242188, 'exit': 101.1815185546875, 'refugee': 100.36161804199219, 'alien': 91.55460357666016, 'refugees': 89.50374603271484, '2020': 74.68132781982422, 'departure': 68.1322021484375, 'exile': 65.0140380859375, '19': 64.40552520751953, 'nationality': 63.84168243408203, 'russia': 61.62674331665039, 'reports': 60.34440994262695, 'deportation': 51.17997360229492, 'persecution': 49.67681121826172, 'population': 43.85198211669922, '2018': 43.36122131347656, 'settlement': 40.62385559082031, 'reported': 40.346805572509766, 'refuge': 38.6169548034668, 'statistics': 38.16427993774414, 'australia': 35.43043899536133, 'canada': 31.48084831237793, 'registration': 30.459243774414062, 'survey': 24.09679412841797, 'tax': 22.461036682128906, 'insurance': 19.24179458618164, 'international': 17.874279022216797, 'passport': 17.780790328979492, 'noah': 15.516620635986328, '%': 14.19682788848877, 'ireland': 12.986454010009766, 'retirement': 12.639766693115234, 'country': 12.316136360168457, 'hawkins': 11.003907203674316, 'and': 10.905592918395996, 'rate': 10.301054954528809, 'germany': 9.585527420043945, 'wave': 9.268274307250977, 'uk': 7.789853096008301, 'ellis': 7.582275390625, 'return': 6.2554121017456055, 'visa': 5.110622406005859, 'marty': 4.2823357582092285, 'bureau': 3.8812761306762695, 'gabriel': 3.0100045204162598, 'france': 1.318862795829773, 'argentina': 0.9593102335929871, 'scotland': 0.7524245381355286}","The applicant contested a Dublin transfer to Lithuania, which was determined by the Federal Office for Migration and Refugees (BAMF) as the state responsible for the examination of the application based on Article 18(1)(b) of the Dublin III Regulation, as the applicant, according to documents submitted, applied for asylum in Lithuania."
2,165,958_chunk000,62,479.7451241014372,Emigration And Asylum Reporting 2019,"{'2019': 236.21148681640625, 'asylum': 217.61915588378906, 'emigration': 200.79653930664062, 'report': 181.41819763183594, 'reporting': 146.18228149414062, 'migration': 138.39036560058594, 'immigration': 136.71214294433594, 'emi': 109.94137573242188, 'exit': 101.1815185546875, 'refugee': 100.36161804199219, 'alien': 91.55460357666016, 'refugees': 89.50374603271484, '2020': 74.68132781982422, 'departure': 68.1322021484375, 'exile': 65.0140380859375, '19': 64.40552520751953, 'nationality': 63.84168243408203, 'russia': 61.62674331665039, 'reports': 60.34440994262695, 'deportation': 51.17997360229492, 'persecution': 49.67681121826172, 'population': 43.85198211669922, '2018': 43.36122131347656, 'settlement': 40.62385559082031, 'reported': 40.346805572509766, 'refuge': 38.6169548034668, 'statistics': 38.16427993774414, 'australia': 35.43043899536133, 'canada': 31.48084831237793, 'registration': 30.459243774414062, 'survey': 24.09679412841797, 'tax': 22.461036682128906, 'insurance': 19.24179458618164, 'international': 17.874279022216797, 'passport': 17.780790328979492, 'noah': 15.516620635986328, '%': 14.19682788848877, 'ireland': 12.986454010009766, 'retirement': 12.639766693115234, 'country': 12.316136360168457, 'hawkins': 11.003907203674316, 'and': 10.905592918395996, 'rate': 10.301054954528809, 'germany': 9.585527420043945, 'wave': 9.268274307250977, 'uk': 7.789853096008301, 'ellis': 7.582275390625, 'return': 6.2554121017456055, 'visa': 5.110622406005859, 'marty': 4.2823357582092285, 'bureau': 3.8812761306762695, 'gabriel': 3.0100045204162598, 'france': 1.318862795829773, 'argentina': 0.9593102335929871, 'scotland': 0.7524245381355286}","The appellants were Afghan nationals who arrived in Ireland in 2008. They lived in direct provision and had four children, three of whom were born in Ireland. The entire family applied for asylum in 2013. In December 2014, the Refugee Appeals Tribunal issued a decision declaring their youngest son to be a refugee and this was communicated to the family by letter dated 8 January 2015."
2,4,5889_chunk000,63,477.2140139907759,Emigration And Asylum Reporting 2019,"{'2019': 236.21148681640625, 'asylum': 217.61915588378906, 'emigration': 200.79653930664062, 'report': 181.41819763183594, 'reporting': 146.18228149414062, 'migration': 138.39036560058594, 'immigration': 136.71214294433594, 'emi': 109.94137573242188, 'exit': 101.1815185546875, 'refugee': 100.36161804199219, 'alien': 91.55460357666016, 'refugees': 89.50374603271484, '2020': 74.68132781982422, 'departure': 68.1322021484375, 'exile': 65.0140380859375, '19': 64.40552520751953, 'nationality': 63.84168243408203, 'russia': 61.62674331665039, 'reports': 60.34440994262695, 'deportation': 51.17997360229492, 'persecution': 49.67681121826172, 'population': 43.85198211669922, '2018': 43.36122131347656, 'settlement': 40.62385559082031, 'reported': 40.346805572509766, 'refuge': 38.6169548034668, 'statistics': 38.16427993774414, 'australia': 35.43043899536133, 'canada': 31.48084831237793, 'registration': 30.459243774414062, 'survey': 24.09679412841797, 'tax': 22.461036682128906, 'insurance': 19.24179458618164, 'international': 17.874279022216797, 'passport': 17.780790328979492, 'noah': 15.516620635986328, '%': 14.19682788848877, 'ireland': 12.986454010009766, 'retirement': 12.639766693115234, 'country': 12.316136360168457, 'hawkins': 11.003907203674316, 'and': 10.905592918395996, 'rate': 10.301054954528809, 'germany': 9.585527420043945, 'wave': 9.268274307250977, 'uk': 7.789853096008301, 'ellis': 7.582275390625, 'return': 6.2554121017456055, 'visa': 5.110622406005859, 'marty': 4.2823357582092285, 'bureau': 3.8812761306762695, 'gabriel': 3.0100045204162598, 'france': 1.318862795829773, 'argentina': 0.9593102335929871, 'scotland': 0.7524245381355286}","The applicants, F.S. and A.S., two brothers who fled Afghanistan after losing their parents in a bombing, travelled through Pakistan, Iran, Turkey, Bulgaria and Serbia before arriving in the Hungarian transit zone in Röszke on 24 October 2017. There, they were detained in a 5-person container on their own and applied for asylum."
2,104,3275_chunk000,64,476.5567762883605,Emigration And Asylum Reporting 2019,"{'2019': 236.21148681640625, 'asylum': 217.61915588378906, 'emigration': 200.79653930664062, 'report': 181.41819763183594, 'reporting': 146.18228149414062, 'migration': 138.39036560058594, 'immigration': 136.71214294433594, 'emi': 109.94137573242188, 'exit': 101.1815185546875, 'refugee': 100.36161804199219, 'alien': 91.55460357666016, 'refugees': 89.50374603271484, '2020': 74.68132781982422, 'departure': 68.1322021484375, 'exile': 65.0140380859375, '19': 64.40552520751953, 'nationality': 63.84168243408203, 'russia': 61.62674331665039, 'reports': 60.34440994262695, 'deportation': 51.17997360229492, 'persecution': 49.67681121826172, 'population': 43.85198211669922, '2018': 43.36122131347656, 'settlement': 40.62385559082031, 'reported': 40.346805572509766, 'refuge': 38.6169548034668, 'statistics': 38.16427993774414, 'australia': 35.43043899536133, 'canada': 31.48084831237793, 'registration': 30.459243774414062, 'survey': 24.09679412841797, 'tax': 22.461036682128906, 'insurance': 19.24179458618164, 'international': 17.874279022216797, 'passport': 17.780790328979492, 'noah': 15.516620635986328, '%': 14.19682788848877, 'ireland': 12.986454010009766, 'retirement': 12.639766693115234, 'country': 12.316136360168457, 'hawkins': 11.003907203674316, 'and': 10.905592918395996, 'rate': 10.301054954528809, 'germany': 9.585527420043945, 'wave': 9.268274307250977, 'uk': 7.789853096008301, 'ellis': 7.582275390625, 'return': 6.2554121017456055, 'visa': 5.110622406005859, 'marty': 4.2823357582092285, 'bureau': 3.8812761306762695, 'gabriel': 3.0100045204162598, 'france': 1.318862795829773, 'argentina': 0.9593102335929871, 'scotland': 0.7524245381355286}","The applicant, a Syrian national, applied for international protection on 2 October 2021 in Austria. As he had already applied for international protection in Malta in September 2021, the Federal Office for Immigration and Asylum (BFA) requested the Maltese authorities to take back the applicant, which Malta accepted."
2,232,1090_chunk000,65,471.9117355414642,Emigration And Asylum Reporting 2019,"{'2019': 236.21148681640625, 'asylum': 217.61915588378906, 'emigration': 200.79653930664062, 'report': 181.41819763183594, 'reporting': 146.18228149414062, 'migration': 138.39036560058594, 'immigration': 136.71214294433594, 'emi': 109.94137573242188, 'exit': 101.1815185546875, 'refugee': 100.36161804199219, 'alien': 91.55460357666016, 'refugees': 89.50374603271484, '2020': 74.68132781982422, 'departure': 68.1322021484375, 'exile': 65.0140380859375, '19': 64.40552520751953, 'nationality': 63.84168243408203, 'russia': 61.62674331665039, 'reports': 60.34440994262695, 'deportation': 51.17997360229492, 'persecution': 49.67681121826172, 'population': 43.85198211669922, '2018': 43.36122131347656, 'settlement': 40.62385559082031, 'reported': 40.346805572509766, 'refuge': 38.6169548034668, 'statistics': 38.16427993774414, 'australia': 35.43043899536133, 'canada': 31.48084831237793, 'registration': 30.459243774414062, 'survey': 24.09679412841797, 'tax': 22.461036682128906, 'insurance': 19.24179458618164, 'international': 17.874279022216797, 'passport': 17.780790328979492, 'noah': 15.516620635986328, '%': 14.19682788848877, 'ireland': 12.986454010009766, 'retirement': 12.639766693115234, 'country': 12.316136360168457, 'hawkins': 11.003907203674316, 'and': 10.905592918395996, 'rate': 10.301054954528809, 'germany': 9.585527420043945, 'wave': 9.268274307250977, 'uk': 7.789853096008301, 'ellis': 7.582275390625, 'return': 6.2554121017456055, 'visa': 5.110622406005859, 'marty': 4.2823357582092285, 'bureau': 3.8812761306762695, 'gabriel': 3.0100045204162598, 'france': 1.318862795829773, 'argentina': 0.9593102335929871, 'scotland': 0.7524245381355286}","The applicant, a Nigerian national, requested international protection after entering Austria on 21 September 2015. This application was rejected by decision of the Federal Office for Aliens and Asylum (BFA) on 31 October 2017. A return decision was issued against the applicant and it was not contested."
2,293,589_chunk000,66,471.22679448269173,Emigration And Asylum Reporting 2019,"{'2019': 236.21148681640625, 'asylum': 217.61915588378906, 'emigration': 200.79653930664062, 'report': 181.41819763183594, 'reporting': 146.18228149414062, 'migration': 138.39036560058594, 'immigration': 136.71214294433594, 'emi': 109.94137573242188, 'exit': 101.1815185546875, 'refugee': 100.36161804199219, 'alien': 91.55460357666016, 'refugees': 89.50374603271484, '2020': 74.68132781982422, 'departure': 68.1322021484375, 'exile': 65.0140380859375, '19': 64.40552520751953, 'nationality': 63.84168243408203, 'russia': 61.62674331665039, 'reports': 60.34440994262695, 'deportation': 51.17997360229492, 'persecution': 49.67681121826172, 'population': 43.85198211669922, '2018': 43.36122131347656, 'settlement': 40.62385559082031, 'reported': 40.346805572509766, 'refuge': 38.6169548034668, 'statistics': 38.16427993774414, 'australia': 35.43043899536133, 'canada': 31.48084831237793, 'registration': 30.459243774414062, 'survey': 24.09679412841797, 'tax': 22.461036682128906, 'insurance': 19.24179458618164, 'international': 17.874279022216797, 'passport': 17.780790328979492, 'noah': 15.516620635986328, '%': 14.19682788848877, 'ireland': 12.986454010009766, 'retirement': 12.639766693115234, 'country': 12.316136360168457, 'hawkins': 11.003907203674316, 'and': 10.905592918395996, 'rate': 10.301054954528809, 'germany': 9.585527420043945, 'wave': 9.268274307250977, 'uk': 7.789853096008301, 'ellis': 7.582275390625, 'return': 6.2554121017456055, 'visa': 5.110622406005859, 'marty': 4.2823357582092285, 'bureau': 3.8812761306762695, 'gabriel': 3.0100045204162598, 'france': 1.318862795829773, 'argentina': 0.9593102335929871, 'scotland': 0.7524245381355286}","I – Notification to the applicant for international protection, to account for the content of his statement, does not comply with the formalities required by Article 17 (1 and 2) of the Asylum law under which a written report, containing all the essential information regarding the case and to which the applicant can respond, must be drawn up."
2,117,3272_chunk001,67,461.57093049416346,Emigration And Asylum Reporting 2019,"{'2019': 236.21148681640625, 'asylum': 217.61915588378906, 'emigration': 200.79653930664062, 'report': 181.41819763183594, 'reporting': 146.18228149414062, 'migration': 138.39036560058594, 'immigration': 136.71214294433594, 'emi': 109.94137573242188, 'exit': 101.1815185546875, 'refugee': 100.36161804199219, 'alien': 91.55460357666016, 'refugees': 89.50374603271484, '2020': 74.68132781982422, 'departure': 68.1322021484375, 'exile': 65.0140380859375, '19': 64.40552520751953, 'nationality': 63.84168243408203, 'russia': 61.62674331665039, 'reports': 60.34440994262695, 'deportation': 51.17997360229492, 'persecution': 49.67681121826172, 'population': 43.85198211669922, '2018': 43.36122131347656, 'settlement': 40.62385559082031, 'reported': 40.346805572509766, 'refuge': 38.6169548034668, 'statistics': 38.16427993774414, 'australia': 35.43043899536133, 'canada': 31.48084831237793, 'registration': 30.459243774414062, 'survey': 24.09679412841797, 'tax': 22.461036682128906, 'insurance': 19.24179458618164, 'international': 17.874279022216797, 'passport': 17.780790328979492, 'noah': 15.516620635986328, '%': 14.19682788848877, 'ireland': 12.986454010009766, 'retirement': 12.639766693115234, 'country': 12.316136360168457, 'hawkins': 11.003907203674316, 'and': 10.905592918395996, 'rate': 10.301054954528809, 'germany': 9.585527420043945, 'wave': 9.268274307250977, 'uk': 7.789853096008301, 'ellis': 7.582275390625, 'return': 6.2554121017456055, 'visa': 5.110622406005859, 'marty': 4.2823357582092285, 'bureau': 3.8812761306762695, 'gabriel': 3.0100045204162598, 'france': 1.318862795829773, 'argentina': 0.9593102335929871, 'scotland': 0.7524245381355286}","The case concerned the accused monk B., who granted church asylum to A., from the Gaza strip, on 25 August 2020 and provided him accommodation and care with the knowledge that A. was a rejected asylum applicant.

A. applied for asylum on 22 April..."
2,53,4184_chunk001,68,461.2215604061626,Emigration And Asylum Reporting 2019,"{'2019': 236.21148681640625, 'asylum': 217.61915588378906, 'emigration': 200.79653930664062, 'report': 181.41819763183594, 'reporting': 146.18228149414062, 'migration': 138.39036560058594, 'immigration': 136.71214294433594, 'emi': 109.94137573242188, 'exit': 101.1815185546875, 'refugee': 100.36161804199219, 'alien': 91.55460357666016, 'refugees': 89.50374603271484, '2020': 74.68132781982422, 'departure': 68.1322021484375, 'exile': 65.0140380859375, '19': 64.40552520751953, 'nationality': 63.84168243408203, 'russia': 61.62674331665039, 'reports': 60.34440994262695, 'deportation': 51.17997360229492, 'persecution': 49.67681121826172, 'population': 43.85198211669922, '2018': 43.36122131347656, 'settlement': 40.62385559082031, 'reported': 40.346805572509766, 'refuge': 38.6169548034668, 'statistics': 38.16427993774414, 'australia': 35.43043899536133, 'canada': 31.48084831237793, 'registration': 30.459243774414062, 'survey': 24.09679412841797, 'tax': 22.461036682128906, 'insurance': 19.24179458618164, 'international': 17.874279022216797, 'passport': 17.780790328979492, 'noah': 15.516620635986328, '%': 14.19682788848877, 'ireland': 12.986454010009766, 'retirement': 12.639766693115234, 'country': 12.316136360168457, 'hawkins': 11.003907203674316, 'and': 10.905592918395996, 'rate': 10.301054954528809, 'germany': 9.585527420043945, 'wave': 9.268274307250977, 'uk': 7.789853096008301, 'ellis': 7.582275390625, 'return': 6.2554121017456055, 'visa': 5.110622406005859, 'marty': 4.2823357582092285, 'bureau': 3.8812761306762695, 'gabriel': 3.0100045204162598, 'france': 1.318862795829773, 'argentina': 0.9593102335929871, 'scotland': 0.7524245381355286}","The State Secretary for Justice and Security postponed the decision on her entry to the Netherlands and by decision of 29 March 2023, the State Secretary imposed a custodial measure for the duration of the processing of her asylum application in the border procedure (Article 6, third paragraph, of the Aliens Act 2000). The applicant..."
2,38,4036_chunk000,69,460.31654230261887,Emigration And Asylum Reporting 2019,"{'2019': 236.21148681640625, 'asylum': 217.61915588378906, 'emigration': 200.79653930664062, 'report': 181.41819763183594, 'reporting': 146.18228149414062, 'migration': 138.39036560058594, 'immigration': 136.71214294433594, 'emi': 109.94137573242188, 'exit': 101.1815185546875, 'refugee': 100.36161804199219, 'alien': 91.55460357666016, 'refugees': 89.50374603271484, '2020': 74.68132781982422, 'departure': 68.1322021484375, 'exile': 65.0140380859375, '19': 64.40552520751953, 'nationality': 63.84168243408203, 'russia': 61.62674331665039, 'reports': 60.34440994262695, 'deportation': 51.17997360229492, 'persecution': 49.67681121826172, 'population': 43.85198211669922, '2018': 43.36122131347656, 'settlement': 40.62385559082031, 'reported': 40.346805572509766, 'refuge': 38.6169548034668, 'statistics': 38.16427993774414, 'australia': 35.43043899536133, 'canada': 31.48084831237793, 'registration': 30.459243774414062, 'survey': 24.09679412841797, 'tax': 22.461036682128906, 'insurance': 19.24179458618164, 'international': 17.874279022216797, 'passport': 17.780790328979492, 'noah': 15.516620635986328, '%': 14.19682788848877, 'ireland': 12.986454010009766, 'retirement': 12.639766693115234, 'country': 12.316136360168457, 'hawkins': 11.003907203674316, 'and': 10.905592918395996, 'rate': 10.301054954528809, 'germany': 9.585527420043945, 'wave': 9.268274307250977, 'uk': 7.789853096008301, 'ellis': 7.582275390625, 'return': 6.2554121017456055, 'visa': 5.110622406005859, 'marty': 4.2823357582092285, 'bureau': 3.8812761306762695, 'gabriel': 3.0100045204162598, 'france': 1.318862795829773, 'argentina': 0.9593102335929871, 'scotland': 0.7524245381355286}",The case concerned an application for asylum submitted by an applicant from Iraq and for which the Finnish Immigration Service considered that he had a well-founded fear of persecution based on religious grounds but excluded him from protection for alleged commission of a serious non-political crime.
2,490,56_chunk000,70,460.00779929470576,Emigration And Asylum Reporting 2019,"{'2019': 236.21148681640625, 'asylum': 217.61915588378906, 'emigration': 200.79653930664062, 'report': 181.41819763183594, 'reporting': 146.18228149414062, 'migration': 138.39036560058594, 'immigration': 136.71214294433594, 'emi': 109.94137573242188, 'exit': 101.1815185546875, 'refugee': 100.36161804199219, 'alien': 91.55460357666016, 'refugees': 89.50374603271484, '2020': 74.68132781982422, 'departure': 68.1322021484375, 'exile': 65.0140380859375, '19': 64.40552520751953, 'nationality': 63.84168243408203, 'russia': 61.62674331665039, 'reports': 60.34440994262695, 'deportation': 51.17997360229492, 'persecution': 49.67681121826172, 'population': 43.85198211669922, '2018': 43.36122131347656, 'settlement': 40.62385559082031, 'reported': 40.346805572509766, 'refuge': 38.6169548034668, 'statistics': 38.16427993774414, 'australia': 35.43043899536133, 'canada': 31.48084831237793, 'registration': 30.459243774414062, 'survey': 24.09679412841797, 'tax': 22.461036682128906, 'insurance': 19.24179458618164, 'international': 17.874279022216797, 'passport': 17.780790328979492, 'noah': 15.516620635986328, '%': 14.19682788848877, 'ireland': 12.986454010009766, 'retirement': 12.639766693115234, 'country': 12.316136360168457, 'hawkins': 11.003907203674316, 'and': 10.905592918395996, 'rate': 10.301054954528809, 'germany': 9.585527420043945, 'wave': 9.268274307250977, 'uk': 7.789853096008301, 'ellis': 7.582275390625, 'return': 6.2554121017456055, 'visa': 5.110622406005859, 'marty': 4.2823357582092285, 'bureau': 3.8812761306762695, 'gabriel': 3.0100045204162598, 'france': 1.318862795829773, 'argentina': 0.9593102335929871, 'scotland': 0.7524245381355286}",The applicants were two Albanian asylum seekers who challenged the decision of the Refugee Appeals Tribunal upholding the decision of the Office of the Refugee Applications Commissioner that the United Kingdom was the member state responsible for determining their applications for asylum.
2,132,2507_chunk000,71,459.6044911397557,Emigration And Asylum Reporting 2019,"{'2019': 236.21148681640625, 'asylum': 217.61915588378906, 'emigration': 200.79653930664062, 'report': 181.41819763183594, 'reporting': 146.18228149414062, 'migration': 138.39036560058594, 'immigration': 136.71214294433594, 'emi': 109.94137573242188, 'exit': 101.1815185546875, 'refugee': 100.36161804199219, 'alien': 91.55460357666016, 'refugees': 89.50374603271484, '2020': 74.68132781982422, 'departure': 68.1322021484375, 'exile': 65.0140380859375, '19': 64.40552520751953, 'nationality': 63.84168243408203, 'russia': 61.62674331665039, 'reports': 60.34440994262695, 'deportation': 51.17997360229492, 'persecution': 49.67681121826172, 'population': 43.85198211669922, '2018': 43.36122131347656, 'settlement': 40.62385559082031, 'reported': 40.346805572509766, 'refuge': 38.6169548034668, 'statistics': 38.16427993774414, 'australia': 35.43043899536133, 'canada': 31.48084831237793, 'registration': 30.459243774414062, 'survey': 24.09679412841797, 'tax': 22.461036682128906, 'insurance': 19.24179458618164, 'international': 17.874279022216797, 'passport': 17.780790328979492, 'noah': 15.516620635986328, '%': 14.19682788848877, 'ireland': 12.986454010009766, 'retirement': 12.639766693115234, 'country': 12.316136360168457, 'hawkins': 11.003907203674316, 'and': 10.905592918395996, 'rate': 10.301054954528809, 'germany': 9.585527420043945, 'wave': 9.268274307250977, 'uk': 7.789853096008301, 'ellis': 7.582275390625, 'return': 6.2554121017456055, 'visa': 5.110622406005859, 'marty': 4.2823357582092285, 'bureau': 3.8812761306762695, 'gabriel': 3.0100045204162598, 'france': 1.318862795829773, 'argentina': 0.9593102335929871, 'scotland': 0.7524245381355286}","The case concerned an Afghan applicant who contested an inadmissible decision based on Paragraph 29(1)(1)(a) of the AsylG because he had previously applied for asylum in Denmark. The Danish authorities agreed to a readmission on 9 November 2017, and the BAMF ordered the transfer and found no prohibition for the deportation."
2,52,4184_chunk000,72,456.8370007763424,Emigration And Asylum Reporting 2019,"{'2019': 236.21148681640625, 'asylum': 217.61915588378906, 'emigration': 200.79653930664062, 'report': 181.41819763183594, 'reporting': 146.18228149414062, 'migration': 138.39036560058594, 'immigration': 136.71214294433594, 'emi': 109.94137573242188, 'exit': 101.1815185546875, 'refugee': 100.36161804199219, 'alien': 91.55460357666016, 'refugees': 89.50374603271484, '2020': 74.68132781982422, 'departure': 68.1322021484375, 'exile': 65.0140380859375, '19': 64.40552520751953, 'nationality': 63.84168243408203, 'russia': 61.62674331665039, 'reports': 60.34440994262695, 'deportation': 51.17997360229492, 'persecution': 49.67681121826172, 'population': 43.85198211669922, '2018': 43.36122131347656, 'settlement': 40.62385559082031, 'reported': 40.346805572509766, 'refuge': 38.6169548034668, 'statistics': 38.16427993774414, 'australia': 35.43043899536133, 'canada': 31.48084831237793, 'registration': 30.459243774414062, 'survey': 24.09679412841797, 'tax': 22.461036682128906, 'insurance': 19.24179458618164, 'international': 17.874279022216797, 'passport': 17.780790328979492, 'noah': 15.516620635986328, '%': 14.19682788848877, 'ireland': 12.986454010009766, 'retirement': 12.639766693115234, 'country': 12.316136360168457, 'hawkins': 11.003907203674316, 'and': 10.905592918395996, 'rate': 10.301054954528809, 'germany': 9.585527420043945, 'wave': 9.268274307250977, 'uk': 7.789853096008301, 'ellis': 7.582275390625, 'return': 6.2554121017456055, 'visa': 5.110622406005859, 'marty': 4.2823357582092285, 'bureau': 3.8812761306762695, 'gabriel': 3.0100045204162598, 'france': 1.318862795829773, 'argentina': 0.9593102335929871, 'scotland': 0.7524245381355286}",A third country national arrived at Schiphol Airport on 28 March 2023 and she submitted an asylum application the next day.
2,217,983_chunk001,73,455.5134428030589,Emigration And Asylum Reporting 2019,"{'2019': 236.21148681640625, 'asylum': 217.61915588378906, 'emigration': 200.79653930664062, 'report': 181.41819763183594, 'reporting': 146.18228149414062, 'migration': 138.39036560058594, 'immigration': 136.71214294433594, 'emi': 109.94137573242188, 'exit': 101.1815185546875, 'refugee': 100.36161804199219, 'alien': 91.55460357666016, 'refugees': 89.50374603271484, '2020': 74.68132781982422, 'departure': 68.1322021484375, 'exile': 65.0140380859375, '19': 64.40552520751953, 'nationality': 63.84168243408203, 'russia': 61.62674331665039, 'reports': 60.34440994262695, 'deportation': 51.17997360229492, 'persecution': 49.67681121826172, 'population': 43.85198211669922, '2018': 43.36122131347656, 'settlement': 40.62385559082031, 'reported': 40.346805572509766, 'refuge': 38.6169548034668, 'statistics': 38.16427993774414, 'australia': 35.43043899536133, 'canada': 31.48084831237793, 'registration': 30.459243774414062, 'survey': 24.09679412841797, 'tax': 22.461036682128906, 'insurance': 19.24179458618164, 'international': 17.874279022216797, 'passport': 17.780790328979492, 'noah': 15.516620635986328, '%': 14.19682788848877, 'ireland': 12.986454010009766, 'retirement': 12.639766693115234, 'country': 12.316136360168457, 'hawkins': 11.003907203674316, 'and': 10.905592918395996, 'rate': 10.301054954528809, 'germany': 9.585527420043945, 'wave': 9.268274307250977, 'uk': 7.789853096008301, 'ellis': 7.582275390625, 'return': 6.2554121017456055, 'visa': 5.110622406005859, 'marty': 4.2823357582092285, 'bureau': 3.8812761306762695, 'gabriel': 3.0100045204162598, 'france': 1.318862795829773, 'argentina': 0.9593102335929871, 'scotland': 0.7524245381355286}","The Council notes that it nevertheless emerges sufficiently from the judgment [CJEU, judgment of 14 May 2019]- which the defendant does not fail to point out in its observation note - that the Court stated, at the very least, that the use, in the French version, of the terms ""exclusion from the status of refugee"" referred to in..."
2,474,198_chunk000,74,449.53344108112753,Emigration And Asylum Reporting 2019,"{'2019': 236.21148681640625, 'asylum': 217.61915588378906, 'emigration': 200.79653930664062, 'report': 181.41819763183594, 'reporting': 146.18228149414062, 'migration': 138.39036560058594, 'immigration': 136.71214294433594, 'emi': 109.94137573242188, 'exit': 101.1815185546875, 'refugee': 100.36161804199219, 'alien': 91.55460357666016, 'refugees': 89.50374603271484, '2020': 74.68132781982422, 'departure': 68.1322021484375, 'exile': 65.0140380859375, '19': 64.40552520751953, 'nationality': 63.84168243408203, 'russia': 61.62674331665039, 'reports': 60.34440994262695, 'deportation': 51.17997360229492, 'persecution': 49.67681121826172, 'population': 43.85198211669922, '2018': 43.36122131347656, 'settlement': 40.62385559082031, 'reported': 40.346805572509766, 'refuge': 38.6169548034668, 'statistics': 38.16427993774414, 'australia': 35.43043899536133, 'canada': 31.48084831237793, 'registration': 30.459243774414062, 'survey': 24.09679412841797, 'tax': 22.461036682128906, 'insurance': 19.24179458618164, 'international': 17.874279022216797, 'passport': 17.780790328979492, 'noah': 15.516620635986328, '%': 14.19682788848877, 'ireland': 12.986454010009766, 'retirement': 12.639766693115234, 'country': 12.316136360168457, 'hawkins': 11.003907203674316, 'and': 10.905592918395996, 'rate': 10.301054954528809, 'germany': 9.585527420043945, 'wave': 9.268274307250977, 'uk': 7.789853096008301, 'ellis': 7.582275390625, 'return': 6.2554121017456055, 'visa': 5.110622406005859, 'marty': 4.2823357582092285, 'bureau': 3.8812761306762695, 'gabriel': 3.0100045204162598, 'france': 1.318862795829773, 'argentina': 0.9593102335929871, 'scotland': 0.7524245381355286}",The applicant had previously applied for asylum in the UK. He appealed unsuccessfully to the Tribunal the decision of the Refugee Applications Commissioner that he be transferred to the UK under Dublin III.
2,305,554_chunk000,75,448.4663603976211,Emigration And Asylum Reporting 2019,"{'2019': 236.21148681640625, 'asylum': 217.61915588378906, 'emigration': 200.79653930664062, 'report': 181.41819763183594, 'reporting': 146.18228149414062, 'migration': 138.39036560058594, 'immigration': 136.71214294433594, 'emi': 109.94137573242188, 'exit': 101.1815185546875, 'refugee': 100.36161804199219, 'alien': 91.55460357666016, 'refugees': 89.50374603271484, '2020': 74.68132781982422, 'departure': 68.1322021484375, 'exile': 65.0140380859375, '19': 64.40552520751953, 'nationality': 63.84168243408203, 'russia': 61.62674331665039, 'reports': 60.34440994262695, 'deportation': 51.17997360229492, 'persecution': 49.67681121826172, 'population': 43.85198211669922, '2018': 43.36122131347656, 'settlement': 40.62385559082031, 'reported': 40.346805572509766, 'refuge': 38.6169548034668, 'statistics': 38.16427993774414, 'australia': 35.43043899536133, 'canada': 31.48084831237793, 'registration': 30.459243774414062, 'survey': 24.09679412841797, 'tax': 22.461036682128906, 'insurance': 19.24179458618164, 'international': 17.874279022216797, 'passport': 17.780790328979492, 'noah': 15.516620635986328, '%': 14.19682788848877, 'ireland': 12.986454010009766, 'retirement': 12.639766693115234, 'country': 12.316136360168457, 'hawkins': 11.003907203674316, 'and': 10.905592918395996, 'rate': 10.301054954528809, 'germany': 9.585527420043945, 'wave': 9.268274307250977, 'uk': 7.789853096008301, 'ellis': 7.582275390625, 'return': 6.2554121017456055, 'visa': 5.110622406005859, 'marty': 4.2823357582092285, 'bureau': 3.8812761306762695, 'gabriel': 3.0100045204162598, 'france': 1.318862795829773, 'argentina': 0.9593102335929871, 'scotland': 0.7524245381355286}","Appeal against case no. 16/23224 of the Court of The Hague issued on the 1st June 2017. By decision of 10 October 2016, the State Secretary rejected an application from the foreign national to grant her a temporary asylum residence permit and issued an entry ban against her. By judgment of 1 June 2017, the court dismissed the appeal against this decision by the foreign national as unfounded."
2,92,3427_chunk000,76,447.8597891388745,Emigration And Asylum Reporting 2019,"{'2019': 236.21148681640625, 'asylum': 217.61915588378906, 'emigration': 200.79653930664062, 'report': 181.41819763183594, 'reporting': 146.18228149414062, 'migration': 138.39036560058594, 'immigration': 136.71214294433594, 'emi': 109.94137573242188, 'exit': 101.1815185546875, 'refugee': 100.36161804199219, 'alien': 91.55460357666016, 'refugees': 89.50374603271484, '2020': 74.68132781982422, 'departure': 68.1322021484375, 'exile': 65.0140380859375, '19': 64.40552520751953, 'nationality': 63.84168243408203, 'russia': 61.62674331665039, 'reports': 60.34440994262695, 'deportation': 51.17997360229492, 'persecution': 49.67681121826172, 'population': 43.85198211669922, '2018': 43.36122131347656, 'settlement': 40.62385559082031, 'reported': 40.346805572509766, 'refuge': 38.6169548034668, 'statistics': 38.16427993774414, 'australia': 35.43043899536133, 'canada': 31.48084831237793, 'registration': 30.459243774414062, 'survey': 24.09679412841797, 'tax': 22.461036682128906, 'insurance': 19.24179458618164, 'international': 17.874279022216797, 'passport': 17.780790328979492, 'noah': 15.516620635986328, '%': 14.19682788848877, 'ireland': 12.986454010009766, 'retirement': 12.639766693115234, 'country': 12.316136360168457, 'hawkins': 11.003907203674316, 'and': 10.905592918395996, 'rate': 10.301054954528809, 'germany': 9.585527420043945, 'wave': 9.268274307250977, 'uk': 7.789853096008301, 'ellis': 7.582275390625, 'return': 6.2554121017456055, 'visa': 5.110622406005859, 'marty': 4.2823357582092285, 'bureau': 3.8812761306762695, 'gabriel': 3.0100045204162598, 'france': 1.318862795829773, 'argentina': 0.9593102335929871, 'scotland': 0.7524245381355286}","The applicant, an Iranian national, of Azerbaijani origin and Christian, entered Germany on 23 January 2016. On 11 May 2016, the person applied for international protection with the Federal Office for Migration and Refugees (BAMF). BAMF rejected the application by decision of 30 January 2017 and did not provide any prohibition to deportation."
2,76,3276_chunk000,77,445.88941712220793,Emigration And Asylum Reporting 2019,"{'2019': 236.21148681640625, 'asylum': 217.61915588378906, 'emigration': 200.79653930664062, 'report': 181.41819763183594, 'reporting': 146.18228149414062, 'migration': 138.39036560058594, 'immigration': 136.71214294433594, 'emi': 109.94137573242188, 'exit': 101.1815185546875, 'refugee': 100.36161804199219, 'alien': 91.55460357666016, 'refugees': 89.50374603271484, '2020': 74.68132781982422, 'departure': 68.1322021484375, 'exile': 65.0140380859375, '19': 64.40552520751953, 'nationality': 63.84168243408203, 'russia': 61.62674331665039, 'reports': 60.34440994262695, 'deportation': 51.17997360229492, 'persecution': 49.67681121826172, 'population': 43.85198211669922, '2018': 43.36122131347656, 'settlement': 40.62385559082031, 'reported': 40.346805572509766, 'refuge': 38.6169548034668, 'statistics': 38.16427993774414, 'australia': 35.43043899536133, 'canada': 31.48084831237793, 'registration': 30.459243774414062, 'survey': 24.09679412841797, 'tax': 22.461036682128906, 'insurance': 19.24179458618164, 'international': 17.874279022216797, 'passport': 17.780790328979492, 'noah': 15.516620635986328, '%': 14.19682788848877, 'ireland': 12.986454010009766, 'retirement': 12.639766693115234, 'country': 12.316136360168457, 'hawkins': 11.003907203674316, 'and': 10.905592918395996, 'rate': 10.301054954528809, 'germany': 9.585527420043945, 'wave': 9.268274307250977, 'uk': 7.789853096008301, 'ellis': 7.582275390625, 'return': 6.2554121017456055, 'visa': 5.110622406005859, 'marty': 4.2823357582092285, 'bureau': 3.8812761306762695, 'gabriel': 3.0100045204162598, 'france': 1.318862795829773, 'argentina': 0.9593102335929871, 'scotland': 0.7524245381355286}","On 12 January 2023, the Rome Tribunal confirmed its previous case law of 13 October 2022, and annulled a Dublin transfer to Romania according to Article 3(2) of the Dublin Regulation and to Article 4 of the EU Charter of Fundamental Rights of the European Union, considering that there are systemic deficiencies in the asylum system."
2,514,181_chunk001,78,445.8802454386988,Emigration And Asylum Reporting 2019,"{'2019': 236.21148681640625, 'asylum': 217.61915588378906, 'emigration': 200.79653930664062, 'report': 181.41819763183594, 'reporting': 146.18228149414062, 'migration': 138.39036560058594, 'immigration': 136.71214294433594, 'emi': 109.94137573242188, 'exit': 101.1815185546875, 'refugee': 100.36161804199219, 'alien': 91.55460357666016, 'refugees': 89.50374603271484, '2020': 74.68132781982422, 'departure': 68.1322021484375, 'exile': 65.0140380859375, '19': 64.40552520751953, 'nationality': 63.84168243408203, 'russia': 61.62674331665039, 'reports': 60.34440994262695, 'deportation': 51.17997360229492, 'persecution': 49.67681121826172, 'population': 43.85198211669922, '2018': 43.36122131347656, 'settlement': 40.62385559082031, 'reported': 40.346805572509766, 'refuge': 38.6169548034668, 'statistics': 38.16427993774414, 'australia': 35.43043899536133, 'canada': 31.48084831237793, 'registration': 30.459243774414062, 'survey': 24.09679412841797, 'tax': 22.461036682128906, 'insurance': 19.24179458618164, 'international': 17.874279022216797, 'passport': 17.780790328979492, 'noah': 15.516620635986328, '%': 14.19682788848877, 'ireland': 12.986454010009766, 'retirement': 12.639766693115234, 'country': 12.316136360168457, 'hawkins': 11.003907203674316, 'and': 10.905592918395996, 'rate': 10.301054954528809, 'germany': 9.585527420043945, 'wave': 9.268274307250977, 'uk': 7.789853096008301, 'ellis': 7.582275390625, 'return': 6.2554121017456055, 'visa': 5.110622406005859, 'marty': 4.2823357582092285, 'bureau': 3.8812761306762695, 'gabriel': 3.0100045204162598, 'france': 1.318862795829773, 'argentina': 0.9593102335929871, 'scotland': 0.7524245381355286}","However, it is recognized that individuals fleeing persecution may have to resort to the use of false papers to make good their escape. Therefore, under section 31 of the Immigration and Asylum Act 1999..."
2,286,954_chunk000,79,445.27429525897696,Emigration And Asylum Reporting 2019,"{'2019': 236.21148681640625, 'asylum': 217.61915588378906, 'emigration': 200.79653930664062, 'report': 181.41819763183594, 'reporting': 146.18228149414062, 'migration': 138.39036560058594, 'immigration': 136.71214294433594, 'emi': 109.94137573242188, 'exit': 101.1815185546875, 'refugee': 100.36161804199219, 'alien': 91.55460357666016, 'refugees': 89.50374603271484, '2020': 74.68132781982422, 'departure': 68.1322021484375, 'exile': 65.0140380859375, '19': 64.40552520751953, 'nationality': 63.84168243408203, 'russia': 61.62674331665039, 'reports': 60.34440994262695, 'deportation': 51.17997360229492, 'persecution': 49.67681121826172, 'population': 43.85198211669922, '2018': 43.36122131347656, 'settlement': 40.62385559082031, 'reported': 40.346805572509766, 'refuge': 38.6169548034668, 'statistics': 38.16427993774414, 'australia': 35.43043899536133, 'canada': 31.48084831237793, 'registration': 30.459243774414062, 'survey': 24.09679412841797, 'tax': 22.461036682128906, 'insurance': 19.24179458618164, 'international': 17.874279022216797, 'passport': 17.780790328979492, 'noah': 15.516620635986328, '%': 14.19682788848877, 'ireland': 12.986454010009766, 'retirement': 12.639766693115234, 'country': 12.316136360168457, 'hawkins': 11.003907203674316, 'and': 10.905592918395996, 'rate': 10.301054954528809, 'germany': 9.585527420043945, 'wave': 9.268274307250977, 'uk': 7.789853096008301, 'ellis': 7.582275390625, 'return': 6.2554121017456055, 'visa': 5.110622406005859, 'marty': 4.2823357582092285, 'bureau': 3.8812761306762695, 'gabriel': 3.0100045204162598, 'france': 1.318862795829773, 'argentina': 0.9593102335929871, 'scotland': 0.7524245381355286}",The applicants were an Albanian mother and her two daughters whose applications for asylum were refused by the Refugee Applications Commissioner.
2,274,647_chunk000,80,442.3479496151684,Emigration And Asylum Reporting 2019,"{'2019': 236.21148681640625, 'asylum': 217.61915588378906, 'emigration': 200.79653930664062, 'report': 181.41819763183594, 'reporting': 146.18228149414062, 'migration': 138.39036560058594, 'immigration': 136.71214294433594, 'emi': 109.94137573242188, 'exit': 101.1815185546875, 'refugee': 100.36161804199219, 'alien': 91.55460357666016, 'refugees': 89.50374603271484, '2020': 74.68132781982422, 'departure': 68.1322021484375, 'exile': 65.0140380859375, '19': 64.40552520751953, 'nationality': 63.84168243408203, 'russia': 61.62674331665039, 'reports': 60.34440994262695, 'deportation': 51.17997360229492, 'persecution': 49.67681121826172, 'population': 43.85198211669922, '2018': 43.36122131347656, 'settlement': 40.62385559082031, 'reported': 40.346805572509766, 'refuge': 38.6169548034668, 'statistics': 38.16427993774414, 'australia': 35.43043899536133, 'canada': 31.48084831237793, 'registration': 30.459243774414062, 'survey': 24.09679412841797, 'tax': 22.461036682128906, 'insurance': 19.24179458618164, 'international': 17.874279022216797, 'passport': 17.780790328979492, 'noah': 15.516620635986328, '%': 14.19682788848877, 'ireland': 12.986454010009766, 'retirement': 12.639766693115234, 'country': 12.316136360168457, 'hawkins': 11.003907203674316, 'and': 10.905592918395996, 'rate': 10.301054954528809, 'germany': 9.585527420043945, 'wave': 9.268274307250977, 'uk': 7.789853096008301, 'ellis': 7.582275390625, 'return': 6.2554121017456055, 'visa': 5.110622406005859, 'marty': 4.2823357582092285, 'bureau': 3.8812761306762695, 'gabriel': 3.0100045204162598, 'france': 1.318862795829773, 'argentina': 0.9593102335929871, 'scotland': 0.7524245381355286}","According to EDAL, On 14 February, the Administrative Tribunal of Paris ruled in an urgent procedure regarding practical complications in the registration of asylum applications in the Île-de-France region."
2,366,512_chunk001,81,439.19674372144317,Emigration And Asylum Reporting 2019,"{'2019': 236.21148681640625, 'asylum': 217.61915588378906, 'emigration': 200.79653930664062, 'report': 181.41819763183594, 'reporting': 146.18228149414062, 'migration': 138.39036560058594, 'immigration': 136.71214294433594, 'emi': 109.94137573242188, 'exit': 101.1815185546875, 'refugee': 100.36161804199219, 'alien': 91.55460357666016, 'refugees': 89.50374603271484, '2020': 74.68132781982422, 'departure': 68.1322021484375, 'exile': 65.0140380859375, '19': 64.40552520751953, 'nationality': 63.84168243408203, 'russia': 61.62674331665039, 'reports': 60.34440994262695, 'deportation': 51.17997360229492, 'persecution': 49.67681121826172, 'population': 43.85198211669922, '2018': 43.36122131347656, 'settlement': 40.62385559082031, 'reported': 40.346805572509766, 'refuge': 38.6169548034668, 'statistics': 38.16427993774414, 'australia': 35.43043899536133, 'canada': 31.48084831237793, 'registration': 30.459243774414062, 'survey': 24.09679412841797, 'tax': 22.461036682128906, 'insurance': 19.24179458618164, 'international': 17.874279022216797, 'passport': 17.780790328979492, 'noah': 15.516620635986328, '%': 14.19682788848877, 'ireland': 12.986454010009766, 'retirement': 12.639766693115234, 'country': 12.316136360168457, 'hawkins': 11.003907203674316, 'and': 10.905592918395996, 'rate': 10.301054954528809, 'germany': 9.585527420043945, 'wave': 9.268274307250977, 'uk': 7.789853096008301, 'ellis': 7.582275390625, 'return': 6.2554121017456055, 'visa': 5.110622406005859, 'marty': 4.2823357582092285, 'bureau': 3.8812761306762695, 'gabriel': 3.0100045204162598, 'france': 1.318862795829773, 'argentina': 0.9593102335929871, 'scotland': 0.7524245381355286}","An asylum seeker from Afghanistan had been expelled and issued with a five year entry ban to Norway in 2012, due to not leaving the country..."
2,205,928_chunk000,82,439.06378329517906,Emigration And Asylum Reporting 2019,"{'2019': 236.21148681640625, 'asylum': 217.61915588378906, 'emigration': 200.79653930664062, 'report': 181.41819763183594, 'reporting': 146.18228149414062, 'migration': 138.39036560058594, 'immigration': 136.71214294433594, 'emi': 109.94137573242188, 'exit': 101.1815185546875, 'refugee': 100.36161804199219, 'alien': 91.55460357666016, 'refugees': 89.50374603271484, '2020': 74.68132781982422, 'departure': 68.1322021484375, 'exile': 65.0140380859375, '19': 64.40552520751953, 'nationality': 63.84168243408203, 'russia': 61.62674331665039, 'reports': 60.34440994262695, 'deportation': 51.17997360229492, 'persecution': 49.67681121826172, 'population': 43.85198211669922, '2018': 43.36122131347656, 'settlement': 40.62385559082031, 'reported': 40.346805572509766, 'refuge': 38.6169548034668, 'statistics': 38.16427993774414, 'australia': 35.43043899536133, 'canada': 31.48084831237793, 'registration': 30.459243774414062, 'survey': 24.09679412841797, 'tax': 22.461036682128906, 'insurance': 19.24179458618164, 'international': 17.874279022216797, 'passport': 17.780790328979492, 'noah': 15.516620635986328, '%': 14.19682788848877, 'ireland': 12.986454010009766, 'retirement': 12.639766693115234, 'country': 12.316136360168457, 'hawkins': 11.003907203674316, 'and': 10.905592918395996, 'rate': 10.301054954528809, 'germany': 9.585527420043945, 'wave': 9.268274307250977, 'uk': 7.789853096008301, 'ellis': 7.582275390625, 'return': 6.2554121017456055, 'visa': 5.110622406005859, 'marty': 4.2823357582092285, 'bureau': 3.8812761306762695, 'gabriel': 3.0100045204162598, 'france': 1.318862795829773, 'argentina': 0.9593102335929871, 'scotland': 0.7524245381355286}",Returning Syrian asylum seekers who have withdrawn from compulsory military service in Syria by traveling abroad are currently not likely to face political persecution by the Syrian state because of an at least anti-regime attitude attributed to them.
2,552,218_chunk000,83,438.66587791304147,Emigration And Asylum Reporting 2019,"{'2019': 236.21148681640625, 'asylum': 217.61915588378906, 'emigration': 200.79653930664062, 'report': 181.41819763183594, 'reporting': 146.18228149414062, 'migration': 138.39036560058594, 'immigration': 136.71214294433594, 'emi': 109.94137573242188, 'exit': 101.1815185546875, 'refugee': 100.36161804199219, 'alien': 91.55460357666016, 'refugees': 89.50374603271484, '2020': 74.68132781982422, 'departure': 68.1322021484375, 'exile': 65.0140380859375, '19': 64.40552520751953, 'nationality': 63.84168243408203, 'russia': 61.62674331665039, 'reports': 60.34440994262695, 'deportation': 51.17997360229492, 'persecution': 49.67681121826172, 'population': 43.85198211669922, '2018': 43.36122131347656, 'settlement': 40.62385559082031, 'reported': 40.346805572509766, 'refuge': 38.6169548034668, 'statistics': 38.16427993774414, 'australia': 35.43043899536133, 'canada': 31.48084831237793, 'registration': 30.459243774414062, 'survey': 24.09679412841797, 'tax': 22.461036682128906, 'insurance': 19.24179458618164, 'international': 17.874279022216797, 'passport': 17.780790328979492, 'noah': 15.516620635986328, '%': 14.19682788848877, 'ireland': 12.986454010009766, 'retirement': 12.639766693115234, 'country': 12.316136360168457, 'hawkins': 11.003907203674316, 'and': 10.905592918395996, 'rate': 10.301054954528809, 'germany': 9.585527420043945, 'wave': 9.268274307250977, 'uk': 7.789853096008301, 'ellis': 7.582275390625, 'return': 6.2554121017456055, 'visa': 5.110622406005859, 'marty': 4.2823357582092285, 'bureau': 3.8812761306762695, 'gabriel': 3.0100045204162598, 'france': 1.318862795829773, 'argentina': 0.9593102335929871, 'scotland': 0.7524245381355286}","In the present case the applicant, Ms. Danqua, (Ghanaian national), made a very belated application for subsidiary protection on 8th October 2013, having first applied for refugee status in 2010 and having been refused asylum following a decision of the Refugee Appeal Tribunal in January 2011."
2,9,6098_chunk001,84,438.06353063600164,Emigration And Asylum Reporting 2019,"{'2019': 236.21148681640625, 'asylum': 217.61915588378906, 'emigration': 200.79653930664062, 'report': 181.41819763183594, 'reporting': 146.18228149414062, 'migration': 138.39036560058594, 'immigration': 136.71214294433594, 'emi': 109.94137573242188, 'exit': 101.1815185546875, 'refugee': 100.36161804199219, 'alien': 91.55460357666016, 'refugees': 89.50374603271484, '2020': 74.68132781982422, 'departure': 68.1322021484375, 'exile': 65.0140380859375, '19': 64.40552520751953, 'nationality': 63.84168243408203, 'russia': 61.62674331665039, 'reports': 60.34440994262695, 'deportation': 51.17997360229492, 'persecution': 49.67681121826172, 'population': 43.85198211669922, '2018': 43.36122131347656, 'settlement': 40.62385559082031, 'reported': 40.346805572509766, 'refuge': 38.6169548034668, 'statistics': 38.16427993774414, 'australia': 35.43043899536133, 'canada': 31.48084831237793, 'registration': 30.459243774414062, 'survey': 24.09679412841797, 'tax': 22.461036682128906, 'insurance': 19.24179458618164, 'international': 17.874279022216797, 'passport': 17.780790328979492, 'noah': 15.516620635986328, '%': 14.19682788848877, 'ireland': 12.986454010009766, 'retirement': 12.639766693115234, 'country': 12.316136360168457, 'hawkins': 11.003907203674316, 'and': 10.905592918395996, 'rate': 10.301054954528809, 'germany': 9.585527420043945, 'wave': 9.268274307250977, 'uk': 7.789853096008301, 'ellis': 7.582275390625, 'return': 6.2554121017456055, 'visa': 5.110622406005859, 'marty': 4.2823357582092285, 'bureau': 3.8812761306762695, 'gabriel': 3.0100045204162598, 'france': 1.318862795829773, 'argentina': 0.9593102335929871, 'scotland': 0.7524245381355286}","The applicant appealed that decision before the National Court of Asylum (CNDA), which dismissed the appeal on 9 May 2023 on the ground that Egyptian criminal law does not criminalise same-sex..."
2,229,960_chunk001,85,437.95302291120163,Emigration And Asylum Reporting 2019,"{'2019': 236.21148681640625, 'asylum': 217.61915588378906, 'emigration': 200.79653930664062, 'report': 181.41819763183594, 'reporting': 146.18228149414062, 'migration': 138.39036560058594, 'immigration': 136.71214294433594, 'emi': 109.94137573242188, 'exit': 101.1815185546875, 'refugee': 100.36161804199219, 'alien': 91.55460357666016, 'refugees': 89.50374603271484, '2020': 74.68132781982422, 'departure': 68.1322021484375, 'exile': 65.0140380859375, '19': 64.40552520751953, 'nationality': 63.84168243408203, 'russia': 61.62674331665039, 'reports': 60.34440994262695, 'deportation': 51.17997360229492, 'persecution': 49.67681121826172, 'population': 43.85198211669922, '2018': 43.36122131347656, 'settlement': 40.62385559082031, 'reported': 40.346805572509766, 'refuge': 38.6169548034668, 'statistics': 38.16427993774414, 'australia': 35.43043899536133, 'canada': 31.48084831237793, 'registration': 30.459243774414062, 'survey': 24.09679412841797, 'tax': 22.461036682128906, 'insurance': 19.24179458618164, 'international': 17.874279022216797, 'passport': 17.780790328979492, 'noah': 15.516620635986328, '%': 14.19682788848877, 'ireland': 12.986454010009766, 'retirement': 12.639766693115234, 'country': 12.316136360168457, 'hawkins': 11.003907203674316, 'and': 10.905592918395996, 'rate': 10.301054954528809, 'germany': 9.585527420043945, 'wave': 9.268274307250977, 'uk': 7.789853096008301, 'ellis': 7.582275390625, 'return': 6.2554121017456055, 'visa': 5.110622406005859, 'marty': 4.2823357582092285, 'bureau': 3.8812761306762695, 'gabriel': 3.0100045204162598, 'france': 1.318862795829773, 'argentina': 0.9593102335929871, 'scotland': 0.7524245381355286}",On 15 January 2015 the Office of the Refugee Applications Commissioner made an information request to the United Kingdom...
2,406,36_chunk000,86,436.10013636635716,Emigration And Asylum Reporting 2019,"{'2019': 236.21148681640625, 'asylum': 217.61915588378906, 'emigration': 200.79653930664062, 'report': 181.41819763183594, 'reporting': 146.18228149414062, 'migration': 138.39036560058594, 'immigration': 136.71214294433594, 'emi': 109.94137573242188, 'exit': 101.1815185546875, 'refugee': 100.36161804199219, 'alien': 91.55460357666016, 'refugees': 89.50374603271484, '2020': 74.68132781982422, 'departure': 68.1322021484375, 'exile': 65.0140380859375, '19': 64.40552520751953, 'nationality': 63.84168243408203, 'russia': 61.62674331665039, 'reports': 60.34440994262695, 'deportation': 51.17997360229492, 'persecution': 49.67681121826172, 'population': 43.85198211669922, '2018': 43.36122131347656, 'settlement': 40.62385559082031, 'reported': 40.346805572509766, 'refuge': 38.6169548034668, 'statistics': 38.16427993774414, 'australia': 35.43043899536133, 'canada': 31.48084831237793, 'registration': 30.459243774414062, 'survey': 24.09679412841797, 'tax': 22.461036682128906, 'insurance': 19.24179458618164, 'international': 17.874279022216797, 'passport': 17.780790328979492, 'noah': 15.516620635986328, '%': 14.19682788848877, 'ireland': 12.986454010009766, 'retirement': 12.639766693115234, 'country': 12.316136360168457, 'hawkins': 11.003907203674316, 'and': 10.905592918395996, 'rate': 10.301054954528809, 'germany': 9.585527420043945, 'wave': 9.268274307250977, 'uk': 7.789853096008301, 'ellis': 7.582275390625, 'return': 6.2554121017456055, 'visa': 5.110622406005859, 'marty': 4.2823357582092285, 'bureau': 3.8812761306762695, 'gabriel': 3.0100045204162598, 'france': 1.318862795829773, 'argentina': 0.9593102335929871, 'scotland': 0.7524245381355286}","The appellants in this case are asylum seekers who came to the UK via Bulgaria. They are nationals of Afghanistan (SK and FK), Iraq (HK) and Iran (HH)."
2,538,55_chunk000,87,435.0179523191436,Emigration And Asylum Reporting 2019,"{'2019': 236.21148681640625, 'asylum': 217.61915588378906, 'emigration': 200.79653930664062, 'report': 181.41819763183594, 'reporting': 146.18228149414062, 'migration': 138.39036560058594, 'immigration': 136.71214294433594, 'emi': 109.94137573242188, 'exit': 101.1815185546875, 'refugee': 100.36161804199219, 'alien': 91.55460357666016, 'refugees': 89.50374603271484, '2020': 74.68132781982422, 'departure': 68.1322021484375, 'exile': 65.0140380859375, '19': 64.40552520751953, 'nationality': 63.84168243408203, 'russia': 61.62674331665039, 'reports': 60.34440994262695, 'deportation': 51.17997360229492, 'persecution': 49.67681121826172, 'population': 43.85198211669922, '2018': 43.36122131347656, 'settlement': 40.62385559082031, 'reported': 40.346805572509766, 'refuge': 38.6169548034668, 'statistics': 38.16427993774414, 'australia': 35.43043899536133, 'canada': 31.48084831237793, 'registration': 30.459243774414062, 'survey': 24.09679412841797, 'tax': 22.461036682128906, 'insurance': 19.24179458618164, 'international': 17.874279022216797, 'passport': 17.780790328979492, 'noah': 15.516620635986328, '%': 14.19682788848877, 'ireland': 12.986454010009766, 'retirement': 12.639766693115234, 'country': 12.316136360168457, 'hawkins': 11.003907203674316, 'and': 10.905592918395996, 'rate': 10.301054954528809, 'germany': 9.585527420043945, 'wave': 9.268274307250977, 'uk': 7.789853096008301, 'ellis': 7.582275390625, 'return': 6.2554121017456055, 'visa': 5.110622406005859, 'marty': 4.2823357582092285, 'bureau': 3.8812761306762695, 'gabriel': 3.0100045204162598, 'france': 1.318862795829773, 'argentina': 0.9593102335929871, 'scotland': 0.7524245381355286}",The applicant was a Nigerian national who was born in May 1991. She arrived in the State on 9 January 2007 when she was 15 years old and applied for asylum. The applicant claimed to have been threatened with forced marriage and attempted rape. She said she was given assistance by the African Refugee Foundation (“AREF”) before ultimately leaving Nigeria.
2,106,3315_chunk000,88,434.2190569504354,Emigration And Asylum Reporting 2019,"{'2019': 236.21148681640625, 'asylum': 217.61915588378906, 'emigration': 200.79653930664062, 'report': 181.41819763183594, 'reporting': 146.18228149414062, 'migration': 138.39036560058594, 'immigration': 136.71214294433594, 'emi': 109.94137573242188, 'exit': 101.1815185546875, 'refugee': 100.36161804199219, 'alien': 91.55460357666016, 'refugees': 89.50374603271484, '2020': 74.68132781982422, 'departure': 68.1322021484375, 'exile': 65.0140380859375, '19': 64.40552520751953, 'nationality': 63.84168243408203, 'russia': 61.62674331665039, 'reports': 60.34440994262695, 'deportation': 51.17997360229492, 'persecution': 49.67681121826172, 'population': 43.85198211669922, '2018': 43.36122131347656, 'settlement': 40.62385559082031, 'reported': 40.346805572509766, 'refuge': 38.6169548034668, 'statistics': 38.16427993774414, 'australia': 35.43043899536133, 'canada': 31.48084831237793, 'registration': 30.459243774414062, 'survey': 24.09679412841797, 'tax': 22.461036682128906, 'insurance': 19.24179458618164, 'international': 17.874279022216797, 'passport': 17.780790328979492, 'noah': 15.516620635986328, '%': 14.19682788848877, 'ireland': 12.986454010009766, 'retirement': 12.639766693115234, 'country': 12.316136360168457, 'hawkins': 11.003907203674316, 'and': 10.905592918395996, 'rate': 10.301054954528809, 'germany': 9.585527420043945, 'wave': 9.268274307250977, 'uk': 7.789853096008301, 'ellis': 7.582275390625, 'return': 6.2554121017456055, 'visa': 5.110622406005859, 'marty': 4.2823357582092285, 'bureau': 3.8812761306762695, 'gabriel': 3.0100045204162598, 'france': 1.318862795829773, 'argentina': 0.9593102335929871, 'scotland': 0.7524245381355286}","The case concerned a request for urgent interim measures submitted by an Afghan national against a Dublin transfer to Austria. The Dublin transfer was accepted by Austria, but it has been annulled in court by decision of 20 January 2021, when the judicial authority decided that Italy had the competence to process the asylum application."
2,480,97_chunk000,89,432.3280948694929,Emigration And Asylum Reporting 2019,"{'2019': 236.21148681640625, 'asylum': 217.61915588378906, 'emigration': 200.79653930664062, 'report': 181.41819763183594, 'reporting': 146.18228149414062, 'migration': 138.39036560058594, 'immigration': 136.71214294433594, 'emi': 109.94137573242188, 'exit': 101.1815185546875, 'refugee': 100.36161804199219, 'alien': 91.55460357666016, 'refugees': 89.50374603271484, '2020': 74.68132781982422, 'departure': 68.1322021484375, 'exile': 65.0140380859375, '19': 64.40552520751953, 'nationality': 63.84168243408203, 'russia': 61.62674331665039, 'reports': 60.34440994262695, 'deportation': 51.17997360229492, 'persecution': 49.67681121826172, 'population': 43.85198211669922, '2018': 43.36122131347656, 'settlement': 40.62385559082031, 'reported': 40.346805572509766, 'refuge': 38.6169548034668, 'statistics': 38.16427993774414, 'australia': 35.43043899536133, 'canada': 31.48084831237793, 'registration': 30.459243774414062, 'survey': 24.09679412841797, 'tax': 22.461036682128906, 'insurance': 19.24179458618164, 'international': 17.874279022216797, 'passport': 17.780790328979492, 'noah': 15.516620635986328, '%': 14.19682788848877, 'ireland': 12.986454010009766, 'retirement': 12.639766693115234, 'country': 12.316136360168457, 'hawkins': 11.003907203674316, 'and': 10.905592918395996, 'rate': 10.301054954528809, 'germany': 9.585527420043945, 'wave': 9.268274307250977, 'uk': 7.789853096008301, 'ellis': 7.582275390625, 'return': 6.2554121017456055, 'visa': 5.110622406005859, 'marty': 4.2823357582092285, 'bureau': 3.8812761306762695, 'gabriel': 3.0100045204162598, 'france': 1.318862795829773, 'argentina': 0.9593102335929871, 'scotland': 0.7524245381355286}","As of 2016, beneficiaries of subsidiary protection in Lower Austria differ from persons granted asylum in that they are entitled only to benefits under basic welfare support. The Constitutional Court ruled in June 2017 that this rule is constitutional, since sufficient factual and legal differences exist to justify differing treatment with respect to social benefits."
2,173,1000_chunk000,90,431.0287227140651,Emigration And Asylum Reporting 2019,"{'2019': 236.21148681640625, 'asylum': 217.61915588378906, 'emigration': 200.79653930664062, 'report': 181.41819763183594, 'reporting': 146.18228149414062, 'migration': 138.39036560058594, 'immigration': 136.71214294433594, 'emi': 109.94137573242188, 'exit': 101.1815185546875, 'refugee': 100.36161804199219, 'alien': 91.55460357666016, 'refugees': 89.50374603271484, '2020': 74.68132781982422, 'departure': 68.1322021484375, 'exile': 65.0140380859375, '19': 64.40552520751953, 'nationality': 63.84168243408203, 'russia': 61.62674331665039, 'reports': 60.34440994262695, 'deportation': 51.17997360229492, 'persecution': 49.67681121826172, 'population': 43.85198211669922, '2018': 43.36122131347656, 'settlement': 40.62385559082031, 'reported': 40.346805572509766, 'refuge': 38.6169548034668, 'statistics': 38.16427993774414, 'australia': 35.43043899536133, 'canada': 31.48084831237793, 'registration': 30.459243774414062, 'survey': 24.09679412841797, 'tax': 22.461036682128906, 'insurance': 19.24179458618164, 'international': 17.874279022216797, 'passport': 17.780790328979492, 'noah': 15.516620635986328, '%': 14.19682788848877, 'ireland': 12.986454010009766, 'retirement': 12.639766693115234, 'country': 12.316136360168457, 'hawkins': 11.003907203674316, 'and': 10.905592918395996, 'rate': 10.301054954528809, 'germany': 9.585527420043945, 'wave': 9.268274307250977, 'uk': 7.789853096008301, 'ellis': 7.582275390625, 'return': 6.2554121017456055, 'visa': 5.110622406005859, 'marty': 4.2823357582092285, 'bureau': 3.8812761306762695, 'gabriel': 3.0100045204162598, 'france': 1.318862795829773, 'argentina': 0.9593102335929871, 'scotland': 0.7524245381355286}","The CNDA overturned the decision of the OFPRA who rejected the asylum request of three female applicants belonging to the Wolof ethnic group in Gambia, on the basis that the prevalence rate of FGM/C in this ethnic group is low (12.3%)."
2,476,186_chunk000,91,430.27373326683306,Emigration And Asylum Reporting 2019,"{'2019': 236.21148681640625, 'asylum': 217.61915588378906, 'emigration': 200.79653930664062, 'report': 181.41819763183594, 'reporting': 146.18228149414062, 'migration': 138.39036560058594, 'immigration': 136.71214294433594, 'emi': 109.94137573242188, 'exit': 101.1815185546875, 'refugee': 100.36161804199219, 'alien': 91.55460357666016, 'refugees': 89.50374603271484, '2020': 74.68132781982422, 'departure': 68.1322021484375, 'exile': 65.0140380859375, '19': 64.40552520751953, 'nationality': 63.84168243408203, 'russia': 61.62674331665039, 'reports': 60.34440994262695, 'deportation': 51.17997360229492, 'persecution': 49.67681121826172, 'population': 43.85198211669922, '2018': 43.36122131347656, 'settlement': 40.62385559082031, 'reported': 40.346805572509766, 'refuge': 38.6169548034668, 'statistics': 38.16427993774414, 'australia': 35.43043899536133, 'canada': 31.48084831237793, 'registration': 30.459243774414062, 'survey': 24.09679412841797, 'tax': 22.461036682128906, 'insurance': 19.24179458618164, 'international': 17.874279022216797, 'passport': 17.780790328979492, 'noah': 15.516620635986328, '%': 14.19682788848877, 'ireland': 12.986454010009766, 'retirement': 12.639766693115234, 'country': 12.316136360168457, 'hawkins': 11.003907203674316, 'and': 10.905592918395996, 'rate': 10.301054954528809, 'germany': 9.585527420043945, 'wave': 9.268274307250977, 'uk': 7.789853096008301, 'ellis': 7.582275390625, 'return': 6.2554121017456055, 'visa': 5.110622406005859, 'marty': 4.2823357582092285, 'bureau': 3.8812761306762695, 'gabriel': 3.0100045204162598, 'france': 1.318862795829773, 'argentina': 0.9593102335929871, 'scotland': 0.7524245381355286}","According the WLR Daily case summaries The asylum claimant, an Iraqi national, entered the United Kingdom and claimed asylum. His claim was refused by the Secretary of State and he appealed pursuant to section 82 of the Nationality, Immigration and Asylum Act 2002. His appeal was dismissed by the First-tier Tribunal."
2,177,955_chunk001,92,427.04050319957554,Emigration And Asylum Reporting 2019,"{'2019': 236.21148681640625, 'asylum': 217.61915588378906, 'emigration': 200.79653930664062, 'report': 181.41819763183594, 'reporting': 146.18228149414062, 'migration': 138.39036560058594, 'immigration': 136.71214294433594, 'emi': 109.94137573242188, 'exit': 101.1815185546875, 'refugee': 100.36161804199219, 'alien': 91.55460357666016, 'refugees': 89.50374603271484, '2020': 74.68132781982422, 'departure': 68.1322021484375, 'exile': 65.0140380859375, '19': 64.40552520751953, 'nationality': 63.84168243408203, 'russia': 61.62674331665039, 'reports': 60.34440994262695, 'deportation': 51.17997360229492, 'persecution': 49.67681121826172, 'population': 43.85198211669922, '2018': 43.36122131347656, 'settlement': 40.62385559082031, 'reported': 40.346805572509766, 'refuge': 38.6169548034668, 'statistics': 38.16427993774414, 'australia': 35.43043899536133, 'canada': 31.48084831237793, 'registration': 30.459243774414062, 'survey': 24.09679412841797, 'tax': 22.461036682128906, 'insurance': 19.24179458618164, 'international': 17.874279022216797, 'passport': 17.780790328979492, 'noah': 15.516620635986328, '%': 14.19682788848877, 'ireland': 12.986454010009766, 'retirement': 12.639766693115234, 'country': 12.316136360168457, 'hawkins': 11.003907203674316, 'and': 10.905592918395996, 'rate': 10.301054954528809, 'germany': 9.585527420043945, 'wave': 9.268274307250977, 'uk': 7.789853096008301, 'ellis': 7.582275390625, 'return': 6.2554121017456055, 'visa': 5.110622406005859, 'marty': 4.2823357582092285, 'bureau': 3.8812761306762695, 'gabriel': 3.0100045204162598, 'france': 1.318862795829773, 'argentina': 0.9593102335929871, 'scotland': 0.7524245381355286}",In September 2018 the application was refused by the Minister for Justice on the basis that it had not been submitted within 12 months of the grant of refugee status as required by section 56(8) of the International Protection Act 2015. The applicant then...
2,430,69_chunk000,93,426.81752776908763,Emigration And Asylum Reporting 2019,"{'2019': 236.21148681640625, 'asylum': 217.61915588378906, 'emigration': 200.79653930664062, 'report': 181.41819763183594, 'reporting': 146.18228149414062, 'migration': 138.39036560058594, 'immigration': 136.71214294433594, 'emi': 109.94137573242188, 'exit': 101.1815185546875, 'refugee': 100.36161804199219, 'alien': 91.55460357666016, 'refugees': 89.50374603271484, '2020': 74.68132781982422, 'departure': 68.1322021484375, 'exile': 65.0140380859375, '19': 64.40552520751953, 'nationality': 63.84168243408203, 'russia': 61.62674331665039, 'reports': 60.34440994262695, 'deportation': 51.17997360229492, 'persecution': 49.67681121826172, 'population': 43.85198211669922, '2018': 43.36122131347656, 'settlement': 40.62385559082031, 'reported': 40.346805572509766, 'refuge': 38.6169548034668, 'statistics': 38.16427993774414, 'australia': 35.43043899536133, 'canada': 31.48084831237793, 'registration': 30.459243774414062, 'survey': 24.09679412841797, 'tax': 22.461036682128906, 'insurance': 19.24179458618164, 'international': 17.874279022216797, 'passport': 17.780790328979492, 'noah': 15.516620635986328, '%': 14.19682788848877, 'ireland': 12.986454010009766, 'retirement': 12.639766693115234, 'country': 12.316136360168457, 'hawkins': 11.003907203674316, 'and': 10.905592918395996, 'rate': 10.301054954528809, 'germany': 9.585527420043945, 'wave': 9.268274307250977, 'uk': 7.789853096008301, 'ellis': 7.582275390625, 'return': 6.2554121017456055, 'visa': 5.110622406005859, 'marty': 4.2823357582092285, 'bureau': 3.8812761306762695, 'gabriel': 3.0100045204162598, 'france': 1.318862795829773, 'argentina': 0.9593102335929871, 'scotland': 0.7524245381355286}","If it is not clear whether an asylum applicant has already been granted international protection in another European Union member state (here: Italy), the administrative courts must find out whether this is the case if the admissibility of a new application for protection depends on it."
2,145,1573_chunk000,94,426.801419593959,Emigration And Asylum Reporting 2019,"{'2019': 236.21148681640625, 'asylum': 217.61915588378906, 'emigration': 200.79653930664062, 'report': 181.41819763183594, 'reporting': 146.18228149414062, 'migration': 138.39036560058594, 'immigration': 136.71214294433594, 'emi': 109.94137573242188, 'exit': 101.1815185546875, 'refugee': 100.36161804199219, 'alien': 91.55460357666016, 'refugees': 89.50374603271484, '2020': 74.68132781982422, 'departure': 68.1322021484375, 'exile': 65.0140380859375, '19': 64.40552520751953, 'nationality': 63.84168243408203, 'russia': 61.62674331665039, 'reports': 60.34440994262695, 'deportation': 51.17997360229492, 'persecution': 49.67681121826172, 'population': 43.85198211669922, '2018': 43.36122131347656, 'settlement': 40.62385559082031, 'reported': 40.346805572509766, 'refuge': 38.6169548034668, 'statistics': 38.16427993774414, 'australia': 35.43043899536133, 'canada': 31.48084831237793, 'registration': 30.459243774414062, 'survey': 24.09679412841797, 'tax': 22.461036682128906, 'insurance': 19.24179458618164, 'international': 17.874279022216797, 'passport': 17.780790328979492, 'noah': 15.516620635986328, '%': 14.19682788848877, 'ireland': 12.986454010009766, 'retirement': 12.639766693115234, 'country': 12.316136360168457, 'hawkins': 11.003907203674316, 'and': 10.905592918395996, 'rate': 10.301054954528809, 'germany': 9.585527420043945, 'wave': 9.268274307250977, 'uk': 7.789853096008301, 'ellis': 7.582275390625, 'return': 6.2554121017456055, 'visa': 5.110622406005859, 'marty': 4.2823357582092285, 'bureau': 3.8812761306762695, 'gabriel': 3.0100045204162598, 'france': 1.318862795829773, 'argentina': 0.9593102335929871, 'scotland': 0.7524245381355286}","The applicants, nationals of Syria, are members of a family who arrived in Spain through the resettlement programme 2015 for refugees. By decisions of 4 October 2017 of the Deputy Secretary of the Interior, they were granted subsidiary protection. They appealed that decision arguing that they should be granted refugee status and not subsidiary protection."
2,203,1564_chunk000,95,426.783628185703,Emigration And Asylum Reporting 2019,"{'2019': 236.21148681640625, 'asylum': 217.61915588378906, 'emigration': 200.79653930664062, 'report': 181.41819763183594, 'reporting': 146.18228149414062, 'migration': 138.39036560058594, 'immigration': 136.71214294433594, 'emi': 109.94137573242188, 'exit': 101.1815185546875, 'refugee': 100.36161804199219, 'alien': 91.55460357666016, 'refugees': 89.50374603271484, '2020': 74.68132781982422, 'departure': 68.1322021484375, 'exile': 65.0140380859375, '19': 64.40552520751953, 'nationality': 63.84168243408203, 'russia': 61.62674331665039, 'reports': 60.34440994262695, 'deportation': 51.17997360229492, 'persecution': 49.67681121826172, 'population': 43.85198211669922, '2018': 43.36122131347656, 'settlement': 40.62385559082031, 'reported': 40.346805572509766, 'refuge': 38.6169548034668, 'statistics': 38.16427993774414, 'australia': 35.43043899536133, 'canada': 31.48084831237793, 'registration': 30.459243774414062, 'survey': 24.09679412841797, 'tax': 22.461036682128906, 'insurance': 19.24179458618164, 'international': 17.874279022216797, 'passport': 17.780790328979492, 'noah': 15.516620635986328, '%': 14.19682788848877, 'ireland': 12.986454010009766, 'retirement': 12.639766693115234, 'country': 12.316136360168457, 'hawkins': 11.003907203674316, 'and': 10.905592918395996, 'rate': 10.301054954528809, 'germany': 9.585527420043945, 'wave': 9.268274307250977, 'uk': 7.789853096008301, 'ellis': 7.582275390625, 'return': 6.2554121017456055, 'visa': 5.110622406005859, 'marty': 4.2823357582092285, 'bureau': 3.8812761306762695, 'gabriel': 3.0100045204162598, 'france': 1.318862795829773, 'argentina': 0.9593102335929871, 'scotland': 0.7524245381355286}",HA applied for asylum in May 2015 alleging that he is registered with UNRWA and that upon return to Gaza he is at risk of being killed or subjected to inhuman or degrading treatment.
2,199,938_chunk000,96,425.4394380659396,Emigration And Asylum Reporting 2019,"{'2019': 236.21148681640625, 'asylum': 217.61915588378906, 'emigration': 200.79653930664062, 'report': 181.41819763183594, 'reporting': 146.18228149414062, 'migration': 138.39036560058594, 'immigration': 136.71214294433594, 'emi': 109.94137573242188, 'exit': 101.1815185546875, 'refugee': 100.36161804199219, 'alien': 91.55460357666016, 'refugees': 89.50374603271484, '2020': 74.68132781982422, 'departure': 68.1322021484375, 'exile': 65.0140380859375, '19': 64.40552520751953, 'nationality': 63.84168243408203, 'russia': 61.62674331665039, 'reports': 60.34440994262695, 'deportation': 51.17997360229492, 'persecution': 49.67681121826172, 'population': 43.85198211669922, '2018': 43.36122131347656, 'settlement': 40.62385559082031, 'reported': 40.346805572509766, 'refuge': 38.6169548034668, 'statistics': 38.16427993774414, 'australia': 35.43043899536133, 'canada': 31.48084831237793, 'registration': 30.459243774414062, 'survey': 24.09679412841797, 'tax': 22.461036682128906, 'insurance': 19.24179458618164, 'international': 17.874279022216797, 'passport': 17.780790328979492, 'noah': 15.516620635986328, '%': 14.19682788848877, 'ireland': 12.986454010009766, 'retirement': 12.639766693115234, 'country': 12.316136360168457, 'hawkins': 11.003907203674316, 'and': 10.905592918395996, 'rate': 10.301054954528809, 'germany': 9.585527420043945, 'wave': 9.268274307250977, 'uk': 7.789853096008301, 'ellis': 7.582275390625, 'return': 6.2554121017456055, 'visa': 5.110622406005859, 'marty': 4.2823357582092285, 'bureau': 3.8812761306762695, 'gabriel': 3.0100045204162598, 'france': 1.318862795829773, 'argentina': 0.9593102335929871, 'scotland': 0.7524245381355286}",IThe foreign national has submitted a subsequent asylum application. The decision on that application was taken on behalf of the State Secretary by the employee of the Immigration and Naturalization Service (hereinafter: the IND) who heard the alien and also issued the intention.
2,360,573_chunk001,97,424.9357495387174,Emigration And Asylum Reporting 2019,"{'2019': 236.21148681640625, 'asylum': 217.61915588378906, 'emigration': 200.79653930664062, 'report': 181.41819763183594, 'reporting': 146.18228149414062, 'migration': 138.39036560058594, 'immigration': 136.71214294433594, 'emi': 109.94137573242188, 'exit': 101.1815185546875, 'refugee': 100.36161804199219, 'alien': 91.55460357666016, 'refugees': 89.50374603271484, '2020': 74.68132781982422, 'departure': 68.1322021484375, 'exile': 65.0140380859375, '19': 64.40552520751953, 'nationality': 63.84168243408203, 'russia': 61.62674331665039, 'reports': 60.34440994262695, 'deportation': 51.17997360229492, 'persecution': 49.67681121826172, 'population': 43.85198211669922, '2018': 43.36122131347656, 'settlement': 40.62385559082031, 'reported': 40.346805572509766, 'refuge': 38.6169548034668, 'statistics': 38.16427993774414, 'australia': 35.43043899536133, 'canada': 31.48084831237793, 'registration': 30.459243774414062, 'survey': 24.09679412841797, 'tax': 22.461036682128906, 'insurance': 19.24179458618164, 'international': 17.874279022216797, 'passport': 17.780790328979492, 'noah': 15.516620635986328, '%': 14.19682788848877, 'ireland': 12.986454010009766, 'retirement': 12.639766693115234, 'country': 12.316136360168457, 'hawkins': 11.003907203674316, 'and': 10.905592918395996, 'rate': 10.301054954528809, 'germany': 9.585527420043945, 'wave': 9.268274307250977, 'uk': 7.789853096008301, 'ellis': 7.582275390625, 'return': 6.2554121017456055, 'visa': 5.110622406005859, 'marty': 4.2823357582092285, 'bureau': 3.8812761306762695, 'gabriel': 3.0100045204162598, 'france': 1.318862795829773, 'argentina': 0.9593102335929871, 'scotland': 0.7524245381355286}","By judgment of 7 August 2017, the court dismissed the appeal lodged by the alien, in so far as it was directed against the rejection of the asylum application, as inadmissible, and dismissed his..."
2,33,4960_chunk001,98,424.88303679321064,Emigration And Asylum Reporting 2019,"{'2019': 236.21148681640625, 'asylum': 217.61915588378906, 'emigration': 200.79653930664062, 'report': 181.41819763183594, 'reporting': 146.18228149414062, 'migration': 138.39036560058594, 'immigration': 136.71214294433594, 'emi': 109.94137573242188, 'exit': 101.1815185546875, 'refugee': 100.36161804199219, 'alien': 91.55460357666016, 'refugees': 89.50374603271484, '2020': 74.68132781982422, 'departure': 68.1322021484375, 'exile': 65.0140380859375, '19': 64.40552520751953, 'nationality': 63.84168243408203, 'russia': 61.62674331665039, 'reports': 60.34440994262695, 'deportation': 51.17997360229492, 'persecution': 49.67681121826172, 'population': 43.85198211669922, '2018': 43.36122131347656, 'settlement': 40.62385559082031, 'reported': 40.346805572509766, 'refuge': 38.6169548034668, 'statistics': 38.16427993774414, 'australia': 35.43043899536133, 'canada': 31.48084831237793, 'registration': 30.459243774414062, 'survey': 24.09679412841797, 'tax': 22.461036682128906, 'insurance': 19.24179458618164, 'international': 17.874279022216797, 'passport': 17.780790328979492, 'noah': 15.516620635986328, '%': 14.19682788848877, 'ireland': 12.986454010009766, 'retirement': 12.639766693115234, 'country': 12.316136360168457, 'hawkins': 11.003907203674316, 'and': 10.905592918395996, 'rate': 10.301054954528809, 'germany': 9.585527420043945, 'wave': 9.268274307250977, 'uk': 7.789853096008301, 'ellis': 7.582275390625, 'return': 6.2554121017456055, 'visa': 5.110622406005859, 'marty': 4.2823357582092285, 'bureau': 3.8812761306762695, 'gabriel': 3.0100045204162598, 'france': 1.318862795829773, 'argentina': 0.9593102335929871, 'scotland': 0.7524245381355286}","In a letter provided to the Migration Department of the Ministry of the Interior on 30 October 2023, the State Security Department of Lithuania established that the applicant was a member of a radical Islamist organisation whose ideology was contrary to the country's democratic principles and..."
2,228,960_chunk000,99,423.23578103549215,Emigration And Asylum Reporting 2019,"{'2019': 236.21148681640625, 'asylum': 217.61915588378906, 'emigration': 200.79653930664062, 'report': 181.41819763183594, 'reporting': 146.18228149414062, 'migration': 138.39036560058594, 'immigration': 136.71214294433594, 'emi': 109.94137573242188, 'exit': 101.1815185546875, 'refugee': 100.36161804199219, 'alien': 91.55460357666016, 'refugees': 89.50374603271484, '2020': 74.68132781982422, 'departure': 68.1322021484375, 'exile': 65.0140380859375, '19': 64.40552520751953, 'nationality': 63.84168243408203, 'russia': 61.62674331665039, 'reports': 60.34440994262695, 'deportation': 51.17997360229492, 'persecution': 49.67681121826172, 'population': 43.85198211669922, '2018': 43.36122131347656, 'settlement': 40.62385559082031, 'reported': 40.346805572509766, 'refuge': 38.6169548034668, 'statistics': 38.16427993774414, 'australia': 35.43043899536133, 'canada': 31.48084831237793, 'registration': 30.459243774414062, 'survey': 24.09679412841797, 'tax': 22.461036682128906, 'insurance': 19.24179458618164, 'international': 17.874279022216797, 'passport': 17.780790328979492, 'noah': 15.516620635986328, '%': 14.19682788848877, 'ireland': 12.986454010009766, 'retirement': 12.639766693115234, 'country': 12.316136360168457, 'hawkins': 11.003907203674316, 'and': 10.905592918395996, 'rate': 10.301054954528809, 'germany': 9.585527420043945, 'wave': 9.268274307250977, 'uk': 7.789853096008301, 'ellis': 7.582275390625, 'return': 6.2554121017456055, 'visa': 5.110622406005859, 'marty': 4.2823357582092285, 'bureau': 3.8812761306762695, 'gabriel': 3.0100045204162598, 'france': 1.318862795829773, 'argentina': 0.9593102335929871, 'scotland': 0.7524245381355286}","The appellants were Albanian nationals who previously lived in Kosovo (*). They arrived in Ireland on 12 December 2014 and two days later they made an application for asylum. They did not disclose a full account of the circumstances of their arrival in Ireland, in particular that they had previously been issued with a visa for the United Kingdom."
