qid,docno,label
103,bulg20263_chunk024,4
103,dub-fran20262_chunk037,4
103,dub-belg20261_chunk023,2
103,dub-belg20262_chunk029,2
103,ukra20263_chunk001,4
103,ukra20263_chunk022,2
103,syri20265_chunk016,2
103,dub-bulg20261_chunk033,2
103,irak20265_chunk007,2
103,rusl20267_chunk021,2
103,ukra20266_chunk020,2
103,dub-bulg20261_chunk032,2
103,keny20262_chunk000,4
103,ugan20263_chunk000,4
103,ugan202610_chunk000,4
103,syri20263_chunk000,4
103,ugan202612_chunk000,4
103,syri20261_chunk000,2
103,dub-bulg20261_chunk012,2
103,ukra20266_chunk021,2
103,irak20263_chunk000,4
103,ukra20266_chunk019,4
103,syri202620_chunk000,4
103,bulg20263_chunk021,2
103,ugan20262_chunk000,4
103,ugan202618_chunk000,4
103,syri20264_chunk050,2
103,dub-bulg20261_chunk025,1
103,afgh202649_chunk000,2
103,land20261_chunk000,2
103,erit20268_chunk000,2
103,dub-bulg20261_chunk036,2
103,paki20262_chunk000,4
103,soma20266_chunk011,2
103,ugan202614_chunk000,4
103,erit20266_chunk000,2
103,ugan202620_chunk000,4
103,erit20265_chunk000,2
103,afgh202645_chunk004,4
103,ugan202621_chunk000,4
103,erit20267_chunk000,2
103,irak20265_chunk000,2
103,stat202610_chunk018,2
103,syri20266_chunk000,2
103,dub-bulg20261_chunk031,2
103,dub-nede20265_chunk016,4
103,stat20265_chunk014,4
103,dub-nede20263_chunk018,1
103,dub-nede20262_chunk018,1
103,dub-nede20261_chunk015,1
103,dub-nede20264_chunk016,1
103,dub-bulg20261_chunk023,2
103,afgh202618_chunk000,4
103,rusl202614_chunk000,4
103,ukra202610_chunk011,2
103,stat20265_chunk016,2
103,afgh202617_chunk000,4
103,syri20262_chunk037,1
103,syri20266_chunk037,1
103,syri20267_chunk037,1
103,dub-bulg20261_chunk027,1
103,land20263_chunk000,4
103,syri20267_chunk000,2
103,rusl202627_chunk000,4
103,myan20261_chunk000,4
103,ugan20268_chunk000,4
103,erit20263_chunk000,4
103,afgh20267_chunk024,2
103,afgh20267_chunk000,4
103,soma20266_chunk000,2
103,syri20263_chunk006,1
103,syri20262_chunk011,1
103,ukra20266_chunk017,4
103,syri20261_chunk009,0
103,syri20266_chunk012,0
103,syri20267_chunk012,0
103,syri20261_chunk034,1
103,syri20263_chunk032,1
103,stat20265_chunk022,2
103,syri20264_chunk031,2
103,stat202610_chunk016,4
103,syri202613_chunk013,2
103,stat20265_chunk013,2
103,dub-bulg20261_chunk028,1
103,stat20265_chunk018,2
104,syri202614_chunk014,4
104,syri202621_chunk003,4
104,syri202614_chunk014_dup1,4
104,rusl202610_chunk012,4
104,tyrk20261_chunk013,4
104,rusl202615_chunk008,4
104,soma202611_chunk014,4
104,afgh202650_chunk017,4
104,geor20263_chunk018,2
104,ukra202614_chunk016,4
104,soma20262_chunk022,4
104,niga20261_chunk022,4
104,soma20261_chunk021,4
104,maro20261_chunk020,4
104,ukra202614_chunk009,4
104,dub-fran20263_chunk008,4
104,ugan202615_chunk011,4
104,syri20264_chunk007,4
104,syri20265_chunk006,4
104,rusl20264_chunk008,4
104,ugan202614_chunk012,4
104,fran20264_chunk004,4
104,syri202615_chunk007,4
104,dub-belg20261_chunk005,4
104,iran202564_chunk013,4
104,soma20261_chunk018,4
104,afgh202617_chunk021,4
104,erit20263_chunk018,5
104,land20263_chunk014,5
104,stat20261_chunk008,4
104,ghan20261_chunk004,4
104,dub-rumae20263_chunk032,4
104,irak20265_chunk003,4
104,geor20263_chunk016,4
104,stat20262_chunk017,4
104,syri20267_chunk059,4
104,afgh202611_chunk008,4
104,ugan202617_chunk014,4
104,bosn20261_chunk001,5
104,keny20262_chunk007,4
104,syri202613_chunk023,4
104,etio20264_chunk003,5
104,afgh202618_chunk007,0
104,afgh202617_chunk008,0
104,dub-rumae20264_chunk014,4
104,ugan202617_chunk015,4
104,ugan202621_chunk001,4
104,syri202618_chunk010,4
104,ukra20266_chunk001,5
104,paki20261_chunk001,4
104,alder20261_chunk003,4
104,afgh202610_chunk027,4
104,tyrk20264_chunk003,4
104,stat202610_chunk003,4
104,afgh202646_chunk007,5
104,afgh20267_chunk002,5
104,afgh202610_chunk015,4
104,arme20262_chunk001,5
104,niga20266_chunk001,5
104,paki20263_chunk002,5
104,irak20264_chunk002,4
104,ukra202620_chunk030,4
104,soma202610_chunk003,4
104,dub-malt20261_chunk005,4
104,syri202618_chunk017,4
104,arme20261_chunk002,4
104,niga20261_chunk005,4
104,afgh202610_chunk008,4
104,ukra20269_chunk011,4
104,ukra202620_chunk024,4
104,maro20261_chunk014,4
104,ugan202614_chunk006,4
104,etio20261_chunk016,4
104,syri20264_chunk040,5
104,syri202617_chunk026,4
104,ukra202618_chunk015,4
104,ukra202617_chunk015,4
104,rusl202627_chunk010,4
104,stat20264_chunk016,4
104,syri202611_chunk005,4
104,syri202616_chunk003,4
104,keny20262_chunk004,4
104,syri20261_chunk059,4
104,hjem20261_chunk003,4
104,dub-ital20261_chunk021,4
104,stat20264_chunk017,5
104,rusl202616_chunk019,4
104,niga20261_chunk011,4
104,dub-rumae20263_chunk014,4
104,rusl202613_chunk004,5
104,keny20262_chunk037,4
104,stat202615_chunk020,4
104,alge20261_chunk002,4
104,dub-pole20261_chunk012,4
104,afgh202649_chunk004,4
104,afgh20267_chunk003,5
104,dub-ital20261_chunk019,4
104,dub-ital20261_chunk017,4
104,stat20265_chunk021,4
104,alder20261_chunk008,4
108,syri20262_chunk023,4
108,syri20266_chunk023,4
108,syri20267_chunk023,4
108,syri20261_chunk015,4
108,syri20263_chunk013,4
108,syri20262_chunk018,4
108,syri20261_chunk020,4
108,syri20263_chunk018,4
108,syri20266_chunk018,4
108,syri20267_chunk018,4
108,syri20261_chunk032,4
108,syri20263_chunk030,4
108,syri20262_chunk035,4
108,syri20266_chunk035,4
108,syri20267_chunk035,4
108,syri20264_chunk026,4
108,syri20263_chunk061,4
108,syri20263_chunk062,4
108,syri20264_chunk027,4
108,syri20267_chunk045,2
108,syri20261_chunk042,2
108,syri20263_chunk040,2
108,syri20262_chunk045,2
108,syri20266_chunk045,2
108,syri20264_chunk030,4
108,syri20264_chunk033,4
108,syri20263_chunk057,2
108,syri20264_chunk022,2
108,syri20264_chunk035,4
108,syri20261_chunk021,4
108,syri20263_chunk019,4
108,syri20262_chunk024,4
108,syri20266_chunk024,4
108,syri20267_chunk024,4
108,syri20267_chunk031,2
108,syri20261_chunk028,2
108,syri20263_chunk026,2
108,syri20262_chunk031,2
108,syri20266_chunk031,2
11,erit20261_chunk031,4
11,syri20263_chunk060,4
11,syri20264_chunk025,4
11,bulg20263_chunk011,4
114,syri20261_chunk054,4
114,syri20263_chunk052,4
114,syri20262_chunk057,4
114,syri20266_chunk058,4
114,syri20267_chunk058,4
114,erit20261_chunk037,4
114,afgh202649_chunk020,4
114,rusl20266_chunk016,4
114,dub-bulg20261_chunk048,4
114,ugan20262_chunk011,4
114,ugan202610_chunk013,4
114,bulg20263_chunk031,4
114,bulg20263_chunk036,4
114,bulg20263_chunk030,2
114,syri20262_chunk028,4
114,syri20266_chunk028,4
114,syri20261_chunk025,4
114,syri20263_chunk023,4
114,rusl202634_chunk017,4
114,rusl202635_chunk018,4
114,rusl202629_chunk022,4
114,rusl20266_chunk021,4
114,syri20267_chunk028,4
114,bulg20263_chunk032,2
114,rusl202629_chunk017,4
114,bulg20263_chunk028,4
114,rusl20266_chunk019,4
114,rusl202629_chunk020,4
114,rusl202635_chunk016,4
114,rusl202635_chunk013,4
114,dub-pole20262_chunk015,4
114,dub-bulg20261_chunk035,3
114,bulg20263_chunk018,3
114,stat202610_chunk018,4
114,dub-fran20262_chunk041,4
114,afgh202649_chunk019,4
114,syri202613_chunk027,4
114,syri202614_chunk012,4
114,syri202614_chunk012_dup1,4
114,syri20264_chunk047,4
114,syri20265_chunk014,4
114,rusl202629_chunk018,4
114,rusl20266_chunk017,4
114,rusl202635_chunk014,4
114,dub-belg20261_chunk010,4
114,dub-belg20262_chunk016,4
114,bulg20263_chunk019,4
114,bulg20263_chunk022,2
114,rusl202634_chunk012,4
114,bulg20263_chunk034,4
114,rusl202634_chunk015,4
114,bulg20263_chunk033,0
114,rusl20266_chunk015,4
114,rusl202629_chunk016,4
114,rusl202634_chunk013,4
114,rusl202635_chunk012,4
114,rusl202634_chunk011,4
122,dub-rumae20262_chunk007,4
122,dub-sver202618_chunk010,4
122,dub-nede20264_chunk025,4
122,dub-tysk20261_chunk006,4
122,dub-rumae20263_chunk018,4
122,dub-rumae20263_chunk019,4
122,dub-belg20262_chunk035,4
122,29b-bul20261_chunk003,4
122,dub-bulg20261_chunk010,4
122,dub-tysk20263_chunk011,4
122,dub-rumae20264_chunk008,4
122,dub-tysk202614_chunk008,4
122,dub-sver202615_chunk008,4
122,dub-schw20261_chunk007,4
122,dub-span20262_chunk005,4
122,dub-ital20261_chunk019,5
122,dub-nede20265_chunk021,4
122,dub-rumae20263_chunk027,4
122,dub-bulg20261_chunk054,4
122,dub-ital20261_chunk018,4
122,dub-rumae20263_chunk025,4
122,dub-span20263_chunk022,4
122,dub-span20263_chunk015,4
122,dub-bulg20261_chunk056,4
122,dub-ital20261_chunk022,4
122,dub-span20264_chunk013,4
122,dub-norg20262_chunk006,5
122,dub-belg20262_chunk011,2
122,dub-bulg20261_chunk063,5
122,dub-span20263_chunk009,4
122,dub-pole20262_chunk018,4
122,dub-span20263_chunk003,4
122,dub-sver202618_chunk005,4
122,dub-tysk20263_chunk015,4
122,dub-fran20262_chunk008,4
122,tysk2026167_chunk012,4
122,dub-bulg20261_chunk053,5
122,dub-sver202618_chunk019,4
122,dub-rumae20263_chunk020,5
122,dub-bulg20261_chunk049,4
122,dub-tysk202620_chunk006,4
122,dub-tysk20262_chunk011,4
122,dub-pole20257_chunk010,4
122,dub-bulg20261_chunk051,4
122,dub-fran20263_chunk011,4
122,fran20264_chunk007,4
122,dub-fran20263_chunk031,4
122,dub-nede20263_chunk027,4
122,dub-bulg20261_chunk013,4
122,dub-fran20263_chunk009,4
122,fran20264_chunk005,4
122,bulg20263_chunk008,4
122,dub-span20264_chunk015,4
122,dub-finl20265_chunk007,4
122,dub-fran20263_chunk012,2
122,bulg20263_chunk009,2
122,dub-tysk202627_chunk011,4
122,dub-tysk202622_chunk012,4
122,fran20264_chunk008,2
122,dub-fran20262_chunk011,2
122,dub-malt20261_chunk011,4
122,dub-malt20262_chunk010,4
122,dub-fran20262_chunk024,4
122,dub-sver202615_chunk012,4
122,dub-sver202618_chunk016,5
122,tysk2026167_chunk007,5
122,dub-belg20261_chunk028,4
122,dub-belg20262_chunk034,4
122,dub-fran20263_chunk025,4
122,dub-fran20262_chunk009,4
122,dub-tysk20264_chunk009,4
122,dub-pole20257_chunk009,4
122,dub-tysk20264_chunk004,5
122,dub-bulg20261_chunk022,2
122,fran20264_chunk021,4
122,dub-bulg20261_chunk020,4
122,dub-fran20263_chunk021,4
122,fran20264_chunk017,4
122,dub-fran20262_chunk020,4
122,dub-fran20263_chunk018,4
122,fran20264_chunk014,4
122,dub-fran20262_chunk017,4
122,dub-pole20263_chunk009,4
122,dub-bulg20261_chunk021,4
122,dub-bulg20261_chunk023,4
122,dub-bulg20261_chunk014,4
122,dub-fran20262_chunk013,1
122,fran20264_chunk010,1
122,dub-tysk202611_chunk008,4
122,dub-fran20263_chunk014,1
122,dub-bulg20261_chunk015,4
122,dub-fran20263_chunk016,2
122,fran20264_chunk012,2
122,dub-fran20262_chunk015,2
122,rusl20267_chunk012,4
122,dub-bulg20261_chunk018,4
122,rusl20267_chunk016,4
122,dub-bulg20261_chunk025,4
122,bulg20263_chunk016,4
122,bulg20263_chunk010,2
124,dub-fran20263_chunk026,4
124,fran20264_chunk022,4
124,dub-fran20262_chunk025,4
124,dub-fran20262_chunk038,2
124,fran20264_chunk011,3
124,dub-fran20263_chunk015,3
124,dub-fran20262_chunk014,2
124,dub-belg20261_chunk018,4
124,dub-belg20262_chunk024,4
124,dub-belg20261_chunk014,4
124,dub-belg20262_chunk020,4
124,ugan202610_chunk016,2
124,dub-belg20261_chunk023,4
124,dub-belg20262_chunk029,4
124,ugan20262_chunk014,4
124,ugan202614_chunk017,2
124,dub-fran20263_chunk024,4
124,fran20264_chunk020,4
124,dub-belg20261_chunk016,4
124,dub-fran20263_chunk017,2
124,fran20264_chunk013,2
124,dub-fran20262_chunk016,2
124,dub-belg20262_chunk022,4
124,dub-fran20262_chunk023,2
124,fran20264_chunk008,2
124,dub-fran20262_chunk011,2
124,dub-fran20263_chunk012,2
124,dub-belg20261_chunk021,2
124,dub-belg20262_chunk027,2
124,syri20263_chunk007,4
124,syri20262_chunk012,4
124,stat20265_chunk018,2
124,dub-belg20261_chunk007,4
124,dub-belg20262_chunk013,4
124,dub-pole20262_chunk015,2
124,stat20265_chunk013,2
124,dub-belg20261_chunk025,2
124,dub-belg20262_chunk031,2
124,dub-fran20262_chunk015,2
124,dub-belg20261_chunk012,4
124,bulg20263_chunk011,2
124,fran20264_chunk014,4
124,dub-fran20262_chunk017,4
124,dub-fran20263_chunk018,4
124,dub-fran20263_chunk021,4
124,fran20264_chunk017,4
124,dub-fran20262_chunk020,4
124,dub-fran20262_chunk021,4
124,dub-fran20263_chunk016,2
124,fran20264_chunk012,2
124,dub-fran20262_chunk013,2
124,dub-fran20263_chunk022,4
124,fran20264_chunk018,4
124,fran20264_chunk010,2
124,keny20262_chunk022,2
124,bulg20263_chunk014,2
124,stat20265_chunk029,2
124,dub-belg20262_chunk018,4
124,bulg20263_chunk023,2
124,dub-fran20263_chunk014,2
124,stat20265_chunk022,2
124,stat202610_chunk016,1
124,dub-belg20262_chunk012,2
124,dub-belg20261_chunk006,4
124,dub-bulg20261_chunk017,2
124,syri20263_chunk040,2
124,syri20262_chunk045,2
124,syri20266_chunk045,2
124,syri202617_chunk032,1
124,came20262_chunk012,2
124,dub-pole20262_chunk005,4
124,dub-belg20262_chunk006,2
124,stat20265_chunk016,2
124,ukra20263_chunk025,4
124,syri20266_chunk025,2
124,syri20267_chunk025,2
124,syri20261_chunk009,1
124,syri20266_chunk012,1
124,syri20267_chunk012,1
124,syri20261_chunk022,2
124,syri20263_chunk020,2
124,syri20262_chunk025,2
124,ugan20262_chunk009,2
124,syri20266_chunk034,2
124,syri20267_chunk034,2
124,afgh202649_chunk019,4
124,syri20261_chunk042,2
124,syri20267_chunk045,2
124,kina20261_chunk036,1
124,rusl20262_chunk010,2
124,syri20261_chunk031,2
124,syri20263_chunk029,2
124,syri20262_chunk034,2
124,syri20264_chunk032,2
124,ugan202610_chunk011,4
124,erit20261_chunk036,2
124,rusl202635_chunk032,1
124,rusl202634_chunk031,1
124,ugan202610_chunk010,1
124,ugan20262_chunk008,1
129,rusl202634_chunk013,4
129,rusl202635_chunk014,4
129,rusl202629_chunk018,4
129,rusl20266_chunk017,4
129,ukra202610_chunk008,4
129,ukra202610_chunk007,4
129,ukra202610_chunk009,4
129,syri202617_chunk033,4
129,dub-fran20263_chunk023,2
129,fran20264_chunk019,2
129,dub-fran20262_chunk022,2
129,rusl202634_chunk022,1
129,rusl202635_chunk023,1
129,dub-fran20262_chunk031,2
129,syri20262_chunk012,2
129,syri20263_chunk059,1
129,syri20263_chunk007,2
129,syri20261_chunk024,2
129,syri20263_chunk022,2
129,syri20262_chunk027,2
129,bulg20263_chunk017,2
129,dub-bulg20261_chunk019,2
129,syri20266_chunk027,2
129,syri20267_chunk027,2
129,dub-nede20265_chunk013,2
129,syri20264_chunk024,2
129,bulg20263_chunk011,4
129,fran20264_chunk016,2
129,dub-fran20262_chunk019,2
129,dub-fran20262_chunk039,2
129,dub-belg20261_chunk023,2
129,dub-fran20263_chunk010,4
129,fran20264_chunk006,4
129,ukra20266_chunk017,4
129,dub-nede20264_chunk012,2
129,dub-nede20263_chunk014,2
129,dub-belg20262_chunk029,2
129,dub-fran20263_chunk020,2
129,dub-nede20264_chunk017,2
129,dub-fran20262_chunk041,4
129,dub-belg20261_chunk021,4
129,dub-belg20262_chunk027,4
129,dub-nede20262_chunk014,2
129,bulg20263_chunk030,2
129,dub-nede20261_chunk011,2
129,syri20261_chunk031,4
129,syri20263_chunk029,4
129,dub-fran20262_chunk009,4
129,syri202617_chunk032,1
129,soma20262_chunk013,2
129,bulg20263_chunk033,0
129,dub-nede20262_chunk019,2
129,dub-belg20261_chunk011,4
129,dub-belg20262_chunk017,4
129,dub-nede20263_chunk019,2
129,dub-nede20261_chunk016,2
129,dub-fran20263_chunk021,4
129,fran20264_chunk017,4
129,fran20264_chunk011,2
129,dub-fran20263_chunk015,2
129,bulg20263_chunk014,4
129,dub-bulg20262_chunk012,2
129,syri20262_chunk034,4
129,syri20266_chunk034,4
129,syri20267_chunk034,4
129,dub-fran20262_chunk023,2
129,dub-belg20261_chunk017,2
129,dub-belg20262_chunk023,2
129,dub-fran20263_chunk018,4
129,fran20264_chunk014,4
129,dub-fran20262_chunk017,4
129,fran20264_chunk020,2
129,dub-belg20261_chunk019,2
129,dub-belg20262_chunk025,2
129,syri20266_chunk012,1
129,syri20267_chunk012,1
129,dub-belg20262_chunk012,2
129,dub-fran20262_chunk038,2
129,dub-fran20262_chunk008,4
129,ugan202610_chunk011,4
129,dub-belg20261_chunk028,2
129,dub-belg20262_chunk034,2
129,bulg20263_chunk010,2
129,dub-belg20261_chunk020,2
129,dub-belg20262_chunk026,2
129,dub-bulg20261_chunk017,4
129,dub-fran20262_chunk040,2
129,ugan20262_chunk008,2
129,dub-fran20263_chunk024,2
129,dub-bulg20261_chunk013,2
129,fran20264_chunk010,2
129,dub-bulg20261_chunk021,2
129,dub-fran20263_chunk014,2
129,dub-fran20262_chunk020,4
129,dub-fran20262_chunk013,2
129,bulg20263_chunk016,2
129,ugan202610_chunk010,2
129,syri20261_chunk009,1
129,ugan20262_chunk009,2
129,paki20262_chunk011,4
131,dub-belg20261_chunk023,2
131,dub-belg20262_chunk029,2
131,afgh202649_chunk020,4
131,ukra202620_chunk029,4
131,ugan20262_chunk010,4
131,ukra20269_chunk016,4
131,syri20266_chunk002,4
131,syri20267_chunk002,4
131,afgh202649_chunk019,4
131,ugan202610_chunk001,4
131,dub-fran20262_chunk030,4
131,ugan202610_chunk012,4
131,dub-belg20261_chunk025,2
131,dub-belg20262_chunk031,2
131,dub-fran20262_chunk036,4
131,ukra202611_chunk016,2
131,ukra20264_chunk007,2
131,ukra20266_chunk018,1
131,syri20263_chunk063,2
131,syri20264_chunk028,2
131,dub-fran20262_chunk037,2
131,dub-fran20263_chunk011,2
131,fran20264_chunk007,2
131,syri20261_chunk041,2
131,syri20263_chunk039,2
131,syri20262_chunk044,2
131,syri20266_chunk044,2
131,syri20267_chunk044,2
131,rusl202634_chunk017,2
131,rusl202635_chunk018,2
131,rusl202629_chunk022,2
131,rusl20266_chunk021,2
131,syri20267_chunk045,2
131,syri20266_chunk045,2
131,dub-fran20262_chunk010,2
131,syri202613_chunk027,4
131,syri202614_chunk012,4
131,syri202614_chunk012_dup1,4
131,syri20264_chunk047,4
131,syri20265_chunk014,4
131,syri20261_chunk042,2
131,syri20263_chunk040,2
131,syri20262_chunk045,2
132,bulg20263_chunk024,5
132,bulg20263_chunk029,4
132,dub-fran20262_chunk028,4
132,bulg20263_chunk028,4
132,bulg20263_chunk036,2
132,bulg20263_chunk023,4
132,bulg20263_chunk027,2
132,bulg20263_chunk031,4
132,rusl20266_chunk019,4
132,afgh202649_chunk020,2
132,bulg20263_chunk019,2
132,dub-belg20261_chunk012,3
132,dub-belg20262_chunk018,3
132,dub-belg20261_chunk007,4
132,dub-belg20261_chunk029,2
132,dub-belg20261_chunk019,2
132,dub-belg20262_chunk025,2
132,dub-belg20261_chunk025,2
132,dub-belg20262_chunk031,2
132,dub-belg20261_chunk013,4
132,dub-belg20261_chunk028,4
132,dub-belg20261_chunk005,4
132,dub-nede20264_chunk012,4
132,dub-nede20263_chunk014,4
132,dub-belg20262_chunk034,4
132,dub-belg20262_chunk019,4
132,bulg20263_chunk022,2
132,dub-nede20262_chunk014,4
132,dub-nede20261_chunk011,4
132,dub-belg20262_chunk035,2
132,dub-belg20261_chunk009,4
132,dub-belg20262_chunk015,4
132,dub-bulg20262_chunk013,4
132,dub-bulg20261_chunk018,4
132,kina20261_chunk036,4
132,rusl202629_chunk020,2
132,bulg20263_chunk016,4
132,dub-bulg20261_chunk025,4
132,dub-belg20262_chunk013,4
132,rusl202634_chunk015,2
132,rusl202635_chunk016,2
132,dub-nede20262_chunk019,2
132,dub-nede20264_chunk017,2
132,dub-nede20263_chunk019,2
132,dub-nede20261_chunk016,2
132,dub-belg20262_chunk033,2
132,dub-belg20261_chunk014,4
132,dub-belg20262_chunk020,4
132,dub-belg20262_chunk011,2
132,dub-belg20261_chunk027,2
132,dub-belg20261_chunk017,4
132,dub-belg20262_chunk023,4
132,dub-pole20262_chunk016,2
132,dub-fran20262_chunk027,4
132,dub-belg20261_chunk018,2
132,dub-belg20262_chunk024,2
132,syri20266_chunk020,2
132,syri20261_chunk019,2
132,syri20267_chunk020,2
132,dub-belg20262_chunk030,2
132,bulg20263_chunk018,3
132,dub-belg20261_chunk024,2
132,dub-bulg20261_chunk020,4
132,syri20263_chunk060,2
132,syri20264_chunk025,2
132,dub-belg20261_chunk015,2
132,dub-belg20262_chunk021,2
132,syri20261_chunk034,2
132,syri20263_chunk032,2
132,bulg20263_chunk037,4
132,syri20261_chunk017,2
132,dub-belg20261_chunk010,4
132,dub-belg20262_chunk016,4
132,dub-belg20262_chunk012,4
132,dub-belg20261_chunk006,4
132,syri20261_chunk018,2
132,syri20263_chunk016,2
132,syri20262_chunk021,2
132,syri20266_chunk021,2
132,syri20267_chunk021,2
132,syri20263_chunk017,2
132,syri20262_chunk022,2
132,syri20266_chunk022,2
132,syri20267_chunk022,2
132,syri20262_chunk037,2
132,syri20266_chunk037,2
132,syri20267_chunk037,2
132,syri20263_chunk015,2
132,syri20262_chunk020,2
132,dub-bulg20261_chunk027,2
15,erit20261_chunk031,4
15,syri20266_chunk021,4
15,syri20267_chunk021,4
15,syri20261_chunk018,4
15,syri20263_chunk016,4
15,syri20262_chunk021,4
15,syri20263_chunk060,4
15,syri20264_chunk025,4
15,dub-fran20262_chunk028,4
15,dub-bulg20261_chunk046,4
15,syri20263_chunk023,2
15,syri20262_chunk028,2
15,syri20266_chunk028,2
15,bulg20263_chunk011,4
15,syri20267_chunk028,4
15,syri20261_chunk025,2
17,bulg20263_chunk024,5
17,keny20262_chunk023,4
17,bulg20263_chunk028,2
17,afgh202649_chunk020,2
17,dub-belg20261_chunk005,4
17,bulg20263_chunk023,2
17,bulg20263_chunk036,2
17,bulg20263_chunk027,2
17,dub-belg20261_chunk029,2
17,bulg20263_chunk029,2
17,irak20265_chunk019,2
17,dub-belg20261_chunk012,2
17,dub-belg20262_chunk018,2
17,dub-belg20261_chunk025,2
17,dub-belg20262_chunk031,2
17,dub-nede20263_chunk014,4
17,dub-nede20264_chunk012,4
17,dub-bulg20262_chunk013,2
17,dub-pole20262_chunk016,2
17,dub-belg20262_chunk035,2
17,dub-nede20261_chunk011,4
17,dub-nede20262_chunk014,2
17,dub-belg20262_chunk011,2
17,dub-belg20261_chunk009,4
17,dub-belg20262_chunk015,4
17,dub-belg20261_chunk027,2
17,dub-belg20262_chunk033,2
17,bulg20263_chunk019,2
17,dub-belg20261_chunk013,4
17,dub-belg20262_chunk019,4
17,bulg20263_chunk037,3
17,dub-belg20261_chunk028,4
17,dub-belg20262_chunk034,4
17,bulg20263_chunk018,2
17,bulg20263_chunk031,2
17,dub-bulg20261_chunk018,4
17,dub-belg20261_chunk019,1
17,dub-belg20262_chunk025,1
17,syri20261_chunk012,2
17,syri20263_chunk010,2
17,bulg20263_chunk016,4
17,dub-belg20261_chunk010,2
17,dub-belg20262_chunk016,2
17,dub-belg20261_chunk014,4
17,dub-belg20262_chunk020,4
17,dub-belg20261_chunk007,2
17,dub-belg20262_chunk013,2
17,bulg20263_chunk022,1
17,dub-belg20261_chunk018,1
17,dub-belg20262_chunk024,1
17,dub-belg20261_chunk015,2
17,dub-belg20262_chunk021,2
17,dub-belg20261_chunk017,2
17,dub-belg20262_chunk023,2
17,dub-nede20262_chunk019,1
17,dub-belg20261_chunk006,1
17,dub-belg20261_chunk024,1
17,dub-belg20262_chunk030,1
17,dub-bulg20261_chunk020,4
17,syri20262_chunk015,2
17,syri20266_chunk015,2
17,syri20267_chunk015,2
17,dub-nede20264_chunk017,1
17,dub-nede20263_chunk019,1
17,dub-nede20261_chunk016,1
17,dub-fran20263_chunk016,1
17,fran20264_chunk012,1
17,dub-fran20262_chunk015,1
17,dub-fran20262_chunk027,4
17,dub-belg20262_chunk012,1
18,erit20261_chunk031,4
18,syri20264_chunk025,4
18,syri20263_chunk060,4
18,bulg20263_chunk011,4
25,dub-fran20263_chunk020,2
25,fran20264_chunk016,2
25,dub-bulg20261_chunk045,2
25,dub-fran20262_chunk019,2
25,dub-bulg20261_chunk028,4
25,erit20261_chunk031,3
25,fran20264_chunk011,4
25,dub-fran20262_chunk014,3
25,dub-fran20263_chunk015,4
25,dub-nede20265_chunk012,4
25,dub-belg20261_chunk019,2
25,dub-belg20262_chunk025,2
25,dub-belg20261_chunk018,2
25,dub-belg20262_chunk024,2
25,bulg20263_chunk022,2
25,dub-nede20263_chunk014,4
25,dub-fran20262_chunk041,4
25,dub-nede20262_chunk014,4
25,dub-fran20262_chunk039,2
25,dub-belg20261_chunk024,4
25,dub-belg20262_chunk030,4
25,dub-nede20261_chunk011,4
25,dub-nede20265_chunk013,2
25,dub-bulg20261_chunk019,2
25,dub-nede20264_chunk012,4
25,dub-fran20263_chunk010,4
25,fran20264_chunk006,4
25,bulg20263_chunk017,2
25,dub-fran20262_chunk036,4
25,dub-fran20263_chunk023,2
25,dub-fran20263_chunk012,1
25,fran20264_chunk008,1
25,dub-fran20262_chunk011,1
25,fran20264_chunk019,2
25,dub-fran20262_chunk022,2
25,dub-fran20262_chunk038,2
25,dub-fran20263_chunk021,4
25,fran20264_chunk017,4
25,dub-fran20262_chunk020,4
25,bulg20263_chunk033,0
25,dub-nede20265_chunk017,2
25,bulg20263_chunk037,4
25,dub-fran20262_chunk030,4
25,dub-bulg20262_chunk012,2
25,bulg20263_chunk011,4
25,dub-belg20261_chunk011,2
25,dub-belg20262_chunk017,2
25,dub-fran20262_chunk009,4
25,fran20264_chunk020,4
25,dub-fran20262_chunk023,4
25,dub-fran20262_chunk040,4
25,syri20264_chunk034,2
25,bulg20263_chunk019,2
25,dub-belg20261_chunk014,4
25,dub-belg20262_chunk020,4
25,dub-bulg20261_chunk014,4
25,dub-belg20261_chunk028,3
25,dub-belg20262_chunk034,3
25,bulg20263_chunk030,2
25,dub-nede20262_chunk019,2
25,dub-belg20261_chunk012,3
25,dub-belg20262_chunk018,3
25,dub-nede20264_chunk017,2
25,dub-nede20263_chunk019,2
25,dub-nede20261_chunk016,2
25,dub-fran20262_chunk031,2
25,dub-belg20261_chunk023,2
25,dub-belg20262_chunk029,2
25,dub-belg20261_chunk017,4
25,dub-belg20262_chunk023,4
25,dub-fran20263_chunk018,4
25,fran20264_chunk014,4
25,dub-fran20262_chunk017,4
25,dub-belg20262_chunk012,2
25,dub-belg20261_chunk006,4
25,dub-bulg20261_chunk016,2
25,dub-fran20263_chunk024,4
25,dub-bulg20261_chunk025,2
25,bulg20263_chunk008,2
25,dub-bulg20261_chunk021,2
25,fran20264_chunk010,2
25,dub-belg20261_chunk021,2
25,dub-belg20262_chunk027,2
25,dub-fran20262_chunk013,2
25,dub-belg20261_chunk020,4
25,bulg20263_chunk016,2
25,bulg20263_chunk010,2
25,bulg20263_chunk014,2
25,dub-fran20262_chunk008,4
25,dub-belg20262_chunk026,4
25,dub-fran20263_chunk014,2
25,dub-bulg20261_chunk015,1
25,dub-bulg20261_chunk013,2
25,dub-bulg20261_chunk017,2
25,bulg20263_chunk012,2
25,syri20266_chunk015,2
25,syri20267_chunk015,2
25,syri20261_chunk012,2
25,syri20263_chunk010,2
25,syri20262_chunk015,2
26,syri202618_chunk019,4
26,syri20267_chunk059,4
26,ukra202610_chunk015,4
26,rusl202634_chunk046,4
26,rusl202635_chunk049,4
26,dub-schw20264_chunk010,4
26,ukra20262_chunk013,4
26,stat20265_chunk033,4
26,ukra202611_chunk025,4
26,ukra202618_chunk014,4
26,ukra202617_chunk014,4
26,ukra202618_chunk021,4
26,syri20261_chunk055,4
26,niga20264_chunk026,4
26,dub-sver20262_chunk009,4
26,tyrk20261_chunk018,4
26,bela20261_chunk017,4
26,syri202621_chunk006,4
26,syri20261_chunk057,4
26,syri20266_chunk059,4
26,soma202612_chunk010,4
26,syri202613_chunk019,4
26,soma202610_chunk010,4
26,soma202612_chunk015,4
26,rusl20266_chunk036,4
26,keny20262_chunk031,4
26,rusl202610_chunk013,4
26,maro20261_chunk012,4
26,ukra20266_chunk014,4
26,afgh202649_chunk003,4
26,dub-finl20265_chunk008,4
26,ukra202610_chunk020,4
26,dub-fran20263_chunk035,4
26,dub-sver202611_chunk015,5
26,dub-belg20261_chunk039,5
26,dub-sver202610_chunk016,5
26,dub-fran20262_chunk051,5
26,dub-sver20266_chunk016,5
26,dub-sver20268_chunk016,5
26,dub-ital20261_chunk015,5
26,dub-sver20269_chunk014,4
26,ukra202613_chunk017,4
26,rusl20265_chunk024,4
26,came20262_chunk014,5
26,syri20267_chunk060,4
26,ukra20265_chunk031,4
26,soma20261_chunk024,4
26,rusl202631_chunk015,4
26,rusl202632_chunk015,4
26,syri20269_chunk005,4
26,dub-sver20265_chunk016,4
26,dub-tysk202622_chunk001,4
26,dub-fran20262_chunk058,4
26,stat202610_chunk004,4
26,ukra202618_chunk018,4
26,ukra202617_chunk018,4
26,rusl20261_chunk020,4
26,ukra20265_chunk026,5
26,irak20265_chunk021,4
26,ukra20264_chunk014,4
26,bela20261_chunk014,2
26,ukra202620_chunk031,2
26,ukra20263_chunk028,4
26,ukra20266_chunk021,4
26,dub-fran20263_chunk034,4
26,syri20263_chunk053,4
26,syri20262_chunk058,4
26,soma202610_chunk009,4
26,dub-tysk202622_chunk016,4
26,dub-tysk20262_chunk006,2
26,dub-pole20263_chunk018,4
26,dub-sver202612_chunk009,4
26,iran202564_chunk024,4
26,syri202616_chunk013,4
26,syri20269_chunk006,4
26,syri20266_chunk060,4
26,dub-pole20261_chunk002,4
26,29b-bul20261_chunk023,4
26,dub-tysk202626_chunk006,4
3,dub-fran20262_chunk038,4
3,dub-belg20262_chunk029,4
3,dub-belg20261_chunk023,4
3,dub-belg20261_chunk018,4
3,dub-belg20262_chunk024,4
3,dub-belg20262_chunk021,4
3,dub-nede20262_chunk019,4
3,dub-belg20261_chunk015,4
3,dub-belg20261_chunk024,4
3,dub-belg20262_chunk030,4
3,dub-nede20264_chunk017,4
3,dub-nede20263_chunk019,4
3,dub-nede20261_chunk016,4
3,dub-fran20262_chunk030,4
3,dub-nede20261_chunk011,4
3,dub-nede20262_chunk014,4
3,dub-nede20264_chunk012,4
3,dub-nede20263_chunk014,4
3,dub-belg20261_chunk020,4
3,dub-belg20262_chunk026,4
3,fran20264_chunk020,4
3,bulg20263_chunk012,3
3,dub-fran20262_chunk031,4
3,dub-fran20262_chunk041,4
3,dub-fran20262_chunk023,4
3,dub-fran20263_chunk024,4
3,dub-bulg20261_chunk016,4
3,bulg20263_chunk011,4
3,dub-bulg20261_chunk028,4
3,dub-fran20263_chunk010,4
3,fran20264_chunk006,4
3,dub-belg20261_chunk011,4
3,dub-belg20262_chunk017,4
3,dub-fran20263_chunk023,4
3,fran20264_chunk019,4
3,dub-bulg20261_chunk019,4
3,bulg20263_chunk017,4
3,dub-fran20262_chunk022,4
3,dub-bulg20261_chunk013,4
3,dub-belg20261_chunk006,4
3,dub-bulg20261_chunk014,4
3,dub-fran20262_chunk039,4
3,dub-fran20262_chunk008,4
3,dub-belg20261_chunk021,4
3,dub-belg20262_chunk027,4
3,bulg20263_chunk010,4
3,dub-fran20262_chunk010,4
3,dub-fran20263_chunk020,4
3,fran20264_chunk016,4
3,dub-fran20262_chunk019,4
3,dub-belg20261_chunk028,4
3,dub-belg20262_chunk034,4
3,bulg20263_chunk014,4
3,bulg20263_chunk033,1
3,bulg20263_chunk016,4
3,dub-belg20261_chunk012,4
3,dub-belg20262_chunk018,4
3,dub-belg20261_chunk019,2
3,dub-belg20262_chunk025,2
3,dub-belg20261_chunk014,4
3,dub-nede20265_chunk013,2
3,dub-fran20262_chunk009,4
3,bulg20263_chunk030,2
3,dub-belg20261_chunk008,4
3,dub-belg20262_chunk014,4
3,dub-fran20263_chunk021,4
3,fran20264_chunk017,4
3,dub-fran20262_chunk020,4
3,dub-bulg20261_chunk017,4
3,dub-belg20262_chunk012,4
3,dub-bulg20262_chunk012,4
3,dub-bulg20261_chunk015,2
3,dub-belg20261_chunk027,4
3,dub-fran20262_chunk036,4
3,dub-belg20261_chunk017,4
3,dub-belg20262_chunk023,4
3,dub-belg20262_chunk033,4
3,fran20264_chunk011,4
3,dub-fran20263_chunk018,4
3,fran20264_chunk014,4
3,dub-fran20262_chunk017,4
3,dub-fran20263_chunk015,4
3,dub-bulg20261_chunk021,4
3,dub-fran20262_chunk014,4
3,dub-fran20262_chunk040,4
3,dub-fran20263_chunk011,4
3,fran20264_chunk007,4
3,dub-fran20262_chunk029,2
3,dub-bulg20262_chunk013,4
3,dub-belg20261_chunk010,4
3,dub-belg20262_chunk016,4
3,dub-belg20262_chunk031,3
3,dub-belg20261_chunk025,3
3,dub-belg20261_chunk022,4
3,dub-fran20262_chunk013,2
3,dub-belg20262_chunk028,4
3,fran20264_chunk010,2
3,dub-fran20263_chunk014,2
3,dub-bulg20261_chunk018,4
3,dub-fran20262_chunk035,2
30,erit20261_chunk031,4
30,syri20263_chunk060,4
30,syri20264_chunk025,4
30,bulg20263_chunk011,4
35,dub-belg20261_chunk010,4
35,dub-belg20262_chunk016,4
35,dub-fran20262_chunk030,4
35,dub-fran20262_chunk035,2
35,dub-belg20261_chunk020,4
35,dub-belg20262_chunk026,4
35,dub-belg20262_chunk031,2
35,dub-belg20261_chunk025,2
35,dub-fran20262_chunk009,4
35,dub-fran20262_chunk037,4
35,dub-belg20261_chunk019,1
35,dub-belg20262_chunk025,1
35,dub-belg20261_chunk023,2
35,dub-fran20262_chunk038,4
35,dub-belg20261_chunk015,2
35,dub-belg20262_chunk021,2
35,dub-fran20262_chunk029,4
35,dub-fran20263_chunk024,2
35,dub-belg20262_chunk029,2
35,fran20264_chunk020,2
35,dub-belg20262_chunk024,4
35,dub-belg20261_chunk018,4
35,dub-belg20262_chunk028,4
35,dub-fran20262_chunk023,2
35,dub-belg20261_chunk022,4
35,dub-belg20261_chunk024,2
35,dub-belg20262_chunk030,2
35,dub-fran20263_chunk010,4
35,fran20264_chunk006,4
35,dub-fran20262_chunk010,2
35,dub-bulg20261_chunk018,4
35,bulg20263_chunk014,4
35,dub-belg20261_chunk008,4
35,dub-belg20262_chunk014,4
35,dub-belg20261_chunk027,4
35,dub-bulg20262_chunk013,2
35,fran20264_chunk007,2
35,dub-bulg20261_chunk016,2
35,syri20266_chunk057,2
35,syri20267_chunk057,2
35,dub-fran20263_chunk011,2
35,bulg20263_chunk012,3
35,dub-belg20261_chunk011,4
35,dub-belg20262_chunk017,4
35,dub-belg20262_chunk033,4
35,bulg20263_chunk010,1
35,bulg20263_chunk016,4
35,dub-bulg20261_chunk015,1
35,syri20261_chunk053,2
35,syri20263_chunk051,2
35,syri20262_chunk056,2
35,dub-bulg20261_chunk017,4
41,dub-fran20262_chunk028,4
41,bulg20263_chunk014,4
41,dub-bulg20261_chunk017,4
41,dub-fran20262_chunk013,2
41,dub-fran20263_chunk014,3
41,fran20264_chunk010,2
41,dub-fran20263_chunk023,4
41,fran20264_chunk019,4
41,dub-fran20262_chunk022,4
41,dub-fran20263_chunk012,1
41,fran20264_chunk008,1
41,dub-fran20262_chunk011,1
41,bulg20263_chunk030,2
41,dub-nede20265_chunk013,2
41,dub-belg20262_chunk012,4
41,dub-nede20262_chunk014,4
41,bulg20263_chunk033,0
41,dub-fran20262_chunk014,2
41,dub-fran20262_chunk041,4
41,dub-belg20261_chunk023,4
41,dub-nede20261_chunk011,4
41,dub-bulg20261_chunk028,4
41,bulg20263_chunk011,4
41,dub-nede20264_chunk012,4
41,dub-nede20263_chunk014,4
41,dub-belg20262_chunk029,4
41,dub-bulg20262_chunk012,4
41,dub-bulg20261_chunk025,4
41,dub-fran20262_chunk009,4
41,dub-belg20261_chunk006,4
41,dub-fran20263_chunk010,4
41,fran20264_chunk006,4
41,dub-fran20262_chunk023,4
41,dub-fran20262_chunk039,3
41,bulg20263_chunk017,4
41,fran20264_chunk020,4
41,dub-fran20263_chunk015,3
41,dub-fran20263_chunk026,4
41,fran20264_chunk022,4
41,fran20264_chunk011,4
41,dub-fran20262_chunk031,4
41,dub-fran20262_chunk017,4
41,dub-fran20263_chunk016,4
41,dub-fran20263_chunk018,4
41,fran20264_chunk014,4
41,dub-belg20261_chunk011,4
41,dub-belg20262_chunk017,4
41,fran20264_chunk016,2
41,dub-fran20262_chunk019,2
41,dub-bulg20261_chunk014,4
41,dub-fran20262_chunk036,4
41,dub-belg20261_chunk028,4
41,dub-bulg20261_chunk021,4
41,dub-bulg20261_chunk016,2
41,dub-fran20262_chunk025,4
41,dub-belg20261_chunk012,3
41,dub-belg20262_chunk018,3
41,dub-fran20262_chunk038,4
41,dub-fran20262_chunk040,4
41,dub-belg20261_chunk018,4
41,dub-bulg20261_chunk019,4
41,dub-belg20262_chunk024,4
41,dub-belg20261_chunk020,4
41,dub-belg20262_chunk026,4
41,bulg20263_chunk016,4
41,dub-belg20261_chunk014,4
41,dub-belg20262_chunk020,4
41,dub-fran20263_chunk024,4
41,dub-fran20263_chunk020,2
41,dub-belg20262_chunk034,4
41,fran20264_chunk012,4
41,dub-fran20262_chunk015,4
41,dub-fran20263_chunk021,4
41,fran20264_chunk017,4
41,dub-fran20262_chunk020,4
41,dub-nede20262_chunk019,2
41,dub-nede20264_chunk017,4
41,dub-nede20263_chunk019,4
41,dub-nede20261_chunk016,4
41,dub-belg20261_chunk021,4
41,dub-belg20262_chunk027,4
41,bulg20263_chunk010,4
41,dub-belg20261_chunk019,2
41,dub-belg20262_chunk025,2
41,dub-bulg20261_chunk013,4
41,dub-fran20262_chunk021,4
41,dub-fran20263_chunk022,4
41,fran20264_chunk018,4
41,dub-fran20262_chunk008,4
41,bulg20263_chunk012,2
41,dub-fran20262_chunk016,3
41,dub-bulg20261_chunk015,1
41,dub-belg20261_chunk007,4
41,dub-belg20262_chunk013,4
41,rusl202634_chunk031,4
41,rusl202635_chunk032,4
41,dub-belg20261_chunk017,4
41,dub-belg20262_chunk023,4
41,dub-fran20263_chunk017,3
41,fran20264_chunk013,3
44,dub-sver202611_chunk006,4
44,dub-sver20268_chunk008,4
44,dub-sver20266_chunk007,4
44,dub-sver20269_chunk006,4
44,sver202617_chunk007,4
44,dub-sver20268_chunk006,4
44,dub-sver202610_chunk007,4
44,dub-sver20266_chunk009,4
44,dub-sver202612_chunk012,4
44,dub-sver202611_chunk007,4
44,dub-sver20269_chunk009,4
44,dub-sver202614_chunk014,4
44,sver202617_chunk009,4
44,dub-sver202610_chunk009,4
44,keny20262_chunk022,4
44,syri20262_chunk012,4
44,syri20263_chunk007,4
44,ugan202610_chunk015,4
44,ugan20262_chunk013,1
44,ugan20262_chunk008,2
44,ugan202610_chunk010,2
44,ugan202610_chunk013,4
44,ugan20262_chunk011,4
44,29b-bul20261_chunk009,4
44,rusl20262_chunk010,4
44,ugan20262_chunk009,1
44,ugan202610_chunk011,4
44,dub-belg20262_chunk006,4
44,dub-pole20262_chunk005,4
44,syri20262_chunk025,4
44,syri20266_chunk025,4
44,syri20267_chunk025,4
44,syri20261_chunk012,3
44,syri20263_chunk010,3
44,syri20262_chunk015,3
44,syri20266_chunk015,3
44,syri20267_chunk015,3
44,dub-belg20261_chunk016,2
44,dub-belg20262_chunk022,2
44,dub-belg20261_chunk014,4
44,dub-belg20262_chunk020,4
44,syri20261_chunk022,4
44,syri20263_chunk020,4
44,dub-belg20261_chunk022,4
44,dub-belg20262_chunk028,4
44,dub-belg20261_chunk015,4
44,dub-belg20262_chunk021,4
44,erit20261_chunk036,4
44,syri20262_chunk026,2
44,syri20266_chunk026,2
44,syri20267_chunk026,2
44,came20262_chunk012,0
44,dub-bulg20261_chunk054,4
44,dub-belg20262_chunk029,4
44,syri20261_chunk023,2
44,syri20263_chunk021,2
44,syri20261_chunk009,1
44,syri20266_chunk012,1
44,syri20267_chunk012,1
44,dub-belg20261_chunk023,4
44,syri20263_chunk006,0
44,syri20262_chunk011,0
44,bulg20263_chunk023,4
44,afgh202649_chunk019,4
44,ukra20263_chunk025,4
44,dub-fran20263_chunk020,4
44,fran20264_chunk016,4
44,dub-fran20262_chunk019,4
44,syri20264_chunk032,2
44,syri20261_chunk031,4
44,syri20263_chunk029,4
44,syri20262_chunk034,4
44,syri20266_chunk034,4
44,syri20267_chunk034,4
44,syri20266_chunk020,0
44,syri20261_chunk010,2
44,syri20263_chunk008,2
44,syri20262_chunk013,2
44,syri20267_chunk020,0
44,syri202617_chunk032,2
44,syri20266_chunk013,2
44,syri20267_chunk013,2
44,syri20261_chunk017,0
44,syri20263_chunk015,0
44,syri20262_chunk020,0
44,dub-belg20261_chunk021,4
44,dub-belg20262_chunk027,4
44,bulg20263_chunk011,1
44,dub-belg20261_chunk012,4
44,dub-belg20262_chunk018,4
44,dub-belg20262_chunk024,2
44,dub-fran20262_chunk038,2
44,dub-belg20261_chunk018,2
44,syri20267_chunk049,2
44,dub-belg20261_chunk025,2
44,dub-belg20262_chunk031,2
44,syri20261_chunk046,2
44,syri20263_chunk044,2
44,syri20262_chunk049,2
44,syri20266_chunk049,2
55,bulg20263_chunk008,4
55,dub-bulg20261_chunk025,4
55,bulg20263_chunk010,4
55,dub-bulg20261_chunk014,4
55,dub-bulg20261_chunk016,4
55,dub-bulg20261_chunk027,4
55,bulg20263_chunk012,2
55,dub-bulg20261_chunk013,4
55,dub-bulg20261_chunk056,4
55,dub-bulg20261_chunk015,4
55,dub-bulg20261_chunk017,4
55,bulg20263_chunk014,4
55,dub-bulg20261_chunk049,4
55,bulg20263_chunk011,4
55,fran20264_chunk011,4
55,dub-fran20263_chunk015,4
55,dub-fran20263_chunk018,4
55,fran20264_chunk014,4
55,dub-fran20262_chunk017,4
55,dub-fran20262_chunk014,4
55,dub-bulg20261_chunk019,4
55,bulg20263_chunk017,4
55,dub-bulg20261_chunk028,4
55,dub-fran20262_chunk030,4
55,dub-bulg20261_chunk026,4
55,irak20265_chunk019,4
55,dub-fran20263_chunk012,2
55,fran20264_chunk008,2
55,dub-fran20262_chunk011,2
55,dub-fran20263_chunk017,4
55,fran20264_chunk013,4
55,dub-fran20262_chunk016,4
55,dub-belg20261_chunk028,4
55,dub-belg20262_chunk034,4
55,dub-fran20262_chunk009,4
55,dub-belg20261_chunk019,2
55,dub-belg20262_chunk025,2
55,dub-bulg20261_chunk021,4
55,dub-fran20262_chunk039,2
55,dub-fran20263_chunk016,4
55,fran20264_chunk012,4
55,dub-fran20262_chunk015,4
55,syri20266_chunk051,4
55,syri20267_chunk051,4
55,dub-fran20262_chunk013,2
55,fran20264_chunk010,3
55,dub-fran20263_chunk014,3
55,dub-fran20262_chunk019,2
55,fran20264_chunk006,4
55,dub-fran20263_chunk010,4
55,dub-nede20265_chunk013,2
55,dub-fran20263_chunk020,2
55,fran20264_chunk016,2
55,dub-fran20263_chunk023,2
55,fran20264_chunk019,2
55,dub-fran20262_chunk022,2
55,dub-fran20262_chunk031,4
55,dub-fran20262_chunk008,4
55,dub-fran20262_chunk038,4
55,dub-pole20257_chunk010,4
55,dub-nede20264_chunk012,4
55,dub-nede20263_chunk014,4
55,fran20264_chunk005,4
55,dub-belg20261_chunk020,4
55,dub-nede20262_chunk014,4
55,dub-belg20261_chunk023,4
55,dub-belg20262_chunk029,4
55,dub-belg20262_chunk026,4
55,dub-nede20261_chunk011,4
55,dub-fran20263_chunk009,4
55,bulg20263_chunk009,3
55,dub-fran20263_chunk021,4
55,fran20264_chunk017,4
55,dub-fran20262_chunk023,2
55,dub-belg20261_chunk021,4
55,dub-belg20262_chunk027,4
55,dub-fran20262_chunk020,4
55,syri20267_chunk037,4
55,syri20262_chunk037,4
55,syri20266_chunk037,4
55,syri20261_chunk034,4
55,syri20263_chunk032,4
55,dub-nede20264_chunk017,2
55,dub-nede20263_chunk019,2
55,fran20264_chunk020,4
55,dub-pole20262_chunk011,4
55,dub-belg20261_chunk017,4
55,dub-belg20262_chunk023,4
55,dub-fran20263_chunk024,4
55,dub-fran20262_chunk040,4
55,syri20261_chunk046,4
55,syri20266_chunk049,4
55,syri20267_chunk049,4
55,syri20263_chunk044,4
55,syri20262_chunk049,4
55,syri20261_chunk017,2
55,syri20263_chunk015,2
55,syri20262_chunk020,2
55,syri20267_chunk020,2
55,syri20266_chunk020,2
63,syri202621_chunk010,4
63,afgh202646_chunk004,4
63,niga20264_chunk014,4
63,syri202617_chunk008,4
63,syri202616_chunk008,4
63,afgh202617_chunk005,4
63,dub-bulg20261_chunk027,2
63,syri202621_chunk007,4
63,dub-bulg20261_chunk025,4
63,syri20263_chunk051,1
63,syri20261_chunk053,1
63,syri202613_chunk026,4
63,syri202614_chunk011,4
63,syri202614_chunk011_dup1,4
63,syri20264_chunk046,4
63,syri20265_chunk013,4
63,syri20266_chunk057,2
63,syri20267_chunk057,2
63,syri20262_chunk056,1
63,syri20261_chunk054,4
63,afgh202618_chunk005,4
65,bulg20263_chunk032,2
65,bulg20263_chunk030,2
65,rusl202634_chunk022,1
65,rusl202635_chunk023,1
65,rusl202634_chunk014,2
65,rusl202635_chunk015,2
65,bulg20263_chunk034,4
65,rusl202629_chunk019,2
65,rusl20266_chunk018,2
65,syri20263_chunk020,4
65,syri20262_chunk025,4
65,dub-bulg20261_chunk027,3
65,syri20261_chunk023,2
65,syri20266_chunk025,4
65,syri20267_chunk025,4
65,syri20261_chunk022,4
65,bulg20263_chunk033,1
65,dub-bulg20261_chunk035,3
65,bulg20263_chunk019,4
65,syri20263_chunk021,2
65,syri20262_chunk026,2
65,syri20266_chunk026,2
65,syri20267_chunk026,2
65,syri20261_chunk011,1
65,syri20263_chunk009,1
65,bulg20263_chunk014,4
65,bulg20263_chunk035,4
65,syri20267_chunk014,1
65,bulg20263_chunk021,2
65,dub-fran20262_chunk021,4
65,syri20261_chunk012,2
65,rusl20266_chunk014,2
65,rusl20266_chunk022,4
65,dub-bulg20261_chunk026,2
65,dub-belg20261_chunk028,4
65,dub-belg20262_chunk034,4
65,syri20266_chunk021,1
65,syri20267_chunk021,1
65,dub-fran20262_chunk036,4
65,dub-fran20263_chunk022,4
65,fran20264_chunk018,4
65,rusl202634_chunk030,2
65,rusl202635_chunk031,2
65,bulg20263_chunk011,4
65,dub-belg20262_chunk020,4
65,dub-belg20261_chunk014,4
65,dub-belg20262_chunk029,4
65,dub-belg20261_chunk010,4
65,dub-belg20262_chunk016,4
65,syri20263_chunk049,3
65,syri20262_chunk054,3
65,syri20266_chunk055,3
65,dub-belg20261_chunk025,3
65,dub-belg20262_chunk031,3
65,syri20261_chunk021,2
65,syri20263_chunk019,2
65,syri20262_chunk024,2
65,syri20266_chunk024,2
65,syri20267_chunk024,2
65,dub-belg20261_chunk027,4
65,dub-belg20262_chunk033,4
65,syri20261_chunk046,4
65,syri20263_chunk044,4
65,syri20262_chunk049,4
65,syri20266_chunk049,4
65,syri20267_chunk049,4
65,syri20261_chunk051,3
65,syri20262_chunk014,1
65,syri20266_chunk014,1
65,syri20263_chunk027,2
65,syri20262_chunk032,2
65,syri20266_chunk032,2
65,bulg20263_chunk015,4
65,dub-belg20261_chunk024,3
65,dub-belg20262_chunk030,3
65,rusl202634_chunk018,4
65,rusl202635_chunk019,4
65,dub-bulg20262_chunk012,4
65,rusl202634_chunk013,4
65,rusl202635_chunk014,4
65,syri20261_chunk029,2
65,rusl20266_chunk017,4
65,dub-fran20262_chunk037,4
65,syri20261_chunk018,1
65,syri20263_chunk016,1
65,syri20262_chunk021,1
65,rusl202629_chunk018,4
65,rusl202629_chunk023,4
65,dub-belg20261_chunk022,4
65,dub-belg20261_chunk023,4
65,dub-bulg20261_chunk017,4
65,dub-belg20262_chunk028,4
65,bulg20263_chunk012,2
65,syri20264_chunk029,1
65,dub-belg20261_chunk012,3
65,dub-belg20262_chunk018,3
65,syri20267_chunk055,4
65,syri20267_chunk032,2
65,rusl202634_chunk031,4
65,rusl202635_chunk032,4
66,dub-fran20262_chunk025,4
66,dub-fran20263_chunk026,4
66,fran20264_chunk022,4
66,dub-fran20262_chunk038,4
66,dub-belg20262_chunk024,4
66,dub-belg20261_chunk018,4
66,dub-belg20262_chunk012,4
66,fran20264_chunk006,4
66,dub-nede20261_chunk011,4
66,dub-nede20264_chunk012,4
66,dub-nede20263_chunk014,4
66,dub-nede20262_chunk014,4
66,dub-fran20263_chunk010,4
66,dub-belg20261_chunk007,4
66,dub-belg20262_chunk013,4
66,dub-fran20262_chunk014,4
66,fran20264_chunk011,4
66,dub-fran20263_chunk015,4
66,dub-fran20262_chunk009,4
66,fran20264_chunk020,4
66,dub-fran20262_chunk023,4
66,fran20264_chunk008,2
66,dub-fran20262_chunk011,2
66,dub-belg20261_chunk006,4
66,dub-fran20263_chunk012,2
66,dub-belg20261_chunk028,4
66,dub-bulg20261_chunk019,4
66,dub-fran20263_chunk024,4
66,bulg20263_chunk014,4
66,dub-fran20263_chunk018,4
66,fran20264_chunk014,4
66,dub-fran20262_chunk017,4
66,bulg20263_chunk017,4
66,dub-belg20261_chunk019,2
66,dub-belg20262_chunk025,2
66,dub-belg20261_chunk014,4
66,dub-belg20262_chunk020,4
66,dub-belg20261_chunk012,4
66,dub-belg20262_chunk018,4
66,dub-belg20262_chunk034,4
66,dub-nede20265_chunk013,2
66,fran20264_chunk016,4
66,dub-fran20262_chunk019,4
66,dub-nede20262_chunk019,4
66,dub-nede20264_chunk017,4
66,dub-nede20263_chunk019,4
66,dub-nede20261_chunk016,4
66,dub-belg20261_chunk017,4
66,dub-belg20262_chunk023,4
66,dub-fran20263_chunk020,4
66,dub-bulg20261_chunk017,4
66,bulg20263_chunk011,4
66,dub-fran20263_chunk016,4
66,fran20264_chunk012,4
66,dub-fran20263_chunk021,4
66,dub-belg20261_chunk011,4
66,dub-belg20262_chunk017,4
66,dub-fran20262_chunk015,4
66,dub-fran20262_chunk039,4
66,bulg20263_chunk030,2
66,dub-fran20263_chunk023,2
66,fran20264_chunk019,2
66,dub-fran20262_chunk022,2
66,bulg20263_chunk012,3
66,dub-bulg20261_chunk016,4
66,dub-fran20262_chunk008,4
66,dub-bulg20261_chunk013,4
66,fran20264_chunk017,4
66,dub-fran20262_chunk020,4
66,dub-bulg20261_chunk021,4
66,dub-fran20262_chunk036,4
66,dub-fran20262_chunk013,2
66,dub-belg20261_chunk020,4
66,dub-belg20262_chunk026,4
66,dub-fran20262_chunk041,4
66,dub-fran20262_chunk040,4
66,bulg20263_chunk033,0
66,fran20264_chunk010,2
66,dub-bulg20261_chunk028,4
66,dub-fran20263_chunk014,2
66,dub-fran20262_chunk031,4
66,dub-bulg20261_chunk025,4
66,bulg20263_chunk016,4
66,bulg20263_chunk010,4
66,dub-belg20261_chunk023,4
66,dub-bulg20261_chunk014,4
66,dub-belg20262_chunk029,4
66,dub-belg20261_chunk021,4
66,dub-belg20262_chunk027,4
66,dub-bulg20262_chunk012,4
66,dub-fran20262_chunk021,4
66,dub-fran20263_chunk022,4
66,fran20264_chunk018,4
66,dub-bulg20261_chunk015,2
66,rusl202634_chunk031,4
66,rusl202635_chunk032,4
66,dub-fran20262_chunk016,2
66,bulg20263_chunk032,2
66,dub-fran20263_chunk017,2
66,fran20264_chunk013,2
68,afgh202617_chunk019,5
68,ugan202617_chunk007,4
68,soma202612_chunk006,4
68,jord20261_chunk004,4
68,afgh202618_chunk016,4
68,ugan20264_chunk005,4
68,jord20261_chunk009,4
68,indi20262_chunk012,4
68,jord20261_chunk010,4
68,ugan202617_chunk017,4
68,ghan20261_chunk004,4
68,rusl20266_chunk005,4
68,syri202620_chunk010,4
68,rusl20265_chunk008,4
68,erit20262_chunk016,4
68,ugan202614_chunk011,4
68,ugan202615_chunk015,4
68,jord20262_chunk013,4
68,paki20261_chunk006,4
68,soma202612_chunk005,4
68,land20264_chunk016,4
68,irak20263_chunk006,4
68,ugan20263_chunk003,4
68,ugan20262_chunk004,5
68,syri202620_chunk009,4
68,rusl20269_chunk015,4
68,maro20253_chunk007,4
68,bosn20261_chunk005,4
68,rusl202637_chunk019,4
68,rusl202637_chunk011,4
68,jord20262_chunk007,4
68,rusl20266_chunk033,4
68,paki20263_chunk019,4
68,ukra202620_chunk007,4
68,alge20261_chunk034,4
68,irak20262_chunk015,4
68,rusl202637_chunk023,4
68,afgh20267_chunk011,4
68,keny20262_chunk013,4
68,ugan202618_chunk004,4
68,tyrk20266_chunk026,2
68,ugan202621_chunk005,4
68,geor20263_chunk016,4
68,afgh202649_chunk009,4
68,stat20261_chunk011,4
68,afgh202646_chunk014,4
68,geor20263_chunk018,2
68,afgh202646_chunk013,4
68,rusl202636_chunk027,4
68,irak20261_chunk006,4
68,vene20261_chunk014,4
68,ugan20265_chunk006,4
68,rusl20264_chunk007,4
68,etio20261_chunk024,4
68,syri202617_chunk019,4
68,ghan20261_chunk007,4
68,niga20267_chunk018,4
68,rusl202636_chunk028,4
68,tyrk20269_chunk007,4
68,ugan202615_chunk014,4
68,ugan20263_chunk006,4
68,rusl202626_chunk007,4
68,ugan20265_chunk014,4
68,dub-tysk202627_chunk005,4
68,ukra202610_chunk006,4
68,irak20261_chunk009,4
68,jord20261_chunk008,4
68,soma20261_chunk010,4
68,ugan202610_chunk006,4
68,syri202615_chunk017,4
68,afgh20264_chunk006,4
68,soma20269_chunk018,4
68,soma202612_chunk004,4
68,bosn20261_chunk004,4
68,rusl20264_chunk005,4
68,maro20262_chunk008,4
68,stat20267_chunk017,4
68,dub-schw20264_chunk009,4
68,afgh20264_chunk011,4
68,dub-tysk202627_chunk007,4
68,niga20261_chunk013,4
68,syri202610_chunk012,4
68,jord20261_chunk007,4
68,rusl202616_chunk012,4
68,stat20268_chunk013,4
68,soma20261_chunk017,4
68,rusl202634_chunk041,4
68,afgh202650_chunk010,4
68,syri20266_chunk009,4
68,soma202611_chunk009,4
68,maro20262_chunk020,4
68,ukra20263_chunk007,4
68,rusl20265_chunk021,4
68,rusl20269_chunk006,4
68,land20264_chunk019,4
68,alder20261_chunk003,4
68,dub-tysk202627_chunk006,4
68,dub-rumae20264_chunk012,4
68,dub-tysk20265_chunk008,4
68,ukra202619_chunk012,2
83,ukra20265_chunk035,4
83,syri20262_chunk035,4
83,syri20266_chunk035,4
83,syri20267_chunk035,4
83,ukra20261_chunk007,1
83,syri20261_chunk032,4
83,syri20263_chunk030,4
83,syri20261_chunk022,4
83,syri20263_chunk020,4
83,syri20262_chunk025,4
83,syri20266_chunk025,4
83,syri20267_chunk025,4
83,syri20261_chunk015,4
83,syri20263_chunk013,4
83,syri20262_chunk018,4
83,syri20266_chunk018,4
83,syri20267_chunk018,4
83,syri20263_chunk034,4
83,syri20262_chunk039,4
83,syri20266_chunk039,4
83,syri20267_chunk039,4
83,syri20261_chunk036,4
83,suda20264_chunk012,2
83,syri20262_chunk023,4
83,syri20266_chunk023,4
83,syri20267_chunk023,4
83,suda20264_chunk011,4
83,syri20261_chunk020,4
83,syri20263_chunk018,4
83,suda20264_chunk001,4
83,suda20264_chunk010,4
83,rusl202616_chunk003,2
83,dub-bulg20261_chunk046,2
83,syri20261_chunk033,2
83,suda20264_chunk006,4
83,syri20261_chunk014,3
83,syri20263_chunk012,3
83,syri20262_chunk017,3
83,syri20261_chunk016,4
83,syri20263_chunk014,4
83,syri20262_chunk019,4
83,ugan202616_chunk002,0
83,syri20263_chunk031,2
83,syri20262_chunk036,2
83,syri20266_chunk036,2
83,syri20267_chunk036,2
83,syri20266_chunk019,4
83,syri20267_chunk019,4
83,dub-fran20263_chunk020,1
83,fran20264_chunk016,1
83,dub-fran20262_chunk019,1
83,syri20266_chunk017,3
83,syri20267_chunk017,3
83,kina20261_chunk040,1
83,syri20261_chunk019,1
83,syri20263_chunk017,1
83,syri20262_chunk022,1
83,syri20266_chunk022,1
83,syri20267_chunk022,1
84,etio20263_chunk005,4
84,etio20263_chunk006,2
84,rusl202634_chunk032,1
84,rusl202635_chunk033,1
84,erit20261_chunk035,1
84,dub-bulg20261_chunk040,1
84,syri20266_chunk056,1
84,syri20267_chunk056,1
84,syri20267_chunk054,2
84,syri20261_chunk052,1
84,syri20263_chunk050,1
84,syri20262_chunk055,1
84,syri20261_chunk039,2
84,syri20263_chunk037,2
84,syri20262_chunk042,2
84,syri20266_chunk042,2
84,syri20267_chunk042,2
84,syri20261_chunk043,0
84,syri20263_chunk041,0
84,syri20262_chunk046,0
84,syri20266_chunk046,0
84,syri20267_chunk046,0
84,syri20261_chunk050,2
84,syri20263_chunk048,2
84,syri20262_chunk053,2
84,syri20266_chunk054,2
84,syri20267_chunk049,0
84,syri20261_chunk029,1
84,syri20263_chunk027,1
84,syri20262_chunk032,1
84,syri20266_chunk032,1
84,syri20261_chunk046,0
84,syri20263_chunk044,0
84,syri20262_chunk049,0
84,syri20266_chunk049,0
84,syri20267_chunk032,1
88,syri20261_chunk023,4
88,syri20263_chunk021,4
88,syri20262_chunk026,4
88,syri20266_chunk026,4
88,syri20267_chunk026,4
88,syri20261_chunk014,3
88,syri20263_chunk012,3
88,syri20262_chunk017,3
88,syri20266_chunk017,3
88,syri20267_chunk017,3
88,syri20264_chunk038,4
88,syri20261_chunk021,4
88,syri20263_chunk019,4
88,syri20262_chunk024,4
88,syri20266_chunk024,4
88,syri20267_chunk024,4
88,syri20261_chunk024,4
88,syri20263_chunk022,4
88,syri20262_chunk027,4
88,syri20266_chunk027,4
88,syri20267_chunk027,4
88,syri20261_chunk010,2
88,syri20263_chunk008,2
88,syri20261_chunk031,4
88,syri20263_chunk029,4
88,syri20262_chunk034,4
88,syri20266_chunk034,4
88,syri20267_chunk034,4
88,syri20262_chunk013,2
88,syri20266_chunk013,2
88,syri20267_chunk013,2
88,rusl202634_chunk032,4
88,rusl202635_chunk033,4
88,syri20261_chunk037,4
88,syri20263_chunk035,4
88,syri20262_chunk040,4
88,syri20266_chunk040,4
88,syri20267_chunk040,4
88,syri20262_chunk025,4
88,syri20266_chunk025,4
88,syri20267_chunk025,4
88,syri20261_chunk022,4
88,syri20263_chunk020,4
88,syri20263_chunk013,4
88,syri20262_chunk018,4
88,syri20266_chunk018,4
88,syri20267_chunk018,4
88,syri20261_chunk025,4
88,syri20267_chunk028,4
88,syri20263_chunk023,4
88,syri20262_chunk028,4
88,syri20266_chunk028,4
88,syri20261_chunk015,4
88,syri20261_chunk009,2
88,syri20266_chunk012,2
88,syri20267_chunk012,2
88,dub-belg20261_chunk026,4
88,dub-belg20262_chunk032,4
88,syri20263_chunk034,4
88,syri20262_chunk039,4
88,syri20266_chunk039,4
88,syri20261_chunk036,4
88,syri20267_chunk039,4
88,syri20263_chunk060,4
88,syri20264_chunk025,4
88,syri20264_chunk029,2
88,syri20264_chunk033,3
88,syri20263_chunk064,2
88,syri20264_chunk031,4
88,syri20262_chunk014,1
88,syri20266_chunk014,1
88,syri20267_chunk014,1
88,syri20262_chunk032,4
88,syri20266_chunk032,4
88,syri20261_chunk029,4
88,syri20263_chunk027,4
88,syri20261_chunk020,4
88,syri20263_chunk018,4
88,syri20262_chunk023,4
88,syri20266_chunk023,4
88,syri20267_chunk023,4
88,rusl202634_chunk031,4
88,rusl202635_chunk032,4
88,syri20263_chunk058,2
88,syri20267_chunk032,4
88,syri20261_chunk011,1
88,syri20263_chunk009,1
88,dub-nede20265_chunk012,2
88,syri20264_chunk023,2
88,syri20261_chunk034,2
88,syri20263_chunk032,2
88,syri20262_chunk037,2
88,dub-belg20261_chunk007,1
88,dub-belg20262_chunk013,1
88,syri20266_chunk037,2
88,syri20267_chunk037,2
88,syri20263_chunk007,1
88,syri20262_chunk012,1
88,dub-belg20261_chunk014,2
88,dub-belg20262_chunk020,2
9,dub-fran20262_chunk008,4
9,dub-fran20262_chunk024,4
9,dub-fran20263_chunk025,4
9,fran20264_chunk021,4
9,dub-fran20263_chunk009,4
9,fran20264_chunk005,4
9,dub-schw20261_chunk007,4
9,dub-nede20264_chunk025,4
9,dub-rumae20262_chunk007,4
9,bulg20263_chunk016,4
9,dub-bulg20261_chunk049,4
9,dub-pole20257_chunk010,2
9,dub-bulg20261_chunk018,4
9,dub-tysk20263_chunk011,4
9,dub-rumae20264_chunk008,4
9,dub-tysk202614_chunk008,4
9,dub-belg20261_chunk028,4
9,dub-belg20262_chunk034,4
9,dub-sver202615_chunk008,4
9,dub-pole20262_chunk018,4
9,dub-fran20263_chunk021,4
9,fran20264_chunk017,4
9,dub-fran20262_chunk020,4
9,dub-rumae20263_chunk019,2
9,dub-rumae20263_chunk018,2
9,dub-span20263_chunk015,2
9,dub-bulg20261_chunk053,4
9,dub-ital20261_chunk018,4
9,29b-bul20261_chunk003,4
9,dub-span20263_chunk003,4
9,dub-span20264_chunk013,2
9,dub-fran20263_chunk018,4
9,dub-nede20265_chunk021,4
9,dub-span20263_chunk009,4
9,fran20264_chunk014,4
9,dub-fran20262_chunk017,4
9,dub-rumae20263_chunk025,4
9,dub-fran20262_chunk009,4
9,dub-bulg20261_chunk063,4
9,dub-bulg20261_chunk014,4
9,dub-ital20261_chunk019,4
9,dub-span20262_chunk005,4
9,dub-bulg20261_chunk010,4
9,dub-belg20262_chunk035,2
9,dub-rumae20263_chunk027,4
9,dub-ital20261_chunk022,4
9,dub-norg20262_chunk005,4
9,dub-malt20261_chunk011,2
9,dub-malt20262_chunk010,2
9,dub-bulg20261_chunk015,2
9,dub-belg20262_chunk011,1
9,dub-bulg20261_chunk054,4
9,bulg20263_chunk009,2
9,bulg20263_chunk008,4
9,dub-fran20263_chunk012,1
9,fran20264_chunk008,1
9,dub-bulg20261_chunk056,4
9,dub-bulg20261_chunk023,2
9,dub-span20263_chunk022,4
9,dub-bulg20261_chunk025,4
9,dub-bulg20261_chunk021,4
9,dub-fran20262_chunk011,1
9,bulg20263_chunk010,2
9,dub-bulg20261_chunk051,4
9,dub-bulg20261_chunk020,4
9,fran20264_chunk010,1
9,dub-fran20263_chunk011,4
9,fran20264_chunk007,4
9,dub-fran20262_chunk013,1
9,dub-fran20263_chunk014,1
9,dub-fran20263_chunk016,2
9,dub-bulg20261_chunk022,1
9,fran20264_chunk012,2
9,dub-fran20262_chunk015,2
9,dub-bulg20261_chunk013,4
9,bulg20263_chunk022,2
9,bulg20263_chunk033,0
99,dub-belg20261_chunk007,4
99,dub-belg20262_chunk013,4
99,dub-belg20261_chunk014,4
99,dub-belg20262_chunk020,4
99,dub-pole20262_chunk016,4
99,dub-belg20261_chunk026,4
99,dub-belg20262_chunk032,4
99,dub-fran20263_chunk010,4
99,fran20264_chunk006,4
99,dub-fran20262_chunk009,4
99,dub-belg20261_chunk030,2
99,dub-belg20261_chunk011,4
99,dub-nede20264_chunk012,4
99,dub-nede20263_chunk014,4
99,dub-belg20262_chunk017,4
99,dub-belg20261_chunk008,5
99,dub-belg20262_chunk014,5
99,dub-fran20262_chunk031,4
99,dub-belg20261_chunk013,4
99,dub-belg20262_chunk019,4
99,dub-belg20261_chunk009,4
99,dub-belg20262_chunk015,4
99,dub-belg20262_chunk012,4
99,dub-nede20261_chunk011,4
99,stat20265_chunk010,4
99,dub-nede20262_chunk014,4
99,dub-belg20261_chunk016,4
99,dub-belg20262_chunk022,4
99,dub-nede20265_chunk012,4
99,dub-belg20261_chunk006,4
99,dub-belg20261_chunk020,4
99,dub-belg20262_chunk026,4
99,dub-fran20262_chunk028,2
99,dub-fran20262_chunk008,4
99,dub-sver202615_chunk010,4
99,dub-fran20262_chunk036,4
99,dub-fran20263_chunk018,4
99,fran20264_chunk014,4
99,dub-fran20262_chunk017,4
99,syri20262_chunk012,1
99,dub-belg20261_chunk019,4
99,dub-belg20262_chunk025,4
99,dub-sver20261_chunk008,2
99,syri20263_chunk007,1
99,dub-belg20261_chunk018,4
99,bulg20263_chunk015,4
99,dub-belg20261_chunk015,4
99,dub-belg20262_chunk021,4
99,dub-belg20261_chunk024,4
99,dub-belg20262_chunk030,4
99,dub-pole20262_chunk028,4
99,dub-belg20262_chunk034,4
99,dub-belg20262_chunk024,4
99,dub-fran20262_chunk040,4
99,dub-fran20263_chunk024,4
99,fran20264_chunk020,4
99,dub-fran20262_chunk021,4
99,dub-belg20261_chunk017,4
99,dub-belg20262_chunk023,4
99,dub-belg20261_chunk028,4
99,bulg20263_chunk026,3
99,dub-fran20262_chunk023,4
99,dub-fran20263_chunk009,4
99,fran20264_chunk005,4
99,syri20261_chunk021,2
99,syri20263_chunk019,2
99,syri20262_chunk024,2
99,syri20266_chunk024,2
99,syri20267_chunk024,2
99,syri20261_chunk010,2
99,syri20263_chunk008,2
99,syri20262_chunk013,2
99,dub-bulg20261_chunk016,2
99,syri20266_chunk013,2
99,syri20267_chunk013,2
99,syri20261_chunk034,2
99,dub-fran20262_chunk027,4
99,dub-fran20263_chunk022,4
99,fran20264_chunk018,4
99,bulg20263_chunk010,4
99,syri20267_chunk012,0
99,bulg20263_chunk012,3
99,syri20261_chunk031,2
99,syri20263_chunk029,2
99,syri20262_chunk034,2
99,syri20261_chunk020,4
99,syri20263_chunk018,4
99,syri20262_chunk023,4
99,syri20266_chunk023,4
99,syri20267_chunk023,4
99,rusl202634_chunk020,1
99,rusl202635_chunk021,2
99,syri20261_chunk009,0
99,syri20266_chunk012,0
99,syri20263_chunk032,2
99,syri20262_chunk037,2
99,syri20266_chunk037,2
99,syri20267_chunk037,2
99,syri20266_chunk034,2
99,syri20267_chunk034,2
104,syri20266_chunk005,4
104,rusl20265_chunk008,4
104,stat202610_chunk007,4
104,syri20266_chunk006,4
104,syri20267_chunk010,4
104,syri20267_chunk005,4
104,keny20262_chunk013,4
104,niga20267_chunk019,4
104,niga20267_chunk010,4
104,stat202615_chunk024,4
104,stat202615_chunk016,4
104,rusl20264_chunk007,4
104,syri20267_chunk006,4
104,tyrk20266_chunk025,4
104,stat20261_chunk013,4
104,rusl202636_chunk010,4
104,paki20264_chunk020,4
104,dub-belg20262_chunk003,4
104,afgh202611_chunk006,4
104,rusl20261_chunk005,4
104,bang20261_chunk010,4
104,etio20261_chunk008,4
104,syri202620_chunk010,4
104,jord20261_chunk010,4
104,dub-tysk20265_chunk009,4
104,iran20261_chunk004,4
104,dub-tysk202620_chunk006,4
104,jord20261_chunk004,4
104,soma20261_chunk005,4
104,irak20262_chunk011,4
104,rusl202630_chunk007,4
104,soma20267_chunk002,4
104,erit20262_chunk024,4
104,soma20263_chunk006,4
104,ghan20263_chunk005,4
104,bosn20262_chunk007,4
104,ugan202619_chunk007,4
104,tyrk20262_chunk004,4
104,syri202615_chunk019,4
104,syri202619_chunk005,4
104,ugan202617_chunk017,4
104,syri202613_chunk005,4
104,rusl202637_chunk017,4
104,syri20264_chunk042,4
104,land20263_chunk004,4
104,dub-nede20261_chunk025,4
104,paki20264_chunk014,4
104,ugan20267_chunk007,4
104,indi20261_chunk005,4
104,ghan20263_chunk003,4
104,tyrk20266_chunk006,4
104,ugan20267_chunk003,4
104,stat20261_chunk011,4
104,indi20262_chunk007,4
104,buru20261_chunk003,4
104,afgh202613_chunk002,4
104,ugan202615_chunk016,4
104,alge20261_chunk017,4
104,syri20266_chunk004,4
104,geor20264_chunk011,4
104,rusl20262_chunk007,4
104,dub-tysk20265_chunk006,4
104,dub-belg20262_chunk044,4
104,dub-sver202618_chunk003,4
104,dub-norg20262_chunk012,4
104,soma20262_chunk023,4
104,stat202610_chunk020,4
104,jord20263_chunk012,4
104,syri202618_chunk019,4
104,rusl20266_chunk005,4
104,rusl202626_chunk008,4
104,rusl202614_chunk002,4
104,paki20263_chunk019,4
104,ukra20269_chunk003,4
104,ugan202619_chunk008,4
104,rusl202638_chunk014,4
104,soma20263_chunk009,4
104,dub-sver202612_chunk011,4
104,dub-ital20261_chunk024,5
104,syri202616_chunk001,4
104,dub-sver20261_chunk009,4
104,syri202614_chunk003_dup1,4
104,syri202614_chunk003,4
104,irak20263_chunk009,4
104,keny20262_chunk038,4
104,syri202614_chunk004,4
104,syri202614_chunk004_dup1,4
104,rusl202636_chunk026,4
104,29b-tysk20261_chunk016,4
104,paki20261_chunk006,4
104,dub-nede20262_chunk007,4
104,dub-nede20265_chunk005,4
104,dub-nede20264_chunk005,4
104,dub-tysk20262_chunk011,4
104,ukra20265_chunk022,5
104,ugan202620_chunk009,4
103,dub-belg20262_chunk013,2
103,dub-belg20261_chunk007,2
103,dub-belg20262_chunk012,2
103,ukra20263_chunk026,2
103,dub-fran20263_chunk024,4
103,dub-fran20262_chunk023,2
103,fran20264_chunk020,4
103,dub-belg20261_chunk018,2
103,dub-belg20262_chunk024,2
103,dub-belg20261_chunk006,2
103,bulg20263_chunk028,2
103,dub-fran20262_chunk014,2
103,fran20264_chunk011,2
103,dub-fran20263_chunk015,2
103,bulg20263_chunk033,0
103,ugan20262_chunk017,0
103,ugan202614_chunk020,0
103,bulg20263_chunk025,2
103,dub-fran20262_chunk021,2
103,dub-pole20262_chunk005,4
103,fran20264_chunk018,2
103,dub-fran20263_chunk022,2
103,ukra202611_chunk021,1
103,dub-fran20262_chunk025,2
103,dub-belg20261_chunk019,1
103,dub-belg20262_chunk025,1
103,dub-ital20261_chunk007,2
103,bulg20263_chunk022,2
103,dub-belg20261_chunk005,2
103,dub-fran20262_chunk028,1
103,ukra20263_chunk025,4
103,dub-nede20262_chunk022,2
103,dub-nede20261_chunk019,2
103,dub-nede20264_chunk020,2
103,ukra20264_chunk012,1
103,ukra202610_chunk010,1
103,dub-fran20263_chunk026,2
103,fran20264_chunk022,2
103,syri20267_chunk041,2
103,keny20262_chunk039,2
103,dub-fran20262_chunk019,1
103,dub-fran20263_chunk020,1
103,fran20264_chunk016,1
103,dub-nede20265_chunk015,0
103,dub-fran20262_chunk038,2
103,stat20266_chunk001,2
103,ukra202614_chunk015,4
103,dub-nede20265_chunk012,2
103,dub-fran20262_chunk024,1
103,afgh202649_chunk020,1
103,bulg20263_chunk019,2
103,afgh202617_chunk022,2
103,rusl202620_chunk014,2
103,afgh202649_chunk025,2
103,dub-fran20263_chunk021,2
103,fran20264_chunk017,2
103,dub-fran20262_chunk020,2
103,erit20261_chunk019,2
103,dub-sver20265_chunk017,1
103,ugan202617_chunk025,2
103,dub-belg20262_chunk026,4
103,dub-belg20261_chunk020,4
103,stat20264_chunk026,2
103,dub-sver20269_chunk015,2
103,bulg20263_chunk030,1
103,bulg20263_chunk032,1
103,dub-belg20262_chunk023,2
103,dub-belg20261_chunk017,2
103,stat20265_chunk010,2
103,bulg20263_chunk031,2
103,dub-bulg20261_chunk018,2
103,fran20264_chunk006,2
11,dub-fran20262_chunk028,4
11,afgh202649_chunk020,4
11,ugan202618_chunk006,4
11,arme20261_chunk012,4
11,erit20261_chunk038,4
11,dub-bulg20262_chunk013,4
11,dub-bulg20261_chunk046,4
11,ugan202614_chunk020,0
11,ugan20262_chunk017,0
11,rusl20269_chunk005,4
11,syri20264_chunk038,4
11,bulg20263_chunk014,4
11,erit20261_chunk037,4
11,syri20267_chunk028,4
11,dub-ital20261_chunk007,4
11,syri20261_chunk025,4
11,syri20262_chunk028,4
11,syri20266_chunk028,4
11,syri20263_chunk023,4
11,alder20261_chunk012,4
11,maro20261_chunk011,4
11,afgh202615_chunk011,4
11,kina20261_chunk020,4
11,afgh20267_chunk016,4
11,dub-tysk20262_chunk005,4
11,arme20262_chunk010,4
11,ukra202620_chunk016,4
11,arme20262_chunk009,4
11,afgh202610_chunk021,4
11,bulg20263_chunk019,4
11,arme20261_chunk013,0
11,alge20261_chunk032,5
11,soma202612_chunk014,4
11,afgh202648_chunk017,4
11,ugan20269_chunk008,5
11,alge20261_chunk011,5
11,arme20261_chunk014,4
11,stat20265_chunk023,2
11,dub-sver202618_chunk005,4
11,dub-sver20265_chunk017,4
11,arme20262_chunk011,4
11,ukra20266_chunk021,4
11,dub-belg20261_chunk005,4
11,erit20261_chunk033,4
11,rusl202629_chunk022,4
11,rusl202634_chunk017,4
11,rusl202635_chunk018,4
11,rusl20266_chunk021,4
11,tyrk20266_chunk027,4
11,niga20266_chunk004,5
11,rusl20269_chunk009,4
11,dub-fran20263_chunk034,4
11,ugan202617_chunk025,4
11,dub-rumae20263_chunk004,4
11,keny20262_chunk021,4
11,29b-tysk20264_chunk009,4
11,rusl202631_chunk010,4
11,dub-span20264_chunk015,4
11,dub-finl20265_chunk007,4
11,rusl202632_chunk010,4
11,syri20265_chunk011,4
11,iran202564_chunk004,4
11,syri202618_chunk018,4
11,indi20261_chunk002,4
11,paki20264_chunk011,4
11,etio20264_chunk010,4
11,dub-belg20261_chunk040,4
11,dub-sver202610_chunk017,4
11,dub-ital20261_chunk016,4
11,dub-sver20268_chunk017,4
11,dub-fran20262_chunk052,4
11,29b-ita20261_chunk010,4
11,29b-bul20261_chunk009,4
11,29b-sve20262_chunk008,4
11,29b-tysk20262_chunk011,4
11,29b-sve20261_chunk010,4
11,29b-tysk20261_chunk009,4
11,dub-sver202610_chunk019,4
11,dub-pole20263_chunk014,4
11,dub-tysk202611_chunk016,4
11,etio20263_chunk017,4
11,dub-belg20262_chunk027,4
11,dub-belg20261_chunk021,4
11,ugan202620_chunk008,5
11,syri202613_chunk009,4
11,syri202614_chunk012_dup1,4
11,syri20265_chunk014,4
11,syri202613_chunk027,4
11,syri202614_chunk012,4
11,syri20264_chunk047,4
11,soma20269_chunk011,4
11,ugan202613_chunk007,4
11,ugan202612_chunk004,4
11,stat20265_chunk006,4
11,rusl202626_chunk002,4
11,tyrk20266_chunk019,4
11,syri202618_chunk017,4
11,dub-fran20265_chunk011,4
11,dub-bulg20261_chunk017,4
25,erit20267_chunk005,4
25,erit20265_chunk016,4
25,erit20261_chunk014,4
25,erit20265_chunk010,4
25,erit20266_chunk005,4
25,erit20261_chunk029,4
25,erit20268_chunk005,4
25,erit20265_chunk015,4
25,erit20265_chunk020,4
25,erit20261_chunk030,4
25,erit20261_chunk040,4
25,erit20261_chunk006,4
25,erit20261_chunk027,4
25,erit20265_chunk021,4
25,erit20268_chunk006,4
25,erit20264_chunk006,4
25,erit20263_chunk003,4
25,erit20261_chunk023,4
25,erit20262_chunk000,4
25,erit20269_chunk004,4
25,erit20264_chunk000,4
25,erit20262_chunk018,4
25,erit20261_chunk000,4
25,erit20268_chunk010,4
25,erit20261_chunk004,4
25,erit20263_chunk006,4
25,erit20264_chunk001,5
25,erit20269_chunk000,4
25,erit20266_chunk007,4
25,erit20262_chunk001,4
25,erit20265_chunk013,4
25,erit20264_chunk013,4
25,erit20267_chunk011,4
25,erit20261_chunk043,4
25,erit20265_chunk002,5
25,erit20263_chunk007,4
25,erit20261_chunk035,3
25,erit20261_chunk042,4
25,erit20269_chunk021,4
25,erit20261_chunk024,4
25,stat20265_chunk013,1
25,erit20266_chunk011,4
25,erit20267_chunk002,4
25,stat202610_chunk016,1
25,erit20261_chunk022,4
25,erit20268_chunk012,4
25,erit20269_chunk007,4
25,erit20266_chunk009,4
25,erit20267_chunk007,4
25,erit20269_chunk002,4
25,erit20268_chunk014,4
25,erit20261_chunk005,4
25,erit20267_chunk000,2
25,erit20261_chunk019,4
25,erit20266_chunk002,4
25,erit20261_chunk021,4
25,erit20261_chunk038,4
25,erit20264_chunk012,4
25,erit20268_chunk002,4
25,erit20261_chunk025,4
25,erit20265_chunk007,4
25,erit20261_chunk041,2
25,erit20267_chunk009,4
25,erit20265_chunk009,4
25,erit20269_chunk006,4
25,erit20261_chunk028,4
25,erit20261_chunk013,4
25,erit20266_chunk000,4
25,erit20269_chunk003,4
25,erit20263_chunk002,4
25,etio20264_chunk008,4
25,erit20265_chunk000,4
25,erit20263_chunk005,4
25,erit20265_chunk011,4
25,dub-sver202615_chunk006,2
25,erit20264_chunk009,4
25,erit20265_chunk008,4
25,erit20261_chunk007,4
25,erit20265_chunk006,4
25,erit20261_chunk001,4
25,erit20267_chunk004,4
25,erit20261_chunk034,4
25,erit20261_chunk026,4
25,erit20263_chunk000,4
25,erit20261_chunk011,4
25,erit20266_chunk004,4
25,erit20268_chunk004,4
25,erit20263_chunk009,2
25,erit20268_chunk000,2
25,erit20261_chunk008,4
122,dub-sver202612_chunk016,4
122,dub-sver20267_chunk008,2
122,tysk202625_chunk009,4
122,29b-sve20262_chunk002,4
122,dub-tysk202613_chunk012,4
122,dub-sver202613_chunk010,4
122,dub-sver202614_chunk004,4
122,fran20264_chunk029,4
122,dub-fran20263_chunk036,4
122,dub-nede20262_chunk027,4
122,29b-sve20261_chunk003,4
122,dub-nede20263_chunk026,4
122,dub-sver20265_chunk023,4
122,dub-tysk202623_chunk008,4
122,dub-tysk20261_chunk003,5
122,dub-sver20268_chunk009,4
122,dub-nede20262_chunk025,4
122,dub-nede20261_chunk022,4
122,dub-tysk202622_chunk013,4
122,dub-sver202618_chunk014,4
122,dub-pole20263_chunk004,4
122,dub-schw20262_chunk012,2
122,dub-nede20264_chunk023,2
122,dub-pole20257_chunk012,2
122,dub-sver20263_chunk013,5
122,dub-sver20262_chunk011,5
122,dub-rumae20262_chunk008,5
122,dub-tysk202626_chunk009,4
122,dub-sver202610_chunk022,5
122,dub-tysk202621_chunk008,4
122,dub-sver202618_chunk015,4
122,dub-belg20261_chunk004,4
122,fran20264_chunk023,4
122,dub-fran20263_chunk027,4
122,dub-sver202613_chunk000,4
122,dub-sver20261_chunk011,5
122,dub-fran20265_chunk011,4
122,sver202617_chunk000,4
122,dub-sver20269_chunk024,5
122,dub-sver202615_chunk014,5
122,29b-tysk20262_chunk003,4
122,dub-sver202610_chunk000,4
122,bulg20263_chunk047,4
122,dub-bulg20262_chunk010,4
122,29b-sve20261_chunk004,4
122,dub-sver202611_chunk008,4
122,dub-norg20262_chunk019,5
122,29b-bul20261_chunk010,5
122,29b-tysk20262_chunk012,5
122,29b-ita20261_chunk011,5
122,29b-tysk20264_chunk010,5
122,29b-tysk20261_chunk010,5
122,29b-sve20261_chunk011,5
122,29b-sve20262_chunk009,5
122,dub-sver202612_chunk000,4
122,dub-sver20261_chunk000,4
122,dub-sver20265_chunk009,2
122,29b-tysk20264_chunk003,4
122,dub-tysk20269_chunk011,5
122,dub-finl20262_chunk012,5
122,dub-finl20261_chunk012,5
122,dub-tysk20261_chunk010_dup1,5
122,dub-sver20266_chunk000,4
122,dub-sver20268_chunk000,4
122,dub-sver20265_chunk000,4
122,dub-sver202615_chunk000,4
122,dub-sver202611_chunk000,4
122,dub-schw20264_chunk013,5
122,dub-rumae20264_chunk013,4
122,29b-tysk20262_chunk005,5
122,dub-sver20262_chunk000,4
122,dub-sver20267_chunk000,4
122,dub-nede20261_chunk020,4
122,dub-nede20265_chunk019,4
122,dub-nede20263_chunk024,4
122,dub-nede20262_chunk023,4
122,dub-nede20264_chunk021,4
122,dub-schw20261_chunk009,4
122,dub-sver202614_chunk019,4
122,dub-port20262_chunk015,4
122,dub-port20261_chunk019,4
122,dub-schw20261_chunk008,4
122,dub-sver202614_chunk018,4
122,29b-tysk20261_chunk003,4
122,dub-nede20264_chunk028,5
122,dub-bulg20261_chunk068,5
122,bulg20263_chunk039,5
122,dub-finl20262_chunk000,4
122,dub-span20263_chunk023,4
122,dub-sver202614_chunk000,4
122,dub-sver202618_chunk006,5
122,dub-bulg20262_chunk017,4
122,dub-finl20261_chunk005,4
65,29b-tysk20264_chunk009,4
65,29b-sve20262_chunk008,4
65,29b-bul20261_chunk009,4
65,29b-sve20261_chunk010,4
65,29b-tysk20261_chunk009,4
65,29b-ita20261_chunk010,4
65,29b-tysk20262_chunk011,4
65,stat202610_chunk031,4
65,syri20267_chunk060,4
65,afgh20267_chunk016,4
65,jord20261_chunk008,4
65,tyrk20262_chunk014,4
65,dub-sver20263_chunk009,4
65,indi20261_chunk005,4
65,syri202610_chunk014,4
65,ugan20267_chunk003,4
65,stat20267_chunk011,4
65,ugan202616_chunk011,4
65,paki20264_chunk005,4
65,rusl202632_chunk017,4
65,ukra202618_chunk019,4
65,ukra202617_chunk019,4
65,tyrk20262_chunk008,4
65,soma20261_chunk018,4
65,afgh20267_chunk006,4
65,dub-schw20261_chunk010,4
65,rusl202631_chunk017,4
65,alder20261_chunk012,4
65,syri20266_chunk061,4
65,dub-malt20262_chunk013,4
65,dub-norg20262_chunk012,4
65,ukra202615_chunk015,4
65,tyrk20266_chunk025,4
65,stat202611_chunk010,4
65,stat202612_chunk010,4
65,syri20267_chunk010,4
65,ghan20263_chunk003,4
65,syri20265_chunk017,4
65,dub-rumae20263_chunk035,4
65,kina20261_chunk049,4
65,etio20264_chunk011,4
65,rusl202613_chunk012,4
65,came20262_chunk010,4
65,syri202621_chunk006,4
65,tyrk20261_chunk014,4
65,syri202614_chunk004_dup1,4
65,syri202614_chunk004,4
65,ghan20263_chunk005,4
65,bang20261_chunk016,4
65,niga20264_chunk024,4
65,ugan202612_chunk004,4
65,stat202612_chunk009,4
65,stat202611_chunk009,4
65,afgh202650_chunk012,2
65,rusl20261_chunk013,4
65,tyrk20262_chunk007,4
65,dub-tysk20265_chunk009,4
65,syri20264_chunk041,4
65,dub-sver20263_chunk007,4
65,stat202610_chunk009,4
65,hjem20261_chunk012,4
65,29b-tysk20261_chunk016,4
65,rusl20266_chunk005,4
65,dub-tysk202611_chunk017,4
65,syri202618_chunk012,5
65,dub-sver202611_chunk011,4
65,stat20262_chunk007,4
65,rusl202636_chunk009,4
65,syri202620_chunk010,4
65,rusl202626_chunk014,4
65,dub-tysk202626_chunk008,4
65,dub-sver202612_chunk015,4
65,dub-tysk202613_chunk011,4
65,dub-schw20262_chunk011,4
65,dub-schw20263_chunk011,4
65,dub-sver20265_chunk022,4
65,dub-nede20262_chunk026,4
65,tysk202625_chunk008,4
65,dub-sver202613_chunk009,4
65,dub-tysk202623_chunk007,4
65,dub-pole20257_chunk011,4
65,dub-tysk202621_chunk007,4
65,dub-sver20267_chunk007,4
65,irak20262_chunk019,4
65,ugan20264_chunk009,4
65,tysk2026167_chunk017,5
65,ugan202610_chunk018,4
65,stat202613_chunk009,4
65,dub-rumae20261_chunk002,4
65,maro20261_chunk008,4
65,tyrk20269_chunk009,4
65,dub-tysk20265_chunk010,4
65,dub-fran20263_chunk031,4
65,dub-nede20263_chunk027,4
65,dub-sver20268_chunk021,4
65,stat20266_chunk012,4
65,jord20262_chunk007,4
65,stat20261_chunk013,4
65,fran20264_chunk028,4
65,29b-sve20261_chunk015,4
63,ukra20263_chunk025,4
63,dub-belg20261_chunk008,4
63,dub-belg20262_chunk014,4
63,dub-fran20263_chunk010,4
63,fran20264_chunk006,4
63,dub-fran20262_chunk028,4
63,dub-belg20262_chunk024,2
63,dub-belg20261_chunk018,2
63,dub-fran20262_chunk008,4
63,dub-belg20261_chunk009,4
63,dub-belg20262_chunk015,4
63,dub-fran20262_chunk009,4
63,dub-belg20261_chunk013,4
63,dub-belg20262_chunk019,4
63,dub-fran20262_chunk027,5
63,ugan202614_chunk020,0
63,ugan20262_chunk017,0
63,bulg20263_chunk016,4
63,dub-fran20262_chunk030,4
63,dub-belg20262_chunk028,4
63,dub-belg20261_chunk022,4
63,dub-belg20262_chunk027,4
63,dub-belg20261_chunk021,4
63,dub-fran20262_chunk021,4
63,dub-fran20262_chunk038,4
63,dub-fran20262_chunk031,4
63,dub-fran20262_chunk025,4
63,dub-belg20261_chunk020,4
63,dub-belg20262_chunk026,4
63,fran20264_chunk018,4
63,dub-fran20263_chunk022,4
63,dub-fran20262_chunk020,4
63,fran20264_chunk017,4
63,dub-fran20263_chunk021,4
63,syri20267_chunk055,2
63,ukra20263_chunk026,3
63,dub-belg20262_chunk016,4
63,dub-belg20261_chunk010,4
63,ukra202610_chunk009,4
63,dub-belg20261_chunk011,4
63,dub-belg20262_chunk017,4
63,bulg20263_chunk017,2
63,dub-bulg20261_chunk019,2
63,dub-belg20261_chunk005,4
63,fran20264_chunk014,4
63,dub-fran20263_chunk018,4
63,dub-fran20262_chunk017,4
63,bulg20263_chunk012,2
63,stat20265_chunk010,4
63,dub-fran20262_chunk029,4
63,dub-belg20262_chunk035,2
63,syri20262_chunk054,2
63,syri20263_chunk049,2
63,syri20266_chunk055,2
63,syri20261_chunk051,2
63,dub-bulg20261_chunk018,4
63,dub-belg20261_chunk029,2
63,ukra202610_chunk010,2
63,dub-belg20262_chunk023,4
63,dub-belg20261_chunk017,4
63,dub-fran20262_chunk037,4
63,dub-bulg20261_chunk015,2
63,dub-nede20265_chunk018,2
63,bulg20263_chunk009,2
63,bulg20263_chunk011,4
63,dub-tysk20269_chunk006,4
63,dub-fran20262_chunk039,2
63,erit20267_chunk006,4
63,dub-nede20263_chunk023,1
63,dub-pole20257_chunk010,2
63,bulg20263_chunk015,4
63,dub-bulg20261_chunk017,4
63,erit20266_chunk006,4
63,tyrk20266_chunk017,4
63,dub-belg20262_chunk012,4
63,kina20261_chunk037,2
63,dub-belg20261_chunk014,4
63,dub-belg20262_chunk020,4
63,dub-belg20262_chunk034,4
63,dub-belg20261_chunk028,4
63,fran20264_chunk005,4
63,dub-fran20263_chunk009,4
63,dub-belg20261_chunk006,4
63,dub-belg20262_chunk018,4
63,dub-belg20261_chunk012,4
63,kina20261_chunk036,4
63,dub-fran20262_chunk019,1
63,fran20264_chunk016,1
63,dub-fran20263_chunk020,1
63,fran20264_chunk022,2
63,dub-fran20263_chunk026,2
114,fran20264_chunk006,4
114,dub-fran20263_chunk010,4
114,stat20265_chunk014,4
114,ugan20262_chunk017,0
114,ugan202614_chunk020,0
114,stat20265_chunk022,4
114,dub-fran20263_chunk026,4
114,fran20264_chunk022,4
114,stat202614_chunk010,4
114,stat202615_chunk010,4
114,bulg20263_chunk024,5
114,stat202610_chunk016,4
114,dub-fran20262_chunk009,4
114,dub-fran20263_chunk021,4
114,fran20264_chunk017,4
114,dub-fran20262_chunk020,4
114,dub-bulg20261_chunk047,4
114,stat20265_chunk016,4
114,dub-pole20262_chunk016,4
114,dub-bulg20261_chunk031,4
114,stat20265_chunk013,4
114,dub-fran20262_chunk023,4
114,ukra20266_chunk017,4
114,etio20264_chunk000,4
114,irak20265_chunk017,4
114,came20262_chunk012,5
114,dub-fran20263_chunk024,4
114,niga20264_chunk014,4
114,dub-nede20265_chunk012,4
114,stat20265_chunk011,4
114,stat20265_chunk010,4
114,dub-rumae20263_chunk015,2
114,syri202621_chunk005,4
114,dub-bulg20261_chunk056,4
114,fran20264_chunk020,4
114,rusl202634_chunk000,4
114,maro20262_chunk000,4
114,irak20265_chunk000,4
114,erit20263_chunk000,4
114,ugan202610_chunk016,4
114,stat202610_chunk019,4
114,maro20261_chunk000,4
114,bosn20262_chunk000,4
114,rusl202627_chunk009,4
114,dub-nede20261_chunk011,4
114,dub-nede20262_chunk014,4
114,ugan202615_chunk000,4
114,rusl202635_chunk000,4
114,dub-nede20264_chunk012,4
114,dub-nede20263_chunk014,4
114,stat20265_chunk018,4
114,ukra20269_chunk016,4
114,stat202615_chunk007,4
114,stat202614_chunk007,4
114,rusl20262_chunk010,4
114,rusl202633_chunk013,4
114,dub-fran20262_chunk010,4
114,tyrk20261_chunk000,4
114,bosn20261_chunk000,4
114,dub-fran20263_chunk020,4
114,dub-fran20262_chunk019,4
114,fran20264_chunk016,4
114,ugan20269_chunk000,4
132,fran20264_chunk006,4
132,dub-fran20263_chunk010,4
132,ugan20262_chunk017,0
132,ugan202614_chunk020,0
132,dub-fran20262_chunk008,4
132,irak20265_chunk017,4
132,geor20263_chunk013,1
132,paki20261_chunk012,2
132,dub-belg20262_chunk017,4
132,dub-belg20261_chunk011,4
132,ukra20264_chunk010,0
132,ukra20263_chunk024,4
132,fran20264_chunk014,4
132,dub-fran20262_chunk017,4
132,dub-fran20263_chunk018,4
132,paki20261_chunk007,4
132,stat20266_chunk001,4
132,afgh202613_chunk022,4
132,syri20267_chunk041,4
132,dub-ital20261_chunk008,2
132,soma20263_chunk002,4
132,erit20265_chunk016,4
132,erit20261_chunk014,4
132,dub-belg20261_chunk008,1
132,dub-belg20262_chunk014,1
132,syri20261_chunk038,4
132,syri20263_chunk036,4
132,syri20266_chunk041,4
132,syri20262_chunk041,4
132,stat20268_chunk014,4
132,stat202611_chunk001,4
132,alder20261_chunk008,4
132,kina20261_chunk040,4
132,stat202612_chunk001,4
132,dub-fran20262_chunk009,4
132,dub-fran20262_chunk021,4
132,ukra202610_chunk011,4
132,stat202613_chunk018,4
132,dub-bulg20261_chunk061,4
132,ukra202611_chunk019,2
132,stat202612_chunk018,4
132,stat202611_chunk018,4
132,erit20266_chunk006,4
132,rusl20267_chunk011,1
132,alder20261_chunk009,4
132,afgh202618_chunk011,4
132,afgh202613_chunk025,4
132,stat202612_chunk023,4
132,rusl202616_chunk001,4
132,ukra20266_chunk017,2
132,sril202651_chunk004,4
132,niga20264_chunk014,4
132,syri20269_chunk001,4
132,dub-fran20263_chunk022,4
132,fran20264_chunk018,4
132,dub-fran20263_chunk009,4
132,fran20264_chunk005,4
132,erit20267_chunk006,4
132,stat202613_chunk001,4
132,rusl20267_chunk021,4
132,bulg20263_chunk001,4
132,bulg20263_chunk048,4
132,ukra202620_chunk015,4
132,ukra20263_chunk026,3
132,rusl202620_chunk014,4
132,soma20262_chunk016,2
132,dub-pole20257_chunk010,2
84,etio20263_chunk011,4
84,etio20263_chunk012,4
84,etio20263_chunk007,2
84,etio20263_chunk008,4
84,etio20263_chunk010,4
84,etio20264_chunk001,1
84,etio20264_chunk000,1
84,ugan202610_chunk013,2
84,ugan20262_chunk011,2
84,etio20261_chunk019,2
84,etio20264_chunk008,1
84,syri20266_chunk011,0
84,etio20263_chunk000,1
84,syri20267_chunk011,0
84,erit20262_chunk018,0
84,came20262_chunk012,1
84,keny20262_chunk025,1
84,paki20262_chunk011,1
84,erit20262_chunk013,0
84,syri20261_chunk008,1
84,erit20265_chunk007,0
84,erit20265_chunk006,1
84,keny20262_chunk035,0
84,niga20264_chunk013,1
84,syri20261_chunk013,2
84,syri20267_chunk016,2
84,syri20262_chunk016,2
84,syri20263_chunk011,2
84,syri20266_chunk016,2
84,ugan202620_chunk015,0
84,etio20264_chunk006,2
84,keny20262_chunk002,0
84,paki20261_chunk004,1
84,ugan202614_chunk020,0
84,ugan20262_chunk017,0
84,dub-rumae20263_chunk020,0
84,erit20269_chunk002,1
84,erit20269_chunk021,0
84,erit20261_chunk005,0
84,ugan20269_chunk002,0
84,ugan202610_chunk015,0
84,erit20261_chunk021,0
84,erit20261_chunk012,0
84,erit20264_chunk000,1
84,erit20265_chunk000,1
84,etio20263_chunk002,4
84,erit20262_chunk000,1
84,erit20261_chunk000,1
84,ugan20262_chunk008,0
84,soma202612_chunk015,1
84,erit20261_chunk028,0
84,etio20261_chunk025,1
84,erit20265_chunk005,0
84,rusl202613_chunk003,0
84,ugan202613_chunk006,0
84,ugan202610_chunk010,0
84,erit20262_chunk005,0
84,stat20265_chunk017,1
84,niga20264_chunk014,2
84,syri20263_chunk052,1
84,syri20262_chunk057,1
84,syri20262_chunk030,2
84,syri20263_chunk025,2
84,syri20266_chunk030,2
84,syri20267_chunk030,2
84,syri20261_chunk027,2
84,ugan202610_chunk019,0
84,keny20262_chunk036,0
84,syri20263_chunk028,1
84,syri20261_chunk030,1
84,syri20266_chunk033,1
84,syri20267_chunk033,1
84,syri20262_chunk033,1
84,erit20262_chunk022,0
84,keny20262_chunk016,4
84,niga20266_chunk001,0
84,erit20261_chunk011,1
84,erit20264_chunk003,0
84,erit20261_chunk006,0
84,etio20264_chunk004,1
84,erit20261_chunk001,0
84,erit20261_chunk004,0
84,syri20261_chunk054,1
84,erit20263_chunk000,0
84,erit20268_chunk010,0
84,erit20264_chunk013,0
84,ugan20264_chunk013,0
84,paki20261_chunk003,0
84,syri20261_chunk018,1
84,syri20262_chunk021,1
84,syri20266_chunk021,1
84,syri20267_chunk021,1
84,syri20263_chunk016,1
84,keny20262_chunk021,0
83,syri20262_chunk050,2
83,syri20263_chunk045,2
83,syri20267_chunk050,2
83,syri20266_chunk050,2
83,syri20261_chunk047,2
83,syri202615_chunk014,4
83,suda20264_chunk014,4
83,syri20263_chunk064,2
83,syri20265_chunk014,4
83,syri202613_chunk027,4
83,syri202614_chunk012,4
83,syri202614_chunk012_dup1,4
83,syri20264_chunk047,4
83,syri202617_chunk027,4
83,syri20261_chunk013,4
83,syri20263_chunk011,4
83,syri20266_chunk016,4
83,syri20262_chunk016,4
83,syri20267_chunk016,4
83,came20262_chunk012,4
83,irak20265_chunk000,2
83,syri202621_chunk005,4
83,stat202610_chunk015,4
83,syri20264_chunk039,4
83,stat20265_chunk025,2
83,syri20264_chunk029,2
83,ukra20265_chunk032,4
83,ukra202610_chunk017,1
83,syri20263_chunk046,2
83,rusl202635_chunk018,4
83,rusl202629_chunk022,4
83,rusl202634_chunk017,4
83,rusl20266_chunk021,4
83,syri20264_chunk014,4
83,syri20264_chunk038,4
83,syri20262_chunk048,4
83,syri20266_chunk048,4
83,syri20263_chunk043,4
83,syri20267_chunk048,4
83,syri20261_chunk045,4
83,ukra202611_chunk027,0
83,ukra20266_chunk024,0
83,syri202617_chunk033,4
83,afgh202650_chunk005,0
83,ukra20269_chunk009,4
83,ukra202620_chunk022,4
83,afgh20267_chunk001,2
83,stat202610_chunk018,4
83,stat20267_chunk012,4
83,erit20262_chunk005,2
83,syri20261_chunk048,2
83,syri20262_chunk051,2
83,syri20264_chunk033,4
83,syri202613_chunk014,4
83,tyrk20266_chunk017,1
83,syri202615_chunk015,4
83,irak20263_chunk000,2
83,soma202610_chunk000,4
83,syri202617_chunk010,2
83,irak20264_chunk000,2
83,rusl20267_chunk023,4
83,stat202614_chunk007,4
83,stat202615_chunk007,4
83,stat20265_chunk011,4
83,rusl202634_chunk032,4
83,rusl202635_chunk033,4
83,syri202621_chunk010,2
83,ukra202620_chunk032,2
83,irak20263_chunk012,1
83,stat202615_chunk010,2
83,stat202614_chunk010,2
83,rusl202634_chunk037,4
83,rusl202635_chunk038,4
83,afgh202646_chunk000,2
83,syri202613_chunk008,4
83,irak20261_chunk007,4
83,irak20262_chunk022,2
83,syri202617_chunk012,4
83,ukra202618_chunk021,4
83,syri202617_chunk031,4
83,rusl20266_chunk031,4
83,etio20264_chunk000,2
83,rusl202634_chunk007,4
83,rusl202635_chunk008,4
83,syri20263_chunk044,2
83,syri20261_chunk046,2
83,syri20267_chunk049,2
44,etio20263_chunk006,2
44,dub-sver202610_chunk020,4
44,dub-sver202613_chunk008,4
44,dub-sver20262_chunk007,4
44,dub-sver20261_chunk004,4
44,dub-sver20262_chunk004,4
44,dub-sver20269_chunk021,4
44,dub-sver20263_chunk004,4
44,dub-sver20263_chunk003,4
44,dub-sver20262_chunk003,4
44,dub-sver20265_chunk021,4
44,dub-sver202615_chunk006,4
44,dub-finl20261_chunk004,4
44,dub-sver202612_chunk014,4
44,29b-sve20261_chunk010,4
44,29b-tysk20262_chunk011,4
44,29b-ita20261_chunk010,4
44,29b-sve20262_chunk008,4
44,29b-tysk20261_chunk009,4
44,29b-tysk20264_chunk009,4
44,dub-sver202613_chunk006,2
44,syri20261_chunk054,2
44,dub-sver20263_chunk010,4
44,stat20265_chunk010,4
44,sver202617_chunk005,4
44,niga20264_chunk014,4
44,dub-sver20262_chunk005,4
44,syri202617_chunk033,4
44,dub-sver20261_chunk003,4
44,dub-sver202618_chunk004,4
44,ukra20269_chunk016,4
44,dub-sver20268_chunk009,4
44,dub-sver20266_chunk022,4
44,dub-sver20267_chunk004,4
44,dub-sver202613_chunk004,4
44,dub-sver202615_chunk004,4
44,dub-sver202614_chunk005,4
44,ukra202620_chunk029,4
44,dub-sver20267_chunk003,4
44,dub-sver20268_chunk003,4
44,dub-sver202610_chunk003,4
44,dub-sver202612_chunk003,4
44,dub-sver202611_chunk003,4
44,dub-sver202615_chunk003,4
44,dub-sver20265_chunk003,4
44,dub-sver20269_chunk003,4
44,dub-sver202614_chunk009,4
44,29b-sve20262_chunk013,4
44,sver202617_chunk004,4
44,dub-sver20268_chunk004,4
44,dub-sver20269_chunk018,4
44,dub-sver20268_chunk020,4
44,dub-sver20263_chunk007,4
44,ukra20264_chunk007,4
44,ukra202611_chunk016,4
44,syri20267_chunk011,4
44,dub-schw20264_chunk008,4
44,irak20265_chunk018,4
44,dub-sver202610_chunk004,4
44,sver202617_chunk012,4
44,dub-sver202611_chunk008,4
44,stat202610_chunk019,1
44,dub-sver202612_chunk006,4
44,dub-sver202612_chunk005,4
44,sver202617_chunk003,4
44,dub-sver20263_chunk001,4
44,etio20263_chunk007,2
44,dub-sver20266_chunk019,4
44,29b-sve20261_chunk014,4
44,syri20261_chunk008,1
44,syri20266_chunk011,1
44,dub-sver202611_chunk010,5
44,dub-sver202610_chunk011,5
68,niga20267_chunk019,4
68,niga20267_chunk010,4
68,rusl202627_chunk008,4
68,erit20262_chunk015,4
68,ugan202620_chunk010,5
68,dub-tysk20263_chunk015,4
68,indi20262_chunk007,4
68,syri202617_chunk020,4
68,geor20263_chunk009,4
68,keny20262_chunk026,4
68,afgh202612_chunk022,4
68,ugan202620_chunk009,4
68,rusl202636_chunk010,4
68,ugan202619_chunk007,4
68,dub-bulg20261_chunk050,4
68,soma20267_chunk002,4
68,dub-tysk20262_chunk011,4
68,ugan202616_chunk012,4
68,etio20261_chunk008,4
68,stat202610_chunk020,4
68,jord20261_chunk005,4
68,land20263_chunk004,4
68,rusl20261_chunk011,4
68,alge20261_chunk017,4
68,rusl202636_chunk026,4
68,dub-bulg20261_chunk061,4
68,ukra202620_chunk006,4
68,tyrk20264_chunk003,4
68,dub-tysk202611_chunk017,4
68,dub-bulg20261_chunk059,4
68,dub-sver20268_chunk021,4
68,niga20267_chunk011,4
68,erit20262_chunk004,4
68,syri20264_chunk042,4
68,rusl202637_chunk016,4
68,ugan202617_chunk013,4
68,tyrk20266_chunk028,4
68,syri202616_chunk001,4
68,ukra202620_chunk005,4
68,tyrk20266_chunk006,4
68,dub-bulg20261_chunk069,4
68,rusl20262_chunk007,4
68,dub-span20263_chunk012,4
68,dub-span20261_chunk007,4
68,dub-span20264_chunk010,4
68,dub-tysk20266_chunk005,4
68,tyrk20261_chunk013,4
68,irak20262_chunk013,4
68,dub-bulg20261_chunk062,4
68,indi20261_chunk005,4
68,soma20265_chunk008,4
68,soma20261_chunk007,4
68,jord20263_chunk013,4
68,buru20261_chunk004,4
68,stat20262_chunk017,4
68,niga20267_chunk013,4
68,ugan20267_chunk007,4
68,ugan20267_chunk003,4
68,bang20261_chunk010,4
68,kina20261_chunk026,4
68,rusl20261_chunk005,4
68,buru20261_chunk005_dup1,4
68,soma202612_chunk012,4
68,ugan202612_chunk004,5
68,syri20267_chunk010,4
68,dub-bulg20261_chunk060,4
68,ugan202610_chunk007,4
68,ugan202618_chunk005,4
66,dub-pole20262_chunk016,4
66,buru20261_chunk014,4
66,dub-nede20265_chunk012,4
66,stat20265_chunk010,4
66,fran20264_chunk005,4
66,dub-fran20263_chunk009,4
66,syri20262_chunk050,4
66,syri20263_chunk045,4
66,syri20261_chunk047,4
66,rusl202632_chunk017,4
66,syri20266_chunk050,4
66,syri20267_chunk050,4
66,dub-pole20262_chunk017,4
66,iran202564_chunk012,4
66,dub-bulg20261_chunk048,4
66,stat20266_chunk012,4
66,dub-bulg20261_chunk056,4
66,irak20264_chunk002,4
66,dub-bulg20261_chunk063,4
66,rusl202631_chunk017,4
66,syri202610_chunk007,4
66,stat202610_chunk016,4
66,dub-belg20262_chunk011,4
66,stat20265_chunk013,4
66,bulg20263_chunk008,4
66,sril202651_chunk004,4
66,rusl202621_chunk002,4
66,29b-ita20261_chunk011,4
66,29b-sve20261_chunk011,4
66,29b-tysk20262_chunk012,4
66,29b-tysk20264_chunk010,4
66,29b-tysk20261_chunk010,4
66,29b-bul20261_chunk010,4
66,29b-sve20262_chunk009,4
66,syri202610_chunk002,4
66,dub-ital20261_chunk008,4
66,syri202615_chunk005,5
66,rusl202610_chunk007,4
66,alder20261_chunk006,5
66,stat20265_chunk016,4
66,syri20269_chunk007,4
66,ukra20266_chunk017,5
66,afgh20267_chunk005,4
66,dub-rumae20263_chunk027,4
66,bulg20263_chunk037,4
66,tysk2026167_chunk017,5
66,etio20262_chunk014,5
66,irak20265_chunk017,4
66,dub-span20264_chunk008,4
66,rusl202613_chunk003,4
66,dub-malt20261_chunk018,4
66,dub-belg20262_chunk033,4
66,dub-belg20261_chunk027,4
66,stat20265_chunk022,4
66,dub-span20264_chunk006,4
66,rusl202613_chunk010,4
66,soma20266_chunk007,4
66,stat202611_chunk001,4
66,dub-tysk202622_chunk005,4
66,dub-tysk202623_chunk004,4
66,ugan202615_chunk000,4
66,ugan202617_chunk019,4
66,dub-sver202618_chunk009,4
66,afgh202645_chunk003,4
66,stat202613_chunk009,4
66,stat202613_chunk001,4
66,soma20266_chunk002,5
66,stat20264_chunk000,4
66,afgh202615_chunk010,4
66,stat20268_chunk015,4
66,stat202611_chunk009,4
66,stat202612_chunk009,4
66,dub-tysk20263_chunk015,4
66,dub-tysk20265_chunk011,4
66,rusl202610_chunk011,4
30,dub-fran20262_chunk028,4
30,afgh202649_chunk020,4
30,ugan202618_chunk006,4
30,arme20261_chunk012,4
30,erit20261_chunk038,4
30,dub-bulg20262_chunk013,4
30,dub-bulg20261_chunk046,4
30,ugan202614_chunk020,0
30,ugan20262_chunk017,0
30,rusl20269_chunk005,4
30,syri20264_chunk038,4
30,bulg20263_chunk014,4
30,erit20261_chunk037,4
30,syri20267_chunk028,4
30,dub-ital20261_chunk007,4
30,syri20261_chunk025,4
30,syri20262_chunk028,4
30,syri20266_chunk028,4
30,syri20263_chunk023,4
30,alder20261_chunk012,4
30,maro20261_chunk011,4
30,afgh202615_chunk011,4
30,kina20261_chunk020,4
30,afgh20267_chunk016,4
30,dub-tysk20262_chunk005,4
30,arme20262_chunk010,4
30,ukra202620_chunk016,4
30,arme20262_chunk009,4
30,afgh202610_chunk021,4
30,bulg20263_chunk019,4
30,arme20261_chunk013,0
30,alge20261_chunk032,5
30,soma202612_chunk014,4
30,afgh202648_chunk017,4
30,ugan20269_chunk008,5
30,alge20261_chunk011,5
30,arme20261_chunk014,4
30,stat20265_chunk023,2
30,dub-sver202618_chunk005,4
30,dub-sver20265_chunk017,4
30,arme20262_chunk011,4
30,ukra20266_chunk021,4
30,dub-belg20261_chunk005,4
30,erit20261_chunk033,4
30,rusl202629_chunk022,4
30,rusl202634_chunk017,4
30,rusl202635_chunk018,4
30,rusl20266_chunk021,4
30,tyrk20266_chunk027,4
30,niga20266_chunk004,5
30,rusl20269_chunk009,4
30,dub-fran20263_chunk034,4
30,ugan202617_chunk025,4
30,dub-rumae20263_chunk004,4
30,keny20262_chunk021,4
30,29b-tysk20264_chunk009,4
30,rusl202631_chunk010,4
30,dub-span20264_chunk015,4
30,dub-finl20265_chunk007,4
30,rusl202632_chunk010,4
30,syri20265_chunk011,4
30,iran202564_chunk004,4
30,syri202618_chunk018,4
30,indi20261_chunk002,4
30,paki20264_chunk011,4
30,etio20264_chunk010,4
30,dub-belg20261_chunk040,4
30,dub-sver202610_chunk017,4
30,dub-ital20261_chunk016,4
30,dub-sver20268_chunk017,4
30,dub-fran20262_chunk052,4
30,29b-ita20261_chunk010,4
30,29b-bul20261_chunk009,4
30,29b-sve20262_chunk008,4
30,29b-tysk20262_chunk011,4
30,29b-sve20261_chunk010,4
30,29b-tysk20261_chunk009,4
30,dub-sver202610_chunk019,4
30,dub-pole20263_chunk014,4
30,dub-tysk202611_chunk016,4
30,etio20263_chunk017,4
30,dub-belg20262_chunk027,4
30,dub-belg20261_chunk021,4
30,ugan202620_chunk008,5
30,syri202613_chunk009,4
30,syri202614_chunk012_dup1,4
30,syri20265_chunk014,4
30,syri202613_chunk027,4
30,syri202614_chunk012,4
30,syri20264_chunk047,4
30,soma20269_chunk011,4
30,ugan202613_chunk007,4
30,ugan202612_chunk004,4
30,stat20265_chunk006,4
30,rusl202626_chunk002,4
30,tyrk20266_chunk019,4
30,syri202618_chunk017,4
30,dub-fran20265_chunk011,4
30,dub-bulg20261_chunk017,4
41,dub-fran20262_chunk027,5
41,bulg20263_chunk019,4
41,dub-bulg20261_chunk027,2
41,afgh202649_chunk020,4
41,bulg20263_chunk037,3
41,dub-bulg20261_chunk034,2
41,dub-belg20262_chunk016,4
41,dub-belg20261_chunk010,4
41,dub-fran20262_chunk030,4
41,dub-belg20262_chunk030,3
41,dub-belg20261_chunk024,3
41,ukra202610_chunk009,4
41,ugan202614_chunk020,0
41,ugan20262_chunk017,0
41,ukra20266_chunk017,4
41,bulg20263_chunk034,4
41,dub-nede20265_chunk012,4
41,bulg20263_chunk008,4
41,bulg20263_chunk022,2
41,dub-bulg20261_chunk048,4
41,dub-fran20263_chunk009,4
41,fran20264_chunk005,4
41,dub-bulg20261_chunk063,4
41,dub-pole20262_chunk016,4
41,dub-bulg20261_chunk046,3
41,dub-belg20262_chunk021,4
41,dub-belg20261_chunk015,4
41,dub-bulg20261_chunk045,4
41,dub-bulg20261_chunk047,4
26,dub-bulg20261_chunk069,4
26,rusl20262_chunk007,4
26,dub-bulg20261_chunk059,4
26,ugan202620_chunk009,4
26,dub-sver20266_chunk008,4
26,dub-sver202610_chunk008,4
26,sver202617_chunk008,4
26,dub-sver20269_chunk008,4
26,niga20267_chunk019,2
26,land20263_chunk004,4
26,dub-sver202612_chunk011,4
26,stat20262_chunk011,4
26,dub-sver20265_chunk008,4
26,dub-malt20262_chunk008,4
26,dub-malt20261_chunk009,4
26,afgh202650_chunk017,4
26,syri20264_chunk042,4
26,rusl20265_chunk023,4
26,rusl20269_chunk007,4
26,ugan20269_chunk004,2
26,rusl202626_chunk008,4
26,afgh20264_chunk015,4
26,came20262_chunk013,4
26,syri20267_chunk010,4
26,came20262_chunk004,2
26,dub-belg20262_chunk003,4
26,dub-fran20262_chunk064,4
26,dub-belg20261_chunk050,4
26,ukra20266_chunk002,4
26,dub-tysk20262_chunk011,4
26,dub-pole20262_chunk022,4
26,dub-pole20261_chunk007,4
26,geor20263_chunk009,4
26,tyrk20264_chunk003,4
26,ukra202620_chunk006,4
26,rusl202630_chunk007,4
26,keny20262_chunk013,4
26,rusl202628_chunk010,4
26,rusl202630_chunk006,4
26,tyrk20269_chunk005,4
26,etio20261_chunk009,4
26,dub-port20261_chunk013,4
26,dub-port20262_chunk009,4
26,syri202616_chunk001,4
26,ukra202620_chunk008,4
26,dub-bulg20261_chunk060,4
26,jord20263_chunk011,4
26,dub-tysk202611_chunk017,4
26,dub-bulg20261_chunk061,4
26,tyrk20266_chunk028,4
26,afgh202645_chunk007,4
26,afgh202611_chunk006,4
26,dub-span20263_chunk012,4
26,dub-span20264_chunk010,4
26,dub-span20261_chunk007,4
26,dub-bulg20261_chunk050,4
26,indi20262_chunk007,4
26,paki20263_chunk019,4
26,soma20265_chunk010,4
26,tyrk20266_chunk006,4
26,syri202614_chunk003,4
26,syri202614_chunk003_dup1,4
26,erit20268_chunk010,4
26,dub-fran20262_chunk047,4
26,irak20262_chunk011,4
26,afgh20267_chunk019,4
26,dub-sver20268_chunk021,4
26,afgh202611_chunk008,4
26,erit20262_chunk004,4
26,soma20263_chunk009,4
26,afgh202613_chunk002,4
26,dub-bulg20261_chunk003,4
26,dub-sver202618_chunk003,4
26,29b-tysk20264_chunk003,4
26,bosn20262_chunk003,4
26,came20262_chunk003,4
26,niga20267_chunk007,4
26,hjem20261_chunk011,4
26,dub-pole20263_chunk012,4
26,dub-rumae20264_chunk005,4
26,ukra202613_chunk005,4
26,dub-malt20261_chunk011,4
26,dub-malt20262_chunk010,4
26,sril202651_chunk005,4
26,syri202613_chunk018,4
26,syri202613_chunk005,4
26,bulg20263_chunk005,4
26,rusl20265_chunk008,4
26,niga20267_chunk010,4
26,irak20262_chunk008,4
26,buru20261_chunk003,4
26,ukra20269_chunk003,4
26,soma202610_chunk005,2
26,geor20263_chunk024,4
26,rusl202612_chunk013,4
26,dub-ital20261_chunk012,4
26,irak20261_chunk008,4
26,dub-malt20262_chunk006,4
18,dub-fran20262_chunk028,4
18,afgh202649_chunk020,4
18,ugan202618_chunk006,4
18,arme20261_chunk012,4
18,erit20261_chunk038,4
18,dub-bulg20262_chunk013,4
18,dub-bulg20261_chunk046,4
18,ugan202614_chunk020,0
18,ugan20262_chunk017,0
18,rusl20269_chunk005,4
18,syri20264_chunk038,4
18,bulg20263_chunk014,4
18,erit20261_chunk037,4
18,syri20267_chunk028,4
18,dub-ital20261_chunk007,4
18,syri20261_chunk025,4
18,syri20262_chunk028,4
18,syri20266_chunk028,4
18,syri20263_chunk023,4
18,alder20261_chunk012,4
18,maro20261_chunk011,4
18,afgh202615_chunk011,4
18,kina20261_chunk020,4
18,afgh20267_chunk016,4
18,dub-tysk20262_chunk005,4
18,arme20262_chunk010,4
18,ukra202620_chunk016,4
18,arme20262_chunk009,4
18,afgh202610_chunk021,4
18,bulg20263_chunk019,4
18,arme20261_chunk013,0
18,alge20261_chunk032,5
18,soma202612_chunk014,4
18,afgh202648_chunk017,4
18,ugan20269_chunk008,5
18,alge20261_chunk011,5
18,arme20261_chunk014,4
18,stat20265_chunk023,2
18,dub-sver202618_chunk005,4
18,dub-sver20265_chunk017,4
18,arme20262_chunk011,4
18,ukra20266_chunk021,4
18,dub-belg20261_chunk005,4
18,erit20261_chunk033,4
18,rusl202629_chunk022,4
18,rusl202634_chunk017,4
18,rusl202635_chunk018,4
18,rusl20266_chunk021,4
18,tyrk20266_chunk027,4
18,niga20266_chunk004,5
18,rusl20269_chunk009,4
18,dub-fran20263_chunk034,4
18,ugan202617_chunk025,4
18,dub-rumae20263_chunk004,4
18,keny20262_chunk021,4
18,29b-tysk20264_chunk009,4
18,rusl202631_chunk010,4
18,dub-span20264_chunk015,4
18,dub-finl20265_chunk007,4
18,rusl202632_chunk010,4
18,syri20265_chunk011,4
18,iran202564_chunk004,4
18,syri202618_chunk018,4
18,indi20261_chunk002,4
18,paki20264_chunk011,4
18,etio20264_chunk010,4
18,dub-belg20261_chunk040,4
18,dub-sver202610_chunk017,4
18,dub-ital20261_chunk016,4
18,dub-sver20268_chunk017,4
18,dub-fran20262_chunk052,4
18,29b-ita20261_chunk010,4
18,29b-bul20261_chunk009,4
18,29b-sve20262_chunk008,4
18,29b-tysk20262_chunk011,4
18,29b-sve20261_chunk010,4
18,29b-tysk20261_chunk009,4
18,dub-sver202610_chunk019,4
18,dub-pole20263_chunk014,4
18,dub-tysk202611_chunk016,4
18,etio20263_chunk017,4
18,dub-belg20262_chunk027,4
18,dub-belg20261_chunk021,4
18,ugan202620_chunk008,5
18,syri202613_chunk009,4
18,syri202614_chunk012_dup1,4
18,syri20265_chunk014,4
18,syri202613_chunk027,4
18,syri202614_chunk012,4
18,syri20264_chunk047,4
18,soma20269_chunk011,4
18,ugan202613_chunk007,4
18,ugan202612_chunk004,4
18,stat20265_chunk006,4
18,rusl202626_chunk002,4
18,tyrk20266_chunk019,4
18,syri202618_chunk017,4
18,dub-fran20265_chunk011,4
18,dub-bulg20261_chunk017,4
131,fran20264_chunk018,4
131,dub-fran20263_chunk022,4
131,dub-fran20262_chunk021,4
131,bulg20263_chunk014,4
131,dub-belg20261_chunk010,4
131,dub-belg20262_chunk016,4
131,dub-belg20261_chunk014,2
131,dub-belg20262_chunk020,2
131,dub-fran20262_chunk027,5
131,dub-belg20261_chunk017,4
131,dub-belg20262_chunk023,4
131,dub-belg20262_chunk024,2
131,dub-belg20261_chunk018,2
131,ugan202614_chunk020,0
131,ugan20262_chunk017,0
131,bulg20263_chunk012,2
131,dub-belg20262_chunk027,4
131,dub-belg20261_chunk021,4
131,fran20264_chunk017,4
131,dub-fran20262_chunk020,4
131,dub-fran20263_chunk021,4
131,dub-bulg20261_chunk025,4
131,dub-bulg20261_chunk017,4
131,dub-bulg20261_chunk016,2
131,dub-fran20262_chunk028,4
131,dub-fran20263_chunk023,2
131,dub-fran20262_chunk022,2
131,fran20264_chunk019,2
131,dub-belg20261_chunk012,3
131,dub-belg20262_chunk018,3
131,dub-belg20262_chunk032,2
131,dub-belg20261_chunk026,2
131,fran20264_chunk014,4
131,dub-fran20262_chunk017,4
131,dub-fran20263_chunk018,4
131,dub-nede20263_chunk014,2
131,dub-nede20264_chunk012,2
131,dub-nede20261_chunk011,2
131,dub-nede20262_chunk014,4
131,dub-fran20262_chunk041,4
131,dub-bulg20261_chunk018,4
131,dub-belg20261_chunk024,2
131,dub-belg20262_chunk030,2
131,dub-bulg20261_chunk056,4
131,dub-belg20262_chunk015,4
131,dub-belg20261_chunk009,4
131,erit20261_chunk037,4
131,dub-fran20262_chunk009,4
131,dub-belg20262_chunk019,4
131,dub-belg20261_chunk013,4
131,dub-belg20262_chunk025,1
131,dub-belg20261_chunk019,1
131,dub-rumae20263_chunk027,4
131,dub-belg20262_chunk035,2
131,dub-fran20262_chunk031,2
131,bulg20263_chunk008,2
131,dub-belg20262_chunk021,4
131,dub-belg20261_chunk015,4
131,dub-bulg20261_chunk049,4
131,dub-fran20263_chunk010,4
131,fran20264_chunk006,4
131,dub-fran20262_chunk039,2
131,bulg20263_chunk019,2
131,dub-fran20262_chunk008,4
131,dub-fran20263_chunk009,4
131,fran20264_chunk005,4
131,dub-belg20261_chunk020,2
131,dub-belg20262_chunk026,2
131,dub-fran20262_chunk042,4
131,dub-fran20262_chunk040,2
131,dub-nede20263_chunk009,4
131,dub-port20261_chunk015,4
131,dub-nede20262_chunk008,4
131,dub-nede20264_chunk006,4
131,dub-port20262_chunk011,4
131,dub-nede20261_chunk005,4
131,dub-nede20265_chunk006,4
131,dub-belg20262_chunk012,2
131,ukra202610_chunk009,4
131,ukra20263_chunk025,4
131,stat202615_chunk007,4
131,stat202614_chunk007,4
131,bulg20263_chunk016,4
131,dub-nede20265_chunk012,2
131,dub-rumae20263_chunk021,4
131,dub-bulg20261_chunk014,4
131,dub-bulg20261_chunk001,4
131,dub-bulg20262_chunk001,4
131,29b-bul20261_chunk009,4
131,29b-ita20261_chunk010,4
55,bulg20263_chunk016,4
55,dub-bulg20261_chunk063,4
55,dub-bulg20261_chunk018,4
55,dub-bulg20261_chunk065,4
55,dub-bulg20261_chunk045,4
55,dub-bulg20261_chunk039,4
55,dub-belg20261_chunk018,2
55,dub-belg20262_chunk024,2
55,syri20266_chunk050,2
55,syri20267_chunk050,2
55,syri20267_chunk048,4
55,syri20261_chunk045,4
55,syri20263_chunk043,4
55,syri20266_chunk048,4
55,syri20262_chunk048,4
55,dub-belg20262_chunk035,3
55,syri20262_chunk050,2
55,syri20263_chunk045,2
55,syri20261_chunk047,2
55,dub-bulg20261_chunk053,4
55,dub-bulg20261_chunk048,4
55,dub-fran20262_chunk041,4
55,dub-bulg20262_chunk012,4
55,dub-bulg20262_chunk008,4
55,dub-belg20262_chunk018,4
55,dub-belg20261_chunk012,4
55,dub-bulg20261_chunk037,3
55,ukra202610_chunk009,4
55,bulg20263_chunk013,4
55,dub-pole20262_chunk016,4
55,dub-belg20261_chunk014,4
55,dub-belg20262_chunk020,4
55,dub-fran20262_chunk027,4
55,dub-belg20262_chunk030,4
55,dub-belg20261_chunk024,4
55,dub-fran20262_chunk036,4
55,dub-nede20261_chunk016,2
55,dub-nede20262_chunk019,2
55,ukra20263_chunk025,4
55,ukra20266_chunk017,4
55,29b-bul20261_chunk029,4
55,bulg20263_chunk031,4
55,afgh202649_chunk019,4
55,ukra20269_chunk016,4
55,dub-bulg20261_chunk031,4
55,dub-nede20265_chunk012,4
55,dub-belg20261_chunk006,4
124,bulg20263_chunk008,2
124,fran20264_chunk016,2
124,dub-fran20263_chunk020,2
124,dub-fran20262_chunk019,2
124,dub-bulg20261_chunk025,2
124,dub-bulg20261_chunk063,4
124,29b-ita20261_chunk016,4
124,dub-fran20262_chunk008,4
124,dub-bulg20261_chunk014,4
124,dub-fran20262_chunk041,4
124,dub-nede20265_chunk012,2
124,dub-belg20261_chunk015,4
124,dub-belg20262_chunk021,4
124,dub-bulg20261_chunk027,2
124,dub-bulg20261_chunk028,2
124,dub-ital20261_chunk005,4
124,dub-bulg20261_chunk013,2
124,dub-fran20263_chunk010,4
124,fran20264_chunk006,4
124,dub-belg20262_chunk035,2
124,dub-nede20263_chunk014,4
124,dub-nede20264_chunk012,4
124,fran20264_chunk007,4
124,dub-fran20263_chunk011,4
124,fran20264_chunk005,4
124,dub-fran20263_chunk009,4
124,29b-ita20261_chunk015,4
124,dub-nede20262_chunk014,2
124,dub-nede20261_chunk011,4
124,29b-ita20261_chunk013,4
124,dub-fran20262_chunk027,4
124,stat20265_chunk010,4
124,dub-belg20262_chunk023,4
124,dub-belg20261_chunk017,4
124,dub-bulg20261_chunk020,4
124,dub-fran20262_chunk040,4
124,bulg20263_chunk033,0
124,bulg20263_chunk016,4
124,dub-fran20262_chunk037,4
124,bulg20263_chunk012,2
124,29b-ita20261_chunk004,4
124,dub-fran20262_chunk031,4
124,dub-belg20262_chunk017,4
124,dub-belg20261_chunk011,4
124,dub-fran20262_chunk010,4
124,bulg20263_chunk022,2
124,dub-fran20262_chunk009,4
124,dub-bulg20261_chunk021,4
124,syri20262_chunk050,2
124,syri20263_chunk045,2
124,bulg20263_chunk037,4
124,syri20261_chunk047,2
124,dub-belg20262_chunk025,2
124,dub-belg20261_chunk019,2
124,bulg20263_chunk024,5
124,syri20266_chunk050,2
124,syri20267_chunk050,2
124,dub-bulg20261_chunk048,4
124,dub-fran20262_chunk024,4
124,dub-belg20261_chunk024,2
124,dub-belg20262_chunk030,2
3,ugan202615_chunk015,4
3,rusl202613_chunk010,4
3,29b-sve20262_chunk008,4
3,29b-tysk20261_chunk009,4
3,29b-bul20261_chunk009,4
3,29b-ita20261_chunk010,4
3,29b-sve20261_chunk010,4
3,29b-tysk20262_chunk011,4
3,29b-tysk20264_chunk009,4
3,hjem20261_chunk012,4
3,tyrk20269_chunk009,4
3,afgh20267_chunk006,4
3,afgh202615_chunk013,4
3,rusl20269_chunk018,4
3,dub-pole20262_chunk016,4
3,irak20261_chunk012,4
3,syri202614_chunk011,4
3,syri20264_chunk046,4
3,syri202614_chunk011_dup1,4
3,syri202613_chunk026,4
3,syri20265_chunk013,4
3,syri202616_chunk008,4
3,syri202617_chunk008,4
3,jord20262_chunk014,4
3,stat20265_chunk010,4
3,niga20267_chunk024,4
3,tyrk20262_chunk015,4
3,afgh202648_chunk021,4
3,geor20263_chunk026,4
3,syri202615_chunk007,4
3,syri20267_chunk060,4
3,soma20261_chunk005,4
3,soma202612_chunk007,4
3,rusl202626_chunk014,4
3,ukra20264_chunk017,4
3,ugan202613_chunk011,4
3,ukra20261_chunk009,4
3,stat202610_chunk031,4
3,dub-tysk202611_chunk015,4
3,fran20264_chunk022,4
3,dub-fran20263_chunk026,4
3,ukra20263_chunk029,4
3,afgh202645_chunk014,5
3,rusl202637_chunk028,2
3,syri202616_chunk016,4
3,stat20266_chunk016,4
3,sril202651_chunk019,4
3,rusl20264_chunk009,4
3,dub-belg20262_chunk043,4
3,ukra20266_chunk015,4
3,ukra202617_chunk019,4
3,ukra202618_chunk019,4
3,rusl202630_chunk008,4
3,dub-sver20269_chunk022,4
3,erit20266_chunk009,4
3,rusl202613_chunk013,4
3,ukra20265_chunk004,4
3,stat202613_chunk009,4
3,stat202610_chunk016,4
3,rusl202629_chunk039,4
3,rusl202628_chunk012,4
3,dub-norg20262_chunk012,4
3,erit20264_chunk014,4
3,dub-bulg20261_chunk056,4
3,indi20262_chunk013,4
3,rusl202616_chunk017,4
3,rusl202634_chunk041,4
3,dub-tysk202623_chunk006,4
3,dub-tysk202622_chunk007,4
3,afgh202650_chunk012,2
3,rusl202636_chunk009,4
3,rusl202634_chunk047,4
3,erit20268_chunk012,4
3,stat202612_chunk009,4
3,stat202611_chunk009,4
3,liba20261_chunk004,4
3,dub-rumae20263_chunk035,4
3,soma20263_chunk006,4
3,syri20269_chunk007,4
3,rusl202635_chunk050,4
3,stat20262_chunk007,4
3,dub-span20263_chunk019,4
3,ukra20265_chunk027,4
3,stat20262_chunk012,4
3,dub-nede20264_chunk004,4
3,dub-nede20261_chunk025,4
3,rusl202613_chunk003,4
3,dub-fran20265_chunk010,4
3,bosn20263_chunk022,4
3,dub-belg20262_chunk039,4
3,dub-belg20261_chunk005,4
3,stat20268_chunk011,4
108,syri20262_chunk034,4
108,syri20263_chunk029,4
108,syri20266_chunk034,4
108,syri20261_chunk031,4
108,syri20267_chunk034,4
108,syri20261_chunk048,4
108,syri20262_chunk051,4
108,syri20263_chunk046,4
108,syri20267_chunk044,4
108,syri20263_chunk039,4
108,syri20266_chunk044,4
108,syri20261_chunk041,4
108,syri20262_chunk044,4
108,syri20263_chunk052,2
108,syri20262_chunk057,2
108,syri20262_chunk036,2
108,syri20263_chunk031,2
108,syri20267_chunk036,2
108,syri20266_chunk036,2
108,syri20261_chunk033,2
108,syri20267_chunk058,4
108,syri20266_chunk058,4
108,syri20261_chunk054,4
108,syri20261_chunk047,2
108,syri20263_chunk045,2
108,syri20262_chunk050,2
108,syri20262_chunk049,4
108,syri20266_chunk049,4
108,syri20261_chunk046,4
108,syri20267_chunk049,4
108,syri20263_chunk044,4
108,syri20267_chunk047,2
108,syri20267_chunk052,2
108,syri20262_chunk047,2
108,syri20266_chunk052,2
108,syri20266_chunk047,2
108,syri20263_chunk042,2
108,syri20261_chunk044,2
108,syri20266_chunk050,2
108,syri20267_chunk050,2
108,syri20263_chunk016,4
108,syri20262_chunk021,4
108,syri20261_chunk018,4
108,syri20267_chunk021,4
108,syri20266_chunk021,4
108,syri202621_chunk007,2
108,syri20263_chunk020,4
108,syri20266_chunk025,4
108,syri20261_chunk022,4
108,syri20262_chunk025,4
108,syri20267_chunk025,4
108,syri20263_chunk055,4
108,syri20262_chunk020,4
108,syri20266_chunk020,4
108,syri20261_chunk017,4
108,syri20267_chunk020,4
108,syri20263_chunk015,4
108,syri20261_chunk036,4
108,syri20266_chunk039,4
108,syri20262_chunk039,4
108,syri20267_chunk039,4
108,syri20263_chunk034,4
35,dub-fran20262_chunk036,4
35,dub-belg20262_chunk019,4
35,dub-belg20261_chunk013,4
35,dub-belg20261_chunk007,4
35,dub-belg20262_chunk013,4
35,dub-belg20261_chunk009,4
35,dub-belg20262_chunk015,4
35,dub-belg20261_chunk016,2
35,dub-belg20262_chunk022,2
35,bulg20263_chunk019,2
35,dub-fran20262_chunk027,4
35,dub-fran20262_chunk008,4
35,dub-fran20262_chunk031,4
35,bulg20263_chunk036,2
35,ukra202611_chunk016,4
35,ukra20264_chunk007,4
35,ugan202614_chunk020,0
35,ugan20262_chunk017,0
35,dub-belg20261_chunk014,4
35,dub-belg20262_chunk020,4
35,afgh202649_chunk020,2
35,dub-belg20261_chunk021,4
35,dub-belg20262_chunk027,4
35,ukra20265_chunk018,2
35,bulg20263_chunk028,2
35,dub-schw20264_chunk013,2
35,dub-finl20261_chunk012,2
35,rusl202620_chunk012,4
35,dub-rumae20263_chunk027,4
35,dub-sver202615_chunk014,4
35,dub-fran20262_chunk025,4
35,sril202651_chunk013,2
35,dub-sver20262_chunk011,4
35,dub-sver20263_chunk013,4
35,dub-finl20262_chunk012,2
35,dub-sver20269_chunk024,4
35,ukra202620_chunk029,4
35,dub-sver20261_chunk011,4
35,ukra20269_chunk016,4
35,dub-nede20264_chunk028,4
35,afgh20267_chunk008,2
35,dub-sver202610_chunk022,4
35,dub-fran20262_chunk026,2
35,dub-tysk20261_chunk010_dup1,4
35,dub-bulg20261_chunk019,4
35,bulg20263_chunk017,4
35,dub-rumae20263_chunk018,2
35,dub-belg20262_chunk023,4
35,dub-belg20261_chunk017,4
35,dub-fran20262_chunk034,4
35,dub-norg20262_chunk019,4
35,dub-belg20262_chunk006,2
35,bulg20263_chunk023,4
35,dub-fran20262_chunk024,2
35,dub-rumae20263_chunk016,4
35,dub-rumae20263_chunk026,4
35,fran20264_chunk014,4
35,dub-fran20263_chunk018,4
35,dub-fran20262_chunk017,4
35,dub-fran20263_chunk009,4
35,fran20264_chunk005,4
35,maro20261_chunk016,4
35,dub-rumae20263_chunk020,4
35,dub-belg20261_chunk005,4
35,dub-sver202614_chunk024,4
35,stat202614_chunk007,4
88,syri20262_chunk048,2
88,syri20261_chunk045,2
88,syri20266_chunk048,2
88,syri20263_chunk043,2
88,syri20267_chunk048,2
88,syri20264_chunk035,4
88,syri20267_chunk050,2
88,syri20266_chunk050,2
88,syri20263_chunk045,2
88,syri20262_chunk050,2
88,syri20261_chunk047,2
88,syri20264_chunk034,3
88,syri202613_chunk014,2
88,syri20262_chunk057,2
88,syri20263_chunk052,2
88,syri20262_chunk010,4
88,syri20266_chunk052,2
88,syri20266_chunk047,2
88,syri20262_chunk047,2
88,syri20263_chunk042,2
88,syri20267_chunk047,2
88,syri20267_chunk052,2
88,syri20261_chunk044,2
88,syri20266_chunk058,4
88,syri20267_chunk058,4
88,syri20262_chunk044,2
88,syri20263_chunk039,2
88,syri20266_chunk044,2
88,syri20261_chunk041,2
88,syri20267_chunk044,2
88,syri20262_chunk007,4
88,syri20261_chunk054,4
88,rusl202635_chunk038,4
88,rusl202634_chunk037,4
88,syri202621_chunk005,2
88,syri20264_chunk014,4
88,syri20267_chunk045,2
88,syri202610_chunk007,2
88,bulg20263_chunk034,4
88,syri202617_chunk014,4
88,syri20263_chunk040,2
99,dub-rumae20263_chunk027,4
99,dub-rumae20263_chunk018,2
99,dub-ital20261_chunk008,4
99,dub-fran20262_chunk024,4
99,dub-rumae20263_chunk020,5
99,bulg20263_chunk033,0
99,dub-schw20261_chunk005,4
99,ugan20262_chunk017,0
99,ugan202614_chunk020,0
99,dub-fran20262_chunk038,4
99,dub-schw20263_chunk004,4
99,dub-schw20264_chunk003,4
99,dub-schw20262_chunk003,4
99,dub-belg20261_chunk010,4
99,dub-belg20262_chunk016,4
99,dub-fran20262_chunk005,4
99,tysk2026167_chunk007,4
99,dub-sver202618_chunk016,4
99,dub-rumae20263_chunk037,4
99,dub-rumae20262_chunk009,4
99,dub-span20263_chunk021,4
99,dub-belg20262_chunk004,4
99,dub-sver202610_chunk003,4
99,dub-sver20265_chunk003,4
99,dub-sver20268_chunk003,4
99,dub-sver20267_chunk003,4
99,dub-sver202611_chunk003,4
99,dub-sver202612_chunk003,4
99,dub-sver202615_chunk003,4
99,dub-sver20269_chunk003,4
99,dub-malt20261_chunk004,4
99,dub-fran20263_chunk026,4
99,fran20264_chunk022,4
99,dub-tysk202611_chunk012,4
99,dub-tysk202622_chunk014,4
99,dub-nede20262_chunk004,4
99,dub-bulg20262_chunk013,4
99,dub-fran20262_chunk025,4
99,dub-sver20261_chunk004,4
99,dub-sver20262_chunk004,4
99,dub-tysk202622_chunk012,4
99,bulg20263_chunk019,4
99,dub-finl20262_chunk003,4
99,dub-tysk202621_chunk004,4
99,dub-belg20261_chunk029,4
99,dub-fran20262_chunk029,4
99,dub-belg20262_chunk035,2
99,dub-nede20263_chunk004,4
99,dub-belg20261_chunk004,4
99,dub-sver202614_chunk004,4
99,dub-belg20261_chunk046,4
99,dub-tysk202614_chunk004,4
99,dub-tysk20268_chunk004,4
99,bulg20263_chunk028,4
99,dub-tysk20261_chunk003,5
99,tysk202625_chunk004,4
99,dub-tysk202612_chunk004,4
99,dub-tysk202620_chunk004,4
99,dub-tysk202626_chunk004,4
99,fran20264_chunk016,4
99,dub-fran20262_chunk019,4
99,dub-fran20263_chunk020,4
99,dub-tysk20261_chunk004_dup1,4
99,fran20264_chunk021,4
99,dub-sver20263_chunk004,4
99,dub-tysk20262_chunk004,4
99,dub-tysk20269_chunk008,4
15,afgh202649_chunk020,4
15,erit20261_chunk038,2
15,ugan202614_chunk020,0
15,ugan20262_chunk017,0
15,bulg20263_chunk014,4
15,dub-bulg20262_chunk013,4
15,erit20261_chunk037,4
15,alder20261_chunk012,5
15,syri20264_chunk038,4
15,soma202612_chunk014,4
15,dub-fran20262_chunk009,4
15,maro20261_chunk011,4
15,afgh20267_chunk016,4
15,dub-belg20261_chunk021,2
15,dub-belg20262_chunk027,2
15,ukra202620_chunk016,4
15,arme20261_chunk012,4
15,erit20261_chunk033,4
15,rusl20269_chunk005,4
15,dub-bulg20261_chunk017,4
15,afgh202610_chunk021,4
15,indi20261_chunk002,4
15,rusl20266_chunk021,4
15,rusl202629_chunk022,4
15,rusl202634_chunk017,4
15,rusl202635_chunk018,4
15,arme20261_chunk014,4
15,dub-ital20261_chunk007,4
15,arme20262_chunk011,4
15,dub-fran20263_chunk010,4
15,fran20264_chunk006,4
15,ugan202618_chunk006,4
15,stat20265_chunk023,2
15,arme20261_chunk013,0
15,rusl202626_chunk002,4
15,keny20262_chunk021,4
15,syri20262_chunk059,4
15,tyrk20266_chunk027,5
15,dub-fran20265_chunk011,4
15,afgh202615_chunk011,4
15,arme20262_chunk010,4
15,etio20263_chunk017,4
15,29b-tysk20264_chunk009,4
15,bulg20263_chunk019,4
15,afgh202649_chunk019,4
15,iran202564_chunk012,4
15,29b-sve20261_chunk010,4
15,29b-bul20261_chunk009,4
15,29b-tysk20262_chunk011,4
15,29b-sve20262_chunk008,4
15,29b-tysk20261_chunk009,4
15,29b-ita20261_chunk010,4
15,stat20265_chunk006,4
15,tyrk20266_chunk019,4
15,dub-tysk20265_chunk010,4
15,erit20261_chunk032,4
15,ugan20268_chunk005,5
15,etio20264_chunk003,5
15,ugan20265_chunk003,4
15,dub-span20264_chunk015,4
15,dub-finl20265_chunk007,4
15,dub-belg20261_chunk005,4
15,rusl202634_chunk033,4
15,rusl202635_chunk034,4
15,alge20261_chunk012,4
15,arme20262_chunk009,4
15,bang20264_chunk013,4
15,dub-sver202618_chunk005,4
15,niga20267_chunk001,5
15,dub-schw20263_chunk005,4
15,tyrk20266_chunk012,4
15,ugan20269_chunk018,4
15,syri202613_chunk027,4
15,syri20265_chunk014,4
15,syri202614_chunk012_dup1,4
15,syri202614_chunk012,4
15,syri20264_chunk047,4
15,syri202613_chunk009,4
15,kina20261_chunk020,4
15,ugan202619_chunk016,4
15,ugan202617_chunk025,4
15,rusl202635_chunk019,4
15,rusl202634_chunk018,4
15,etio20262_chunk014,4
15,dub-sver202618_chunk025,4
15,dub-tysk202611_chunk016,4
15,afgh202648_chunk017,4
15,ugan202620_chunk008,5
15,ukra20266_chunk021,4
15,ugan202620_chunk004,5
15,dub-span20262_chunk008,4
15,dub-bulg20261_chunk048,4
17,land20263_chunk006,4
17,bulg20263_chunk048,4
17,dub-rumae20261_chunk003,2
17,ugan202614_chunk020,0
17,ugan20262_chunk017,0
17,ugan202620_chunk016,2
17,ugan202616_chunk010,4
17,ugan20263_chunk011,4
17,bulg20263_chunk001,4
17,rusl202635_chunk016,4
17,rusl202634_chunk015,4
17,ugan202610_chunk019,4
17,ugan20268_chunk005,5
17,ugan202610_chunk009,5
17,soma20269_chunk011,4
17,ugan202612_chunk006,5
17,fran20264_chunk006,1
17,dub-fran20263_chunk010,1
17,ugan202616_chunk003,4
17,ugan202619_chunk019,4
17,ugan202616_chunk008,4
17,ugan202616_chunk002,4
17,ugan202616_chunk013,2
17,dub-fran20262_chunk031,1
17,ugan20262_chunk012,4
17,rusl202613_chunk010,4
17,rusl20266_chunk019,4
17,rusl202629_chunk020,4
17,ugan202614_chunk014,5
17,ugan202614_chunk017,4
17,dub-finl20261_chunk004,4
17,niga20264_chunk012,4
17,ugan202610_chunk014,2
17,ugan202614_chunk021,4
17,niga20264_chunk013,4
17,dub-fran20262_chunk028,1
17,jord20261_chunk001,4
17,dub-belg20261_chunk011,2
17,dub-belg20262_chunk017,2
17,ugan202616_chunk001,5
17,dub-fran20262_chunk008,2
17,ugan202616_chunk014,4
17,ugan202621_chunk007,4
17,bulg20263_chunk043,0
17,ugan202614_chunk016,4
17,soma20267_chunk003,4
17,niga20264_chunk019,2
17,ugan202620_chunk017,5
17,ugan202616_chunk015,4
17,ghan20262_chunk002,4
17,rusl202613_chunk007,4
17,ugan202621_chunk004,5
17,ugan20262_chunk006,4
17,ugan202618_chunk006,4
17,ugan202620_chunk006,4
17,alge20261_chunk011,5
17,ugan202621_chunk006,4
17,ugan20263_chunk012,5
17,ugan20262_chunk015,4
17,dub-malt20261_chunk006,4
17,dub-fran20262_chunk021,2
17,dub-belg20261_chunk022,2
17,dub-belg20262_chunk028,2
17,ugan20262_chunk018,4
17,bulg20263_chunk044,4
17,ugan202620_chunk013,4
17,dub-schw20264_chunk008,4
17,ugan20262_chunk011,5
17,ugan202610_chunk013,5
17,ugan202610_chunk017,4
17,ugan20268_chunk003,4
17,dub-fran20262_chunk038,1
17,rusl202613_chunk003,5
17,ugan202615_chunk015,4
9,dub-finl20261_chunk012,0
9,dub-sver20263_chunk013,4
9,dub-sver20262_chunk011,4
9,dub-tysk20261_chunk010_dup1,4
9,dub-finl20262_chunk012,0
9,dub-schw20264_chunk013,0
9,dub-sver202610_chunk022,4
9,dub-norg20262_chunk019,4
9,dub-sver20269_chunk024,4
9,dub-sver202614_chunk004,4
9,dub-sver20261_chunk011,4
9,dub-sver202615_chunk014,4
9,dub-nede20264_chunk028,4
9,bulg20263_chunk039,4
9,29b-sve20262_chunk002,4
9,dub-pole20263_chunk004,4
9,tysk202625_chunk009,4
9,dub-nede20263_chunk009,4
9,dub-nede20265_chunk006,4
9,dub-port20261_chunk015,4
9,dub-port20262_chunk011,4
9,dub-nede20261_chunk005,4
9,dub-nede20264_chunk006,4
9,dub-nede20262_chunk008,4
9,dub-sver202612_chunk016,0
9,29b-sve20261_chunk003,4
9,dub-belg20261_chunk004,4
9,dub-rumae20263_chunk002,4
9,dub-sver20267_chunk008,0
9,dub-tysk202613_chunk012,0
9,dub-sver202614_chunk024,4
9,dub-pole20257_chunk012,0
9,dub-tysk20264_chunk011,4
9,dub-pole20262_chunk030,4
9,29b-ita20261_chunk004,4
9,dub-nede20262_chunk027,4
9,dub-rumae20264_chunk003,4
9,dub-nede20263_chunk026,4
9,dub-rumae20262_chunk008,4
9,dub-tysk20261_chunk003,5
9,fran20264_chunk023,4
9,dub-fran20263_chunk027,4
9,fran20264_chunk029,0
9,dub-sver202613_chunk010,0
9,dub-nede20262_chunk025,4
9,dub-fran20263_chunk036,0
9,dub-nede20261_chunk022,4
9,dub-schw20262_chunk012,0
9,dub-rumae20264_chunk013,4
9,29b-tysk20264_chunk002,4
9,29b-sve20261_chunk004,4
9,dub-nede20261_chunk020,4
9,dub-nede20264_chunk021,4
9,dub-nede20265_chunk019,4
9,dub-nede20263_chunk024,4
9,dub-nede20262_chunk023,4
9,29b-tysk20261_chunk003,4
9,dub-sver20269_chunk002,4
9,dub-sver20267_chunk002,4
9,dub-port20261_chunk019,4
9,dub-port20262_chunk015,4
9,dub-bulg20262_chunk002,4
9,dub-bulg20261_chunk002,4
9,bulg20263_chunk002,4
9,dub-malt20262_chunk002,4
9,29b-tysk20263_chunk002,4
9,dub-sver202618_chunk002,4
9,dub-nede20263_chunk002,4
9,dub-sver20266_chunk002,4
9,dub-tysk20268_chunk002,4
9,dub-tysk202621_chunk002,4
9,bulg20263_chunk047,4
9,dub-bulg20262_chunk010,4
9,dub-tysk202611_chunk011,2
9,dub-sver202618_chunk020,5
9,dub-sver20268_chunk002,4
9,dub-tysk202611_chunk002,4
9,dub-tysk20263_chunk002,4
9,dub-tysk202613_chunk002,4
9,dub-tysk202614_chunk002,4
9,dub-tysk202620_chunk002,4
9,dub-tysk20262_chunk002,4
9,dub-tysk20265_chunk002,4
9,dub-schw20262_chunk002,4
9,dub-fran20262_chunk003,4
9,dub-sver202612_chunk002,4
9,dub-norg20262_chunk002,4
9,dub-port20261_chunk002,4
129,ukra20269_chunk009,4
129,ukra202620_chunk022,4
129,ukra20263_chunk025,4
129,dub-fran20262_chunk014,2
129,ukra20263_chunk026,2
129,rusl20267_chunk020,2
129,ukra20265_chunk035,4
129,ukra20262_chunk000,4
129,ukra202611_chunk000,4
129,rusl202629_chunk012,4
129,rusl20266_chunk011,4
129,ukra20263_chunk024,4
129,ukra20261_chunk000,4
129,ukra202618_chunk000,4
129,ukra202615_chunk000,4
129,ukra20262_chunk005,4
129,ukra20265_chunk019,4
129,rusl202635_chunk008,4
129,rusl202634_chunk007,4
129,rusl202635_chunk009,4
129,rusl202634_chunk008,4
129,rusl20262_chunk010,4
129,ukra20265_chunk032,4
129,ukra20265_chunk018,2
129,ukra202620_chunk029,4
129,rusl202627_chunk001,5
129,rusl202629_chunk013,2
129,rusl20267_chunk023,4
129,rusl202635_chunk034,4
129,rusl202634_chunk033,4
129,ukra20264_chunk010,4
129,rusl20266_chunk012,4
129,ukra20265_chunk013,4
129,ukra20269_chunk016,4
129,ukra202620_chunk000,4
129,rusl20267_chunk010,4
129,dub-pole20262_chunk016,2
129,rusl202610_chunk001,5
129,bulg20263_chunk012,2
129,ukra202615_chunk004,4
129,ukra20269_chunk002,2
129,ukra202610_chunk000,4
129,ukra20265_chunk000,4
129,rusl202635_chunk019,2
129,rusl202634_chunk018,2
129,rusl202637_chunk001,4
129,rusl202635_chunk013,4
129,rusl202634_chunk012,4
129,rusl202634_chunk016,2
129,rusl202635_chunk017,2
129,dub-belg20262_chunk024,2
129,dub-belg20261_chunk018,2
129,ukra20264_chunk000,4
129,rusl20267_chunk001,5
129,ukra202610_chunk017,2
129,ukra20265_chunk033,4
129,ukra20263_chunk000,4
129,dub-fran20262_chunk010,2
129,dub-bulg20261_chunk016,1
129,ugan202614_chunk017,4
129,dub-belg20261_chunk014,4
129,dub-belg20262_chunk020,4
129,rusl20262_chunk002,5
129,rusl20262_chunk001,4
129,dub-nede20265_chunk012,2
129,dub-bulg20261_chunk025,1
129,rusl20261_chunk002,4
129,dub-belg20262_chunk030,2
129,dub-belg20261_chunk024,2
129,ukra20269_chunk019,4
129,dub-bulg20261_chunk045,2
129,ukra202618_chunk001,4
129,dub-fran20263_chunk011,2
129,fran20264_chunk007,2
129,rusl202626_chunk013,2
104,alge20261_chunk035,4
104,niga20267_chunk022,4
104,kina20261_chunk014,4
104,jord20262_chunk007,4
104,rusl20266_chunk033,4
104,stat20266_chunk007,4
104,dub-span20261_chunk006,4
104,iran202564_chunk006,4
104,dub-span20264_chunk009,4
104,dub-span20263_chunk011,4
104,rusl202637_chunk011,4
104,syri202613_chunk022,4
104,ugan20269_chunk018,4
104,afgh202612_chunk032,5
104,paki20263_chunk027,4
104,irak20262_chunk023,4
104,niga20264_chunk024,4
104,ugan202617_chunk022,4
104,sril202651_chunk006,5
104,afgh202617_chunk019,5
104,stat202610_chunk008,5
104,ukra202620_chunk006,5
104,ukra202619_chunk010,4
104,ugan202620_chunk017,5
104,dub-tysk202611_chunk017,4
104,syri20264_chunk020,4
104,dub-sver20268_chunk021,5
104,dub-nede20265_chunk022,4
104,erit20269_chunk020,4
104,ukra202619_chunk021,4
104,etio20261_chunk024,4
104,dub-span20262_chunk007,5
104,stat20268_chunk011,4
104,dub-bulg20261_chunk012,4
104,soma202612_chunk013,4
104,etio20263_chunk014,4
104,stat20268_chunk017,4
104,syri202619_chunk007,4
104,afgh202649_chunk009,4
104,indi20262_chunk012,4
104,irak20263_chunk006,4
104,dub-pole20261_chunk013,5
104,bang20264_chunk019,4
104,syri202619_chunk010,4
104,29b-bul20261_chunk012,4
104,syri202618_chunk015,4
104,ukra202615_chunk008,4
104,tyrk20268_chunk000,4
104,sril202651_chunk005,4
104,syri202614_chunk008,4
104,syri202614_chunk008_dup1,4
104,afgh202610_chunk023,4
104,ugan202610_chunk018,4
104,ugan202617_chunk007,4
104,tyrk20268_chunk005,4
104,dub-sver202614_chunk023,4
104,bulg20263_chunk051,4
104,dub-rumae20261_chunk002,4
104,syri202610_chunk014,4
104,hjem20261_chunk004,4
104,dub-tysk20269_chunk006,4
104,keny20262_chunk026,4
104,paki20261_chunk011,4
104,dub-rumae20262_chunk014,4
104,etio20262_chunk032,4
104,rusl202637_chunk019,4
104,maro20253_chunk007,4
103,dub-fran20263_chunk016,1
103,fran20264_chunk012,1
103,dub-fran20262_chunk015,1
103,dub-fran20263_chunk017,2
103,fran20264_chunk013,2
103,dub-fran20262_chunk016,2
103,dub-fran20263_chunk014,2
103,fran20264_chunk010,2
103,dub-fran20263_chunk018,3
103,fran20264_chunk014,3
103,dub-fran20262_chunk017,3
103,dub-fran20262_chunk013,2
103,bulg20263_chunk020,0
103,dub-nede20264_chunk015,2
103,dub-nede20263_chunk017,2
103,dub-nede20262_chunk017,2
103,dub-nede20261_chunk014,2
11,irak20263_chunk006,4
11,dub-tysk202627_chunk009,4
11,keny20262_chunk029,4
11,syri20261_chunk018,4
11,syri20263_chunk016,4
11,syri20262_chunk021,4
11,syri20266_chunk021,4
11,syri20267_chunk021,4
11,dub-belg20261_chunk010,4
11,dub-belg20262_chunk016,4
11,rusl202615_chunk010,4
11,dub-belg20261_chunk009,4
11,dub-belg20262_chunk015,4
11,syri20261_chunk026,4
11,syri20263_chunk024,4
11,syri20262_chunk029,4
11,syri20266_chunk029,4
11,syri20267_chunk029,4
11,paki20263_chunk007,4
11,dub-bulg20261_chunk064,4
11,syri20261_chunk033,2
11,syri20263_chunk031,2
11,syri20262_chunk036,2
11,syri20266_chunk036,2
11,syri20267_chunk036,2
11,ugan20267_chunk005,4
11,maro20262_chunk006,4
11,rusl202634_chunk032,2
11,rusl202635_chunk033,2
11,dub-belg20261_chunk019,1
11,dub-belg20262_chunk025,1
11,rusl202632_chunk012,4
11,dub-belg20261_chunk007,4
11,dub-belg20262_chunk013,4
11,rusl202634_chunk037,4
11,rusl202635_chunk038,4
11,erit20261_chunk032,4
11,dub-belg20261_chunk011,4
11,dub-belg20262_chunk017,4
11,syri20261_chunk019,2
11,syri20263_chunk017,2
11,syri20262_chunk022,2
11,syri20266_chunk022,2
11,syri20267_chunk022,2
11,dub-belg20261_chunk030,2
11,bulg20263_chunk022,2
11,etio20262_chunk029,4
11,rusl202629_chunk024,2
11,rusl20266_chunk023,2
11,rusl202634_chunk033,4
11,rusl202635_chunk034,4
11,syri20261_chunk043,2
11,syri20263_chunk041,2
11,syri20262_chunk046,2
11,syri20266_chunk046,2
11,syri20267_chunk046,2
11,ukra202618_chunk005,4
11,ukra20264_chunk005,4
11,ukra20265_chunk004,4
11,syri20263_chunk059,2
11,dub-fran20263_chunk018,4
11,fran20264_chunk014,4
11,dub-fran20262_chunk017,4
11,ukra202611_chunk013,4
11,dub-belg20262_chunk035,2
11,rusl202629_chunk028,4
11,rusl20266_chunk027,4
11,ukra202613_chunk015,4
11,ukra202614_chunk013,4
11,dub-belg20261_chunk029,2
11,erit20261_chunk034,4
11,dub-belg20261_chunk025,2
11,dub-belg20262_chunk031,2
11,syri202617_chunk015,4
11,stat202610_chunk031,4
11,syri202617_chunk033,4
11,rusl202638_chunk007,4
11,paki20264_chunk015,4
11,rusl202631_chunk002,4
11,stat202610_chunk032,4
11,dub-rumae20264_chunk014,4
11,irak20265_chunk019,1
11,tyrk20269_chunk001,4
11,afgh202645_chunk017,4
11,dub-belg20261_chunk016,1
11,dub-belg20262_chunk022,1
11,dub-fran20262_chunk023,2
25,erit20261_chunk017,4
25,erit20261_chunk039,2
25,erit20262_chunk008,4
25,erit20261_chunk012,4
25,erit20268_chunk008,4
25,erit20262_chunk009,4
25,erit20262_chunk005,4
25,erit20268_chunk001,4
25,erit20262_chunk013,4
25,erit20262_chunk010,2
25,erit20266_chunk001,4
25,erit20265_chunk003,4
25,erit20267_chunk001,4
25,erit20269_chunk005,2
25,erit20262_chunk021,4
122,sver202617_chunk009,4
122,dub-sver202610_chunk009,5
122,dub-sver20266_chunk009,4
122,dub-sver20269_chunk009,4
122,dub-sver202618_chunk008,4
122,dub-belg20262_chunk004,4
122,tysk2026167_chunk010,5
122,dub-sver202618_chunk020,5
122,dub-belg20261_chunk036,5
122,dub-fran20262_chunk046,5
122,dub-malt20261_chunk014,4
122,dub-pole20261_chunk014,4
122,dub-rumae20262_chunk006,4
122,dub-tysk202610_chunk006,4
122,dub-tysk20261_chunk011,4
122,dub-tysk20268_chunk006,4
122,dub-tysk20269_chunk006,4
122,dub-malt20261_chunk018,4
122,dub-sver202614_chunk017,5
122,29b-ita20261_chunk004,4
122,dub-tysk202622_chunk014,5
122,dub-tysk202611_chunk012,5
122,dub-sver202618_chunk022,4
122,dub-tysk20269_chunk009,4
122,dub-sver202618_chunk018,4
122,dub-rumae20264_chunk003,4
122,dub-tysk202611_chunk007,4
122,dub-tysk20261_chunk014,5
122,dub-tysk202611_chunk015,4
122,dub-rumae20261_chunk003,4
122,dub-tysk202622_chunk007,4
122,dub-tysk202623_chunk006,4
122,dub-tysk20265_chunk006,4
122,dub-sver202612_chunk014,4
122,29b-tysk20263_chunk002,4
122,dub-tysk202613_chunk006,5
122,dub-sver202618_chunk000,4
122,dub-belg20262_chunk043,2
122,tysk2026167_chunk009,4
122,dub-pole20262_chunk013,4
122,dub-fran20265_chunk008,4
122,dub-sver20261_chunk007,4
122,dub-bulg20262_chunk008,4
122,dub-rumae20262_chunk004,5
122,dub-fran20263_chunk034,4
122,dub-tysk20265_chunk012,4
122,dub-pole20257_chunk006,4
65,syri202614_chunk003,4
65,syri202614_chunk003_dup1,4
65,syri202613_chunk005,4
65,alge20261_chunk017,4
65,syri20265_chunk008,4
65,hjem20261_chunk004,4
65,dub-sver20265_chunk012,4
65,ukra202613_chunk004,4
65,tyrk20261_chunk013,4
65,irak20263_chunk007,4
65,ukra202610_chunk013,4
65,maro20253_chunk010,4
65,syri202621_chunk003,4
65,etio20264_chunk004,4
65,bosn20262_chunk007,4
65,liba20261_chunk006,4
65,niga20266_chunk009,4
65,ugan202619_chunk009,4
65,ugan202616_chunk014,4
65,soma20265_chunk009,4
65,tyrk20261_chunk008,4
65,keny20262_chunk031,4
65,niga20262_chunk002,5
65,afgh202612_chunk018,4
65,ugan202617_chunk008,4
65,rusl202637_chunk007,4
65,dub-sver202614_chunk007,4
65,alge20262_chunk007,4
65,afgh202617_chunk020,4
65,niga20264_chunk006,4
65,irak20263_chunk006,4
65,hjem20261_chunk006,4
65,afgh202618_chunk017,4
65,irak20262_chunk014,4
65,rusl202614_chunk015,4
65,tyrk20262_chunk004,4
65,maro20253_chunk006,4
65,ukra202615_chunk006,4
65,ghan20263_chunk009,4
65,niga20267_chunk006,4
65,bosn20262_chunk005,4
65,bela20261_chunk010,4
65,etio20261_chunk011,4
65,liba20261_chunk008,4
65,dub-nede20263_chunk006,4
65,stat20267_chunk016,4
65,ugan20269_chunk012,4
65,buru20261_chunk003,4
65,syri202618_chunk018,4
65,bang20261_chunk010,4
65,soma202612_chunk007,4
65,paki20264_chunk018,4
65,ugan20265_chunk003,4
65,tyrk20262_chunk010,4
65,alge20263_chunk001,5
65,bosn20261_chunk011,4
65,rusl20261_chunk005,4
65,ugan202617_chunk021,4
65,dub-sver202613_chunk005,4
65,syri20266_chunk001,4
65,syri20267_chunk001,4
65,tyrk20269_chunk005,4
65,ukra202614_chunk010,4
65,afgh202613_chunk012,4
65,29b-ita20261_chunk002,4
65,ukra202615_chunk009,4
65,dub-tysk20269_chunk011,4
65,irak20263_chunk010,5
65,ugan202615_chunk009,4
65,paki20263_chunk019,4
65,soma20265_chunk007,4
65,ugan20269_chunk005,4
65,erit20267_chunk009,4
65,keny20262_chunk001,4
65,29b-bul20261_chunk019,4
65,niga20261_chunk018,4
65,paki20263_chunk020,4
65,bela20261_chunk012,4
65,guin20261_chunk007,4
65,dub-span20263_chunk017,4
65,rusl20266_chunk033,4
65,erit20266_chunk009,4
63,dub-nede20262_chunk015,1
63,dub-nede20261_chunk012,1
63,dub-nede20264_chunk013,1
63,dub-nede20263_chunk015,1
63,dub-nede20265_chunk013,1
63,syri20264_chunk031,2
63,syri20264_chunk029,1
63,syri20261_chunk035,4
63,syri20263_chunk033,4
63,syri20262_chunk038,4
63,syri20266_chunk038,4
63,syri20267_chunk038,4
63,ukra202610_chunk008,4
63,syri20264_chunk024,1
63,dub-nede20264_chunk020,2
63,dub-nede20262_chunk022,2
63,dub-nede20261_chunk019,2
63,ukra202620_chunk011,2
63,syri20261_chunk043,2
63,syri20263_chunk041,2
63,syri20262_chunk046,2
63,syri20266_chunk046,2
63,syri20267_chunk046,2
63,dub-fran20262_chunk023,2
63,syri202617_chunk033,2
63,dub-nede20264_chunk019,1
63,dub-nede20262_chunk021,1
63,dub-nede20261_chunk018,1
63,dub-bulg20261_chunk026,2
63,syri20264_chunk034,2
63,dub-bulg20261_chunk042,1
63,buru20261_chunk013,4
63,buru20261_chunk001_dup1,2
63,bulg20263_chunk028,4
63,dub-fran20262_chunk036,3
63,dub-nede20263_chunk021,1
63,dub-nede20265_chunk012,2
63,syri20261_chunk042,2
63,syri20263_chunk040,2
63,syri20262_chunk045,2
63,syri20266_chunk045,2
63,syri20263_chunk059,1
63,dub-fran20263_chunk024,4
63,fran20264_chunk020,4
63,syri20267_chunk045,2
63,dub-pole20262_chunk015,0
63,dub-belg20261_chunk023,2
63,dub-belg20262_chunk029,2
63,syri202617_chunk029,2
63,dub-fran20262_chunk014,2
114,syri20263_chunk060,4
114,syri20264_chunk025,4
114,rusl202634_chunk022,2
114,rusl202635_chunk023,2
114,syri20264_chunk034,4
114,bulg20263_chunk029,4
114,rusl202634_chunk033,4
114,rusl202635_chunk034,4
114,rusl202634_chunk034,4
114,rusl202635_chunk035,4
114,dub-bulg20261_chunk027,3
114,syri20264_chunk024,4
114,syri20263_chunk059,4
114,irak20265_chunk019,2
114,syri20264_chunk035,4
114,erit20261_chunk034,4
114,rusl202634_chunk032,4
114,rusl202635_chunk033,4
114,syri202613_chunk014,4
114,syri20267_chunk045,4
114,erit20261_chunk032,4
114,syri202617_chunk033,4
114,dub-bulg20261_chunk025,4
114,bulg20263_chunk015,4
114,syri20261_chunk023,4
114,syri20263_chunk021,4
114,syri20262_chunk026,4
114,syri20266_chunk026,4
114,syri20267_chunk026,4
114,dub-bulg20261_chunk016,2
114,bulg20263_chunk026,3
114,dub-nede20264_chunk017,4
114,dub-nede20263_chunk019,4
114,dub-nede20262_chunk019,4
114,dub-nede20261_chunk016,4
114,dub-bulg20261_chunk046,4
114,dub-bulg20261_chunk023,3
114,dub-bulg20261_chunk015,4
114,bulg20263_chunk037,4
114,syri20261_chunk042,4
132,bulg20263_chunk015,2
132,syri20261_chunk037,2
132,syri20263_chunk035,2
132,syri20262_chunk040,2
132,syri20266_chunk040,2
132,syri20267_chunk040,2
132,bulg20263_chunk030,1
132,rusl202616_chunk021,4
132,dub-fran20262_chunk023,2
84,erit20262_chunk009,0
84,erit20265_chunk020,0
84,syri20261_chunk021,2
84,syri20263_chunk019,2
84,syri20262_chunk024,2
84,syri20266_chunk024,2
84,syri20267_chunk024,2
84,erit20261_chunk019,0
84,erit20261_chunk029,1
84,erit20268_chunk005,0
84,erit20266_chunk005,0
84,erit20267_chunk005,0
84,erit20265_chunk016,0
84,syri20261_chunk012,2
84,syri20263_chunk010,2
84,syri20262_chunk015,2
84,syri20266_chunk015,2
84,syri20267_chunk015,2
84,erit20261_chunk017,1
84,erit20261_chunk031,1
84,erit20261_chunk014,1
84,erit20268_chunk008,1
84,erit20265_chunk015,0
84,erit20261_chunk025,0
84,erit20261_chunk030,1
84,erit20261_chunk034,1
84,erit20261_chunk039,0
84,erit20265_chunk011,0
84,syri20261_chunk011,0
84,syri20263_chunk009,0
84,syri20262_chunk014,0
84,syri20266_chunk014,0
84,syri20267_chunk014,0
84,erit20262_chunk008,0
84,erit20263_chunk003,0
84,erit20267_chunk011,1
84,syri20263_chunk006,0
84,syri20262_chunk011,0
84,syri20261_chunk016,1
84,syri20263_chunk014,1
84,syri20262_chunk019,1
84,syri20266_chunk019,1
84,syri20267_chunk019,1
84,syri20261_chunk020,2
84,syri20263_chunk018,2
84,syri20262_chunk023,2
84,syri20266_chunk023,2
84,syri20267_chunk023,2
84,erit20266_chunk011,1
84,erit20263_chunk009,0
84,syri20261_chunk017,0
84,syri20263_chunk015,0
84,syri20262_chunk020,0
84,syri20266_chunk020,0
84,syri20267_chunk020,0
84,syri20261_chunk014,2
84,syri20263_chunk012,2
84,syri20262_chunk017,2
84,syri20266_chunk017,2
84,syri20267_chunk017,2
84,erit20268_chunk014,1
83,rusl202629_chunk029,2
83,rusl20266_chunk028,2
83,rusl202634_chunk027,4
83,rusl202635_chunk028,4
83,rusl202634_chunk023,4
83,rusl202635_chunk024,4
83,ukra202617_chunk005,5
83,rusl202629_chunk026,4
83,rusl20266_chunk025,4
83,rusl202629_chunk030,2
83,ukra202613_chunk014,4
83,rusl202634_chunk021,4
83,rusl202635_chunk022,4
83,rusl202629_chunk028,4
83,rusl20266_chunk027,4
83,rusl202629_chunk013,4
83,rusl20266_chunk029,2
83,rusl202634_chunk034,4
83,rusl202635_chunk035,4
83,rusl202634_chunk030,4
83,rusl202635_chunk031,4
83,rusl202616_chunk020,2
83,rusl202638_chunk006,4
83,syri202613_chunk011,4
83,rusl202634_chunk010,4
83,rusl202635_chunk011,4
83,ukra202610_chunk010,2
83,rusl202634_chunk020,2
83,rusl202635_chunk021,2
83,rusl202634_chunk025,2
83,rusl202635_chunk026,2
83,ukra202618_chunk004,4
83,rusl202634_chunk029,4
83,rusl202635_chunk030,4
83,ukra20265_chunk034,4
83,rusl20266_chunk030,0
83,rusl202634_chunk008,4
83,rusl202635_chunk009,4
83,rusl20266_chunk012,4
83,syri202613_chunk012,4
83,rusl202629_chunk027,4
44,dub-fran20262_chunk010,1
44,dub-belg20261_chunk017,4
44,dub-belg20262_chunk023,4
44,ukra20263_chunk026,2
44,dub-fran20263_chunk011,1
44,fran20264_chunk007,1
44,soma20262_chunk020,4
44,soma20261_chunk019,4
44,dub-sver202618_chunk021,2
44,dub-tysk202614_chunk012,2
44,syri202616_chunk014,4
44,tysk2026167_chunk011,4
44,dub-pole20261_chunk009,2
44,bulg20263_chunk046,4
44,dub-bulg20262_chunk009,4
44,syri202617_chunk016,4
44,dub-nede20264_chunk010,4
44,dub-nede20262_chunk012,4
44,dub-nede20261_chunk009,4
44,dub-nede20261_chunk025,4
68,soma20261_chunk013,4
68,nige20263_chunk014,4
68,ugan20268_chunk004,5
68,sril202651_chunk006,5
68,ugan202619_chunk005,4
68,keny20262_chunk019,4
68,niga20267_chunk007,4
68,niga20267_chunk008,4
68,tyrk20262_chunk004,4
68,syri202618_chunk014,4
68,sril202651_chunk005,4
68,ugan202616_chunk015,4
68,ugan20265_chunk012,4
68,ukra202613_chunk011,4
68,dub-span20264_chunk009,4
68,dub-span20263_chunk011,4
68,ugan202610_chunk008,4
68,rusl20265_chunk010,4
68,dub-span20261_chunk006,4
68,niga20262_chunk010,4
68,niga20267_chunk009,4
68,dub-malt20261_chunk008,4
68,dub-malt20262_chunk007,4
68,rusl202612_chunk011,4
68,keny20262_chunk029,4
68,ugan202615_chunk010,4
68,dub-bulg20261_chunk008,4
68,tyrk20261_chunk011,4
68,rusl20261_chunk012,5
68,afgh202649_chunk017,4
68,keny20262_chunk017,4
68,rusl20261_chunk006,4
68,afgh20264_chunk009,4
68,keny20262_chunk030,4
68,maro20253_chunk009,4
66,afgh20267_chunk012,4
66,stat20262_chunk018,4
66,rusl202620_chunk005,4
66,irak20265_chunk006,4
66,syri202615_chunk003,4
66,stat20264_chunk008,4
66,soma20269_chunk006,4
66,tyrk20265_chunk010,4
66,irak20264_chunk001,5
66,myan20261_chunk001,4
66,ugan202619_chunk011,4
66,syri202615_chunk017,4
66,ukra20265_chunk029,4
66,ugan20265_chunk017,4
66,liba20261_chunk010,4
66,erit20263_chunk008,4
66,tyrk20262_chunk009,4
66,rusl20267_chunk004,4
66,ukra202613_chunk006,4
66,soma20265_chunk011,5
66,ukra20265_chunk035,5
66,dub-rumae20263_chunk030,4
66,geor20263_chunk000,4
66,syri202621_chunk000,4
66,tyrk20262_chunk000,4
66,hjem20261_chunk003,4
66,land20264_chunk000,4
66,stat20262_chunk015,4
66,ukra20263_chunk010,4
66,syri202613_chunk000,4
66,tyrk20262_chunk006,4
66,dub-rumae20263_chunk000,4
66,29b-bul20261_chunk002,4
66,29b-sve20262_chunk001,4
66,29b-tysk20262_chunk002,4
66,29b-sve20261_chunk002,4
66,29b-tysk20261_chunk002,4
66,29b-ita20261_chunk003,4
66,syri202610_chunk013,4
66,etio20264_chunk000,4
66,rusl202638_chunk009,4
66,irak20262_chunk000,4
66,29b-tysk20263_chunk000,4
66,etio20261_chunk000,5
66,29b-tysk20263_chunk001,4
66,maro20262_chunk010,4
66,rusl202615_chunk000,4
66,bosn20262_chunk000,4
66,ugan20265_chunk009,4
66,stat20264_chunk009,4
66,stat202614_chunk000,4
66,tyrk20264_chunk000,4
66,rusl202634_chunk000,4
66,rusl20261_chunk000,5
66,alder20261_chunk002,4
66,afgh202649_chunk008,4
66,ukra20263_chunk012,4
66,alge20262_chunk000,4
66,rusl202635_chunk000,4
66,tyrk20268_chunk000,4
66,tyrk20265_chunk000,4
66,rusl202633_chunk014,4
66,alder20261_chunk000,4
66,29b-sve20262_chunk015,4
66,tyrk20269_chunk000,4
66,29b-bul20261_chunk000,4
66,syri202614_chunk000,4
66,syri202614_chunk000_dup1,4
66,indi20261_chunk000,4
66,dub-rumae20262_chunk010,2
66,dub-sver202614_chunk000,5
66,irak20264_chunk000,4
66,stat202610_chunk000,4
66,alge20261_chunk000,4
66,soma202610_chunk004,4
66,rusl202633_chunk000,4
66,syri202617_chunk000,4
66,syri202616_chunk000,4
66,niga20262_chunk015,4
66,dub-sver202618_chunk000,5
66,syri202618_chunk000,4
66,stat20261_chunk000,4
66,29b-tysk20262_chunk000,4
66,tyrk20261_chunk000,4
66,afgh202620_chunk011,5
66,rusl202610_chunk000,4
66,maro20253_chunk015,4
66,stat20266_chunk005,4
66,rusl202612_chunk000,4
66,ukra202620_chunk008,5
66,rusl20262_chunk009,4
66,tyrk20266_chunk000,4
66,maro20261_chunk008,4
66,dub-nede20265_chunk000,5
30,irak20263_chunk006,4
30,dub-tysk202627_chunk009,4
30,keny20262_chunk029,4
30,syri20261_chunk018,4
30,syri20263_chunk016,4
30,syri20262_chunk021,4
30,syri20266_chunk021,4
30,syri20267_chunk021,4
30,dub-belg20261_chunk010,4
30,dub-belg20262_chunk016,4
30,rusl202615_chunk010,4
30,dub-belg20261_chunk009,4
30,dub-belg20262_chunk015,4
30,syri20261_chunk026,4
30,syri20263_chunk024,4
30,syri20262_chunk029,4
30,syri20266_chunk029,4
30,syri20267_chunk029,4
30,paki20263_chunk007,4
30,dub-bulg20261_chunk064,4
30,syri20261_chunk033,2
30,syri20263_chunk031,2
30,syri20262_chunk036,2
30,syri20266_chunk036,2
30,syri20267_chunk036,2
30,ugan20267_chunk005,4
30,maro20262_chunk006,4
30,rusl202634_chunk032,2
30,rusl202635_chunk033,2
30,dub-belg20261_chunk019,1
30,dub-belg20262_chunk025,1
30,rusl202632_chunk012,4
30,dub-belg20261_chunk007,4
30,dub-belg20262_chunk013,4
30,rusl202634_chunk037,4
30,rusl202635_chunk038,4
30,erit20261_chunk032,4
30,dub-belg20261_chunk011,4
30,dub-belg20262_chunk017,4
30,syri20261_chunk019,2
30,syri20263_chunk017,2
30,syri20262_chunk022,2
30,syri20266_chunk022,2
30,syri20267_chunk022,2
30,dub-belg20261_chunk030,2
30,bulg20263_chunk022,2
30,etio20262_chunk029,4
30,rusl202629_chunk024,2
30,rusl20266_chunk023,2
30,rusl202634_chunk033,4
30,rusl202635_chunk034,4
30,syri20261_chunk043,2
30,syri20263_chunk041,2
30,syri20262_chunk046,2
30,syri20266_chunk046,2
30,syri20267_chunk046,2
30,ukra202618_chunk005,4
30,ukra20264_chunk005,4
30,ukra20265_chunk004,4
30,syri20263_chunk059,2
30,dub-fran20263_chunk018,4
30,fran20264_chunk014,4
30,dub-fran20262_chunk017,4
30,ukra202611_chunk013,4
30,dub-belg20262_chunk035,2
30,rusl202629_chunk028,4
30,rusl20266_chunk027,4
30,ukra202613_chunk015,4
30,ukra202614_chunk013,4
30,dub-belg20261_chunk029,2
30,erit20261_chunk034,4
30,dub-belg20261_chunk025,2
30,dub-belg20262_chunk031,2
30,syri202617_chunk015,4
30,stat202610_chunk031,4
30,syri202617_chunk033,4
30,rusl202638_chunk007,4
30,paki20264_chunk015,4
30,rusl202631_chunk002,4
30,stat202610_chunk032,4
30,dub-rumae20264_chunk014,4
30,irak20265_chunk019,1
30,tyrk20269_chunk001,4
30,afgh202645_chunk017,4
30,dub-belg20261_chunk016,1
30,dub-belg20262_chunk022,1
30,dub-fran20262_chunk023,2
41,bulg20263_chunk031,4
26,29b-bul20261_chunk011,4
26,29b-tysk20264_chunk011,4
26,29b-sve20262_chunk010,4
26,29b-tysk20262_chunk013,4
26,29b-sve20261_chunk012,4
26,29b-tysk20261_chunk011,4
26,29b-ita20261_chunk012,4
26,dub-belg20262_chunk037,4
26,dub-rumae20262_chunk003,4
26,dub-span20264_chunk012,4
26,dub-nede20265_chunk020,4
26,dub-nede20264_chunk022,4
26,dub-nede20262_chunk024,4
26,dub-nede20261_chunk021,4
26,dub-tysk20263_chunk008,4
26,dub-rumae20264_chunk006,4
26,dub-sver20268_chunk008,4
26,dub-sver202611_chunk007,4
26,dub-schw20263_chunk010,4
26,dub-schw20262_chunk010,4
26,niga20262_chunk002,4
26,dub-sver20265_chunk021,4
26,dub-span20264_chunk005,4
26,dub-sver202611_chunk011,4
26,dub-bulg20262_chunk016,4
26,dub-port20262_chunk015,4
26,dub-port20261_chunk019,4
26,dub-nede20265_chunk019,4
26,dub-nede20264_chunk021,4
26,dub-nede20263_chunk024,4
26,dub-nede20262_chunk023,4
26,dub-nede20261_chunk020,4
26,ukra202617_chunk004,4
26,ugan202619_chunk015,5
26,rusl202636_chunk012,4
26,stat20261_chunk012,4
26,niga20262_chunk010,4
26,dub-span20264_chunk008,4
26,dub-rumae20264_chunk013,4
26,dub-tysk202620_chunk009,4
26,irak20262_chunk021,4
26,dub-nede20263_chunk025,4
26,dub-sver202610_chunk012,4
26,dub-sver20266_chunk012,4
26,rusl202633_chunk007,4
26,keny20262_chunk017,4
26,dub-fran20262_chunk042,4
26,dub-nede20264_chunk007,4
26,soma202611_chunk014,4
26,dub-sver202615_chunk012,4
26,dub-pole20261_chunk009,4
26,syri202613_chunk016,4
26,dub-port20262_chunk012,4
18,irak20263_chunk006,4
18,dub-tysk202627_chunk009,4
18,keny20262_chunk029,4
18,syri20261_chunk018,4
18,syri20263_chunk016,4
18,syri20262_chunk021,4
18,syri20266_chunk021,4
18,syri20267_chunk021,4
18,dub-belg20261_chunk010,4
18,dub-belg20262_chunk016,4
18,rusl202615_chunk010,4
18,dub-belg20261_chunk009,4
18,dub-belg20262_chunk015,4
18,syri20261_chunk026,4
18,syri20263_chunk024,4
18,syri20262_chunk029,4
18,syri20266_chunk029,4
18,syri20267_chunk029,4
18,paki20263_chunk007,4
18,dub-bulg20261_chunk064,4
18,syri20261_chunk033,2
18,syri20263_chunk031,2
18,syri20262_chunk036,2
18,syri20266_chunk036,2
18,syri20267_chunk036,2
18,ugan20267_chunk005,4
18,maro20262_chunk006,4
18,rusl202634_chunk032,2
18,rusl202635_chunk033,2
18,dub-belg20261_chunk019,1
18,dub-belg20262_chunk025,1
18,rusl202632_chunk012,4
18,dub-belg20261_chunk007,4
18,dub-belg20262_chunk013,4
18,rusl202634_chunk037,4
18,rusl202635_chunk038,4
18,erit20261_chunk032,4
18,dub-belg20261_chunk011,4
18,dub-belg20262_chunk017,4
18,syri20261_chunk019,2
18,syri20263_chunk017,2
18,syri20262_chunk022,2
18,syri20266_chunk022,2
18,syri20267_chunk022,2
18,dub-belg20261_chunk030,2
18,bulg20263_chunk022,2
18,etio20262_chunk029,4
18,rusl202629_chunk024,2
18,rusl20266_chunk023,2
18,rusl202634_chunk033,4
18,rusl202635_chunk034,4
18,syri20261_chunk043,2
18,syri20263_chunk041,2
18,syri20262_chunk046,2
18,syri20266_chunk046,2
18,syri20267_chunk046,2
18,ukra202618_chunk005,4
18,ukra20264_chunk005,4
18,ukra20265_chunk004,4
18,syri20263_chunk059,2
18,dub-fran20263_chunk018,4
18,fran20264_chunk014,4
18,dub-fran20262_chunk017,4
18,ukra202611_chunk013,4
18,dub-belg20262_chunk035,2
18,rusl202629_chunk028,4
18,rusl20266_chunk027,4
18,ukra202613_chunk015,4
18,ukra202614_chunk013,4
18,dub-belg20261_chunk029,2
18,erit20261_chunk034,4
18,dub-belg20261_chunk025,2
18,dub-belg20262_chunk031,2
18,syri202617_chunk015,4
18,stat202610_chunk031,4
18,syri202617_chunk033,4
18,rusl202638_chunk007,4
18,paki20264_chunk015,4
18,rusl202631_chunk002,4
18,stat202610_chunk032,4
18,dub-rumae20264_chunk014,4
18,irak20265_chunk019,1
18,tyrk20269_chunk001,4
18,afgh202645_chunk017,4
18,dub-belg20261_chunk016,1
18,dub-belg20262_chunk022,1
18,dub-fran20262_chunk023,2
131,bulg20263_chunk015,4
131,ukra202610_chunk008,4
131,syri20264_chunk032,2
131,dub-fran20262_chunk029,4
131,ukra20265_chunk010,4
131,dub-fran20262_chunk035,1
131,tyrk20266_chunk020,0
131,dub-belg20261_chunk008,2
131,dub-belg20262_chunk014,2
131,dub-bulg20261_chunk026,2
131,rusl202634_chunk033,2
131,rusl202635_chunk034,2
131,rusl202634_chunk032,1
131,rusl202635_chunk033,1
131,dub-bulg20261_chunk042,2
131,syri202617_chunk015,2
131,dub-bulg20261_chunk048,2
131,dub-fran20262_chunk034,4
131,rusl202634_chunk034,2
131,rusl202635_chunk035,2
131,syri202617_chunk016,1
131,rusl202634_chunk037,2
131,rusl202635_chunk038,2
131,dub-bulg20261_chunk019,4
131,bulg20263_chunk017,4
131,rusl202629_chunk020,2
131,rusl20266_chunk019,2
131,syri202617_chunk017,2
131,syri20264_chunk036,2
131,rusl202634_chunk015,2
131,rusl202635_chunk016,2
131,syri20263_chunk060,4
131,syri20264_chunk025,4
131,bulg20263_chunk011,4
131,dub-bulg20261_chunk034,2
131,erit20261_chunk035,2
131,dub-bulg20261_chunk036,1
131,erit20261_chunk029,4
131,dub-bulg20261_chunk047,4
131,syri20261_chunk023,2
131,syri20263_chunk021,2
131,syri20262_chunk026,2
131,syri20266_chunk026,2
131,syri20267_chunk026,2
55,bulg20263_chunk007,4
55,29b-bul20261_chunk017,4
55,bulg20263_chunk034,4
55,bulg20263_chunk037,4
55,syri20261_chunk048,4
55,syri20262_chunk051,4
55,syri20263_chunk046,4
55,dub-nede20265_chunk017,2
55,syri20264_chunk029,2
55,dub-fran20263_chunk011,4
55,fran20264_chunk007,4
55,bulg20263_chunk015,4
55,syri20261_chunk042,4
55,syri20263_chunk040,4
55,syri20262_chunk045,4
55,syri20266_chunk045,4
124,dub-bulg20261_chunk045,2
124,dub-belg20261_chunk028,3
124,dub-belg20262_chunk034,3
124,dub-bulg20261_chunk034,2
124,dub-bulg20261_chunk016,2
124,syri20261_chunk037,2
124,syri20263_chunk035,2
124,syri20262_chunk040,2
124,syri20266_chunk040,2
124,syri20267_chunk040,2
124,dub-bulg20261_chunk042,2
124,syri20261_chunk044,1
124,syri20263_chunk042,1
124,syri20262_chunk047,1
124,syri20266_chunk047,1
124,syri20266_chunk052,1
124,syri20267_chunk047,1
124,syri20267_chunk052,1
124,syri20261_chunk010,1
124,syri20263_chunk008,1
124,syri20262_chunk013,1
124,syri20266_chunk013,1
124,syri20267_chunk013,1
124,syri20261_chunk045,2
124,syri20263_chunk043,2
124,syri20262_chunk048,2
124,syri20266_chunk048,2
124,syri20267_chunk048,2
3,ugan202615_chunk000,4
3,keny20262_chunk010,4
3,syri202614_chunk003,4
3,syri202614_chunk003_dup1,4
3,hjem20261_chunk004,4
3,syri20265_chunk008,4
3,maro20261_chunk008,4
3,syri202613_chunk005,4
3,irak20263_chunk007,4
3,ukra202610_chunk013,4
3,maro20253_chunk010,4
3,tyrk20261_chunk013,4
3,ugan202619_chunk009,4
3,hjem20261_chunk006,4
3,alge20261_chunk017,4
3,afgh202612_chunk018,4
3,niga20262_chunk002,5
3,dub-sver20265_chunk012,4
3,ukra20265_chunk031,4
3,syri202621_chunk003,4
3,bosn20262_chunk005,4
3,afgh202620_chunk013,4
3,afgh202617_chunk020,4
3,bela20261_chunk010,4
3,afgh202618_chunk017,4
3,etio20261_chunk011,4
3,dub-sver202614_chunk007,4
3,etio20264_chunk004,4
3,ghan20263_chunk003,4
3,bang20261_chunk010,4
3,indi20261_chunk005,4
3,ukra202613_chunk004,4
3,bosn20262_chunk004,4
3,tyrk20261_chunk008,4
3,rusl202637_chunk007,4
3,tyrk20262_chunk004,4
3,maro20262_chunk008,4
3,paki20264_chunk018,4
3,niga20266_chunk009,4
3,ugan202617_chunk021,4
3,bela20261_chunk012,4
3,syri202620_chunk014,5
3,dub-nede20263_chunk006,4
3,niga20264_chunk006,4
3,alge20262_chunk007,4
3,ukra20263_chunk017,4
3,ugan202612_chunk004,4
3,syri202617_chunk007,4
3,alge20263_chunk001,5
3,maro20253_chunk006,4
3,29b-bul20261_chunk019,4
3,buru20261_chunk003,4
3,29b-ita20261_chunk002,4
3,irak20262_chunk014,4
3,ugan202610_chunk018,4
3,irak20263_chunk006,4
3,dub-span20263_chunk017,4
3,syri202619_chunk008,4
3,afgh202649_chunk025,5
3,ugan202616_chunk014,4
3,afgh202613_chunk012,4
3,keny20262_chunk031,4
3,came20262_chunk010,4
3,syri202618_chunk018,4
3,liba20261_chunk006,4
3,bosn20262_chunk007,4
3,ukra202615_chunk006,4
3,syri202614_chunk004,4
3,syri202614_chunk004_dup1,4
3,rusl20264_chunk005,4
3,ukra202620_chunk015,4
3,ghan20262_chunk010,4
3,bang20261_chunk018,4
3,jord20261_chunk004,4
3,tyrk20262_chunk010,4
3,ugan202618_chunk003,4
3,soma202612_chunk004,4
3,keny20262_chunk039,4
3,geor20264_chunk014,4
3,ukra202614_chunk010,4
3,syri20264_chunk044,4
3,rusl20261_chunk005,4
3,stat20262_chunk019,4
3,dub-sver202613_chunk005,4
3,bang20264_chunk019,4
3,syri20266_chunk001,4
3,syri20267_chunk001,4
3,niga20267_chunk017,4
3,bosn20261_chunk013,4
3,jord20262_chunk007,4
3,dub-tysk20261_chunk015,4
3,soma20265_chunk009,4
3,came20262_chunk003,5
3,niga20264_chunk024,4
108,syri20264_chunk021,2
108,syri20263_chunk056,1
108,syri202617_chunk011,2
108,syri20261_chunk008,2
108,syri202617_chunk030,1
108,syri20264_chunk034,2
108,syri202613_chunk008,2
108,syri20267_chunk011,2
108,syri202613_chunk026,4
108,syri202614_chunk011,4
108,syri202614_chunk011_dup1,4
108,syri20264_chunk046,4
108,syri20265_chunk013,4
108,syri20263_chunk058,2
108,stat202615_chunk010,2
108,stat202614_chunk010,2
108,syri20264_chunk014,4
108,syri20264_chunk023,2
108,syri202616_chunk008,4
108,syri202610_chunk007,2
108,syri20264_chunk037,1
108,syri202617_chunk008,4
108,syri202621_chunk010,2
108,syri20266_chunk011,1
108,syri20261_chunk009,4
108,syri20266_chunk012,4
108,syri20267_chunk012,4
108,syri202617_chunk010,2
108,syri20261_chunk045,2
108,syri20263_chunk043,2
35,bulg20263_chunk026,2
35,dub-fran20263_chunk023,2
35,fran20264_chunk019,2
35,dub-fran20262_chunk022,2
35,syri20261_chunk046,2
35,syri20263_chunk044,2
35,syri20262_chunk049,2
35,syri20266_chunk049,2
35,syri20267_chunk049,2
35,bulg20263_chunk011,4
35,syri20266_chunk002,4
35,syri20267_chunk002,4
35,ukra202611_chunk021,2
35,dub-bulg20261_chunk048,2
35,ukra20264_chunk012,2
35,bulg20263_chunk033,0
35,dub-fran20263_chunk019,2
35,fran20264_chunk015,2
35,dub-fran20262_chunk018,2
35,ukra202611_chunk020,4
35,afgh202649_chunk019,4
35,syri20263_chunk007,1
35,syri20262_chunk012,1
35,syri202617_chunk016,2
35,dub-fran20262_chunk032,2
35,ukra20264_chunk011,2
35,dub-fran20262_chunk033,2
35,ugan202610_chunk012,4
35,ugan20262_chunk010,4
88,syri20264_chunk037,2
88,syri20263_chunk006,2
88,syri20262_chunk011,2
88,syri20261_chunk017,2
88,syri20263_chunk015,2
88,syri20262_chunk020,2
88,syri20266_chunk020,2
88,syri20267_chunk020,2
88,syri202617_chunk011,2
88,syri20261_chunk053,4
88,syri20263_chunk051,4
88,stat202615_chunk011,4
88,stat202614_chunk011,4
99,syri202613_chunk020,4
99,dub-rumae20264_chunk010,4
99,dub-tysk202614_chunk010,4
99,dub-tysk20263_chunk013,4
99,syri20261_chunk016,2
99,syri20263_chunk014,2
99,syri20262_chunk019,2
99,syri20266_chunk019,2
99,syri20267_chunk019,2
99,ukra20262_chunk013,4
99,ukra202610_chunk015,4
99,ukra202618_chunk014,2
99,ukra202617_chunk014,2
99,stat20265_chunk033,2
99,erit20261_chunk035,4
99,dub-sver202618_chunk008,4
99,syri20267_chunk059,4
99,rusl20261_chunk020,4
99,niga20264_chunk026,4
99,dub-tysk202613_chunk003,4
99,dub-sver20262_chunk003,5
99,dub-sver20261_chunk003,5
99,bela20261_chunk017,4
99,ukra202611_chunk025,4
99,dub-nede20263_chunk003,5
99,dub-nede20261_chunk003,5
99,came20262_chunk014,5
99,syri20263_chunk053,4
99,syri20262_chunk058,4
99,rusl20265_chunk024,4
99,syri20266_chunk059,2
99,dub-rumae20264_chunk004,4
99,syri20261_chunk039,3
99,syri20263_chunk037,3
99,syri20262_chunk042,3
99,syri20266_chunk042,3
99,syri20267_chunk042,3
99,syri20261_chunk049,2
99,syri20263_chunk047,2
99,syri20262_chunk052,2
99,syri20266_chunk053,2
99,syri20267_chunk053,2
99,syri202616_chunk013,4
99,dub-schw20261_chunk004,5
99,29b-ita20261_chunk016,4
99,dub-norg20262_chunk009,4
99,dub-tysk20263_chunk004,4
99,dub-port20261_chunk003,4
99,dub-sver20263_chunk003,5
99,dub-pole20261_chunk005,4
99,dub-tysk202611_chunk004,4
99,dub-tysk20265_chunk004,4
99,dub-tysk20266_chunk004,4
99,dub-port20261_chunk004,4
99,dub-tysk202623_chunk003,4
99,dub-tysk202613_chunk004,4
15,irak20263_chunk006,4
15,dub-tysk202627_chunk009,4
15,keny20262_chunk029,5
15,dub-belg20261_chunk010,4
15,dub-belg20262_chunk016,4
15,rusl202615_chunk010,4
15,dub-belg20261_chunk009,4
15,dub-belg20262_chunk015,4
15,paki20263_chunk007,4
15,dub-bulg20261_chunk064,4
15,ugan20267_chunk005,4
15,maro20262_chunk006,4
15,dub-belg20261_chunk019,1
15,dub-belg20262_chunk025,1
15,rusl202632_chunk012,4
15,dub-belg20261_chunk007,4
15,dub-belg20262_chunk013,4
15,syri20261_chunk026,4
15,syri20263_chunk024,4
15,syri20262_chunk029,4
15,syri20266_chunk029,4
15,syri20267_chunk029,4
15,dub-belg20261_chunk011,4
15,dub-belg20262_chunk017,4
15,syri20261_chunk033,2
15,syri20263_chunk031,2
15,syri20262_chunk036,2
15,syri20266_chunk036,2
15,syri20267_chunk036,2
15,syri20261_chunk019,2
15,syri20263_chunk017,2
15,syri20262_chunk022,2
15,syri20266_chunk022,2
15,syri20267_chunk022,2
15,dub-belg20261_chunk030,2
15,rusl202634_chunk032,2
15,rusl202635_chunk033,2
15,etio20262_chunk029,4
15,syri20261_chunk043,4
15,syri20263_chunk041,4
15,syri20262_chunk046,4
15,syri20266_chunk046,4
15,syri20267_chunk046,4
15,ukra202618_chunk005,4
15,rusl202634_chunk037,4
15,rusl202635_chunk038,4
15,ukra20264_chunk005,4
15,ukra20265_chunk004,4
15,dub-fran20263_chunk018,4
15,fran20264_chunk014,4
15,dub-fran20262_chunk017,4
15,paki20264_chunk015,4
15,bulg20263_chunk022,2
15,ukra202611_chunk013,4
15,dub-belg20262_chunk035,2
15,ukra202613_chunk015,4
15,ukra202614_chunk013,4
15,dub-belg20261_chunk029,4
15,dub-belg20261_chunk025,2
15,dub-belg20262_chunk031,2
15,stat202610_chunk031,4
15,rusl202638_chunk007,4
15,rusl202631_chunk002,4
15,rusl202629_chunk024,2
15,rusl20266_chunk023,2
15,syri202617_chunk015,4
15,erit20261_chunk034,4
15,rusl202629_chunk028,4
15,rusl20266_chunk027,4
15,stat202610_chunk032,4
15,dub-rumae20264_chunk014,4
15,syri20263_chunk059,1
15,dub-belg20261_chunk016,1
15,dub-belg20262_chunk022,1
15,tyrk20269_chunk001,4
15,afgh202645_chunk017,4
15,dub-fran20262_chunk023,2
15,dub-belg20261_chunk014,4
17,rusl202634_chunk014,2
17,rusl202635_chunk015,2
17,rusl202629_chunk019,2
17,rusl20266_chunk018,2
17,syri20266_chunk051,2
17,syri20267_chunk051,2
17,ugan20262_chunk007,0
17,ugan202610_chunk011,4
17,ugan202619_chunk010,4
17,dub-belg20261_chunk008,1
17,dub-belg20262_chunk014,1
17,ugan20262_chunk009,2
17,syri20263_chunk046,2
17,ugan202616_chunk005,5
17,syri20261_chunk048,2
17,syri20262_chunk051,2
17,ugan202610_chunk010,2
17,ugan20262_chunk008,2
17,ugan202618_chunk000,4
17,afgh202611_chunk002,4
9,dub-sver202618_chunk008,4
9,dub-belg20261_chunk036,4
9,dub-fran20262_chunk046,4
9,dub-belg20262_chunk004,4
9,dub-bulg20261_chunk068,4
9,dub-bulg20262_chunk017,4
9,dub-pole20261_chunk014,4
9,dub-malt20261_chunk018,2
9,dub-malt20261_chunk014,4
9,dub-sver202618_chunk010,4
9,29b-tysk20262_chunk003,4
9,dub-rumae20262_chunk006,4
9,dub-tysk20269_chunk011,5
9,dub-finl20261_chunk005,4
9,tysk2026167_chunk010,4
9,dub-tysk20261_chunk006,4
9,dub-tysk20261_chunk011,4
9,dub-sver202618_chunk014,4
9,dub-rumae20261_chunk003,0
9,dub-bulg20262_chunk008,4
9,dub-sver20265_chunk023,0
129,rusl202634_chunk029,1
129,rusl202635_chunk030,1
129,rusl202634_chunk031,4
129,rusl202635_chunk032,4
129,rusl202629_chunk023,2
129,rusl20266_chunk022,2
129,rusl202634_chunk026,2
129,rusl202635_chunk027,2
129,ukra20269_chunk000,4
129,rusl20266_chunk032,2
129,ukra202613_chunk014,4
129,ukra202614_chunk004,4
129,ukra20265_chunk012,4
129,ukra20265_chunk014,4
129,ukra20266_chunk010,4
129,rusl202634_chunk027,2
129,rusl202635_chunk028,2
129,ukra202617_chunk000,4
129,ukra202611_chunk008,4
129,ukra202620_chunk032,2
129,ukra202614_chunk012,4
129,ukra20264_chunk004,4
129,ukra202610_chunk002,4
129,ukra20266_chunk000,4
129,ukra20265_chunk002,4
129,ukra202613_chunk000,4
129,ukra20269_chunk017,4
129,ukra202611_chunk012,4
129,rusl202629_chunk021,2
129,rusl20266_chunk020,2
129,ukra202611_chunk001,4
129,ukra202615_chunk001,4
129,rusl202610_chunk002,5
129,ukra202610_chunk003,4
129,ukra202619_chunk022,4
129,ukra202614_chunk011,4
129,ukra20261_chunk001,4
129,ukra202613_chunk024,4
129,ukra202611_chunk005,4
129,rusl202629_chunk029,1
129,rusl20266_chunk028,1
129,ukra202617_chunk003,4
129,ukra202611_chunk010,4
129,ukra202617_chunk005,4
129,rusl202634_chunk023,2
129,rusl202635_chunk024,2
129,rusl202629_chunk030,1
129,ukra202619_chunk014,4
129,ukra202618_chunk010,2
129,ukra202617_chunk010,2
129,rusl20262_chunk000,4
129,ukra20266_chunk003,4
129,ukra202618_chunk018,4
129,ukra202617_chunk018,4
129,ukra20269_chunk018,2
129,ukra202614_chunk000,4
